:020000041000EA
:1000000000B5324B212058609868022188439860DF
:10001000D860186158612E4B002199600221596106
:100020000121F02299502B49196001219960352056
:1000300000F044F80222904214D00621196600F024
:1000400034F8196E01211966002018661A6600F04E
:100050002CF8196E196E196E052000F02FF8012189
:100060000842F9D1002199601B49196000215960AB
:100070001A491B48016001219960EB211966A021F2
:10008000196600F012F800219960164914480160C1
:100090000121996001BC002800D000471248134993
:1000A000086003C880F30888084703B5996A0420EC
:1000B0000142FBD001200142F8D103BD02B5186610
:1000C0001866FFF7F2FF186E186E02BD00000240BE
:1000D000000000180000070000035F00212200005C
:1000E000F4000018222000A00001001008ED00E03C
:1000F00000000000000000000000000074B24E7A12
:1001000000200420F7010010CB010010CD010010E9
:10011000C9010010C9010010C9010010C901001077
:10012000C9010010C9010010C9010010CF01001061
:10013000C9010010C9010010D1010010D301001045
:10014000C1010010C1010010C1010010C101001067
:10015000C1010010C1010010C1010010C101001057
:10016000C1010010C1010010C1010010C101001047
:10017000C1010010C1010010C1010010C101001037
:10018000C1010010C1010010C1010010C101001027
:10019000C1010010C1010010C1010010C101001017
:1001A000C1010010C1010010C1010010C101001007
:1001B000C1010010C1010010C1010010C1010010F7
:1001C000EFF30580103800BE00BE00BE00BE00BECA
:1001D00000BE00BEF2EB8871F05401101055011002
:1001E0003802001090A31AE71E481F49086006C88D
:1001F00081F3088810471D480068002801D019487D
:10020000F3E70DA40ECC002902D000F012F8F9E7B4
:100210001749184A002000E001C19142FCD116495B
:100220008847164988471649884700BEFDE701C937
:1002300001C29A42FBD3704710550110C000002044
:1002400054190020A46D01100000042000000420B7
:10025000A46D011000100420001004200000000014
:10026000704700000000000008ED00E0000000D032
:1002700054190020682A002011460010E9050010DA
:10028000D1450010F8B5C04606480749091A8B1039
:10029000C90FC91810B5491003D0044B002B00D06A
:1002A000984710BD54190020541900200000000088
:1002B000054B10B5002B03D00449054800E000BFF2
:1002C000FFF7E2FF10BDC04600000000042A002036
:1002D00014D4001010B5034A0349044804F01CFC70
:1002E00010BDC04618D4001020D4001030D4001027
:1002F00010B5040082B0002802D00378002B07D18B
:100300000D4804F087FB0D4804F084FB02B010BDDB
:1003100000230B4901AA019307F0B6FD012804D080
:100320002100084804F0F8FBF0E7019906480A6844
:10033000130004F0F1FBE9E75CD400107CD400105A
:1003400094D4001098D40010B8D4001000B583B035
:10035000002802D00378002B07D1114804F05AFB83
:10036000104804F057FB03B000BD00236A46009319
:1003700001930D4901AB07F087FD022807D001006A
:100380000A4804F0C9FB074804F044FBEBE7019A74
:10039000009B07481A60019A009904F0BDFBE2E750
:1003A000D4D40010F4D4001018D5001020D50010BB
:1003B0004CD5001000B583B0002802D00378002B84
:1003C00007D1134804F026FB124804F023FB03B0C6
:1003D00000BD0023104901AA019307F055FD012833
:1003E00002D10198002803D10C4804F013FBEEE77A
:1003F00000F00CFA01990A4804F08EFB00F000FAB4
:100400000228E4D10199074804F086FBDFE7C046E3
:1004100068D500108CD50010ACD50010B0D50010F8
:10042000F4D5001014D6001010B5012000F0C0F96A
:10043000014804F0EFFA10BD48D6001010B50020B6
:1004400000F0B6F9014804F0E5FA10BD58D60010E6
:1004500000B583B0002802D00378002B10D100F043
:10046000EBF90100134804F057FB022000F0A0F95B
:1004700000F0E2F90100104804F04EFB03B000BDAB
:1004800000230E4901AA019307F0FEFC012802D1C6
:100490000198002806D100F0CFF90100084804F0C7
:1004A0003BFBE2E700F0B2F90199064804F034FBA7
:1004B000DBE7C046A4D60010C8D60010ACD50010AB
:1004C00068D60010F4D5001070B500F099F904005A
:1004D00000F0B2F90500114804F09CFA104804F04D
:1004E0001BFB012C12D0022C08D0002C12D10D487D
:1004F00004F090FA0C4804F08DFA70BD0B4804F03B
:1005000089FA29000A4804F007FBF3E7094804F0D8
:1005100081FAEFE7084804F07DFAEBE7F0D6001027
:1005200004D700100CD7001040D7001014D70010CB
:1005300020D7001010D7001038D7001070B527480A
:1005400004F068FA264C2168002943D0254DA268A2
:10055000280004F0E1FAE16800293BD02800626934
:1005600004F0DAFAA169002934D02800226A04F0E4
:10057000D3FA616A00292DD02800E26A04F0CCFA8F
:10058000216B002926D02800A26B04F0C5FAE16B8C
:1005900000291FD02800626C04F0BEFAA16C00296B
:1005A00018D02800226D04F0B7FA616D002911D02F
:1005B0002800E26D04F0B0FA216E00290AD028006C
:1005C000A26E04F0A9FAE16E002903D02800626F40
:1005D00004F0A2FA0A2004F0D3F970BD54D7001039
:1005E000980F00206CD7001070B504F079F900F076
:1005F0009FF8174C200000F03BF8200000F0C8F8EE
:10060000144804F007FA144A1449154804F084FA0F
:10061000144804F0FFF90020FFF790FF124C20006F
:1006200004F07AFA114D00F089F8002808D000F0A3
:100630003BF8200004F070FA2B68986807F0E6FB9E
:10064000002000F0FFF80A2000F04CFFEBE7C04666
:10065000980F00207CD7001018D4001020D4001070
:10066000A8D70010C0D70010ECD70010F414002059
:100670000B4B18600B4B9C4600236246136000280E
:100680000CD00368002B09D001230C30026819003C
:100690000C300133002AF9D1634619607047C04617
:1006A000F023002088250020F0B5C646060000B5DE
:1006B00000282DD0202107F0C5FD002825D00023DB
:1006C0000370431C984642463100134804F024FA54
:1006D000124B1F68002F13DD114B00251C6803E02F
:1006E00001350C34BD420BD03000216807F078FE94
:1006F0000028F5D140466368984780BCB846F0BDF5
:100700003100084804F008FAF7E7074B9846DAE7A3
:10071000064804F07FF9F0E758D90010882500203A
:10072000F023002078D9001094D9001038D9001097
:100730000022014B1A6070478425002010B500206C
:1007400004F0D2F80400831C0DD004F019F90D4A0E
:1007500013680D2C09D00A2C07D07E2B0FDC0A4918
:10076000CC5401331360002010BD0021064C1160F1
:10077000E1540648210004F0CFF92000F4E70023FB
:100780001360F0E7842500200425002098D900108C
:1007900010B5192000F0A4F8D02380221B06920483
:1007A0005A6202489A6104F035F910BDB0D90010C0
:1007B000FA210F4B70B518700E4B04008900986A2F
:1007C00001F038FB0C4D2860002C07D1D02380228B
:1007D0001B0692049A61094B1C7070BD012CFCD160
:1007E000D02380221B0692045A61044B1C70F4E74C
:1007F000612A002000400540F4290020642A0020DE
:10080000014B18787047C046612A002010B5074B8D
:10081000002805D001001860054804F07DF910BDDE
:1008200000211A68034804F077F9F8E71010002057
:10083000C8D90010E8D90010014B18687047C046AD
:1008400010100020F8B51D4B986A1D4B1B78022B29
:1008500000D0F8BDFA21890001F0ECFA194B1A4AD0
:100860001968136804000600C31A8B42F1D30125EE
:10087000164803786B400370154807000068201A7B
:10088000002B0BD0D02380251B06AD045D61FA231D
:1008900014609B009842DCD30E4A0AE0D0238024E7
:1008A0001B06A4049C61FA2316609B009842D0D3D7
:1008B000094A0A4804F030F93E60CAE700400540A2
:1008C000612A002010100020F4290020642A002052
:1008D000F029002010D700100CD7001024DA0010E7
:1008E0000123D0228340120693629361084A830059
:1008F0009A1811684022514080320A400549C000D0
:100900005B181A60044BC018052343607047C0464B
:1009100004C0014004D00140004001408023DB05B9
:100920001868000F7047C0460FB400B5084883B080
:1009300004F070F8049B002B07D005A91800019162
:1009400003F0EAFD034804F065F8012003F0FCFD24
:100950004CDA001078D7001070B58C461600EFF313
:10096000108472B60F490B68002BFCD0BFF35F8F69
:100970006346DB08C5180722C05C63461A400123A2
:1009800093401A000240034207D118432870BFF376
:100990005F8F0A6084F3108870BD61463000FFF7F6
:1009A000C3FFC0462C0100D0F8B5CE4647468C4662
:1009B00080B51C00EFF3108872B61C490B68002B41
:1009C000FCD0BFF35F8FA24221D80723994602E0F3
:1009D0000132944218D34946012611408E40D30873
:1009E000C718C35C1E42F3D1100033433B70BFF302
:1009F0005F8F00220D4B1A6088F3108800280EDBF1
:100A0000C0BCB946B046F8BD01204042EFE7BFF395
:100A10005F8F00230B6088F31088012040426346FB
:100A2000002BEDD00898FFF77FFFC0462C0100D0C7
:100A3000044A1078431CDBB2172B00D91023137023
:100A40007047C0461410002000B5054B83B001006C
:100A5000009318221F230348FFF7A6FF03B000BD31
:100A60005CDA0010FC2400200021044B044ABFF390
:100A70005F8F02C39342FAD17047C046000100D095
:100A8000800100D0084B094A1360094A1360094AE3
:100A90001360094A1360094A1360094A1360094A3E
:100AA0001360094A136070478080808000E400E092
:100AB00004E400E008E400E00CE400E010E400E0FE
:100AC00014E400E018E400E01CE400E01F231840F8
:100AD0001E3B8340002905D0C021044A49005350E1
:100AE00013607047802201498B50FAE700E100E073
:100AF00001228240034B1B6813405A1E9341D8B217
:100B00007047C04600E100E001238340014A1360C2
:100B10007047C04600E200E0054B10309B68800043
:100B2000C358044A00209B1A2F229A424041704722
:100B300000ED00E01810002070B50D00EFF31086F6
:100B400072B60F4A1368002BFCD0BFF35F8F0D4BBA
:100B500010309B6884001B590B4A934203D09D427E
:100B600001D001F013F8074B9B681D51BFF35F8F55
:100B7000BFF35F8F0022024B1A6086F3108870BDAE
:100B8000240100D000ED00E0C1010010F0B5DE4608
:100B900057464E464546E0B5824683B08B46170021
:100BA000EFF3108872B6604A1368002BFCD0BFF3D5
:100BB0005F8F00255D4B5D579946002D00DA9AE066
:100BC0004A466B005A4C5E19B6000193A319009374
:100BD0009B791370574B9A68534610339B00D1583A
:100BE00099460B1B2F2B32D9534B994200D098E0DA
:100BF000019B0236ED18514BAD006353504BA619C3
:100C0000043B9B1B4F4A1B055B0D651913436B800F
:100C10004D4B0121AB80FF23AB715B46AB60009B6A
:100C2000EF710B4319004A46424B9B689950BFF342
:100C30005F8FBFF35F8F00223B4B1A6088F31088F1
:100C400003B0F0BCBB46B246A946A046F0BD0120A9
:100C50000A008243D379B446BB422DD83B4BB51C26
:100C6000190013001B1B5B415943090D8C46334B84
:100C70006519A353324B0099043B5B1B1B05314D97
:100C80005B0D2B4304364B80A619131F9B1B1B05C2
:100C90005B0D1D4363468B715B468B602C4B8D80D7
:100CA000CF7113600143BEE75800C01880002018C0
:100CB000C679BE4225D902000623D356002BF3DAAB
:100CC0009A46131D9C4623486346009E9571043E38
:100CD000F61A36051B4B760D1E43019B96805A195A
:100CE00053469200A418A3715B46194AA080226063
:100CF000E771A36097E700F049FF00254B465D5779
:100D00005EE766469A46131D9C4690880436400569
:100D10000015A6196044801B00050A4E400D3043A3
:100D2000D2E700F033FF63E7240100D0622A0020FD
:100D30001810002000ED00E0C101001000A1FFFF2D
:100D40004810002000E0FFFF01BDFFFFAAAA00003D
:100D50000148804701BD00000123034370B59C4654
:100D6000EFF30581EFF3108572B6214A1368002B6B
:100D7000FCD0BFF35F8F1F4B04001F4AE41A64418D
:100D80006243120D1D4C8900A66852B27658664522
:100D90001CD00621595691421CD01221595691421D
:100DA00022D01E215956914220D02A21595603247F
:100DB000914210D0124B19781A708171BFF35F8F76
:100DC00000220B4B1A6085F3108870BDA3680D4C90
:100DD0005C50EFE700246100091989005B18FF21CE
:100DE000997109499980E5E70124F4E70224F2E7C3
:100DF000240100D018100020AAAA000000ED00E095
:100E0000622A0020C101001001BDFFFF00B5074BA1
:100E100083B001000093002205230548FFF7C4FDBD
:100E2000002801DB1F23181A03B000BD78DA001078
:100E3000672A0020024BC918890001607047C0462C
:100E40004000003470B5114C114DAC420FD2FF265A
:100E50002368002B0CD0FFF7EBFD01002000FFF70B
:100E6000E9FFA680BFF35F8F0834AC42F0D370BDBA
:100E7000FFF7DEFD01002000FFF7DCFF2671BFF366
:100E80005F8F0834AC42E3D3F1E7C0464C19002031
:100E90005419002010B50400FFF7CAFD010020001E
:100EA000FFF7C8FFFF232371BFF35F8F10BDC0465C
:100EB00010B504000120FFF7C7FD034BC0188000E8
:100EC0002060BFF35F8F10BD40000034034BC91892
:100ED00089000160BFF35F8F7047C0464000003457
:100EE0000A4B1968EFF3108072B60A68002AFCD02A
:100EF000BFF35F8F1B68BFF35F8F00221A6080F320
:100F0000108840BF002000217047C046402A0020C2
:100F1000F0B5DE4657464E464546E0B585B0EFF3A0
:100F2000058303221A40B34B91005F58012393407D
:100F30009B4602925A468846AF4B1A60AF4B0393CA
:100F40005B46AF4843630823FE5E002E37DABB885A
:100F50001BB2002B00DBA4E0BB79002B00D0E5E046
:100F60000823F95E002920DB4B007A695B18DB005F
:100F7000D3189D68DC686B1C00D104E1A048010017
:100F80004144826A0B69AE1A9B1A9E4215D3012313
:100F9000026A029883401A420FD0994800F0AAFBD7
:100FA0008C4202DCCCD18542CAD940BF05B0F0BC2E
:100FB000BB46B246A946A046F0BD0D61EDE77A6991
:100FC000730091469B19DB0099444B469C68DD6891
:100FD00000F090FB8D42BADC00D1F6E0002D00DA83
:100FE000DBE04A464B4652691B699246039A93429C
:100FF00000D1CCE04A460821785E52880004514670
:1010000010439847009001910099019A0B001343F7
:1010100000D1C2E013000A00002B00DBD9E0200061
:101020002900801A99414B469860D96000229B5E46
:10103000002B00DA8BE75D007C69EA18D200A21869
:1010400000949468D268A2468A4200DD7FE702D10C
:10105000844200D97BE70824A4463B81BC44009C21
:1010600000972F006546B4463E0006E05E00F21889
:10107000D200A2189768D268BA468A4207DC00D12B
:10108000B4E0F318DB00E518E35E002BEEDA664609
:101090004A46009F13802E80BB881BB2002B00DACB
:1010A0005AE73A69EFF3108172B61368002BFCD04F
:1010B000BFF35F8F0123BE885B42BB8036B23B69C2
:1010C000BFF35F8F00221A6081F31088002E00DAD0
:1010D00042E73B0008333A0099467D6973009B194B
:1010E0000824115FDB004846EB18002913DB9C68DD
:1010F0000093A446DC6806E0A34240D00023F95EDA
:101100003800002906DB4F007F18FF00EF19FB684D
:10111000A342F1DD009B068000201E5E1980002E98
:10112000DCDA1700BB79002B00D119E70023BB7173
:101130000823F95E4B1C00D137E73D000835AC466B
:101140007C6903E084464B1C00D109E74B005B1827
:10115000DB00E0180A00E15E43881BB2002BF1DAE5
:1011600001256D42EE178560C66008257B5F9342BE
:10117000E9D0634619803B8903803A81E3E7BB6885
:101180006345BBD9C6E7631C00D0F7E605E75346C5
:1011900050461B699847002823D14B461B883A6963
:1011A0003B81EFF3108372B611680029FCD0BFF3C6
:1011B0005F8F49467A880A803A697E80BFF35F8FE5
:1011C0000021116083F31088C1E6844200D805E74E
:1011D000BDE60B4800F08EFA009B019CC0186141EF
:1011E00021E753460CCB009201930DE7824500D8CE
:1011F00047E74CE7242A00203C700540110F0010FF
:101200000040054070B52D4C2569002D04D00A2101
:101210002B48FFF70FFE70BD2A4E0321294800F02E
:101220005FFAE660FFF704FC274B0322C018D023C7
:1012300022701B061B6801216370244B8000A36091
:101240000F2320610220638063694942A1801980D5
:101250000231198647311D83585218315A5275325E
:101260005C39995218320131995218320131995230
:10127000183201319952083518329D520231183214
:10128000995218320131995218320131995218325B
:101290000131995218320131995218320131995263
:1012A0000B4B0C49DC6001303562FFF745FC012136
:1012B0000320FFF70BFC084B1D60A8E7601000201F
:1012C000402A00200040054040000034FFFF10008D
:1012D000242A0020110F0010386005400048704794
:1012E00060100020F8B51F0008AB1B780400160042
:1012F000002B07D100F006FA32003B00121A8B4196
:10130000002B51DB2269EFF3108C72B61368002BAF
:10131000FCD0BFF35F8F0223E15E256900293ADB31
:101320004B0060695B18DB00C218C35A6380BFF3CF
:101330005F8F00232B608CF31088069B9660D7602C
:101340001361079B5361538801335B045B0C181CCA
:10135000002B1ED083B25080080418432569EFF398
:10136000108672B62B68002BFCD0BFF35F8FA3886A
:101370001380A1802369BFF35F8F00221A6086F378
:101380001088237801329A400849E3685B181A6094
:10139000F8BD0120DEE7BFF35F8F00232B608CF3E5
:1013A000108801204042F3E70020F1E73C200000D4
:1013B00070B582B00092019301000269EFF31084CE
:1013C00072B61368002BFCD0BFF35F8F0223C85E98
:1013D0000D6900283FDB4A69430016001B18DB003B
:1013E000D218F35A4B80BFF35F8F00232B6084F336
:1013F0001088069B1361079B5361009B019C9360BF
:10140000D460538801335B045B0C1D1C002B20D07F
:10141000ACB20304558023430D69EFF3108C72B610
:101420002C68002CFCD0BFF35F8F8C8814808880E0
:101430000A69BFF35F8F002010608CF310880A7870
:1014400001309040CA68084952181060180002B074
:1014500070BD0125DCE7BFF35F8F00232B6084F3B1
:101460001088013BF2E7C0463C20000010B54389DC
:101470000A1493421ADD53009B184269DB00D3180B
:101480000469EFF3108C72B62268002AFCD0BFF317
:101490005F8F5A88090494B2090C8A4208D0036904
:1014A000BFF35F8F00221A608CF31088002010BDFC
:1014B000094A22435A80012302698371BFF35F8F77
:1014C000002111608CF31088027804499340C268AF
:1014D000012052181360EAE70080FFFF3C20000063
:1014E00040787047F0B5C64600B582B0040000F001
:1014F00009F9FA2206000F002000002300219200C3
:1015000001F08AFB8019794104000D1E02DA0124E2
:101510002E4D644206267642F71736196F41AF42C8
:1015200014D811D000F0EEF832003B00121A8B41B3
:10153000002B15DC002B46D02000290000F022F9FA
:1015400002B080BCB846F0BDA642EBD90026002709
:1015500000F0D8F832003B00121A8B41002BE9DD75
:1015600000F0D0F832003B00121A8B41002B0ADB4E
:1015700000230193164B3200009316483B00FFF7FF
:1015800017FF0130D8D000233900B0469C46124ADC
:101590001248536A994204D8966A4645CCD2994279
:1015A000CAD10668EFF3108772B63368002BFCD0FF
:1015B000BFF35F8F0368BFF35F8F66461E6087F3DC
:1015C000108820BFE5E7002AB6D0C9E7FFFFFF7FFC
:1015D000E10E00106010002000400540402A00206D
:1015E000F0B5CE46474680B504000D0085B0EFF358
:1015F00005868946002E10D0364900204B6AAB4242
:1016000006D38A6A5B1B591E8B41A2424041184394
:1016100005B0C0BCB946B046F0BD2F4FFB683A7864
:1016200098461800039200F065F8039A131D42468D
:101630009B009B5822001B1A9C462B00121A8B41C0
:101640009E4210DC0DD020BF224A0020536A4B4539
:10165000DED3926A5B1B591E8B41A2424041184364
:10166000D6E79445EFD900F04DF822002B00121A6E
:101670008B41002B1BDB00230193184B22000093AE
:1016800038002B00FFF794FE002810DD114B5A6A3A
:101690004A451CD39B6AA34217D301003800FFF7C9
:1016A000E5FE0C4A0020536A4B45B1D3D1E7094A05
:1016B0000020536A4B45ABD30020926A5B1BA242C9
:1016C00040415A1E93411843A2E74A45E5D120BF45
:1016D000E3E7C0460040054060100020E10E001026
:1016E00010B5024A0248FFF737F910BD94DA00102E
:1016F000002500200300416A0A00986A596A8A425C
:10170000FAD17047034B596A0A00986A596A9142A4
:10171000FAD170470040054070B505000E00184A28
:10172000536A1900946A536A8B42FAD12000190057
:101730002C00350024184D41AB4216D813D0104B65
:101740002A005B6A9D4203D90D494B6A9342FCD340
:10175000934207D10A4A02E0516A994202D1916A42
:10176000A142F9D370BDA042E9D9054B5B6A1C00C8
:101770005A1CEFD0012201246442E5175242E3E7EC
:1017800000400540064A536A9942FCD807D1044BF1
:1017900002E05A6A914202D19A6A9042F9D870479F
:1017A00000400540F8B5DE464E4645465746E0B592
:1017B00005008B4618000A99914600F03BFB0A9BF6
:1017C0006C001E026419304BA400E4186368804664
:1017D0009E4200D966602F1FFBB29A46012B2FD97B
:1017E000C0238022294FAD009B0179591201E318D3
:1017F0001A6000291BD14B4622685B015340E0224E
:10180000134080225201A21813605346012B2FD996
:10181000802380229B01E31812011A604346666010
:101820007B51F0BCBB46B246A946A046F8BD7869DC
:1018300000F000FB013043001B18033BFDD2DAE748
:101840005B46012BCCD1C02303229B01E3181A6015
:10185000023AA3681A42FCD04A46236852015A4011
:10186000E023134080225201A218084F1360AD00FC
:1018700058460323216841400B40136001228240F7
:10188000A3681A42FCD0C3E7008000408C250020EA
:10189000F0B5D6464F464646440098462418324B8B
:1018A000A400E41863688A469146C0B5FF2B02D8AD
:1018B00080235B006360061FF6B2012E2FD9C02380
:1018C00080222A4F85009B0179591201E3181A6082
:1018D00000291BD14B4622685B015340E022134094
:1018E00080225201A2181360012E30D98023802259
:1018F0009B01E31812011A6080235B00636043467A
:101900007B51E0BCBA46B146A846F0BD786900F00C
:1019100091FA013043001B18033BFDD2DAE753462E
:10192000012BCCD1C02303229B01E3181A60023A99
:10193000A3681A42FCD04A46236852015A40E02369
:10194000134080225201A218084F136085005046B0
:101950000323216841400B40136001228240A368A9
:101960001A42FCD0C2E7C046008000408C2500200F
:10197000014B8000C05870478C250020F0B5C6464A
:10198000040000B52348160098460D0000F052FAF6
:101990000100300000F04EFA4346069A1B04120381
:1019A00013439C4623680600002B22DB1A4B1B487E
:1019B000E218531E9A4180235242120B9B011203DC
:1019C000D218174B1A60174B1A60130001688B432B
:1019D000FBD12122144B2560E318A6601A6022680F
:1019E000002AFCDA6246E26008221A6080BCB8462F
:1019F000F0BD3F2322681340AB42D7D1A3681B053B
:101A00001B0D8342D2D1EE22E368D202134063451C
:101A1000CCD1EBE7001BB7000040FDBF08C0004081
:101A200000E0004000F000400430000010B58024C9
:101A30001C4BE4051C6000281AD001231A4C1843E3
:101A40001A4BDC611A4C44401C6259629862802136
:101A5000144BC9051960174817490860E021C904EB
:101A60001960002A07D18022144B12061A6010BD9B
:101A70000E4BD861EBE753019B1A9B009A18802309
:101A800012015B049A4209D213000D490B60074B07
:101A90005A608022094BD2051A60E8E7094B1A0008
:101AA000F3E7C04600B00540D3C007B00080054052
:101AB0002D3FF84FFCFF01000820014000A0054029
:101AC000FC290020FFFFFF008023024A9B000B43FC
:101AD000D362704700800540002310B50100988A4A
:101AE0001B8B984710BDC046162310B501001888FF
:101AF0005B88984710BDC046F8B54746CE4680B5CE
:101B00000F1E18D014239946043304000025012623
:101B100098464B461888434621681B88984701C45D
:101B2000431E984101350640AF42F2D13000C0BC9F
:101B3000B946B046F8BD0126F8E7C046002370B5A7
:101B400004000D00988A05491B8B9847030000206C
:101B5000002C01DB0130A0402900984755420000CD
:101B6000AA23064A1B0113608D235B00D36004493E
:101B7000044B19605368002BFCDA704700400240A8
:101B800000B0FA00006002407047C04610B501483E
:101B9000FEF7CAFEB8DA001070B5074D074EB54221
:101BA00009D20024013E761BB608013608CD013467
:101BB0009847B442FAD170BDD0D300100CD40010B5
:101BC000054B064A06491A60064A074B1A60100080
:101BD0000B689843FBD1704700E00040BFCDFBFE8F
:101BE00008C00040FE7F3C0000F00040044BDB6C6E
:101BF000002B03D18022034BD2021A607047C046EB
:101C0000000011504C201150044A054B1A60054A3F
:101C10001368DB018033FBD17047C046FFFFFF0133
:101C200000F0004008C000404022034B9A675A670A
:101C30001A67DA667047C04600F0014010B5FEF73B
:101C400013FF10BD70B52849284D294E6D1AAC10F0
:101C50002200302C00D930223000920001F076F8BA
:101C6000BC2D3DD823002A3B224A052B1DD930200C
:101C700075196D07A446001BEB0F002D03DA611CDC
:101C80008C46A1007250C01AE3189B004108F3185B
:101C9000C900C9181A605A6008339942FAD1012361
:101CA00003421DD0984360440400A300F250631C1B
:101CB0002F2C15D09B00F250A31C2E2C10D09B0073
:101CC000F250E31C2D2C0BD09B00F250231D2C2C2A
:101CD00006D09B00F250631D2B2C01D09B00F250CC
:101CE000054B9E6070BDC04600010010C001001091
:101CF00000000020C101001000ED00E0002310B53D
:101D0000294C82B0A367FFF72BFF0122274B1A60F3
:101D1000636C012BFCD10322254B1A60224A936B82
:101D2000012BFCD1013300930121224A22480433C4
:101D3000FFF724FE052301210093204A2048FFF7E6
:101D40001DFE0022022104201E4BFFF7A1FD0022F0
:101D5000012105201C4BFFF79BFD002200210720DD
:101D60001A4BFFF795FD002200210820174BFFF7C3
:101D70008FFD8023DB000093002200210920134BFC
:101D8000FFF710FD0022104B00210620FFF780FD19
:101D90000420FFF7EDFD0E4900F04CF80100002093
:101DA000FFF792FE02B010BD008000403CB0004042
:101DB00030B00040002F685900800240008C8647F8
:101DC00000C00240001BB70040597307006CDC02E2
:101DD00040420F0001480421014B184780100020A9
:101DE000F91A0010124A936F9B0815D29066D166BB
:101DF000002905D0FFE7FFE7FFE7516F106F70473D
:101E000004B580210906C2175140002800D0C843FC
:101E10000BF09EFA002104BDF0B5146E556E576F9D
:101E2000166FFFF7E3FF1466556657671667F0BD38
:101E3000000000D0114A936F9B0813D210665166C0
:101E4000002905D0FFE7FFE7FFE7516F106F7047EC
:101E500004B5002801D00020C0430BF079FA00211E
:101E600004BDC046F0B5146E556E576F166FFFF780
:101E7000E5FF1466556657671667F0BD000000D091
:101E800094464A4A926F9208624601D228E0C046C0
:101E9000F0B5464E346E756E776F366F00F020F8F1
:101EA0009446424A14665566576716676246F0BD07
:101EB00094463E4A926F9208624601D254E0C04670
:101EC000F0B53A4E346E756E776F366F00F04CF8A1
:101ED0009446364A14665566576716676246F0BDE3
:101EE000002B24DB11D000293EDA00B5C943404263
:101EF00000D1013100F038F8C943404200D101312E
:101F0000DB43524200D1013300BD002AEBD100284F
:101F100001D1002905D00020C90FC90701D1C04354
:101F2000410800B50BF004FA0022002300BD00B503
:101F300000290ADBDB43524200D1013300F014F8E0
:101F4000C943404200D1013100BDC943404200D1E4
:101F50000131DB43524200D1013300F005F8DB438D
:101F6000524200D1013300BD002923D1002B18D1EA
:101F7000002A0CD0BC460D4F38667A66002100233B
:101F8000FFE7FFE7FFE77A6F386F67467047002883
:101F900001D00748010000B50BF0CAF90022002368
:101FA00000BD02000B00002000217047000000D09F
:101FB000FFFFFFFF002B00D0BFE0130C28D1002A49
:101FC000E7D080B4114F39667A66FFE7FFE730B497
:101FD000040C7B6F396F1B0423433B667A66FFE773
:101FE000FFE7FFE7C04684B27B6F3D6F1B042343CE
:101FF0003B667A66FFE7FFE7C04600232C042D0C02
:102000007A6F386F00196941B0BC7047000000D08A
:10201000F0B594460025140E01D112020835140FB4
:1020200001D112010435940F01D192000235D40F71
:1020300001D152000135D40B0134254F7C66254C6B
:102040003C660E0C93B2FFE7FFE7FFE73C6F664389
:10205000360C7703BE467343DF0B5B04C01AB941ED
:10206000130C7343DB18C91ACE086643360CB6440A
:1020700093B273431F0F1B01C01AB941130C734372
:102080001F0B1B05C01AB941860D8F023E436643E4
:10209000360C092D24DB520A7243801A7703460A54
:1020A0006643360C16235B1BDE40DF40BF196446D7
:1020B0006643821B7046043506330100D940A840B0
:1020C000C01900D30131A24206D20023F0BD0000A6
:1020D000000000D0FFFFFFFF121B0130F3D3F1E738
:1020E00009277F1BFE406446A2B27243801A00D2C9
:1020F0000139220C7243130C1204821A99410B000D
:102100007046043513370100F940A840801900D308
:102110000131002B02D1A2420AD2F0BD013000D31E
:102120000131121BFAD2013BF8D1A24200D2F0BD1C
:10213000013000D30131121BF7E7F0B51C0C00D0C1
:1021400080E00CB400251C0A04D11B02160E334398
:10215000120208351C0B04D11B01160F3343120168
:1021600004359C0B04D19B00960F3343920002353B
:10217000DC0B02D192185B4101351C0097186441B9
:102180000134464F7C66464C3C660E0CFFE7FFE789
:10219000FFE7C0463C6F6643360C7703BE4697B2F6
:1021A0007743C01B00D20139C01B00D201399FB256
:1021B0007743C91BC91B170C77437E04FF0B801B99
:1021C000B941CE086643360C0C2D33DBB644120BF6
:1021D0001F053A431B0B97B27743C01B00D201394E
:1021E0009FB27743C91B170C77433E043F0C801BFB
:1021F000B941860D8F023E43664329277F1BFE406F
:102200000C3D7746AF40BF1930BCA2B2ABB27243AF
:102210007343801A9941220C7243130C1204801AE2
:10222000994102000B000137001BA941F9D2781E29
:102230000021F0BD0C277F1BFE4077467F0BAF408F
:10224000FF19E0E700245D1C07D0144F7D66396656
:10225000FFE7FFE7FFE7FFE73C6F95B29EB26543FC
:102260006643401BB141150C1E0C654366433604A2
:102270002F0C3E432D04401BB141994204D2020071
:102280000B0020000021F0BD01D19042F7D3801A4D
:10229000994101349942F2D3F6E70000000000D0E2
:1022A000FFFFFFFF48404140484018B41B4B5B68AC
:1022B000FC46019308BD04DFE725001018B4174B56
:1022C0001B68FC46019308BD00DFF1250010944611
:1022D000134A926F920809D2624618B40F4BDB681A
:1022E000FC46019308BD0CDFA92800100C4AF0B58C
:1022F000146E556E576F166F6246FFF7EEFF084A71
:102300001466556657671667F0BD18B4034B9B6893
:10231000FC46019308BD08DF4D270010A81B0020D4
:10232000000000D0FFB550404240504059404B4063
:10233000594000E0FFB5154F4C00640D03D0BC427E
:1023400004D10C0314D80020090D09055C00640DAC
:1023500003D0BC4204D11C030AD800221B0D1B056C
:1023600001264B4009D44B4003D58B4200D1824219
:10237000FFBD9942FCD19042FFBD0B43DB180343E4
:102380001343F5D0C9434918FFBD0000FF07000003
:1023900000B5FFF7CFFF01D0002000BD012000BD38
:1023A00000B5FFF7C7FF804100BDC04600B5FFF78D
:1023B000C1FF01D9002000BD012000BD00B5FFF71D
:1023C000B1FF01D9002000BD012000BD00B5FFF71D
:1023D000A9FF804100BD012040054A00121804D821
:1023E0005A00121801D800207047012070470000E1
:1023F0000021002805D17047C1174840401AFAD083
:10240000C90713B5064B1B6898470CBC441CA24077
:102410001005120B0349091B09051943114310BD8F
:102420003C2A00201F04000010B54C00620D8023E0
:10243000D218DB00D21A5B057E2A10DD9E3A13DA31
:10244000CC170903490819435242D14064000134B2
:102450001532202A05DAD0400843604310BD002021
:1024600010BD0846604310BDC80FC018013810BD2C
:1024700018B4044B5B6AFC46019308BD24DF592A5B
:1024800000100000A81B002018B4044BDB6DFC46B4
:10249000019308BD5CDF652B00100000A81B002025
:1024A000C94211D300B549004908002200F018F8CC
:1024B000002904D4002240428A41114600BD8021F7
:1024C0000906002000BD000018B4044BDB6EFC467A
:1024D000019308BD6CDF672A00100000A81B0020D4
:1024E00018B4044B9B6FFC46019308BD78DF832A28
:1024F00000100000A81B002018B4044BDB6FFC4642
:10250000019308BD7CDFF12A00100000A81B002009
:10251000132370B51D78012D19D014DD1F48FFF766
:10252000E3FA06001E48FFF7DFFA1E4C8022310056
:10253000200000F00BFC022D2DD01B48FFF7CCFA39
:102540001A4B186070BD1A4B164CA364F5E7184B74
:10255000144C23606360A360E36023616361A36143
:10256000E36123626362A362E36223636363A36341
:10257000E36323646364A364E36423656365A36521
:10258000E36523666366A366E36623676367A36701
:10259000E367A364D1E7064BA364CEE7534400008E
:1025A00053460000A81B00204C3300003C2A0020AA
:1025B000B525001007B5604601880A0A0230DF2AF7
:1025C000FAD1C9B2820804D30288408800041043BB
:1025D00000E00068014A5050039007BDA81B00208E
:1025E0000FB403BC0CBCF0B50124E407634000E069
:1025F000F0B50C0DCF0F661E3605891B640503D39D
:10260000C943404200D30131640D03D0661CF60A71
:1026100007D0E41B00207F00791C89078912803CC9
:1026200024031D0DDF0F6E1E36059B1B6D0503D3A6
:10263000DB43524200D301336D0D03D06E1CF60A0A
:1026400007D0ED1B00227F007B1C9B079B12803D67
:102650002D032F1B661B58D4A446202E46DA2037A4
:102660001400BC401D00BD40F24033412A43801895
:102670005941CB0F05D0C943C043002264425041A9
:10268000514162464D0D28D10D0D07D100281FD0B4
:10269000241940414941013A0D0DF9D0640006D397
:1026A000013000D30131002C01D140084000013A33
:1026B0000BD4941CE40A04D112051144DB0719441D
:1026C000F0BDD907204B194300E0D9070020F0BD29
:1026D0000029DDD1002CDBD1F0BD0132C607400856
:1026E000CD0728434908002EE1D0D9E73C2E29DA4E
:1026F000203E40371400BC4000D00124F240144377
:102700001A00BB401C43D317ACE7AC46202F08DAB5
:1027100020360400B4400D00B540F840394128434C
:10272000A5E73C2F0CDA203F40360400B44000D02F
:102730000124F84004430800B1400C43C117EAE704
:1027400010001900002494E70000F07FF0B50C0D94
:10275000661E3605891BE60A6405640D02D0651CF9
:10276000ED0A04D0002001210905803C2403A44681
:102770001C0D671E3F05DB1BE70A6405640D02D0D4
:10278000651CED0A04D0002201231B05803C2403B4
:102790007740644497B484B296B27443070C7E4386
:1027A000150C6F4380B26843361802D30120000431
:1027B0003F183004350C00197D41844688B29AB226
:1027C00050430C0C62431F0C7C438EB27E43921923
:1027D00002D301263604A4191604170C36186741D3
:1027E00001BC81B29AB25143040C62431B0C5C439E
:1027F00080B25843121802D3012000042418100498
:10280000130C401863412D185E410020474106BC5F
:1028100088B293B258430C0C6343120C544389B2F0
:1028200051435B1802D301210904641819041A0CDE
:10283000091862416D1856410020474118BCF90241
:10284000720D1143F0026A0D1043ED020A0D03D11F
:102850006D1940414941013B124E9B1B7600B3422A
:102860000ED26D0007D30130002671416646354314
:1028700001D1400840001B05C918E4072144F0BD00
:102880000BDA013306D1013004D101314F0D01D0F3
:102890004908F2E7E1070020F0BD013631050020CC
:1028A000EBE70000FF030000F0B51C0D671E3F05BD
:1028B000DB1BE70A6405640D02D0661CF60A04D02F
:1028C000002201231B05803C2403D0252D06002671
:1028D000F6432E661E096E66CE0FF619B446490001
:1028E0004F0D02D07E1CF60A03D000200021403F8D
:1028F0003F033E1BB600B444013F7F05C91B490896
:102900002E6F013676089C02950D25437543ED1315
:102910007543AD1301356D10F603761B0CB4CC0274
:10292000450D2C43A2B2B3B25A43270C7B43350C5E
:102930006F43A4B26C431B1902D3012424043F1932
:102940001C041D0CA4187D4124196D41009A91B2FC
:10295000ACB26143170C7C432B0C5F4392B25A43D9
:10296000A41802D301221204BF182204230C521807
:102970007B41019C6C431B19520ED9010A4344014F
:10298000A01A81B2B2B2514303145A43360C7343B6
:1029900087B27743D617D21900277E4136049B1998
:1029A0001704160C7F185E417316ED18F30100260C
:1029B00080337541A90F06D16400690AE8055B0AF6
:1029C000184309D22FE00422944480337541A90AA8
:1029D000A8059B0A184326D3404149412404009A84
:1029E000019B0D005543641B4343E41A95B286B224
:1029F0007543170C7E43030C5F4392B25A43B618DB
:102A000002D301221204BF183204330C52197B4145
:102A100052429C41002C02D4002201305141400816
:102A2000CA071043490802B06246D7079210084B04
:102A3000D218084B9A4203D212058918C919F0BD61
:102A40000020002A01DC3900F0BD01331905F5E74B
:102A5000FD030000FE070000002200B5203200F058
:102A600010F8080000BD002200B500F00CF8CA17ED
:102A70009A4200D100BDD8430121C907414000BDA1
:102A800000220B150AD410B5944600F0A7F81414D0
:102A9000013400DA0021CB17144C2047002000211C
:102AA00070476244343A0CD40C2A07DA040091408F
:102AB000904052422032D440214310BDD843D943E4
:102AC00010BD203207D40C469440524220321141AE
:102AD000D040204310BD0800C917203203D4524211
:102AE0002032104110BD1800190010BDA32A00109B
:102AF0004A00520D144BD21A13DDFF2A1EDAD205FA
:102B0000CB0FDB071A43C300400F0903490A0843F0
:102B100010435B0001D301D0013070474308FBD262
:102B2000704702D0C80FC00770470A031213013262
:102B3000F8D1420F072AF5D1012200E0FF22C80F89
:102B400000028018C00570478003000000210A00C1
:102B5000002104E000210A00C11704E00022002344
:102B600006E0C0460022CB1758405940C01A994190
:102B700030B5184CA21A002903D1010010D0002052
:102B8000203A4C1512D104D2013A001849414C0D9B
:102B9000FAD3114CA24204D212058918DB07C918D6
:102BA00030BDD243520D00200021F5E703D4013A95
:102BB00000184941FBD50B324405C00A4D05284396
:102BC000C90A640003D0002460416141E1E7E0D319
:102BD0004408F8E732040000FE0700000A0DCC0F9D
:102BE000531E1B05C91A520503D3C943404200D3E3
:102BF0000131520D03D0531CDB0A07D0121B0020F9
:102C00006400611C89078912803A1203014BD21AB1
:102C100070470000FF03000051434343C9188C462E
:102C2000110C83B24B4310B4040C614392B280B2D6
:102C3000504362431C041B0C001910BC594113047F
:102C4000120CC0185141614470470000132310B5A5
:102C50001C781348FEF748FF012C0BD004DD01005F
:102C60008022104800F072F80F48FEF735FF0F4B36
:102C7000186010BD0B4C01005422200000F066F8D3
:102C80000B4B6365A365E36523666366A366E36632
:102C900023676367A367E3672362E361E4E7C046F2
:102CA00053460000A81C00204C3300003C2A0020A2
:102CB000B52C001007B5604601880A0A0230DF2AE9
:102CC000FAD1C9B2820804D30288408800041043B4
:102CD00000E00068014A5050039007BDA81C002086
:102CE00010B5040004F046FB002804D0034B04197F
:102CF0009C4200D810BD0248FDF716FE00000420DB
:102D0000C4DA001010B50C0004F00AFE002804D04C
:102D1000034B04199C4200D810BD0248FDF704FE85
:102D200000000420C4DA001010B504F02DFB10BD23
:102D300001480421014B184790100020F91A001097
:102D4000014B1B681847000090100020014B5B6886
:102D500018470000901000209A4200D28854704713
:102D60007047C046F8B5DE4657464E464546E0B584
:102D700099460D9B0700884693469B0728D00B9BDE
:102D8000002B3CD016000B9C0A9D3619321B013CCF
:102D90004B464146285DB847002CF7D135000D9BC6
:102DA0009B070ED55B46EC1A0C9BA34209D91E006B
:102DB0002A004B46414620200134B8470135B44231
:102DC000F6D32800F0BCBB46B246A946A046F8BDE3
:102DD0000B9B0C9A934214D213005D460C000B9A85
:102DE0009E1A76192A004B46013521002020B8474B
:102DF000B542F7D10B9BA046002BC4D1E1E71500EB
:102E0000CDE75E46002BBED15D46DAE7F0B54F4612
:102E1000D6464646C0B584B09C460EAB1F78129B82
:102E20009146BA460D9C109E119D9B074CD4002DD7
:102E300041D1B44248D20123129F1F40B8460C9B97
:102E40005F1E302303E001343B55A64201D9202CFC
:102E5000F9D14346002B00D187E00C9B5F1E302345
:102E6000A54204D830E001343B55AC422CD0202C94
:102E7000F9D1129BDB060DD5129B5B0557D4A642F8
:102E800067D0A54265D00F9B102B53D0022B5BD08F
:102E9000202C36D12023129C01930C9B4A46009390
:102EA000039463460295FFF75DFF04B0E0BCBA46A9
:102EB000B146A846F0BD0123129A1340984601235B
:102EC00013422DD1B442BAD3129BDB061ED5129BFE
:102ED0005B05D8D4002CD2D10F9B102B60D00F9B58
:102EE000022B71D0302301240C9A13705346002B0F
:102EF00011D1129B5B0740D52B260C9A631C1655EB
:102F0000C9E72300013430260C9AD654202CC1D0B6
:102F10005346002BEDD02D260C9A631C1655BAE7AC
:102F2000002F34D0013DB44200D288E795E70F9BD3
:102F3000102BAFD1129B9B063CD5202CAAD0582336
:102F40000C9A13550134A3E7202CA3D0230001349D
:102F500007E0631E012CBFD00F9A102A36D0022A38
:102F6000D1D162260C9AD65492E7129BDB06CDD5BE
:102F7000129B5B0500D482E785E7129A23001607AF
:102F800000D488E720260C9A0133165583E70C23DA
:102F900013405F1EBB41ED1AB44200D24FE75CE71D
:102FA000129B9B060ED478230C9A022413703023B4
:102FB00053709BE7202C00D16CE778230C9A1355B3
:102FC000013465E75823EFE76033EDE70C9AA61E5E
:102FD000B618129A920602D55822327093E77822D8
:102FE000327090E710B5002800D110BD01F0C8FC88
:102FF000FBE7C04610B5002803D04A680B681100F3
:10300000984710BDF0B54E46DE4657464546E0B5FA
:1030100095B083468946924698461E9A1F9B10009B
:103020001900209EFFF7D7F9002800D0D2E11E98A2
:103030001F990122C44B5242FFF7B2F9002800D079
:1030400001E11E981F990122C04B5242FFF7BEF9C1
:10305000002800D0D6E01E981F990022BC4BFFF735
:10306000B5F9002800D0B5E01E981F990022B94B91
:10307000FFF796F9002800D0ACE01E981F990022B7
:103080000023FFF78DF9002800D0D1E000230B9337
:10309000229B5B0500D406260024302306E006AA06
:1030A000013417321355013E202C01D0092EF6D8D9
:1030B0001E981F99FFF7B8F9A74BF2009B180CCB8D
:1030C000050008920993FFF797F902000B001E987C
:1030D0001F99FFF7EAF8089A099BFFF716F906907F
:1030E0000791FFF7C5F90700FFF782F902000B000F
:1030F00006980799FFF7D9F80022984B0690079198
:10310000FFF764F9002800D1E9E001373800FFF744
:103110006FF902000B0008980999FFF747F900289A
:1031200001D000270135002E00D1B7E0069513E04D
:10313000172306AA9B180A21380001341D19FEF72F
:1031400079FE3031297038000A21013EFEF772FE07
:10315000092F00D8E1E00700202CE9D1069D2024AA
:103160000CAB0693172706ABFF180DE028000A21C9
:10317000FEF738FE01343031280039550A21FEF7B8
:1031800031FE051E00D1B7E0202CEFD10323229A97
:103190001340012B17D1219B002B14D00B9B002B2C
:1031A00000D1E3E0219B013B2193202B0BD930235D
:1031B000219A06E006A9013417310B55944200D339
:1031C000A0E0202CF6D1229B01940393219B029333
:1031D000069B21E0229B52460493219B4946039380
:1031E00058461E9B1F9C029600930194434600F094
:1031F00043F90400200015B0F0BCBB46B246A94616
:10320000A046F0BD229B5B070FD40322544B2299AA
:1032100001920391219902910093524643464946F7
:103220005846FFF79FFD0400E4E704224D4BEEE70C
:103230001E9A1F9B00200021FFF737F801231E90E4
:103240001F910B9324E70223229A54461A40229B93
:1032500006929B0700D1ACE02600434D08942F1F37
:103260003200E87843464946013DD8470136BD4221
:10327000F6D1089C069B0434002BBBD05746219AFC
:10328000E31B9A42B6D91500220043464946202046
:103290000134D847E31BAB42F6D3ABE72800FFF776
:1032A000ABF802000B001E981F99FEF7FEFF2B4B98
:1032B000002206000F00FFF773F80CAB06930028FE
:1032C00000D04FE7002230003900244BFFF77EF892
:1032D000002800D046E7012301359D4342E7002244
:1032E000069807991D4BFFF75BF8002800D01AE7F6
:1032F000002F59D1013716E70323229A1340012BDF
:1033000000D1A6E0202C00D15DE70B9B002B3AD02A
:103310002D23069A1355013455E7069D202C00D124
:103320001DE73023361906E006AA0134173213557B
:10333000202C00D113E7A642F6D12E230CAA01348B
:10334000069293550EE7C046FFFFEFFFFFFFEF7FAA
:1033500065CDCD4165CDCDC158DF00100000E03F07
:103360001CDB001014DB001024DB00100C23229A5D
:10337000134257D0219B013B2193A34200D916E76A
:10338000202C00D11FE7229B5B0704D52B23069A34
:103390001355013417E7229B1B0700D413E72023A2
:1033A000069A135501340EE7FB0700D4BBE601373C
:1033B000B9E6219B042B00D84EE755464F46043C06
:1033C000E4182A004346013539002020D847AC4292
:1033D000F7D141E70227229B55461F409B0726D085
:1033E00006975F46234EEC1C2A00B07843464946B8
:1033F0000135B847013EAC42F6D1069F002F00D1FF
:10340000F8E65746219AE31B9A4200D8F2E61500E7
:1034100022004346494620200134D847E31BAB42F3
:10342000F6D3E7E6219BA34200D9C0E6CBE6219B79
:10343000032BD5D9069754464F46033DED1822007D
:103440004346013439002020D847A542F7D1069FD2
:10345000C6E7219B002B00D154E70B9B002B85D0A6
:10346000219B013B21939C4200D2A0E6202C00D05E
:103470004EE7A8E620DB0010F0B54546DE4657468D
:103480004E46E0B59BB0249C259D824688469346D7
:10349000994622002B0020002900FEF79CFF0028FF
:1034A00000D0C1E00122200029007C4B5242FEF7EF
:1034B0008DFF002800D0B7E0012220002900784BC2
:1034C0005242FEF76DFF002800D0ADE0002200233D
:1034D00020002900FEF764FF002800D0BBE108941B
:1034E0000995089809998023289ADB001A400F92C1
:1034F0008022289E1201164032000E96289E0F0050
:103500000A901E4200D0A4E00B00034300D0CBE0A1
:10351000002A00D012E23200063326930223134021
:103520000C930223134200D00AE2279B042B00D203
:1035300015E200270426043B0E93002200232000FE
:103540002900FEF72DFF002800D0C8E1554B289A2E
:10355000134004930E9B0393269B0293089B099CA4
:103560000093019441464B465A465046FFF74AFDA8
:1035700002002020289B0025034059424B415B421A
:103580001840531C089341464B464530D047FB1723
:10359000FC185C40FB0F1F270A93731E0E930AABA7
:1035A000FF1806E020000A21FEF744FC0400202D4D
:1035B00008D00A212000FEF73DFC01353031795555
:1035C000092CEFD8052306930E9B5646059300233E
:1035D00004930A3303930A9B4146029312AB009370
:1035E00030004B46089A0195FFF710FC0C9B002B0E
:1035F00028D05F46279BC41BA34223D982461D00C7
:103600003A194B46414620200134B047A542F7D82D
:1036100050465946279C421A01320023944200D357
:1036200095E1013018180DE0289B00940195049352
:10363000279B0393269B02934B465A46414650468E
:10364000FFF7E0FC1BB0F0BCBB46B246A946A04663
:10365000F0BD01432AD10E9B3200002B00D15DE763
:103660000027269B0026BB4200DD82E100220023CA
:1036700020002900FEF794FE002800D04BE1289B93
:10368000084A02961A408023DB0013430493279BC9
:103690000393089B099C00930194CDE7FFFFEF7F04
:1036A000FFFFEFFFFFF7FFFF06232693B24B7800E3
:1036B000400DC018FEF7A0FEB04AB14BFEF725FE44
:1036C000B04AB14BFEF7FAFD3F03B04B3F0B3B4313
:1036D0000C900D9100220A981900AD4BFEF7E5FD04
:1036E000AC4AAD4BFEF711FE02000B000C980D9991
:1036F000FEF7E4FDFEF798FE0700FEF77DFEA74A01
:10370000A74B0A900B91FEF700FE0022A54BFEF797
:10371000D5FDFEF789FEA44A06000A980B99A34B33
:10372000FEF7F3FD0A900B913000FEF765FEA04A0C
:10373000A04BFEF7EAFD02000B000A980B99FEF77A
:10374000B4FD02000B000A900B91FEF7DEFD0C9019
:103750000D910A980B9902000B00FEF7AFFD0022B5
:10376000109011910C980D99934BFEF7B0FD00222B
:10377000924BFEF7A3FD02000B000C980D99FEF78B
:10378000A6FD00228E4BFEF799FD02000B000C985F
:103790000D99FEF79CFD0A9A0B9B0C900D918021D0
:1037A0000020C905FEF781FD02000B000C980D9961
:1037B000FEF784FD02000B0010981199FEF787FDBB
:1037C0000022724BFEF77AFD7E4B0022F61833057D
:1037D000FEF79BFD02000B000A900B9108980999D7
:1037E000FEF7DEFD002808D00A980B990022734BE3
:1037F000FEF76DFD0A900B91013F0A990B9A0B00A1
:1038000011003A006332C62A12D8022228980426F0
:1038100010400E9A0C90002A26D1279B042B05D924
:10382000002800D0A1E0279B043B0E93042642E031
:103830000222289810400E9A0C90002A13D1279B40
:10384000052B00D889E0002800D084E0279B0526BE
:10385000053B0E9332E080231B069C46AC44634636
:10386000089409933DE605260B4300D1F9E6089834
:103870000999554A554BFEF7A1FD002808D0089834
:1038800009990022524BFEF78BFD002800D0E8E694
:10389000269B002B34D00F9B002B31D0269B013B65
:1038A0002693279BB34204D90C9B002B59D00223AB
:1038B0000C9300230E93002F00D13EE60A9A0B9B37
:1038C00008980999FEF703FD00220890099100234A
:1038D00020002900FEF764FD002800D136E6089C90
:1038E000099D289A80203B4B000613402200049338
:1038F0000E9B0393269B02932B180092019331E6B3
:10390000279BB342D5D90C9B002B2AD000230E93C2
:1039100002330C93CFE7289B2E4A8020089C099DF8
:103920001A408023DB00134322000493279B0006E8
:1039300003932B180092019302967DE6052695E6E7
:1039400000230E930233002704260C93F5E54B1E4B
:103950001B191B1A65E602230C930526AEE7042308
:10396000E7E5279B9B1B0E93A5E7022304260C93F8
:10397000A1E7DB1B5E1E79E601FCFFFFFB799F5090
:103980001344D33FB3C8608B288AC63F0000F03F82
:103990000000F83F61436F63A787D23F71A37909A5
:1039A0004F930A400000E03F1655B5BBB16B024093
:1039B000EF39FAFE422EE63F00002C400000244082
:1039C00000001840FF0300002D431CEBE2361A3FB5
:1039D00080842E41FFF7FFFFF0B55746DE464E4686
:1039E0004546E0B5A3B01F002C9B92460C93C94AF4
:1039F000C94B8B460B901A60002900D1BFE1002310
:103A000038789946002800D1C1E1C44B4C4609934F
:103A1000C34B0E935B460A9308E0220053460A9973
:103A20000B9DA84701343878002876D00137252827
:103A3000F3D110239B46083B9946043B9846033B31
:103A4000002602259C463878791C0300203BDBB217
:103A5000102B03D8099A9B00D3589F460300303B94
:103A6000092B36D900252A2800D1A7E000230D9381
:103A70002E283FD00300683BDBB2122B1BD80E9AD6
:103A80009B00D3589F4663460F001E43DBE70F00A1
:103A90002E43D8E743460F001E43D4E75B460F0092
:103AA0001E43D0E74B460F001E43CCE780237878B7
:103AB0005B001E4301310F00672845D82428ACD98C
:103AC0000300253BDBB2422BA7D896499B00CB587D
:103AD0009F460025AB005D196D002D1808780F007A
:103AE0000300303B303D0131092BF3D900230D9306
:103AF0002E28BFD13022802052429046C00006437B
:103B000078780B0080444246092A00D851E12A28DF
:103B100000D15EE10F000131ACE70A9BA1469B4654
:103B2000CA4503D801235B425344994653464A464B
:103B3000594600200B9DA847200023B0F0BCBB468F
:103B4000B246A946A046F0BD0300693BDBB20F2B8D
:103B500000D962E7012199408846734A11408B469B
:103B6000110042460A4200D013E10A2B2FD0072B46
:103B700000D052E70C9D01CD002800D134E1212373
:103B80001E43B0461F260D9A12ABF618A146944666
:103B90005946340002E0000920290AD00F260640C9
:103BA00032003732092E00D8073A013162540F280B
:103BB000F1D863464C468B460D9322E10C9B20CBFB
:103BC000002D52DB78780C930F0001314EE70C9BEF
:103BD0000D9904CB90469B46002900D128E143462D
:103BE00018784144002801D100F029FC0D9A944630
:103BF0000A0004E059780133002900D195E19A4286
:103C0000F8D163460D934346D31A0F93730500D43E
:103C10006CE10F9B0D9A934200D90F9202231A0078
:103C200032400C92334200D191E20C930D9BB94685
:103C30001E1943461B1BA84622001F000B9D08E0CF
:103C4000541C53460A99A847385D002800D163E107
:103C500022009642F4D145464F4634000C9B002B7F
:103C600000D097E15B460C93DDE60222787816439C
:103C70000F006D420C930131F8E678786C2800D182
:103C800059E180235B001E43013114E780239B0030
:103C900078781E4301310EE77878682800D150E12A
:103CA000802301311E4306E7672800D1C2E0472880
:103CB00000D134E1452800D134E107210C9B0D9A55
:103CC00007338B4319000496039502920CC90B9895
:103CD000009201930C91220053460A99FFF7CCFB06
:103CE0000400A0E6462800D1A8E007210C9B0D9A0D
:103CF00007338B4319000496039502920CC90B9865
:103D0000009201930C91220053460A99FFF77AF929
:103D1000040088E6D9390010F8290020BCDD001025
:103D200000DE00104CDE00104190000022005346DF
:103D300025200A990B9DA847013474E60C9B043397
:103D40009B46631C9846B60700D4FFE00C9B2200FC
:103D500018780A9953460B9EB0476419012D00D874
:103D600049E245460B9EB8460A9F2A005346013554
:103D700039002020B047A542F7D1474672E7DB4B18
:103D800038780B9300239946002800D03DE60024A4
:103D9000C6E66F2855D000D8BCE21023782800D1A1
:103DA0009EE09E430A239C4600230F930A339B46C2
:103DB0004DE000218A005218520001331118187882
:103DC00030390200303A092AF4D90D911F00591CEC
:103DD00050E60C9BB87804CB0237D143C9170A4090
:103DE0000D920C93791C45E6102330009843113353
:103DF0001843802380463000DB0018401E4200D16B
:103E0000C0E643460693082305930D9B22000493C6
:103E100010230393002302935B4601931AAB009394
:103E20000A9953460B98FEF7F1FF0C950400FAE54A
:103E30000139D4E680231B011E433EE720231E43A5
:103E400053E708239C4600230F9308339B468023A7
:103E50003000DB0018401E4200D11AE10D23310072
:103E6000994380230A009B001A409146194200D0D2
:103E7000C3E180230A005B001A4090460C9A04328A
:103E80000F92194200D08FE24B0600D597E10B0646
:103E900000D4E5E20C9B1B8899464B46002B00D0D2
:103EA00005E210339943002800D100E20023984630
:103EB0000D9B069104935B460393002305950293A3
:103EC0004346D9E0582808D0622878D102239C467E
:103ED00000230F9302339B46B9E720231E43103B78
:103EE0009C4600230F9310339B46B0E702231A0031
:103EF00032400C92334200D105E20C934346B9465E
:103F00000B9E0A9FA8461D1B220053463900013410
:103F1000B047285D0028F7D145464F469EE68023EE
:103F20001B011E4320231E43C7E662460D924246F4
:103F30009B1A0F936AE6C0239B00B8781E43F91CB6
:103F4000B9E5C023B8781E43F91CB4E5012D00D8AB
:103F50004AE1631E9946A9444B4652462600A146B3
:103F6000BA461C001700A8460B9D32003B000136E4
:103F700020200A99A847A642F7D13B0057469A4607
:103F80004C460C9B320018780A9953460B9D4444CA
:103F9000A84767E6A0460F9B9D4200D862E62C1911
:103FA0000B9E4546B8460A9FE41A2A00534601353F
:103FB00039002020B047A542F7D1474652E680237A
:103FC0003200DB001A4090461E4200D1F3E011217E
:103FD0008E43B4469846802362469B001A4093461F
:103FE00062461A4259D180235B001A4091460C9ACE
:103FF00004320F9262461A4200D0A0E163465B068B
:1040000000D5D4E063461B0600D412E20C9B0022CC
:104010009B5ED8171918414089B2DA0F0C92002B19
:1040200000D187E188461F2612ABBB461495F718CE
:1040300045464E46E046A14606E028000A21FDF727
:10404000F9FE0500202E08D00A212800FDF7F2FE17
:1040500001363031B955092DEFD84C46C446B1462A
:104060005F46149D634606930D9B059504930A23B2
:1040700003930C9B02934B4601931AAB22000093CF
:104080000A9953460B98FEF7C1FE0F9B04000C9350
:10409000C9E40C2331009943E3E608220721914645
:1040A0000C9B07338B4399444A460ACB08000C9279
:1040B000DA0F9346184300D085E000239946434623
:1040C000002B2FD1002200231092119300231F26D2
:1040D000994612ABF6185B461495BB46E04637008E
:1040E0000F934E46A146109C119D05E0612D0010D6
:1040F00004000D00202E0CD00A22002320002900ED
:10410000FDF7D6FE01363032BA55002DF0D1092C1C
:10411000EED80F9B109411955F464C46C446B146AD
:104120009B46149D634606930D9B059504930A23B5
:1041300003935B4602934B4601931AAB2200009314
:104140000A9953460B98FEF761FE04006BE40F9B3F
:104150009D4200D896E18023DB000C930F9B2E1923
:10416000F61A43460F930D9BA84699465346BA4606
:104170001F000B9D22003B00013420200A99A84714
:10418000B442F7D10F9B454698464B460D933B00F2
:1041900057469A4643461878002800D162E56B1CC2
:1041A0000F930C9B002B00D1A8E600233DE50C9B50
:1041B0001B78190031E710239E43B4460BE70C9B94
:1041C0001B78994669E6DA17129213924A401092C8
:1041D000129813990A005A401192109A119B121AC0
:1041E0008B411092119371E70C9B220018780A9969
:1041F00053460B9CA047444634E5082207269046C8
:104200000C9B0733B343984442460C921A685B6890
:10421000149208931300089A134305D1103399435D
:1042200000239846002838D161208B0600D5412014
:1042300000231F2698465A4612ABF6180300189220
:104240000F9A0A3BB146169517941997444666464D
:1042500090469B46149F089D159103E007000D00B2
:10426000202C13D03200002338002900FDF720FE57
:104270005B46D2B2D318092A01D8130030334A461C
:1042800001341355A845E9D1BE42E7D9189BA04691
:104290009B461599169D179C199F0D9B069104939B
:1042A0005B460393002305950293434644E7612050
:1042B0008B0600D541201F2612ABF21803000A3BE3
:1042C0000C934B464646A146A8461C005D461491F9
:1042D000BB46170002E00400202E0DD0290020006C
:1042E000FDF7A8FD0C9BCB18092901D80B00303332
:1042F0000136BB55AC42EED25F464C46AB461499F4
:104300004546B046D4E50F9B9D4200D926E70133D0
:104310000F93F3E5102332009A439446692800D0A6
:10432000A2E080233200DB001A4090461E4200D1FA
:1043300051E64CE64346002B00D093E673E60C9B17
:104340001B68DA0F002B70D0D9175B184B409846CA
:104350001F2612ABF618A14614955C464546BB468F
:10436000E04637000C9206E028000A21FDF762FDC6
:104370000500202C08D00A212800FDF75BFD013440
:1043800030313955092DEFD85F46C446A3464C4617
:10439000149D0C9A634606930D9B059504930A237E
:1043A000029203935B4667E60C9B1B689846002BC2
:1043B00003D11033994300282DD161208B0600D5FD
:1043C00041201F2612ABF61803000A3B4A460C9305
:1043D000149143463100A846A1465E461400BB46F0
:1043E0001D000F0002E00500202C0DD03100280038
:1043F000FDF720FD0C9BCB18092901D80B003033A9
:1044000001343B55B542EED223005F464C4645464B
:10441000B346994614990D9B069104935B4603930A
:104420000023059502934B4626E64346002BB1D167
:104430008EE70C9B1B68D81719184140EDE58023C7
:104440003200DB001A400F921E420FD002300200F1
:1044500032400F92304219D00023A0460F939AE5C4
:104460000C9B1B68994618E516009BE402231A0072
:1044700032400C92334200D08CE5002D00D06DE626
:10448000FFF7F0FB01330F93FFF7D0FB0C93F4E73A
:104490000EB410B5012485B007AA08CA0100039222
:1044A000009204486242FFF797FA05B010BC08BCBE
:1044B00003B01847592D001000B585B003910121B4
:1044C00002900093034813004A4202A9FFF784FABE
:1044D00005B000BDF52F00100FB410B50C4984B025
:1044E00006AA08CA0C680392002C0BD00092012285
:1044F0000848524202A9A047012004B010BC08BCE1
:1045000004B01847180000F085FA0020F5E7C0460F
:10451000F8290020E52F001010B5094A030014689F
:1045200084B0002C08D0012200910648524203A911
:10453000A047012004B010BD00F06CFA0020F9E79C
:10454000F8290020E52F001000BEFDE7094A136896
:10455000002B06D008491818884208D810601800A7
:104560007047064B0449181813608842F6D9012396
:104570005B42F4E7EC25002000000420682A0020BC
:104580008C4610B51100002805D1044B60460CCBB9
:1045900000F050F910BD01204042FBE760DD001043
:1045A000013810B51400012807D8080001230022A3
:1045B000210000F0C5F8200010BD01204042FBE7BB
:1045C000012040427047C046012040427047C0462B
:1045D00010B5FFF7B9FFC04610B584460C0082B095
:1045E0001900002A0AD0074B01920093624623006B
:1045F0000548FFF771FF0120FFF7A6FF034B1A00E4
:10460000F2E7C0462CDB00103CDB001094D9001010
:1046100070B5FDF7C1FA074D074EB54209D2002427
:10462000013E761BB608013608CD01349847B442E6
:10463000FAD170BD0CD4001014D40010030010B5D2
:10464000080011001B68984710BDC046F8B5437DAF
:1046500007000D001600002B38D0002A1ADD0B7859
:104660000A2B18D00020012E09D0012421006B5CF8
:1046700001340A2B1AD0B442F8D1864203DD311A34
:104680003B6828189847AD19013D2B780D3B5A42DD
:1046900053413B75F8BD037D002BE3D102210E4849
:1046A0003B689847012EEED00120DEE76B1E5B5C75
:1046B0000D2BE0D0884203DA091A3B682818984786
:1046C000054802213B6898472000D4E703681100A1
:1046D00028009847DEE7C046A8DF0010F0B5C646C0
:1046E0000B6807000D0000B5802B06D05A1C2A600D
:1046F000ED182F7180BCB846F0BD0F4B1C68002C24
:1047000016D00B1D98460D4E02E02469002C0FD0E8
:104710002368002BF9D03368002B01D0A342F4D1D9
:10472000200041462A68FFF791FF2469002CEFD151
:1047300001220023DBE7C046DC250020E82500201D
:10474000F0B54646D6464F46C0B582B090461C00EE
:1047500006000D00FCF7D6FF00232F4A12184B412C
:10476000002B02DA01222D4B52422D4908008A46C5
:1047700008F016FE81466B1C03D1300003F07CFE6E
:104780000500002C27D0274F274B1C68002C18D081
:104790004346002B21D1254B984602E02469002C8A
:1047A0000FD02368002BF9D043461B68002B01D0A3
:1047B0009C42F3D120002A003100B8472469002C24
:1047C000EFD14B46002B23D1280002B0E0BCBA4603
:1047D000B146A846F0BD164FD6E7144B984602E006
:1047E0002469002CEDD02368002BF9D043461B68C8
:1047F000002B01D0A342F3D12A0031002000B8479A
:104800006B460A222000DA71D91D093AB847E7E75A
:10481000504608F085FDD7E740420F00FFFFFF7FBD
:104820004C1900204D460010DC250020E825002012
:104830003D460010F0B54F464646D6469946194BC0
:10484000C0B5924607000E009846174D43461C68B7
:10485000002C03D114E02469002C11D02B68002B0C
:1048600001D0A342F7D1A368002BF4D03100380067
:1048700098470028EFDDE0BCBA46B146A846F0BD37
:104880000A4B5B6A994508D8084A926A524502D396
:1048900002204042EFE79945FAD101200021FCF7C0
:1048A0003BFFD3E7DC250020E82500200040054041
:1048B0000A4A1368002B05D10CE01A001B6910325C
:1048C000002B07D08342F8D1002902D1186910606B
:1048D000196170470029FCD01060FAE7DC25002040
:1048E00010B500F037FB10BDF0B5CE4647460400CA
:1048F00080B583B0FCF706FF2600002736184F412D
:10490000002F02DA01261A4F76421A4B1A4D9946A9
:1049100001AB98464B461C68002C03D116E0246975
:10492000002C13D02B68002B01D09C42F7D1A36838
:10493000002BF4D00121404698470028EFDD434684
:10494000187803B0C0BCB946B046F0BD0B4B5A6AEC
:10495000974207D89B6AB34202D302204042F0E755
:104960009742FAD101200021FCF7D6FED2E7C046DB
:10497000FFFFFF7FDC250020E825002000400540E8
:10498000F0B5CE46474680B583B06B460600DD1DC8
:104990002870FCF7B7FE0023194A12184B41002B70
:1049A00002DA0122174B524217490800894608F0E3
:1049B000F7FC164B80461C68002C14D0144F02E004
:1049C0002469002C0FD02368002BF9D03B68002B02
:1049D00001D09C42F4D1200001222900FFF736FECD
:1049E0002469002CEFD14346002B05D1300003B0E1
:1049F000C0BCB946B046F0BD484608F091FCF5E7AA
:104A000040420F00FFFFFF7F4C190020DC250020F3
:104A1000E825002070B5040003F02EFD01230100FD
:104A2000050001222000FFF78BFE084B1C68002CBC
:104A300006D06368002B05D098472469002CF8D174
:104A4000280070BD2469002CF3D1F9E7DC25002093
:104A5000F0B5CE46474680B5A3B004000E00FCF783
:104A600051FE0023264A12184B41002B02DA012284
:104A7000244B5242244808F093FC00232200019367
:104A800080463300214801A9FFF716FD204F019B06
:104A900081463C68002B19D0002C2FD01D4E02E01F
:104AA0002469002C0FD02368002BF9D03368002B29
:104AB00001D0A342F4D12000019A02A9FFF7C6FD5C
:104AC0002469002CEFD100233C680193002C06D010
:104AD0006368002B0CD098472469002CF8D143461A
:104AE000002B07D1484623B0C0BCB946B046F0BD44
:104AF0002469EBE7044808F013FCF3E70194EEE7C0
:104B000040420F00FFFFFF7F4C190020DD460010E0
:104B1000DC250020E82500200FB400B583B004A9EF
:104B200001C90191FFF794FF03B008BC04B0184716
:104B30007047C0460022014B1A707047632A00205C
:104B40004B790020FF2B0BD18B79002B08D1CB792F
:104B5000012B05D1082A03D9024B8A7809301A7033
:104B60007047C046632A00200120704710B5012914
:104B700013D112495379107909781B02034300209D
:104B8000994200D010BD5378012B08D0022BF9D1E7
:104B9000642200210020FCF749FF0120F2E7D378CE
:104BA00091781B021943480ADB0501D401204042D9
:104BB0007F238A05D20F1940FCF7C0FF632A00202B
:104BC0000048704774E000109446012310B5012995
:104BD0000AD152780023012A06D16246117952790E
:104BE00012020A43072A01D0180010BDA6336146FD
:104BF000024A01F063FA0300F6E7C046CCDF00107A
:104C00000123037000487047ACDF00104B780A782E
:104C10001B0213438A7810B512041A43CB781B0683
:104C200013439622D200934200D010BD00220120EF
:104C300011004042FCF782FF024B1860024B1960E2
:104C40007047C046F4240020F824002010B5024B21
:104C50001878FBF759FF10BD652A0020154B70B579
:104C60001A68002A22D0EFF3108172B6106800286B
:104C7000FCD0BFF35F8F00200F4A596010701B6893
:104C8000BFF35F8F186081F31088002400250B4E5E
:104C90003078FBF72DFF002804D1002400252900DF
:104CA000200070BD3078FBF72FFFF8E7FA240025CD
:104CB000A400ECE71C2A0020662A0020652A0020B8
:104CC00070B5050000200E0001F010FB002834D064
:104CD000002001F021FB00282FD0FCF713FD00235A
:104CE000174A12184B41002B16DB164C200008F017
:104CF00057FB002821D0002001F0F8FA00280FD13E
:104D000001200021404200F00FFD03256D422000EC
:104D100008F006FB280070BD01220B4B5242E4E76D
:104D2000002001F0F9FA0028EAD029003200002022
:104D300001F0FCFA051EEAD1E7E703256D42E9E739
:104D400040420F00442A0020FFFFFF7F10B5FCF710
:104D5000D9FC00230D4A12184B41002B02DA012224
:104D60000B4B52420B4808F01BFB00280CD00120D3
:104D70000021404200F0D8FC002001F01BFB00287D
:104D8000F5D1044808F0CCFA10BDC04640420F00EF
:104D9000FFFFFF7F442A0020F8B5CE46474680B586
:104DA00005000C00FCF7AEFC0023344A12184B41FE
:104DB000002B02DA0122324B524232490800884667
:104DC00008F0EEFA002803D1C0BCB946B046F8BDE1
:104DD000002001F08BFA002848D00026002C41DD8D
:104DE000294B994613E0A919002001F01FFB070089
:104DF00001200021404200F097FC002001F0DAFA87
:104E0000FCF780FC204BF61903C3B4422ADD0020D6
:104E100001F02CFBA71B0200B84200DD3A00002A7B
:104E2000E1D101200021404200F07EFC002001F091
:104E3000C1FA002001F05AFA002813D0002001F036
:104E400015FB0028E1D1FCF75DFC4B460F000CCBB5
:104E5000002184460D4812184B419F4202D8D4D1FC
:104E60009445D2D9404608F05BFAADE70020002116
:104E7000054B03C3404608F053FAA5E740420F0034
:104E8000FFFFFF7F442A0020A01B002020A1070075
:104E900030B5002185B0284808F062FA00281CD1FE
:104EA000264B1A68002A16D0EFF3108172B61068EC
:104EB0000028FCD0BFF35F8F01242148596002789D
:104EC0001B68D2B20470BFF35F8F0020186081F3BB
:104ED0001088002A17D005B030BD012000214042C3
:104EE00000F022FC002001F017FA0500124808F03B
:104EF00017FA002DEFD0134B1B68002BEBD0124A92
:104F000010689847E7E7FCF7E9F90400FCF7FAFBBB
:104F1000FA220023920012184B41002B02DA0122E0
:104F20000A4B5242012102910021019108492000BF
:104F30000091FCF7D7F9CEE7442A00201C2A002074
:104F4000662A0020F4240020F8240020FFFFFF7FC1
:104F50005D4C0010D02310B51B0684B01C68FCF714
:104F6000BDF9FCF7BDFAA04202D0002004B010BD8C
:104F7000284B002100201B7801F060FD26480368C3
:104F8000002B44D00120FBF741FFFF23234C244991
:104F900020701840FBF7D0FD20780121FBF796FD2B
:104FA0000520FBF7B9FD002824D1082200211D4867
:104FB000FDF7C6FEFCF792F90400FCF7A3FBFA220A
:104FC0000023920012184B41002B02DA0122164BEB
:104FD00052420121029100210191144920000091C7
:104FE000FCF780F90028C0DB11480121FFF760FCC5
:104FF0000120BBE70120FBF727FD01000948FBF773
:1050000065FF002205200B49FBF7C0FDECE7FBF72D
:1050100041FFB7E70C550110442A0020652A002003
:10502000914E00101C2A0020FFFFFF7F5D4C0010F6
:10503000A01000204D4C00100048704710E10010F7
:1050400000487047BCE0001010B504001648037813
:10505000002B20D0002C06D1144B15484380063B72
:10506000FF3B038010BD052C1CD8124BA400E45854
:105070000F480123811C013C04E001330A80023106
:10508000142B0CD0E25C002AF7D1C022DBB25B000B
:1050900092001343E5E7112100F016F8DAE7CA237E
:1050A0009B00DEE70020DDE74C2A00200904000019
:1050B000B4250020A4E0001010B5024800F0F4F878
:1050C00010BDC046342A002030B5012900D1BBE014
:1050D000744B01391A78121114003034092A00DD9A
:1050E000B5E00470012900D1DAE00F221C782240DB
:1050F00014003034092A00D9ACE04470022900D1F0
:10510000CEE05A789446121114003034092A00DD9A
:10511000A3E08470032900D1C2E064460F2222403C
:1051200014003034092A00D99AE0C470042900D14F
:10513000B6E09A789446121114003034092A00DD42
:1051400091E00471052900D1AAE064460F222240B3
:1051500014003034092A00D988E04471062900D1AE
:105160009EE03025AC46DC7822119444092A00DD0B
:105170007FE062468271072900D191E00F22224030
:1051800014003034092A00D977E0C471082900D10D
:1051900086E03025AC461C7922119444092A00DDB2
:1051A0006EE062460272092900D179E00F222240A6
:1051B00014003034092A67D844720A2900D16FE0FC
:1051C0003025AC465C7922119444092A5FDC6246A2
:1051D00082720B2964D00F22224014003034092A35
:1051E00059D8C4720C295BD03025AC469C79221169
:1051F0009444092A02DD0735AC46944462460273A2
:105200000D294DD00F22224014003034092A01D933
:105210003732140044730E2942D0DA7913111C007E
:105220003034092B01DD37331C0084730F2937D04C
:105230000F2313401A003732092B01D830331A00DC
:10524000C27310292CD010300023037030BD3732C8
:10525000140046E7373214004FE73732140058E79E
:105260003732140061E7373214006AE7373214002E
:1052700073E70735AC4694447BE73732140084E784
:105280000735AC4694448CE73732140094E7073571
:10529000AC4694449BE737321400C4720C29A3D166
:1052A0004018D1E7342A002010B588B004000D2240
:1052B00000216846FDF744FD0D22002104A8FDF7FA
:1052C0003FFD4B236A466846137004A90D2208F07F
:1052D0001FF81521082220006944FDF737FD08B0AA
:1052E00010BDC046F8B500F047F90C23194DFF2258
:1052F000AB6705201849FBF749FC184C40220021F8
:105300002000FDF71DFD4027002301262121144A1E
:1053100066702783A260136063545F3161844539EE
:105320006354104A10496360E2602787A1620B60F2
:105330006362E26208F02CF880239B052E64EB6424
:1053400090230A4A0120EA508022094B5202DA6473
:10535000F8BDC0460000115015050020F0250020C2
:1053600084001050000110508000105010D0010037
:105370000020115010B501210520FBF7A7FB10BD3F
:1053800010B500220021024800F016F910BDC046F9
:1053900010260020044B1970002904D0802190238E
:1053A000024A8902D15070475E2A00200020115025
:1053B0000B785B0600D070474B78052BFBD18A78C1
:1053C000014B1A60F7E7C04600001150F8B5CE4611
:1053D0004746C87880B58007830F1800012B61D03D
:1053E0008B780A799C464B797F211B0213435B051E
:1053F0005E0D63461940DC094B001A191F00634615
:105400002F4D5201AA18937001236340537000235B
:105410001683D370D076B146CA00012C31D0294E04
:1054200092198E01B446AC446646B26013600029FE
:1054300031D0254BC900C91871604B463F339B09D9
:10544000022836D09B0121483919026849016918A0
:105450000E00CA601E49D31803608B422BD83B193B
:105460005B01ED18EB7E1B499B064A4013438022EB
:10547000120613436A6813600120C0BCB946B046E7
:10548000F8BD154E92198E01B446AC446646B26220
:105490001360002908D1002364012C1963600F4BAD
:1054A000E360E9E70020E8E70A4BC900C918716228
:1054B000C3E7DB01C7E7FCF769FBF268CFE7C0464B
:1054C000F02500208400105004001050002A002015
:1054D000FF0F1050000010508000105000011050BD
:1054E00010B507F055FF10BD7F2010B508404000F3
:1054F000C90940181100044A400180181A0000F040
:105500005BF8012010BDC046F02500207F23180065
:1055100000B5084083B00B4204D14B424B41084ACE
:10552000013393668022C9094000064B40184001B0
:105530000021C018120107F043FF03B000BDC046B0
:1055400000201150F02500207F22130010B50B40E1
:105550000A4200D110BDC9095B005B1804485B0119
:10556000C018002300220349C37007F029FFF1E7A8
:10557000F0250020FFF7FFFF80220A4B520410B5F0
:105580001A60094B09491A6010000B689843FBD157
:105590008022002152010648FDF7D2FB0922054B6B
:1055A0005A6710BD00E0004000F0004008C0004015
:1055B0000000105000001150002310B5C3820133C9
:1055C000828283760161040007F0D2FE002804D0B5
:1055D00080219023074A8902D150200007F0B0FEB5
:1055E000002802D00123237710BD200007F0E0FE41
:1055F000FAE7C046002011507047C0467047C046C9
:1056000000207047002070477047C0467047C04672
:105610007047C0467047C046024B5878431E9841B9
:10562000C0B2704708200020024B18784007C00F16
:105630007047C04608200020F0B5D6464F46464683
:10564000C0B52E4B814698461B788A46FF2B4ED11B
:1056500000293ED0002154222948FDF771FB002289
:10566000284C294B20001A70FBF714FC274B1C60B8
:10567000274C2000143CFBF71BFC200001F0DAFD56
:10568000244B254D1C60254B002B04D02800FFF730
:10569000B7FA234B1860002400232A78214F204EAC
:1056A0000FE0336862019B18002B12D05B68002B5F
:1056B0000FD098472A780134E4B2511C2300A1424C
:1056C00009DBA242EDD89B1A5B01DB195B68002B5A
:1056D000EFD100200CE042464B465146484613703D
:1056E000FFF700FE0028F4D04846FFF743FE0120F4
:1056F000E0BCBA46B146A846F0BDC046D410002072
:1057000008200020002000205F2A00205C200020CC
:10571000CC100020602000205D2A0020014C0010E9
:10572000201F0020CCE10010F0B5DE4657464E4663
:105730004546E0B5C64B91B002931B78FF2B00D1D4
:105740003BE1C44BC44E1F00C44B0DAC0193C44B92
:10575000009335686A69EFF3108172B61368002B05
:10576000FCD0BFF35F8FA9612800210001F098FBF6
:105770006A69AB69BFF35F8F0021116083F3108802
:10578000002800D119E16378082BE2D89B00FB5870
:105790009F466368002BDCD0A0689847D9E77F223A
:1057A0002179AE4D0A405300EB189846C809804451
:1057B00040460123303005799D4305710579033357
:1057C0009D430571002A00D1FEE04346A54A1B7D9A
:1057D0001278934200D3EDE0A34A5B011568ED18FF
:1057E000002D00D1E9E0A36862792078AD69A8476F
:1057F000AFE79E4B1A78002A00D1DEE01A78013A12
:105800001A701B78002BA4D10122944D01212B7812
:10581000042013432B703423EA5C8A43EA54EA5C85
:105820008243EA540133EA5C8A43EA54EA5C8243E5
:10583000EA54237800209B4600F09AFC60222379EA
:105840001A40602A00D1EEE0402A00D1F4E0DB06E5
:10585000DB0E012B00D111E1022B00D1C6E0002BA1
:1058600000D0E0E0202A00D11CE2002A00D0DAE0DB
:105870006379092B00D9D6E07D4A9B00D3589F4617
:10588000764D2B78DB0700D463E7FFF7C3FE60E7B4
:10589000019BDB78DB0700D45BE76068FFF7AEFEB7
:1058A00057E76E4D2B78DB0700D452E728780007C6
:1058B000C00FFFF7ADFE4CE72378694999468B4648
:1058C000684B694998468A4639001A78474600234A
:1058D000B04600254E46894610E053461B686A01D3
:1058E0009B18002B00D175E0DB68300098473A78B0
:1058F0000135EDB2511C2B008D4243DC9542ECD3B7
:105900009B1A5B015B44EFE7237857499946554B57
:105910008A4698463100BB464E461A780025002339
:10592000474689460FE053461B686A019B18002BC7
:1059300054D0DB68300098473A780135EDB2511CFD
:105940002B008D4206DC9542EDD39B1A009A5B0139
:10595000D318EEE7019D542200212800FDF7F0F94D
:105960001022FF214348FDF7EBF928002022FF21F8
:1059700014304E465F46FDF7E3F900F0EFFBFFF70A
:1059800045FEE6E6354D542200212800FDF7D8F902
:105990001022FF21281DFDF7D3F928002022FF2126
:1059A000143046464F46FDF7CBF900F0D7FB23797C
:1059B000AB70CEE6501C984213DA11B0F0BCBB4677
:1059C000B246A946A046F0BDA3686279207800F0EF
:1059D000E3FBBEE646464F46204DE6E74E465F46B1
:1059E000CBE71F4D9B1A5B015D19FCE67023217A02
:1059F0000B4218D1C80982460F330B405B00984612
:105A00001848EB1853441B7D00789946834268D2AE
:105A100015485B01006881469944002A00D163E182
:105A20004B46002B6AD120780021FFF76FFD8021C3
:105A30002078FFF76BFD8CE60F4800F099FB012101
:105A400058460EAAFFF7C0F8002800D081E6EAE722
:105A5000D410002024E10010602000200820002045
:105A6000CCE100105D2A0020201F00205F2A0020CA
:105A700048E100100C200020C94B0010237A228935
:105A80000F2BD0D8FF231340CF4AEB181B79157882
:105A9000AB423ED3691C9942C5DB5D1BCB4B6D010C
:105AA000ED18686900F064FB012158466B690EAA85
:105AB0009847002800D04CE66022150023791D404D
:105AC0001A42B0D163790A3B012BACD800F050FBED
:105AD00063790A2B00D199E158460EA900F0D8FA53
:105AE00037E6431C4B4500DAF9E04B461B1A5B01D5
:105AF0009946B6488144002A00D1F5E04B465869E2
:105B000000F036FB4B46012158465B690EAA9847C8
:105B10009AE7AF4A5B011568ED18002DC1D182E705
:105B2000A37999466B789945D6D06B78002B00D035
:105B300035E14B466B70002B00D12DE14846013812
:105B4000C0B2FFF77DFA002800D17EE143780793C9
:105B5000022B00D079E10122C179B1468B114911A4
:105B600013400A40302112015B0113432A78A846F2
:105B70008A4313432B7009239A4682445646BA46F9
:105B8000C37882781B021343C31805938E4B04938A
:105B90008E4B08938E4B09938E4B0A93059BB34211
:105BA00000D855E1737801220B2B03D13378F278BA
:105BB000F6187378042B00D044E1059B00279B1B4B
:105BC0009BB20693049B0B921D78002303931BE06A
:105BD000099A7B011568ED18002D00D132E13100E2
:105BE00058462B69069A98478446082803D9069A8E
:105BF000824200D313E1049B01371D78FFB26B1C76
:105C000003979F4200DD1DE1BD42E1D8039B5D1B70
:105C1000089B6D015D19E2E76B780CAA02321370E4
:105C2000584601230EA900F049FA92E5E088030ADC
:105C3000C0B20F2B00D9F6E667499A008A589746FA
:105C40000EA800F09BFA5846A179FFF799FB0222B3
:105C50002B7813432B707CE5E388012B00D0E2E620
:105C600008222B78584693430EA92B7000F010FAA7
:105C70006FE5022029780CAB9A1C8B068908DB0F94
:105C800001400B431380584602230EA900F016FA78
:105C90005FE5E388012B00D0C5E608222B7813438B
:105CA0002B7019E7237A22890F2B00D9BBE6FF233B
:105CB0001340EB181D79444B1B789D4228D2444B6E
:105CC0006D011B685D19002D00D1ACE6686900F01C
:105CD0004FFA012158466B690EAA9847B4E6002A8C
:105CE00000D0A0E6002399466279022013000392B7
:105CF0008343012B15D0002A00D094E62B004344A7
:105D0000534430331B790CAA9B07DB0F0232B9E7EF
:105D10005A1CAA4200DA86E6ED1A2C4B6D01ED18EA
:105D2000D4E7E388002B12D1029B1878039B012B48
:105D300023D0FFF7EBFB43460221EB1853443033EB
:105D40001A790A4301211A711A790A431A714B46CA
:105D5000002B00D1FDE4586900F00AFA4B460121FE
:105D60005B690EAA58469847002000F001FA3523D7
:105D7000EB5CDB0700D5ECE4AEE6FFF7E5FB434662
:105D80000221EB18534430331A798A431A711A7975
:105D900003998A431A71DAE7FFF738FC9CE6002181
:105DA0005846FFF7F7FA5846FFF79AFBAB780749D2
:105DB0000393054B049198461A7800230449AA4698
:105DC00005911D001BE0C0465D2A0020CCE10010BB
:105DD000201F00201C20002070E10010059B6A019C
:105DE0001B689B18002B4CD0DB68584698474346ED
:105DF0001A780135EDB2511C2B008D422DDC9542F5
:105E0000ECD39B1A049A5B01D318EDE70CAB9A1CF8
:105E1000584601230EA9157000F050F999E40B9A29
:105E2000012A4ED0002A3CD00023B07804E0013390
:105E3000DBB20F71934234D2C118C9B241440D791B
:105E4000FF2DF4D04E464546574600236B70EAE5D9
:105E50004E465746FFF7D8FB3EE6554654220021F2
:105E60002800FCF76DFF1022FF21281DFCF768FFBA
:105E700028002022FF211430FCF762FF039BAB7047
:105E800057E65546FAE7FEF79BFE021E00D1CAE52B
:105E9000D37891781B020B4358460EA900F00EF9F7
:105EA000D2E565463B002A0031000A9800F06AFE00
:105EB000049B039A1B7876190133934200DB6DE64D
:105EC000C0E7174B29699942AED1079AACE7FFF7B3
:105ED00097FB021E00D1A6E5584613780EA900F0E4
:105EE000EDF8B1E52189FFF7AFF8021EF4D19AE58C
:105EF000022B0FD0FFF786FB021EC9D193E5FFF7F7
:105F00009BF8021E00D18EE5122358460EA900F020
:105F1000D5F899E5FFF794F8021EB9D183E5C0469C
:105F200069650010F0B54F464646D646C0B50C0030
:105F300016001F0082B0002A3AD0702398461D4BED
:105F4000002599461C4B9A461AE04B461B782000C8
:105F500001935346997800F0DBFD00281CD0210006
:105F60000198FFF733FA002816D0A378DA09012A3E
:105F700019D00A9A01351370B54219DA2378E4185A
:105F80006378052B08D1E3789B079B0FBB4203D1B5
:105F90004246A3781A42D8D0002002B0E0BCBA46EC
:105FA000B146A846F0BD0B9A01351370B542E5DB4A
:105FB0000120F2E7D410002008200020702270B5E4
:105FC0008B780C001A4201D0002070BD064B2000D7
:105FD0001D78064B997800F09BFD0028F4D0210035
:105FE0002800FFF7F3F9F0E7D41000200820002084
:105FF0007F20074B10B51A680840CB0934334000A6
:10600000C018044B1100C01800F03EFD10BDC04682
:106010005C200020082000207F20074B10B51A6864
:106020000840CB0934334000C018044B1100C0189D
:1060300000F052FD10BDC0465C200020082000206A
:1060400070B57F24C80984460C400F4864000419C9
:10605000644430342079C00701D5002070BD0B485E
:106060000125007884462079284320716046FFF797
:106070003BFA0028F2D1012223799343237123793B
:10608000033293432371E8E708200020D410002056
:1060900070B5094C0600082220000D00FCF756FEE2
:1060A00000238021E360A3602B7830009943002215
:1060B0000023FFF7C5FF70BDE81F0020F0B5C646FE
:1060C000244C170080460822200000B50D001E0059
:1060D000FCF73CFE0023A760E381EB79AA791B0261
:1060E00013431A1CB34200D9321C96B2A281002B72
:1060F0000CD0002E15D0002F2AD0402E1AD823788D
:1061000096B27F2B1BD80021134A0EE080212B78FA
:106110000022994340460023FFF792FF80BCB84617
:10612000F0BD7F2300222178994333004046FFF7DA
:1061300087FFF3E74022237896B27F2BE3D9064C02
:10614000320039002000FCF701FE80212200ECE73C
:106150000020E3E7E81F0020A81F002010B514224C
:1061600000210248FCF7ECFD10BDC046E81F0020EE
:10617000014B18617047C046E81F002010B5054C60
:10618000010008222000FCF7E1FD0023A360E3608A
:1061900010BDC046E81F002070B5374C1D002378A5
:1061A0000600DA09C9098A4210D00020002D00D06B
:1061B00070BD21003000FFF7FBF82369002B03D0EE
:1061C00022000321300098470120F1E77F2B06D8F9
:1061D000A0680028ECD02A002849FCF7B7FDE28926
:1061E000A1685219E38892B24919E281A1609342F1
:1061F00014D03F2D12D9A389981A051C80B24028CB
:1062000028D82078ADB27F2826D800219A4230D0F5
:106210001A4A2B003000FFF713FFC9E72369002B50
:1062200005D02200022130009847002808D08021A4
:1062300023780022994330000023FFF701FFB7E7DE
:1062400000213000FFF762F930008021FFF75EF98E
:106250000120ADE74025D4E79A4207D0074C2A0039
:106260002000FCF773FD80212200D2E7802100226C
:10627000CFE70022CDE7C046E81F0020A81F00207E
:1062800070B50400FFF7C8F9002800D170BDFFF712
:10629000CBF90028FAD1C8236343124A2500D41849
:1062A000E1780029F2D010339E18300000F0E2FDB2
:1062B0003F28EBD90020E178FFF79AFE0028E5D0CF
:1062C000300000F0D7FDE1783F2807D9064BEA01FE
:1062D000D21800204023FFF7B3FED7E70020FFF7D6
:1062E0009BFED3E758190020241F002010B504009E
:1062F000FFF792F9002801D1002010BDFFF794F9B3
:106300000028F9D1C8226243024B01309B181B7947
:106310001840F2E758190020C82310B5434302483B
:10632000181800F089FD10BD68190020F8B5C823C1
:1063300043431D4D1033EE18802304005B029A4244
:1063400000D31A4A300092B200F0F8FD0700FFF7C0
:1063500063F9002801D13800F8BDFFF765F900287E
:10636000F9D1C8236343ED18EB78002BF3D030004C
:1063700000F080FD3F28EED90020E978FFF738FED5
:106380000028E8D0300000F075FDE9783F2807D9F3
:10639000074BE201D21800204023FFF751FEDAE755
:1063A0000020FFF739FED6E758190020FFFF000054
:1063B000241F0020F8B50400FFF72EF9002801D1B2
:1063C0000020F8BDFFF730F90028F9D1C8232500D7
:1063D0005D432B00134E2433F718380000F02CFDDA
:1063E0000028EDD075190020A978FFF701FE0028DC
:1063F000E6D00D4AE3019C1821004022380000F04D
:106400009DFDA9780300051E07D022000020FFF79C
:1064100017FE0028D4D02800D3E70020FFF7FCFDAA
:10642000CEE7C04658190020641F002070B5C8246C
:1064300044430C4B0500E41880235B029A4200D3CE
:10644000094A200092B200F041FE0600200000F050
:10645000F3FC3F2801D8300070BD2800FFF7AAFFE9
:10646000F9E7C0467C190020FFFF0000C82310B5E3
:1064700043430248181800F0FDFC10BD7C190020B1
:10648000F0B50025184C83B0C82200212000FCF78D
:1064900057FC164B21001D70FF236371E1235B0243
:1064A000A360200008234022A37338310095073BE6
:1064B000103000F08BFC2700012321002000260073
:1064C000402278310093B837243000F07FFCC0368A
:1064D0003800FAF7DFFC3000FAF7DCFCE5612762F0
:1064E0002663656303B0F0BD58190020A41F002087
:1064F0000A4B196B1A6A00290CD0002A07D0002217
:10650000DA615A631A6300221A62012070475A63E3
:106510001A63FAE7002AF8D0D961F4E75819002085
:1065200070B5052200210D48FCF70AFC0C4D2B78B4
:10653000DA0707D50B4C9B070CD50121200000F092
:1065400099FE70BD0548103000F074FE2B78054CA4
:106550009B07F2D4200000F06DFEEEE758190020F2
:10656000A41F00207C190020F0B54B79070083B0F0
:10657000022B02D18B79022B03D00024200003B020
:10658000F0BD214B1E009B78002BF6D18B7809249F
:1065900033700D784D196B78242B07D00CE02B78D5
:1065A000ED181C196B78A4B2242B05D1A242F6D2A7
:1065B0000020FFF765FEE1E71A00052B15D0042A3D
:1065C000F6D16B790A2BF3D1104B2E78019301335E
:1065D000009338000223A919023AFFF7A3FC002810
:1065E000CBD00E34A419A4B2E2E729003800FFF79B
:1065F000E5FC0028C1D0AB7873702B781C19ED181E
:106600006A78A4B2DBE7C046581900205A19002066
:1066100060238C461100127870B513400022202BA5
:1066200008D1324C4B7926000D7924781B022B437C
:106630009C4201D0100070BD4B78222B1CD008D892
:10664000202B39D0212BF5D16346012B43D00122D9
:10665000F0E7232BEED16346012B42D0032BF6D17A
:10666000234B002BF3D08B78C97800200902194303
:1066700000E000BF0122DDE76346012B31D0032B90
:10668000E5D10125CB788A781B0213431C001D40FD
:1066900033000121243318006940347100F0EAFD11
:1066A000144B002BD3D0012362081A40290000208C
:1066B00000E000BF0122BDE76346012B0BD0032B96
:1066C000C5D10D4B002BC2D0310000200831FEF7A0
:1066D0009DFA0122AEE7094A0723FFF7EFFC0122EA
:1066E000A8E7FFF7D5FC0122A4E7C046581900200F
:1066F00000000000000000000D4C00106019002098
:10670000F8B54746CE4680B5344C1F00E378804646
:106710000D008B423BD0A37800208B4211D0C0BC2F
:10672000B946B046F8BD2E4B002B04D02D4800F0E2
:1067300099FB00284FD00020FFF7A2FDA378AB42C1
:106740000AD1294B002B02D0002000E000BF00201E
:10675000FFF730FE002801D00120E0E7234C2000A5
:1067600000F06AFB0028F7D1002FF5D0BB06F3D16B
:10677000243C4046A178FFF73BFC0028ECD00023E6
:1067800000224046A178FFF75BFC0120C7E7184EC6
:1067900014483100BAB200F099FC164B002BC2D05D
:1067A0006379FF2BBFD0002FBDD0BC46B444E14677
:1067B00003E001364E45B6D0637932789A42F8D17B
:1067C000084800F04FFB0028F3D1064B103B5979E5
:1067D00000E000BFEDE700E000BFACE75819002083
:1067E0000000000068190020000000007C19002053
:1067F000241F0020000000009322F0B5134C85B048
:10680000002120009200FCF79BFA23002000802644
:1068100040270F4D4D337600FF332930029500930A
:1068200000220023002103970196FF3000F0C4F9F5
:106830004035201D283400230122002103970295B2
:106840000196009400F0B8F905B0F0BDA421002035
:106850002421002010B5054C200000F0E1F92000B3
:106860002538FF3800F0DCF9012010BDCC220020D3
:1068700070B5084C002520003130FF30257000F045
:10688000D9FC20000C3000F0D5FC2A23FF33E5545E
:10689000657170BDA4210020F8B5CE46474680B58D
:1068A0004B7980468946FF2B06D12A23374FFF3389
:1068B0007E79FB5C1E4304D00020C0BCB946B046C4
:1068C000F8BD8B780C783B700B790C19002B3CD001
:1068D000A51803E0AC4238D22378E4186378052B7E
:1068E000F8D1AC4231D221004046FFF767FB0028C7
:1068F000E2D0A378DB09012B2BD0254800F09AFCCD
:106900002A23A278FF33FA54637922791B021343B6
:106910009421204A5B055B0D9B185A42534102208B
:1069200049007A5C5B00824313437B54184940461C
:10693000083900F0DFF90028BED023780136E418CA
:106940004B461B79F6B2B342C8D84B46E01A80B228
:10695000B3E7114800F06EFC0F4AA3780C3A53716C
:10696000637921791B020B435B050A495B0D5B18B8
:1069700059424B41022011795B0081430B43064988
:1069800000200839137100F07FF9D6E7A421002018
:10699000D422002000FEFFFFB021002070B51D00B2
:1069A0002A2304001F48FF33C35C8B4216D0407972
:1069B000884201D0002070BD1B4B002B04D029045D
:1069C0000020090C00E000BF184B200019001E0039
:1069D00000F05AF900281DD00120ECE79A235B0053
:1069E000C35A002B0DD1124B002B04D000201149AB
:1069F000AAB200E000BF20000F4900F07BF901209F
:106A0000D9E796235B00C1583130AAB2FF3000F0BD
:106A10005DFBE8E72A003100200000F003F90120C7
:106A2000C9E7C046A421002000000000A8210020E2
:106A30000000000024210020CC22002000B503002B
:106A400083B0002910D00020012B07D80A78002A33
:106A500004D00C48C2540120012A01D003B000BD6B
:106A60001800FEF7E9FDF9E701236A46002001A9B5
:106A70009380FEF7E1FD0028F0D00122014B1A704F
:106A8000ECE7C046FC1F002070B504002378080026
:106A9000DB070E00DD0F002B16D123785B0701D535
:106AA000280070BD0121494206F06AFC2378DB070B
:106AB000DD0F002B0AD123785B0708D4042223784A
:106AC00001251343237002E00025E9E7002530008B
:106AD00006F026FCE4E7C04670B50D000121040075
:106AE0004942280006F04CFC23785B07DE0F002BA0
:106AF00004DB280006F014FC300070BD2378DB07AF
:106B000004D40422237893432370F2E70026F0E7AD
:106B1000437902791B021343C2785B0592075B0D30
:106B2000920F022A1AD0032A0BD00020012A07D183
:106B300002394A425141104A891899424041C0B233
:106B4000704702394A1E91410C4A49421140802245
:106B50000020D200891899424041F1E7022904D06F
:106B6000002040229A424041EAE7054A98184342F1
:106B70005841C0B2E4E7C046FF03000040FCFFFFFD
:106B800000FEFFFF8446881830B51C00814206D203
:106B90004A78052A04D00A7889188842F8D830BD86
:106BA0007F228B781A4052006244DB09D4540A7861
:106BB00089188842ECD8F2E7F0B5C64600B582B035
:106BC000904608AA20CA040016886A460120978DBC
:106BD0000A002178024081432000114321703200D5
:106BE000009329000123083000F0F0F8002D01D0B7
:106BF000002E07D101200A9B6780636002B080BC31
:106C0000B846F0BD25001C352800FAF743F9424686
:106C10000023002A01D02B0000256361A561E9E76C
:106C200001207047F8B502240B7807001C4063422E
:106C30005C410800124B64421C40124B08300D00AE
:106C40001600E41800F0F8F8002807D1002E05D04F
:106C5000344203D101242B781C4201D00020F8BD1E
:106C600038006978FFF7C4F90028F7D02B781C4268
:106C7000F4D10023002238006978FFF7E1F9EEE74C
:106C800040FEFFFFFF01000008239C468C4470B5C6
:106C9000050060460C00664600F0CEF8002803D0E0
:106CA000012223781A4201D0002070BD28006178AB
:106CB000FFF79EF90028F7D062883000616800F085
:106CC0003DF901222378134000280CD0002BEBD192
:106CD00003006268617804002800FFF7B1F900281A
:106CE000E2D02000E1E7002BDED128006178FFF739
:106CF00093F9D9E7F0B5C64600B58A8906000C00BD
:106D00000B78002A06D101321A4240D0002080BC04
:106D1000B846F0BD9B0734D42B4B4025984608233A
:106D20009C46A4446046674600F0A4F88542EDD82E
:106D3000012223781A42E9D130006178FFF758F92F
:106D40000028E3D0380000F095F8012223781340A2
:106D5000854232D8002BD9D1414662880140131CAC
:106D60008A4200D90B1C9BB200226178002B00D014
:106D7000626830001C00FFF763F90028C6D02000CD
:106D8000C5E7FE2380251B029846AD00C7E749787A
:106D9000FFF72EF90028B9D0012223781A42B5D185
:106DA000638800226178002B00D062683000FFF712
:106DB00047F90028AAD06088A9E7002BA6D13000A7
:106DC0006178FFF729F9A1E7C0FF0000F0B5C646DA
:106DD00000B598466B461E7E802304000F00150008
:106DE0001B029A4226D8C068002803D001214942DC
:106DF00006F0C6FA2069002803D00121494206F0B6
:106E0000BFFA42465204F303520C1343E3800023BB
:106E1000E06863812760A5802381002801D006F007
:106E20007FFA2069002801D006F07AFA012080BCA0
:106E3000B846F0BD0020FAE7038941899C46828864
:106E40009BB288B28C4507D31B1A9BB2101C9A4286
:106E500000D9181C80B270475100091A5B189BB208
:106E6000F4E7C04603894089181A43425841C0B22A
:106E70007047C046038941899C4682889BB288B28C
:106E80008C4507D31B1A9BB200209A4201D9D21A13
:106E900090B270475100091A5B189BB2F4E7C046E4
:106EA00070B5040000690D00002803D0012149429B
:106EB00006F066FA238962899C4698B291B2A3884B
:106EC000944532D3421A92B2002A27D0934208D274
:106ED00098422FD3C01A81B261818B4203D8C91A5C
:106EE00089B28B42FBD9E28823685204520C514389
:106EF00028005918FBF72AFF618901254A1C92B224
:106F0000A38891420DD900225B00D21A20696281C8
:106F1000002801D006F004FA280070BD002562891F
:106F200092B25B009A42F1DBEFE75A00521A8218E4
:106F300092B2C9E7C01881B26181CEE7F0B546468A
:106F4000D6464F46C0B5060000698A46904682B0D4
:106F5000002803D00121494206F012FA31897289D2
:106F6000B5888BB294B2914255D31F1BBFB2002F8C
:106F70004BD0BD4205D2AB4252D25B199CB22F001E
:106F800074814346B8453ED89FB2A54203D8641BDE
:106F9000A4B2A542FBD9F28831685204500C020019
:106FA00062432B1B9BB28918019002009F4225D996
:106FB00043439BB21A0050469946FBF7C7FE504622
:106FC000019A7D1B6419544331684844A2B2FBF70F
:106FD000BDFE7189B588CB199BB26A00994216D95A
:106FE0009B1A30697381002801D006F099F93800A6
:106FF00002B0E0BCBA46B146A846F0BD50467A435E
:10700000FBF7A4FEE5E73B1CBEE773899BB26A0071
:107010009342E6DBE4E76F003F1BDF19BFB2A6E750
:107020005B1B9CB2ABE7C046F8B50400C0680F001C
:10703000002803D00121494206F0A2F925892089C0
:107040006189A288ADB283B28EB2884228D39B1BDD
:107050009BB29A4209D8E679F60906D1E068002881
:1070600001D006F05DF93000F8BD2B0095421CD32D
:107070009B1A9BB29342FBD2E28820685204520CC6
:1070800053433900C018FBF761FE6B1C9BB2A2880A
:107090009D4216D9002352009B1A01262381DDE769
:1070A0005100891B5B189BB2D3E7E2882068520429
:1070B000520C53433900C018FBF748FE0135A28833
:1070C000ABB252009342E8DBE6E7C046F0B54E466D
:1070D0004546DE465746E0B589460500160083B0B2
:1070E000002A6BD0C068002803D00121494206F075
:1070F00047F92F89EA79BBB298466B89AF889BB272
:10710000D2093DD1984562D27A00D31A43449BB24A
:10711000BB4261D2FB1A1A1C9BB2B34200D9321C8B
:1071200096B2F31B01934346F3189BB29B46EA8841
:107130004446B84503D3E41BA4B2BC42FBD252047C
:107140003B1B570C3A00624328689BB28018B3423D
:1071500056D33A0049467243FBF7F8FDAB885B0013
:10716000D84501D89B4502DB5A46D31A9B465B465D
:1071700037002B81E868002821D006F0D1F81EE006
:10718000BE422BD298454CD34246D21A92B27900D5
:10719000F01B921901908A42C5DBDA1992B293462C
:1071A000921B92B29046934240D94346591A8BB2F1
:1071B0009846F3189BB29B46EA88B9E70027380047
:1071C00003B0F0BCBB46B246A946A046F0BD42465D
:1071D000D31A9BB2BB429DD30027CBE7002FC9D067
:1071E000CC46EA88F61B5104490C714398468C44FE
:1071F000D919002389B2E1468B463E00019397E7F7
:107200007B439BB21A0049469A46FBF79FFD4946CD
:10721000019B2868E2187A43514492B2FBF796FD2D
:107220009CE77900CA1A424492B2B1E79142BCDDB0
:10723000C2E7C04610B50400C068002803D0012191
:10724000494206F09DF82069002803D001214942F7
:1072500006F096F80023E06863812381002801D0BE
:1072600006F05EF82069002801D006F059F80120E8
:1072700010BDC04670B50400C0680D00002803D0E2
:107280000121494206F07CF82069002803D0012141
:10729000494206F075F87F21E279EB011140E06880
:1072A0001943E171002801D006F03AF8206900285E
:1072B00001D006F035F8012070BDC04610B50B0CAA
:1072C000140C002B30D1002C44D18BB291B2594315
:1072D00000F064F8041E3BD00300083B5A68032307
:1072E0009A43043A242A13D80300132A0BD9002303
:1072F000036043601B2A10D900238360C360242AE3
:1073000031D00300103300221A605A609A6002E004
:107310000021FBF715FD200010BD030000220833FB
:107320001A605A609A60F6E7002C16D1141C89B2D4
:1073300092B24A43A4B29BB26343110C5B18190C7E
:107340000BD1190492B2114300F028F8041EC3D1E6
:107350000024E0E7231C0C1CE9E701F02DF80C23C6
:1073600000240360D7E70022030002611833426162
:10737000C9E7C04610B5034B0100186800F00EF8CD
:1073800010BDC046F414002010B5034B010018686E
:1073900001F0FAF810BDC046F4140020F0B54E46D6
:1073A000DE46574645460C00E0B50B34814685B0B5
:1073B000162C21D8102900D9D0E000F0A1FA102411
:1073C00018230221C94DEB181A005F68083A97424A
:1073D00000D172E103227B68B9689343FA68CA60FE
:1073E00091600121FB185A6848460A435A6000F030
:1073F0008FFA38000830B5E007239C4300D5ADE094
:10740000A14200D9AAE000F07BFAFC235B009C4279
:1074100000D2B9E1610A00D1ABE0042900D980E1D2
:1074200038239C46A1098C44E0463931CB00082220
:1074300052429446AD4DEB189C446346DF68BC4510
:1074400012D00B00032661469C4607E0F868002A2C
:1074500000DB2CE1814200D12DE107007B68B343C2
:107460001A1B0F2AF2DD41462A002F690832974283
:1074700000D10BE103207B688343181B0F2800DD3C
:1074800086E12A616A610028ABDA6A689446802244
:107490009200934200D316E1DA0858090123834091
:1074A000604618438446D3005B199A686860FB60A5
:1074B000BA609F60D76001208B10984060455FD80C
:1074C000634603420AD103239943634640000431D3
:1074D000034203D1400004310342FBD00323A846FA
:1074E0009C4683460D00E80040440600AA46F36827
:1074F0000BE061465A688A43171B1900DB680F2F9F
:1075000000DD1BE1002F00DB2FE19E42F1D153464D
:1075100001339A4608369B07E9D1032205E0036848
:107520000838013D834200D0E2E12A42F7D14246C9
:10753000594653688B4353605A46520093469A42C9
:107540001DD8002A06D11AE05246043292465A4605
:10755000520093461342F7D05546C4E70C234A46DF
:107560001360002005B0F0BCBB46B246A946A04659
:10757000F0BD80233F22402190469B0057E74546BF
:107580000322AF687B6893439A46A34202D31B1B36
:107590000F2B7EDC564B08201B6810331E1900F0A1
:1075A00011FF544B834601931B68013304D0731EB3
:1075B0001B18424213401E003100484600F0D6FE20
:1075C0008046431C00D1FDE05346FB18834200D99E
:1075D000F6E0494A11680292891911605A46013A47
:1075E000834200D139E101980068013000D13FE1C8
:1075F0004046C31A5B1802990B60414607230800F6
:1076000018400190194200D1F9E0C446310001331D
:107610001B1A9C44614403915B4411405B1A1A405D
:1076200011004846E046160000F0A0FE431C00D1C1
:107630003AE1029B1968891919604346C21A012070
:1076400092190243AB605A60AF4213D053460F2BDE
:1076500000D811E107220C3B93437A6802400520D1
:107660001A437A60FA18506090600F2B00D921E11C
:1076700043465A68214B1868884200D21960204B53
:107680001868884200D2196047469DE06B689C46A6
:1076900011E701222100134311433C197960484648
:1076A000AC60636000F034F9380008305AE7BA681B
:1076B000D060826095E66146D6E6DF680231BB4263
:1076C00000D1D1E686E65A0A042A73D9142A00D9D1
:1076D000A7E010005C325B30D200AA18083A16000E
:1076E00092688846964210D181E0C046E0100020A2
:1076F000E01D0020D8100020B01D0020D81D002063
:10770000DC1D00209268964204D003215068884313
:107710009842F7D84146D668FE60BA60B760D76035
:10772000C9E614295CD9542900D982E06E239C460D
:10773000210B8C446F31E046CB0078E601200E002F
:107740004546091904437460B4680835E36038435A
:107750009C60A960E9604860CD6048468D60B75084
:1077600000F0D6F830000830FCE601200C008A1842
:10777000516808340143516022684846D3609A60DA
:1077800000F0C6F82000EDE62300E108083319E612
:107790000126391934437C6029616961CA608A60B5
:1077A000320002434A60F850484600F0B1F8380011
:1077B0000830D7E69A09100039323830D2008CE709
:1077C000AF4242D0AF687A6803239A43131BA242A8
:1077D00002D30F2B00DD5CE7484600F099F8C0E6C5
:1077E0005B239C468C445C31E046CB001FE60123C2
:1077F0008010834060461843844668608CE73300FD
:107800005946434401931340CB1A1A40110048468D
:10781000160000F0ABFD431C00D00AE700260198DB
:1078200007E7542A2BD81A0B10006F326E30D200A3
:1078300053E7AA235B0099422BD8DD3B9C46E10B22
:107840008C447831E046CB00F1E52B4A1168029276
:10785000891911605A46013AC5E6104200D0C2E6C5
:1078600052460123A86892191A438046426001E7F4
:107870004146019B1960C0E643465860ACE7AA2028
:107880004000824221D8DA0B100078327730D200E3
:1078900023E71A4B994221D87C239C46A10C8C44A7
:1078A0007D31E046CB00C2E50198039B08380026F5
:1078B0001818BEE639004846083100F065FE029B04
:1078C0001968AB6898465A68D4E60C4882420BD8CF
:1078D0009A0C10007D327C30D200FEE6FE237E2220
:1078E0007F2190469B00A2E5FE227E209200F4E6D6
:1078F00043465B6820E6C046B01D002054050000EA
:1079000010B5024800F0B4FD10BDC046A81D00200F
:1079100010B5024800F0AEFD10BDC046A81D002005
:1079200010B5034B0A000100186800F003F810BD01
:10793000F4140020F0B545464E46DE465746E0B505
:1079400080460D00914683B0002900D1A3E04C464B
:107950000B34FFF7D5FF162C6CD81024A1456CD83A
:107960002F00083F796803230E00BB469A469E43CA
:10797000A6426DDAB819B84A436801920093936839
:10798000009A834200D199E001239A4394468444AB
:10799000624652681A4200D072E05346009A9A43F7
:1079A000B3189C469C424EDD01230B4210D139682E
:1079B0007B1A5968009353469943521893199A4673
:1079C0009C4200DCC0E073189A469C4200DCBFE099
:1079D00049464046FFF7E2FC8146002800D10CE111
:1079E000594601224B6893430200CB18083A934250
:1079F00000D1D2E0043E242E00D9D3E003002A00B7
:107A0000132E09D92B6803606B6843601B2E00D9C5
:107A1000CDE00300083208331168196051685960DD
:107A200092689A604046290000F0AEFD4046FFF79C
:107A30006FFF1DE007239C4390D50C234246136043
:107A40000023994614E06646C3688268D3609A6052
:107A500001227B68311B1340B8190F2920D833430A
:107A60007B604368134343604046FFF751FFA946DC
:107A7000484603B0F0BCBB46B246A946A046F0BD9E
:107A800001230B42A4D15B461A689B1A59680093E4
:107A90005346994397E71100FFF780FC8146E7E7DB
:107AA0003E19234311437B60716031004368083104
:107AB00013434360404600F067FDD5E7534620007E
:107AC0009A43931910309C4683427ADAC90700D54D
:107AD0007EE739687B1A59680093534699435218D8
:107AE00093199A46984200DD6DE70099CB688A6841
:107AF000D3609A600B00321F08339946242A00D9BC
:107B000090E0132A09D92B688B606B68CB601B2A25
:107B100000D98CE010310B0008352A681A606A68B9
:107B20005A60AA689A600098019B011999605346AF
:107B300001221B1B13434B604368134023434360E4
:107B40004046FFF7E5FE93E7C3688268D3609A601A
:107B500000990F008A68CB680837D3609A60321F9B
:107B6000242A15D83B00132A08D92B688B606B6830
:107B7000CB601B2A36D810310B0008352A681A60F2
:107B80006A685A60AA689A603D005646009F5FE79F
:107B90002900380000F0D4FAF6E703225B6893432B
:107BA000F61855E73200290000F0CAFA3AE7AB6848
:107BB0008360EB68C360242E23D00300103210339F
:107BC0002AE7019B39199960634601221B1B134365
:107BD0004B607B684046134023437B60FFF798FE71
:107BE000A94645E7AB6800990B61EB684B61242A15
:107BF0000FD00B0010351833C0E74046FFF788FE62
:107C00001EE72B691832036103006969183341616B
:107C100002E72B6900998B610B006A692033CA6106
:107C20001835ABE72900180000F08AFA7BE7AB684B
:107C300000990B61EB684B61242A03D00B001035CF
:107C400018336AE72B6900998B610B006A6920334E
:107C5000CA61183561E7C046E0100020F0B5C6469D
:107C600000B50C228B5E80460C001A0754D480218C
:107C7000626809011943A181002A00DC6DE0A56A50
:107C8000002D45D042464046166800220260DB04C3
:107C900068D400220123E169A8470200431C00D1F7
:107CA0006DE00C23E15EA56A490706D56368D21A28
:107CB000236B002B01D0E36BD21A0023E16940460D
:107CC000A8470C23E15E431C4ED143461A681D2A87
:107CD00061D8324BD340DB075DD5314B0B40A381DC
:107CE0000023636023692360C90403D543461B68EE
:107CF000002B42D04346216B1E60002908D0230090
:107D00004033994202D0404600F03EFC00232363FA
:107D1000002080BCB846F0BD0E69002EF8D00D687A
:107D20000022AD1B0E609B0700D14A69A260002DA6
:107D300004DCEDE736182D1A002DE9DD2B003200AA
:107D40004046E169676AB8470028F3DC4022A3890E
:107D500013430120A3814042DBE7E26B002A00DDF0
:107D60008DE7D5E7226D9FE70D4B0B40A3810023E4
:107D7000636023692360C904BCD52065BAE7434624
:107D80001B68002B00D18CE71D2B01D0162BDDD1F9
:107D900043461E60BCE740230B43DAE70100402066
:107DA000FFF7FFFF70B505000C00002802D0436B01
:107DB000002B27D00C22A35E002B11D0626ED207BD
:107DC00001D49B050ED528002100FFF747FF636E05
:107DD0000500DB0702D4A3899B050FD5280070BDE1
:107DE0000025FBE7A06D00F043FB28002100FFF712
:107DF00035FF636E0500DB07F0D4ECE7A06D00F003
:107E000039FBEBE700F070F9D4E7C04670B5041E0B
:107E10002AD0194B1D68002D02D06B6B002B17D098
:107E20000C22A35E002B11D0626ED20701D49B05F9
:107E300012D528002100FFF711FF636E0500DB0754
:107E400002D4A3899B050BD5280070BD0025FBE754
:107E5000280000F049F9E3E7A06D00F009FBE8E72E
:107E6000A06D00F007FBEFE7044A0549054802F062
:107E700055FA0500E8E7C046F4140020E814002095
:107E8000A57D0010F81400200EB470B581239DB0BC
:107E90006A46002521AC9B0040CC93821B95029042
:107EA000069000F0E9FA0B4B6A460A9301235B4205
:107EB000D382094B039007903200186802A923006F
:107EC0000E951395019400F007FD1DB070BC08BC21
:107ED00003B01847057F0010F414002070B50C00A3
:107EE0000E25495F00F02EFA002803DB236D1B18D6
:107EF000236570BDA389024A1340A381F9E7C046F8
:107F0000FFEFFFFF00207047F8B516001F000C229E
:107F10008B5E05000C00DA050AD40A4A28001340DB
:107F2000A38132000E23E15E3B0000F031FAF8BD80
:107F300000220E23C95E022300F0F0F90C22A35E9A
:107F4000EBE7C046FFEFFFFF70B50C000E25495F61
:107F500000F0E4F90C22A35E421C05D080225201FD
:107F600013432065A38170BD014A1340FAE7C04660
:107F7000FFEFFFFF10B50E23C95E00F0BDF910BD85
:107F800010B5034A0349044802F0C8F910BDC046C1
:107F9000E8140020E1B50010F814002041680B4BF4
:107FA00010B50400994201D003F01AFBA168084BF8
:107FB000994202D0200003F013FBE168054B99427F
:107FC00002D0200003F00CFB10BDC046E41D0020D1
:107FD0004C1E0020B41E0020F0B53A4C3A4B3B4AF0
:107FE000200083B000251A600423082200215C30A1
:107FF000E36025606560A560656625616561A561D2
:10800000FAF79EFE2000324F324E334B3349583040
:108010000093236201916162E461A762E66200F06D
:1080200023FACC23E5502E4B2000636780230822DF
:108030000021C430E550A566E5662567A567E567BC
:10804000FAF77EFE2200842320006832E250009A74
:1080500001990433E2500433E1500433E750C03057
:108060000433E65000F000FAD0232000E55004333A
:10807000E5500433E5501B4A5C33E550583BE25071
:108080000433E5502D300433E55008220433002139
:10809000FF30E550FAF754FE2000EC23D030E050DA
:1080A0002000009A01990433E2500433E150293052
:1080B0000433E750FF300433E65000F0D5F903B045
:1080C000F0BDC046E41D00201C1F0020817F001071
:1080D000497F0010757F0010DD7E0010097F0010C1
:1080E000090001001200020070B50500094C2000D3
:1080F00000F0BEF96B6B002B05D1074B6B63074B90
:108100001B68002B03D0200000F0B4F970BDFFF70E
:1081100063FFF8E7AC1D00209D7F00101C1F0020AE
:1081200010B5024800F0A4F910BDC046AC1D0020F7
:1081300010B5024800F09EF910BDC046AC1D0020ED
:10814000F0B5C6460D00160000B5884212D9891850
:1081500081420FD98418032A56D8731E002E06D0E8
:10816000DA438918A418CA5CE254013BFBD280BCF4
:10817000B846F0BD032E0BD80400711E002EF6D0B9
:1081800000230131EA5CE25401339942FAD1EEE76F
:1081900003242A002100024303001140144230D17D
:1081A0000F2E4BD91027BC462A003409013C24016C
:1081B000A0460419A44414681C6054685C60946868
:1081C0009C60D4681032DC6010336345F3D10F2219
:1081D0001C000C2310353240334045441600002B60
:1081E000CBD06B5863500431531A032BF9D80326B4
:1081F00016409208013A920004350434AD18A418D0
:10820000BBE70400711EBBE723000B439B0701D0B3
:10821000531EA5E72B1F9C461300051F6246D2582C
:10822000EA50043B032BF9D80322B308013B9B001F
:10823000C91AE41A16400439043C8EE732000400DF
:10824000CFE7C0460323CAB230B503400C00002A72
:108250002CD00321002B24D1FF2121400B025B18DD
:108260009C4619048C4400E0043064460168204DAB
:108270004C404B198B436119A1430B431D490B42E1
:10828000F2D00378002B05D09A4204D04378013015
:10829000002BF9D1002030BD9342FCD001300842C0
:1082A000DAD00378002BF7D10020F4E7002B08D0B8
:1082B000032202E00130104203D00378002BF9D1F1
:1082C000E9E702680A4B0B49D31893430B4206D1E6
:1082D0004268074B0430D31893430B42F8D003781D
:1082E000002BD8D043780130002BFBD1D3E7C04618
:1082F000FFFEFEFE80808080002370B5064C0500E6
:1083000008002360FCF75CF9431C00D070BD2368B3
:10831000002BFBD02B60F9E7E425002070B50500A9
:10832000080011000022064C22601A00FCF74CF9EC
:10833000431C00D070BD2368002BFBD02B60F9E7F5
:10834000E425002070B50500080011000022064C4D
:1083500022601A00FCF714F9431C00D070BD23689A
:10836000002BFBD02B60F9E7E4250020002370B53B
:10837000064C050008002360FCF7E8F8431C00D019
:1083800070BD2368002BFBD02B60F9E7E4250020AB
:1083900070B50500080011000022064C22601A008A
:1083A000FCF7FEF8431C00D070BD2368002BFBD007
:1083B0002B60F9E7E4250020014B18687047C046A0
:1083C000F4140020802310B55B01082801D11800A7
:1083D00010BDFFF7F1FF16230360173BF7E7C04618
:1083E000024670B50A4392072AD11E4DEE0104C819
:1083F00008C9541B9443344017D0D0B2D9B2401AA4
:108400002106014310D190B299B2401A21040143D0
:108410000AD110021902000A090A401A2102014376
:1084200002D1100E190E401A70BD9A42DFD010BA58
:1084300019BA884201D9012070BD0020C04370BD27
:1084400002780B7801300131002A09D09A4207D115
:1084500002780B7801300131002A01D09A42EFD026
:10846000D01A70BD010101017047C0467047C04677
:108470007047C0467047C046030084469B070BD038
:108480000300032102E001330B4206D01A78002AD0
:10849000F9D16246981A7047030019680C4A0D48D2
:1084A0008A188A4302420FD15968094A04338A184C
:1084B0008A43024208D15968054A04338A188A431C
:1084C0000242F1D000E001331A78002AFBD1E0E744
:1084D000FFFEFEFE80808080F0B5C646050000B538
:1084E000804608200C00FFF76DFF06002800FFF70C
:1084F00007FA224F3100BB685D6803239D432800C3
:108500001138001B8019F9F795FC441E7443A642EC
:1085100007DC00214046FFF729FFBB685B19984242
:1085200006D04046FFF7F4F9002080BCB846F0BD05
:1085300040466142FFF71AFF01300DD001222D1B8A
:10854000BB6815430E4A5D60136840461B1B1360F1
:10855000FFF7DEF90120E8E700214046FFF706FFBC
:10856000BA68831A0F2BDCDD064C05492468001B12
:10857000086001210B435360D3E7C046E0100020A0
:10858000B01D0020D8100020F0B5C6460C00804673
:1085900000B5002940D0FFF7B3F9210008394E6833
:1085A000012533000320AB43CA1894465268824326
:1085B00028003040070064488468644500D171E0B9
:1085C00064466260A41864682C40002F27D10E68AE
:1085D0005E4F891B9B198E68BE4256D0CF68F760EC
:1085E000BE60002C1DD062461D434D60136080228A
:1085F000920093422DD2DA085C090123A34044681B
:1086000023434360D3001B189A68CB608A6099604B
:10861000D1604046FFF77CF980BCB846F0BD002C25
:108620000FD19B18624601249268484D1C43CE1816
:10863000AA4259D06546ED68D560AA604C603360A7
:10864000D5E7624635434D60136080229200934225
:10865000D1D35A0A042A3DD89A0914003932383441
:10866000D60086193268083E0325964203D14CE0B5
:108670009268964203D05068A8439842F8D8D668CA
:10868000CE608A60B160D160C3E7002C33D1D218CC
:10869000604663468068DB681543C36098604D6040
:1086A0008A50B6E79A18002F06D10B68C91A8C6851
:1086B000D218CB68E3609C60012313434B60244BCA
:1086C00081601B689342A4D8224B40461968FFF78B
:1086D00003FF9EE7142A13D9542A1DD81A0B14003D
:1086E0006F326E34D600BCE7D1609160CA608A6098
:1086F0004C6033608DE762461D434D60136088E730
:1087000014005C325B34D600ABE70123A410A34015
:10871000446823434360B3E7AA246400A24205D817
:10872000DA0B140078327734D6009AE70A4CA2426A
:1087300005D89A0C14007D327C34D60091E7FE26D1
:108740007E24B6008DE7C046E0100020E81000202F
:10875000DC100020E01D00205405000070B50D0065
:1087600014004B1C1BD0938920229343A381FF2329
:10877000226B0B401E006368002A13D0626B9A4282
:1087800008DD2368013B23601D706368013363606B
:10879000300070BD210002F0D1FF0028F1D0012689
:1087A0007642F5E721692268002905D0914203D27B
:1087B000511E0878B0420ED0E36323004033236398
:1087C000032363633F33A263E554230042332360F2
:1087D00001236360DCE7013321606360D8E7C046B2
:1087E00010B50C00096B00290FD0230040339942CB
:1087F00001D0FFF7C9FE00232363E36B6360002B06
:1088000003D00020A36B236010BD00222021012093
:108810006260A28923690A43A2814042F3E7C0460D
:10882000F0B5DE4657464E46454682461800E0B54E
:10883000504383B00E009B460C9C002835D000238B
:10884000984640339C466568A4440700E146216889
:10885000A8421FD9009001922A003000FAF776FA58
:108860002368216B5B19236043466360002923D092
:10887000494502D05046FFF787FE43462363E36B2A
:108880006360002B18D0A16B76197F1B21601D003F
:10889000BB42E1D33A003000FAF758FA5846636811
:1088A000DB1B63602368DB19236003B0F0BCBB46AD
:1088B000B246A946A046F0BD2369202123600023CB
:1088C00000986360A389019A0B4328181100A381C3
:1088D000C01BF9F7AFFAE8E7F0B5DE465746454664
:1088E0004E4693468022E0B50D00CC4C9201A54443
:1088F00002AFFB63F8650C23C95E6B6E114204D1B5
:108900000A43AA81C64A13406B669B0401D501F055
:108910009AFC082308205833381808221818002118
:10892000FAF70EFA002300225C469B46BA64BD4A61
:108930007B62BA65BC4A3B64BA63BC4AFB617B6438
:10894000BA62E623BA6D5B00D65802F09FFF082199
:1089500008228C465832BC4462445431009208319B
:1089600003002200F86DC919B04700285DDB7B6E5B
:10897000002B41D002002418012865D0252B1FD0E0
:108980000028DED0A21A59465844521AA1469046F1
:1089900004005E466B68002B22DD43462A689B5D1F
:1089A0001178994228D16B680132013B01366B6026
:1089B0002A60A642EFD1B3464C46C2E7012001220D
:1089C000002300269A469446804621780B00253BDA
:1089D000DBB2621C552B0FD8B86B9B00C3589F4667
:1089E0002900F86DFFF7FCFE0028D6D0BB6C002BE9
:1089F0003FD0AB895B063CD43B6C002B0AD0BB6CF0
:108A0000013301D101F07CFC3B6C1868002801D0D7
:108A1000FAF78AF9BD46B86CB9239B009D44F0BCB7
:108A2000BB46B246A946A046F0BD814B08207B66F6
:108A3000082338185833181808220021FAF780F94B
:108A40007B6E002BD8D00134BA6AD25C12072FD4C7
:108A5000252BB3D00120621E95E73307CCD1617876
:108A60001400B3E73307C7D1022361781E43140013
:108A7000ACE73B6C002B01D101F0E5FBDB883B65EB
:108A80003B6C18683B6D002B0ED0050000240026BF
:108A9000814698462B6801341868FAF745F908CDE5
:108AA0001E604445F6DB484601235B42BB64ADE7EC
:108AB000BA6AA14608265C4690466B680BE04146C0
:108AC0002A681378CB5C1E420DD06B680132013BE3
:108AD00001346B602A60002BF1DC2900F86DFFF790
:108AE0007FFE0028EBD0A3464C462AE78F23334273
:108AF00000D081E753469B0053445B005B18302154
:108B000049428A4661789A4414005FE76B687A6349
:108B1000002B01DC01F007FB042399462A68434C33
:108B20001378E35C1B0725D50823984623005C4691
:108B3000B3461E0007E0414601322A601378013433
:108B4000F35C194212D06B68013B6B60002BF2DCC6
:108B50002900F86DFFF744FE002800D046E74146A3
:108B60002A6801341378F35C1942ECD133005E4675
:108B7000A3461C004B46022B01D100F005FE032B3F
:108B800001D100F044FDF86D02F088FE0368AE22CA
:108B900019005346013B5200934201D801F017F8E7
:108BA0005D3BFF3BFB605E23FF339A46F023DB0017
:108BB0001E4300233B65FB647B613B61FB62BB6141
:108BC0002133FF339C46C83B9846503B9946B944F5
:108BD000C844C4446346B146E0465E468B463B62A9
:108BE000144B3B632A6811780B002B3BDBB24E2BF6
:108BF00000D92AE3386B9B00C3589F4680239B0013
:108C00001E436B687A63002B00DCA5E20A4B7B6293
:108C100010237B640D3B994680E7C04614FDFFFF9F
:108C2000FFDFFFFFF81600200CE2001021E7001024
:108C3000FDFF000064E30010D9B500106B687A6393
:108C4000002B01DC01F065FA5346D046002B01D120
:108C500001339846F30701D501F04FF9F30601D52A
:108C600001F09EF8FB6B1C68360601D401F01CF87D
:108C7000002C00D1C0E64046FAF732F881460028C1
:108C800000D1F6E63B6C2060DA883A659E88B242F5
:108C900001D301F07AF918683A6D396C531CCB8016
:108CA00093001C500095434601224946F86DFFF79A
:108CB000B7FD061E01D101F01BFB804506D931002E
:108CC0002068FAF71FF8002800D02060FB6B7C6B4F
:108CD0000433FB63BB6CB3440133BB6431E66B68A4
:108CE0007A63002B01DC01F043F9724B7B620A23AB
:108CF0007B64073B994611E7330700D07CE6617837
:108D0000682901D101F0EDF8042314001E435DE64B
:108D100041246B687A633443002B01DC01F0E5F9F0
:108D20005346D046002B01D10133984610231A0038
:108D30002240FA64234201D001F02BF8FB6B04CBF4
:108D40003A63FB63240601D401F095F9002A00D1AF
:108D500052E68020F9F7C4FF8146002800D188E65A
:108D60003B6B18603B6CDA883A659C88A24201D361
:108D700001F04EF818683A6D396C531CCB809300A3
:108D80003A6B1A504B463B622023FB6290235B00F8
:108D90003B60C83B9C46503B9A463B68BA44D4442F
:108DA000634400249A46FE693B6002F06FFDA042D6
:108DB00000D11BE651462B68621C3A651A780133D4
:108DC0000A556A682B60013A18236A6008225833F2
:108DD000BA189C18032E02D1BB6F042B04D00822B2
:108DE00000212000F9F7ACFF0094524649463B6D44
:108DF000F86D02F00FFF0600431C00D1F6E50028D5
:108E000000D006E23B6D9B4401235B429844FB6C1F
:108E1000002B0FD14A4613603B6B002B08D04B460A
:108E20003A6A9C1AFA6AA310934201D300F06DFECD
:108E3000042399446B68002B0ADD4346002B0DD0B8
:108E40000024B2E7FB6C002BE6D06B68002BF7DC4C
:108E50002900F86DFFF7C4FC0028EED0FE613B6BE3
:108E6000002B08D04B463A6A991AFA6A8B10934243
:108E700001D201F0ADF8FB6C7C6B5A425341BA6CE5
:108E800094469C446346BB645BE56B687A63002B45
:108E900001DC01F018F9074B7B6200237B6403338C
:108EA00099463BE66B687A63002B01DC01F009F917
:108EB000014B1BE78DB40010D9B500101100202321
:108EC00008225833BA18981802F0F4FB6B680400B3
:108ED000002B01DC01F0FFF85346002B02D10123E7
:108EE0005B429A4601231A003240904610223240DB
:108EF0003A63334201D100F082FD002A01D000F034
:108F000008FFFB6B04CB3A62FB63360601D401F029
:108F1000C2F8002A00D16FE58020F9F7E1FEF8647D
:108F2000002800D1A5E53B6AFA6C1A603B6CDA8830
:108F30003A659E88B24201D300F0BFFF18683A6DCF
:108F4000396C531CCB8093003A6A1A50FB6C7B61DE
:108F50002023BB61002398465B46FE693B607C6032
:108F6000444602F093FCA04200D13FE508202B6864
:108F7000621C9021904684461A7801332B6010239E
:108F80004900BC44583161449C4648339946503BA3
:108F90009B46BB44D944CC4463460A556A683B654A
:108FA000013A6A60032E02D13B6F042B04D00822E1
:108FB0000021386DF9F7C4FE0821434690228C4603
:108FC000FB623B6D52000093FC6CBC44583243463C
:108FD0002100F86D624402F01DFE0600431C00D122
:108FE00004E5002800D027E1206000241823082091
:108FF00058333818082200211818F9F7A1FEE42385
:10900000BA6D5B00D25858217A6308229446B13B6E
:10901000FF3BBC44583308312200F86D7C6B63443D
:10902000C919A0470024012802D158230833FC5C49
:109030000822202394465833BC4463441B5D002B14
:1090400001D101F074F83B6843443B60032E1BD010
:1090500001235B429A443B6B002B0DD1FB6C3A6AB7
:109060000433FB64002A07D07A699C1ABA69A310FA
:10907000934201D300F05AFC6B68002B0EDD53467F
:10908000002B11D000246CE73B6D1B68042BDFD153
:109090003B6B002BE2D06B68002BF3DC2900F86DF2
:1090A000FFF79EFB0028EAD03B687C689B46FE6188
:1090B0003B6B002B00D044E4FA6C13603B6A002B3E
:1090C0000ED07B69D11A8B10BA6901339A4207D945
:1090D0003E6A04313068F9F715FE002800D0306090
:1090E000BB6C0133BB642CE401231E436B687A63C1
:1090F000002B01DC00F0DBFFB54B7B6208237B64B7
:10910000053B99460AE501231E436B687A63002BF1
:1091100000DDEAE52900F86DFFF762FB002800D1C9
:10912000E3E563E46B687A63002BE5DCA84B7B62C4
:1091300008237B64053B99462900F86DFFF750FB37
:10914000002800D1EAE451E488239B001E436B68A9
:109150007A63002B00DD59E52900F86DFFF740FB2D
:10916000002800D152E541E46B687A63002B01DCF2
:1091700000F099FF02239946D0E414007A63F306C5
:1091800001D5FFF7DEFBFA6B08CAFA63320701D597
:1091900000F0F6FE720701D401F022F85A461A8058
:1091A000FFF7CFFB330700D026E461786C2901D1AB
:1091B00000F09DFE012314001E43FFF707FC8F23E0
:1091C00019003140334201D0FFF716FC3B6C002BF5
:1091D00001D100F013FF80231E4340E46B687A63E3
:1091E000002B01DC00F08BFF01231E430133994665
:1091F00094E4534633439A4601D0FFF7FDFB617870
:1092000010261400FFF7E2FB140040466246FFF709
:10921000B7FB831C00D1E7E13B6D9B44032803D1DE
:109220002368042B00D10DE601235B429844FB6CBC
:10923000002B00D1F0E5FDE5831C00D15EE3FB6C63
:109240001C68631C00D0D1E6F2E64B469B0563D553
:109250005B461B788B425FD153460024B246BB600D
:109260005E4607E001322A601178335D994218D1D9
:1092700001239A44A3460134335D002B01D100F051
:1092800091FC6B68013B6B60002BEBDC2900F86DF7
:10929000FFF7A6FA002804D12A68335D11789942B5
:1092A000E6D032005B46D346CA46A94615003B636A
:1092B0003C6BFE6D295D4A463000FFF74FFA013CDA
:1092C000F8D25B463A6B56469B1A4D469B4625E0C4
:1092D0004B461B0520D5FB6C3A6D9B18002B1BD110
:1092E0004A463C4B1A40002391463B65FB6443468B
:1092F000197001235B429A44023398446B6801362B
:10930000013B6B60002B00DC66E12B6801332B60B6
:109310005346002B00D065E4B3464E46FB6CFA6A18
:10932000013B002A75D0012B01D800F094FF2A4B95
:109330003A6D1E40531E062B01D800F08FFD1023FE
:109340001A007C6B3240334201D0FFF7FAFA4346F1
:109350001A70C0238022DB003340D200934200D039
:109360008DE0BB69FA6A934200D18DE09A1A4346B8
:109370007B6108218C46194BBC445833796963449E
:1093800099420AD3164B9C4658239846503B99461F
:10939000B944C844C44463467B6112497869FBF709
:1093A00077F871E04B461B0504D5FB6C3A6D9B18B2
:1093B000002B95D0FB6C012BAED10223FB6496E70A
:1093C00080234A461342A7D09A4391468FE7C0466E
:1093D000D9B500107FFEFFFFFFFEFFFF7302000004
:1093E0007202000008DC00103B6D002B00D0D1E3BE
:1093F000FB6A002B01D000F04CFCE0234A46DB0066
:109400001A409A4201D100F009FFB3464E46FB6C68
:10941000013B012B01D800F01EFF00223B6DFA62D8
:10942000013B062B01D800F040FDF30587D57305FD
:1094300001D500F034FF01235B424344994619787B
:109440005B465C1E65290BD0452909D02A00F86DC2
:10945000FFF784F902235B42434499461978013CA3
:109460002A00F86DFFF77AF910231A00A34632405C
:109470007C6B334201D0FFF764FA4B461A703B69AC
:10948000002B01D000F0E7FD0022396AF86D01F0F1
:109490004BFFFB6B3865796510CBFB63F30700D49A
:1094A000EFE303C4BB6C7C6B0133BB64FFF749FA89
:1094B0004B461B0505D5FB6C3A6D9B18002B00D164
:1094C0000EE73B6D022B00D026E703233B650EE73A
:1094D0004B461B0500D5FEE6A0224B46D2001340AA
:1094E000013AFF3A934206D04B46134200D113E7AC
:1094F000FB6A002B89D04B469B0505D4FB6ABA69F1
:109500009B1A3B6143467B614A46974B1A401300C6
:10951000C02252001A4300239146FB62E7E63B6DEE
:10952000072B00D0F8E608233B65E0E698234A467F
:109530001B01134080225200934200D0ECE6FB6AEC
:10954000012B00D0E8E64A46884B1A4013008022DF
:1095500012011A439146302342461370313B9A441C
:10956000023398440023FB62C1E63B6D062B00D01A
:10957000D2E607233B65BAE64B461B05ACD4CBE6E7
:10958000FB6C002B00D0FDE2FB6A002B07D1E0232F
:109590004A46DB001A409A4201D100F047FE3B6D7B
:1095A000012B02D0042B00D0B6E63B6D0133DBB2B9
:1095B0003B659CE64B46DB0500D48CE680234A469F
:1095C0009A43FB6A91460133FB62FB68002B00D093
:1095D00097E3013B9A4491E62900F86DFFF700F903
:1095E000002800D194E697E66B68002B02DD3C6D05
:1095F000FFF7DBFB2900F86DFFF7F2F80028F6D043
:10960000FE613E6D002E00D129E4FFF7EFF95346CD
:10961000AE22013B00215200934205D9544B5344E2
:1096200019005E23FF339A4600233B652133FF3345
:109630009C46C83B9946503B9846D824B844C14400
:10964000CC444C4B624624013443994656468846E6
:10965000E2463A622A6811780B002B3BDBB24D2BB5
:1096600016D848469B00C3589F467B6C0A2B0FDDDB
:10967000414B1C405346197001239A446B68013BCF
:109680006B60002B68DD01322A60013E002EE1D1C3
:10969000D146E30508D53B6A9A4500D911E33B6AF8
:1096A000994501D1FFF7A8F910231A00224023425F
:1096B00014D14B46396A1A70F86D00227B6C7E6AB1
:1096C000B047FA6B131D9846A30600D4D2E2136884
:1096D0001860BB6C0133BB644346FB634A463B6A7C
:1096E000D61A3B6DF618B3447C6BFFF72AF9786CF9
:1096F000224B4000C35E7B641F4B1C40BAE7C02373
:109700008020DB00234080008342C1D11C4B2340DA
:10971000A024E4001C4310237B64ABE78023234296
:10972000B6D09C43A6E7786C144B4000C35E7B64C4
:10973000082B9DDCACE723059CD57B6C002B05D169
:1097400080239B001C43F93BFF3B7B64630500D4F3
:1097500083E20C4B1C408DE72900F86DFFF740F8C1
:10976000002892D094E7C0467FF0FFFFFFFEFFFF86
:10977000A3FEFFFFA0E400107FF4FFFFD8E5001078
:10978000FFFDFFFF7FFAFFFF5346002B01D1013B96
:109790009A4601231A0032409046102232409146E8
:1097A000334200D1D4E0002A00D0BCE2FB6B04CBF2
:1097B000FA64FB63360601D400F065FC002A01D18F
:1097C000FFF71AF98020F9F78BFA8046002801D1BB
:1097D000FFF74FF9FB6C18603B6CDA883A659E889E
:1097E000B24200D327E318683A6D396C531CCB8022
:1097F0009300FA6C1A504346FB6220233B652B68AA
:109800001B78E35C1B0700D5A3E1534600267B6071
:1098100002F03CF8B04201D1FFF7E8F8902149008E
:109820003960C8398A4650398C462B683968721CB1
:10983000BC443A63E2441A78514401338A556A6859
:109840002B60FB69013A396039626A60032B00D0F2
:1098500089E3182308225833BA189E18BB6F042BCB
:1098600004D0082200213000F9F76AFA3B6B414628
:10987000BB6100963A6AF86D02F0CCF9F861431CBE
:1098800001D1FFF7B3F8002800D0BEE342461060D4
:10989000002002F0F1F9002800D048E13B6B9B4426
:1098A00001235B429C467B6863447B604B46002BF4
:1098B00001D000F05BFC04339844FB6C002B01D119
:1098C00000F0C6FC4346FA6A9E1A00223A633A6DDB
:1098D000B310934201D300F0D0FC6B68002B01DC85
:1098E00000F089FC2B681B78E35C1B0700D530E196
:1098F0007B68002B00D12CE13E6B89E76B68002B65
:1099000001DDFFF72DFB2900F86DFEF769FF002848
:1099100001D1FFF725FBFE6146463B687C689B460C
:10992000002E01D1FFF7C4FBFFF760F87869D10082
:10993000F9F7E8F97861002801D1FFF79AF8BB69D7
:109940000219FA643A6A5B001060BB61FFF794FB8E
:10995000002A01D000F00EFCFB6B1B68984636060F
:1099600000D446E3002B01D1FFF746F82020F9F799
:10997000B7F9061E01D1FFF77CF843463A6C186030
:10998000D18839659388994200D3A3E110683A6D74
:10999000396C531CCB80930042461A5020233B6500
:1099A0002B681A78A25C120700D5AFE122003100C3
:1099B00054469246FE646A684E1C013A6A605A1C1C
:1099C0002A601B780B704346002B06D0FB6CF31A01
:1099D00099463B6D994500D32DE3013C002C00D105
:1099E0001EE16B68002B00DC13E151462B681A78EE
:1099F0008A5C0821114200D012E13100DBE73B6BA9
:109A0000002B00D098E1FB6B1B689946360600D40A
:109A10002CE3002B01D1FEF7EFFF2020F9F760F9CE
:109A2000061E01D1FFF725F84B463A6C1860D18825
:109A300039659388994200D3D3E110683A6D396C47
:109A4000531CCB8093004A461A5020202B682021BB
:109A50001A7858319446082290466246B8444144E8
:109A60008A5C002A01D1FEF7C7FF5A46FC64B04663
:109A7000834654463A6518E04346D31A9A46160080
:109A80005B4531D2013C002C00D1A4E06B68002B77
:109A900018DD0820202184462B6858311A78BC44F0
:109AA00061448A5C002A00D195E06A68013A6A60E4
:109AB0005A1C2A601B78721C33704B46002BDBD17A
:109AC0001600DFE72900F86DFEF78AFE0028E0D0D7
:109AD0003B6D5846FC6C9B46464501D1FEF786FF20
:109AE0004346F31A9A4681E05B465B004046190004
:109AF0009B46F9F707F98046002801D1FEF7B9FF28
:109B000056464B4646441860BCE7386AD100F9F720
:109B1000F9F83862002801D1FEF7ABFF8146FB6AF5
:109B20003A6B5B00A1441060FB62FFF781F92023D0
:109B30000822FF33AA465833BA18BC69FD6D9E1837
:109B4000315D52462800013CFEF708FE002CF7D19B
:109B500055464B46002B00D0C6E543464A461A60A0
:109B6000FB6C002B08D04346FA6A991A8B103A6DA9
:109B700001339A4200D921E2BB6C7C6B0133BB6498
:109B8000FEF7DFFEFB6C022B00D008E50323FB642D
:109B9000FFF7ADFBFD223B6D033B134201D0FFF706
:109BA000BBFB02E54A46B346BB6856469A46E14BC4
:109BB00040461A4091465946220001F031FE0123E9
:109BC0005B429A44FB6A8046BB61FFF797FB002328
:109BD000FB60FEF7EBFF3B6D58469B464346F31A8E
:109BE0009A46FC6C464501D1FEF706FFFB6B043339
:109BF000FB63002333704B46002B04D05346591CA3
:109C0000884200D9DCE2BB6CD3440133BB64FEF76D
:109C100098FE2900F86DFEF7E3FD002800D1E4E688
:109C2000B146FA6CB31A591C9B44FB6B4A46043389
:109C3000FB63002313704346002B00D132E43B6DDD
:109C4000994200D32EE443461868F9F75BF80028E0
:109C500000D127E44346186024E4B74B1C40434638
:109C6000002B03D001235B42984401363B6D013346
:109C70003B6503E5230700D443E1FB6B1B681870C9
:109C800027E5B60700D45FE13A6D7B6D0CC4FFF7A2
:109C900009FCFB6CB346013B4E46012B00D8DAE2CF
:109CA000A64B1E40FFF74BFB0095434601222100C7
:109CB000F86DFEF7B5FD061E01D0FFF707F8FEF7B9
:109CC00095FE5646013E2A003178F86DFEF746FDB6
:109CD000B146E4E49A4A934201D9FEF7D1FE082244
:109CE000914699444B4699003B6C1868F9F70AF87D
:109CF0003B6C002801D1FEF7C1FE4A4618609A80ED
:109D000045E6FB68013BFB60FFF7F8FAB14601212D
:109D10008BE70023BB617B613B625C330833DB195B
:109D2000FB64FFF717F900233B65FB62FB645C33C0
:109D30000833DB19984662E50820202184462A680A
:109D400058311378BC446144CB5C002B01D1FEF741
:109D500053FE4646A046544609E00820202184468A
:109D600013785831BC446144CB5C002B35D06B6810
:109D70000132013B01366B602A60A6422DD0002BD8
:109D8000EBDC2900F86DFEF72BFD002825D12A68B1
:109D9000E3E700239946FB623B623B63FEF7F6FF75
:109DA000FB6D4646002498460AE0D218290040463A
:109DB0002A60E418F61AFEF713FD002800D009E225
:109DC0006B682A689E42F0DC9B1B9219A4196B6099
:109DD0002A60A3447C6BFEF7B4FD4446B344FEF70F
:109DE000B0FD574A934201D9FEF74AFE0822904639
:109DF0009844434699003B6C1868F8F783FF3B6C26
:109E0000002801D1FEF73AFE424618609A8015E616
:109E10004B4A944201D9FEF72CFE3E6C0834306860
:109E2000A100F8F76FFF002801D1FEF722FE306095
:109E3000B480FEF7A0FF424B9E4201D9FEF719FE07
:109E40003B6C08361868B100F8F75CFF002801D1B8
:109E5000FEF70FFE3B6C18609E80C5E4022A00D816
:109E60002EE2032A01D1FFF76AFA4446B14646467C
:109E7000A8463D6D013C42462178F86DFEF76EFC28
:109E800063199B1BDBB2032BF4D15A464546B046FF
:109E90003B6D013A043BDBB2D21A93464246013A8B
:109EA000D31A4E469846FFF7C0FA3B6D022B00D8F6
:109EB00006E2032BD9D1FFF7B8FA214A964201D91D
:109EC000FEF7D7FD3B6C08361868B100F8F71AFFAB
:109ED000002801D1FEF7CDFD3B6C18609E80FFF796
:109EE0002EF80823A1781E430234FEF76FFD0223EB
:109EF000A1781E430234FEF769FD40243443FEF787
:109F000015FF630755D4E30700D582E1A40700D409
:109F10007FE10C4B7A6A9A4200D1E2E100227B6C2D
:109F2000396AF86D01F08CFDFB6B1B6803C3FFF70A
:109F3000D0FBC0467FFDFFFF7FFCFFFFFFFEFFFF62
:109F4000F6FF0000D9B50010386D796D02000B00E6
:109F5000F8F741FA002846D1386D796DF8F7CCFA58
:109F60002060FFF79FFA1823624658339E1878E462
:109F7000E54B7B620A237B64073B9946FFF7DCF8DD
:109F80005A467C6B1A70FEF7DCFCE04B9E4201D90E
:109F9000FEF776FD3B6C08361868B100F8F7B2FEA4
:109FA0003B6C002801D1FEF769FD18609E80FEF72A
:109FB00073FEFB6B1B681880FFF78BFBFC6C043196
:109FC0002068F8F79FFE002800D1D5E52060D3E592
:109FD0003C6B2068F8F796FE002801D1FEF74BFF96
:109FE0002060FEF748FFCA4801F066FE2060FFF7D8
:109FF00059FA1E00002398463B65D1E482B002ABBB
:10A000003B6402910391FFF7E6F8FB69023300D14C
:10A0100063E44346186801F02FFE002800D086E56F
:10A020003B6B9B44FB69032B00D039E43368042B62
:10A0300000D035E43AE45B001900F86C3B65F8F7B2
:10A0400061FEF864002801D1FEF713FD06004246C8
:10A050004E441060C1E47B690022591CF86D0A234C
:10A0600001F014FA3B69C21AFFF783F91E000023BE
:10A0700018009946EAE43B6B99460023FB623B6279
:10A080003B63FEF783FEFB6C984600233B65FB6257
:10A09000FB64FFF7B4FB3B6AFB640023BB617B619D
:10A0A0003B62FEF757FF02239946FFF745F8290068
:10A0B000F86DFEF795FB002801D1FFF71DF8FEF7BC
:10A0C00095FC944B55E7904B7B6200237B640333F4
:10A0D0009946FFF731F82900F86DFEF781FB00285B
:10A0E00001D1FEF7F9FEFEF781FC2900F86DFEF7BD
:10A0F00077FB002801D1FEF713FEFEF777FC29005D
:10A10000F86DFEF76DFB002801D1FFF76DF8FEF743
:10A110006DFC2900F86DFEF763FB002801D1FEF706
:10A1200093FDFEF763FC04239946FFF705F8FE61F3
:10A1300046463B687C689B46002E01D1FEF7B8FF7F
:10A1400020235032FF339B186246A846FE6AFD6DFD
:10A15000A1469C18A15D42462800013EFEF7FEFA8A
:10A16000002EF7D14C464546FEF7A2FF00233B6385
:10A17000FFF7B3FB2A681378E35C1B0701D5FFF7F1
:10A18000B3FA230008264446984605E04146137872
:10A19000CB5C1E4200D01CE66B680132013B0134EF
:10A1A0006B602A60544500D113E6002BEEDC2900D9
:10A1B000F86DFEF715FB002800D00AE62A68E5E7EF
:10A1C0004B461868F8F79EFD002800D11BE54B466A
:10A1D000186018E5002C01D1FEF708FCA344F9E54E
:10A1E000F2072BD4B60729D55A461A60D2177C6BD2
:10A1F0005A60FEF7A6FB2900F86DFEF7F1FA002879
:10A2000001D1FFF76FFB3B6B002B01D0FEF7EEFB9C
:10A210009FE4FB6B1B681860FFF75BFA4A463E4BF6
:10A220001A40012391463B65FFF761F84A463A4BD5
:10A230001A4001239146FB64FFF759F85A461A6009
:10A240007C6BFEF77EFB01235B42BB64FEF7E2FB07
:10A250003B63FFF742FB3A6A904501D8FEF7CCFB1F
:10A260002E0044461500013C32002178F86DFEF7BF
:10A2700075FAAC42F7D1FEF7BFFBF86AD100F8F7E8
:10A2800041FDF862002801D1FEF7F3FB80463B6DEB
:10A29000FA6C5B00B04410603B65FFF71EFB3A6A46
:10A2A000904501D8FEF7A8FB44461600013C2A0061
:10A2B0002178F86DFEF752FAB442F7D1FEF79CFB15
:10A2C0003A6A44461600904501D8FEF795FB013CDA
:10A2D0002A002178F86DFEF741FAB442F7D1FEF773
:10A2E0008BFB00227B6C396AF86D01F08FFC1BE65A
:10A2F000BB6C002B04D0AB895B0601D4FEF77FFB5F
:10A300003B6CFEF7BBFBC0468DB40010F6FF0000AF
:10A3100094D90010D9B500107FF8FFFFF8B5474673
:10A32000CE46884680B58146170000267D68013DEF
:10A330000ED4BC68A389012B07D90E22A35E01337A
:10A3400003D021004846C04706436834013DF1D29E
:10A350003F68002FEAD13000C0BCB946B046F8BD16
:10A3600070B516000D0002F05FFE002E0DD06B23BD
:10A370006A00520D9B1A002B07DD0024034A1B05BF
:10A380009D182B002200F7F7C0FF70BD0000F03FC2
:10A39000F0B5DE4657464E4645460C0081468B4694
:10A3A00000200021E0B592469FB000220490059164
:10A3B00021001A9219910A780D002D2A03D8A64C73
:10A3C0009000205887460021069100210791302AED
:10A3D00000D1BDE02F2A00D881E21700280000211B
:10A3E000002600240BE0B30001309E19760019907E
:10A3F000B6180278303E170001342F2A0FDD392AB3
:10A400006BDC082CEFDD8B005B1801305B001990D2
:10A41000991802783039170001342F2AEFDC0A919D
:10A4200001228E4901F0C6F9002800D145E200233F
:10A43000A0460C930B93089343461F00102B00DD9E
:10A4400010273000F7F7D4FF434604900591092BFD
:10A4500018DD3A00824B093AD2009B180CCBF7F773
:10A4600054FF049005910A98F7F7C2FF0B00020011
:10A4700004980599F7F722FF4346049005910F2BA6
:10A4800000DDACE00B9B002B01D100F039FC0B9BF5
:10A49000002B00DC40E3162B01DC00F021FD4246DE
:10A4A00025239B1A0B9A934200DA98E043460F2427
:10A4B0006B4DE41AE1006918049A059B03C9F7F78C
:10A4C00024FF0B9B1C1BE4002D190CCDF7F71DFF7F
:10A4D00004000D0011E201316CE70A9101225F498D
:10A4E00001F068F9002846D1199B581C19905B7837
:10A4F00084461A00002C00D0E3E163460021302A94
:10A5000008D11900013319931A78302AF9D063461B
:10A51000C91A01311300313B082B00D873E2202304
:10A520009A43452A00D11CE3079B0B4300D0E2E18C
:10A53000534600240025002B01D05A461A60200003
:10A5400029001FB0F0BCBB46B246A946A046F0BDEC
:10A550006A7820318A436C1C582A00D1D3E3250045
:10A5600019942A780134302AF9D0002A00D1C2E1A6
:10A57000012307932EE700230021002210940C935F
:10A58000202338009843030000200890452B00D179
:10A59000C1E1002C00D02BE2079B0B4300D0AAE1C5
:10A5A000002AC5D1692F00D1E2E201DD00F08CFC68
:10A5B000492F00D1DCE24E2FBAD12A4919A801F067
:10A5C000D9FF0028B4D0199B1B78282B01D100F0AB
:10A5D0006CFD254801F06AFB04000D008DE1434647
:10A5E0000B9ADB1B9B18002B00DC66E20F221F007E
:10A5F0001100974319401A4201D100F005FC184B95
:10A60000C900591803C9049A059BF7F77EFE049008
:10A610000591002F01D000F0F7FB00230A93434679
:10A62000220029004846009602F04AF914900028BA
:10A6300001D100F061FC0B990027CB4300260C9A56
:10A640000898DB17101ACA1710401940B3463D008E
:10A6500010901591EFE0C046FCE5001010DC0010F2
:10A660002854011020DC001094D90010D648C91AD3
:10A67000521A834200DAFCE201238B40119300233B
:10A6800012930A9BB918B618F61808913B008F422E
:10A6900000DD0B00B34200DD3300002B04DD089A1F
:10A6A000F61AD21A0892FF1A109B002B00DD86E2E0
:10A6B000089B002B00DD9CE20B9B002B00DDC9E218
:10A6C000002E00DDB9E2002F08DD59463A00484669
:10A6D00002F03AFB8346002800D1B7E248461A99B7
:10A6E000079A02F0D1FB051E00D1AFE2C3685946BC
:10A6F00098460023C36002F0A1FB002801DA00F0B5
:10A70000FEFC059B089301D100F082FC594628000D
:10A7100002F074FD80230022DB0506000F00F7F72E
:10A7200045FE002800D139E24346002B00D0ADE2BF
:10A73000049B002B00D034E3089B1B0300D0D6E21F
:10A74000002230003900A14BF7F72AFE002801D083
:10A7500000F038FC00229E4B30003900F7F7D5FDA1
:10A760000A000100130012911392802212069B1816
:10A770000E900F93974A089B0E9E0F9F13401A004E
:10A780001193954B9A4200D187E20A9B002B28D067
:10A79000D423119ADB049A4223D8129813998F4A32
:10A7A0008F4BF7F703FE002816D012981399F7F78E
:10A7B0005FFE002800D10130F7F71AFE43461290E1
:10A7C0001391002B01D000F0E8FB802212068B18B9
:10A7D00016901793169E179FD623119ADB04FB1829
:10A7E0009F1A0C980D9902F01FFC02000B0030001C
:10A7F0003900F7F78AFD0C9A0D9BF7F75FFD0E0005
:10A80000049005910A9B002B05D1724B119A33409D
:10A810009A4200D192E248461A9901F0F5FF484663
:10A82000079901F0F1FF5946484601F0EDFF290074
:10A83000484601F0E9FF149C4846616801F0B8FF02
:10A84000031E079000D101E222690C3302320C345E
:10A85000210018009200F8F779FA0499059A1CABC8
:10A8600001931BAB0C910D920093484613000A0014
:10A8700002F05CFC011E1A9000D1C3E101214846A0
:10A8800002F0ECF88346002800D1DFE11B9B002B8F
:10A8900000DAAAE1109A159E9F180A991C9A5B1A71
:10A8A00036219B188A1A4F49013B8B4200DADDE6BC
:10A8B0000023129301331193E3E6199B581C19905E
:10A8C0005B781A00303A092A00D9DDE0171E01D161
:10A8D00000F00FFD0123210010940C93E0E201220F
:10A8E0002800414900F066FF002800D149E3079B9A
:10A8F000002B00D11CE6002400255246002A01D07E
:10A90000199B1360069B002B00D118E680210906D5
:10A910006B181D0013E623000B430798034300D177
:10A9200006E6199B9B465846431C199347782B2FE4
:10A9300000D1D9E12D2F00D0BCE001239846584624
:10A94000831C199387783B00303B092B00D98BE19E
:10A950001998302F0ED1431C19931F78180001331A
:10A96000302FF9D0002308933B00313B082B00D94E
:10A970000FE60133471C1997BC46477808932F2FE1
:10A9800000DCA7E20B9161469446089A09E0930027
:10A990009B1801315B001991DA190F78303A2F2F8B
:10A9A00001DD392FF3DD0892081A62460B99082859
:10A9B00000DC8FE20D4B08934346002B00D1E8E505
:10A9C000089B5B420893E4E5E3FBFFFF0000F03FD8
:10A9D0000000E03F0000F07F0000E07F0000C0FFCB
:10A9E000FFFFDF4102FCFFFF10DC00101F4E0000E4
:10A9F000089B0C9AA0469B1A0B93109B002B00D12E
:10AA00001AE51C0018E54B1C1998303A0C930023EA
:10AA100017000500012410930021B3009B195B006F
:10AA2000FE18431C19931F7818003B00303B092B7C
:10AA300000D9C4E11F004A1C431C002F01D100F0C3
:10AA40003FFC0C9B9C46944463460C93012A01D125
:10AA500000F039FC3200631C80462E009C46150035
:10AA60000A9808E0AA0055196D0001331A1B013A33
:10AA7000914200DC0DE25A1E082AF3DD102BF4DCB3
:10AA8000820010184000F0E720229343452B61D04C
:10AA90003000F7F7ADFC04900591092C00DC2FE1A4
:10AAA0002700102C00DD10270023A0460C930893EC
:10AAB0000B93CEE40023984645E7002B00D1ACE58C
:10AAC0000F2211005B4219401F111A4200D06AE2A6
:10AAD0001F2F00DDE2E210231A003A400A923B42A7
:10AAE00001D05A330A93B346049805992600B54C11
:10AAF00001E07F10083401233B4204D17F10083469
:10AB000001233B42F5D022686368F7F7FEFB7F1014
:10AB100000D161E20834F3E70B9B163300DA5EE5FF
:10AB200008990C9AA84B521AD2009B180CCB049887
:10AB30000599F7F7CCFB04000D00DEE60022069233
:10AB40004D1C19954A78002A00D03EE4F0E4012219
:10AB50000692F5E7002383460021012210940C930E
:10AB6000E1E600220B0010920C9200240132D4E6A0
:10AB7000964919A801F0FEFC002800D1D8E4199BE1
:10AB80009349013B19A8199301F0F4FC002802D164
:10AB9000199B0133199300248E4DAEE68E4B002293
:10ABA00030003900F7F7B1FB434612901391002BA8
:10ABB00067D1802212068B180E900F93DAE5594662
:10ABC0001A00484602F056F81A998346002819D010
:10ABD0000A000100484601F071FF1A99041E11D0C5
:10ABE000484601F011FE1A9462E5159A109FD61A94
:10ABF00053E61A994846089A02F0A6F8011E1A90E0
:10AC000000D059E55E462F0022234A460024714DAC
:10AC10001360484601F0F8FD4846079901F0F4FD3D
:10AC20003100484601F0F0FD4846149901F0ECFD72
:10AC30003900484601F0E8FD5FE6320048460799D2
:10AC400002F082F80790002800D03CE55E462F0015
:10AC50001A99D9E74846159A079902F00BF8079018
:10AC6000002800D02CE5F1E75B46199300230893F8
:10AC70008FE45A49CB1A0121994001231291119373
:10AC8000FFE4129B139C0E930F9473E50023544C26
:10AC90000E930F94129313946CE5524A089B9B18E1
:10ACA0000593049E059F3000390002F0BDF90E9A0D
:10ACB0000F9BF7F72AFB32003B00F7F7FFFA454BF3
:10ACC000494A049005910B40934200D8F7E00C9854
:10ACD0000D99464A914201D1441CB7D00123434CFF
:10ACE0005B420493059496E50023984627E60023EB
:10ACF0003F4C0E930F940023394C1293139439E573
:10AD0000049C059DF9E50293069B484601931AAB06
:10AD10000093384A1BAB19A901F030F90F231E002C
:10AD200005000640034200D1E5E5062E00D0E7E02D
:10AD300000231994002500240693DEE51298139948
:10AD4000F7F7AEFBF7F7A0FB02000B001298139980
:10AD5000F7F7ABFA4346049A36031343360B0890D1
:10AD60000991254A33430DD108980999234BF7F7E8
:10AD700017FB002800D14EE55E462F00049C059D80
:10AD80001A9946E71E4BF7F70BFB0028F4D10898F9
:10AD900009991C4A104BF7F719FB002800D13AE536
:10ADA000EAE7012BA3D1089B002BA0D15E462F0020
:10ADB00022234A46002400251A99136029E701221C
:10ADC000FFF7DEFBF8E600102854011014DC001039
:10ADD00018DC00100000F07F0000E03FE2FBFFFF06
:10ADE0000000F03F0000B0FCFFFF9F7CFFFFEF7F03
:10ADF0000000F0BFE0E600109535A094FFFFCF3FC4
:10AE0000FFFFDF3F35E5AF359A235B009F4273DCE0
:10AE10003F11012F00D1CBE104980599D24B049446
:10AE200007969B462E001C00002501233B4203D0C1
:10AE300022686368F7F769FA01357F100834012F3B
:10AE4000F3D1049C049005912F003500079E059BCB
:10AE5000C64AF9009B1805935944049A059B03C9F7
:10AE6000F7F753FAC24BC34A049005910B40934243
:10AE700042D8D420C04A800409180591934201D8D1
:10AE8000FFF7CBFB0122BD4B524204920593FFF723
:10AE9000C4FB2B000A90350040461E000139614476
:10AEA0004C1C082900DCB7E50021102C00DDB8E5BA
:10AEB0000A9A93009B185B00FB180A93B1E5D42310
:10AEC0009B04CE1805969DE46E2F01D1FFF775FB0C
:10AED000FFF72EFB0898AA4B984200DC6CE56AE568
:10AEE0000B9AA84BD100591803C9049A059BF7F790
:10AEF0000CFA04000D0000E522234A4613604AE6DE
:10AF00001A9A002A07D035211CA802F0A5F9484654
:10AF10001A9901F079FC052E00D9C3E19A4BB600CD
:10AF20009B599F461C9B994904931D9B1B9A0B4060
:10AF300097495218120513430593ED0503D5802256
:10AF40001206134305938A4A049C059D134200D0C0
:10AF5000D3E4FDF731FA22230360CEE401238D4CC4
:10AF60005B4204930594ED0500D4C9E6059BE6E732
:10AF70007F4B0593F7E71C991D9A1D9B0491059241
:10AF8000DBE7199B01229C469444624619925A7849
:10AF9000002300260A93FFF7B0FA129B139C169326
:10AFA0001794FFF717FC774BC9005B180CCB04987C
:10AFB0000599F7F78CF904900591002F01D1FFF75F
:10AFC0002CFB85E50023744C0E930F940023734CE7
:10AFD00012931394FFF7CEFB0A9B34000490059163
:10AFE0005E46002B52D06B234A00520D0F009B1A75
:10AFF000002B4BDD1F2B42DD00210491342B00DCA4
:10B0000047E1DC239B0405936A230A93FFF707FBC0
:10B010004146059A2F000C9C0D9D12035E46129B23
:10B02000120B002954D05E498A4200D1E0E0002B87
:10B0300000D1EBE0089A1A420CD0049805990A9ABC
:10B04000FFF78EF902000B0020002900F7F736F910
:10B0500004000D000A9B002B00D191E6200029007E
:10B06000504B0022F7F751F9414B04000D000B4201
:10B0700000D085E622234A461A991360C9E50122C9
:10B0800052429A40024004920498059900220023FB
:10B09000F7F77EF9002801D1FFF7C1FA22234A46CB
:10B0A000002400251360FFF728FC3F491CAA19A8BB
:10B0B00001F078FA052801D0FFF78BFA1D9B2C4A86
:10B0C0001A431C9B05920493049C059DFFF715FCF5
:10B0D000002A71D1049A002A00D0D3E00A9B43458C
:10B0E00000D1BFE0224B089A1A40D6239046DB04D9
:10B0F0009A422CD8DC239B049A42AFD858E64346A8
:10B100000499059A2F000C9C0D9D5E460B43A1D11E
:10B11000089213039ED1164B1A40D6239046DB04A7
:10B120009A4297D97B69002B02D13B69012B91DDB3
:10B1300039000122484601F007FE3100070001F006
:10B140007DFE002886DD0A9B002B00D18AE0434665
:10B15000164A9B18124A1A4301235B420592049334
:10B16000049C059D7AE7C046005401100000B0FC25
:10B170000000F07F0000A07C0000907CFFFFEF7FCC
:10B180001F4E000028540110B4E60010FFFFEFFF2F
:10B1900033040000FFFFFF7F0000E0BF0000E03F3E
:10B1A000FFFF0F0000005039CCE600100000F0FF58
:10B1B000584B00279B464AE6002B2DD1119B049A41
:10B1C000134200D146E7049805990A9AFFF7C8F898
:10B1D00002000B0020002900F7F767F80022002387
:10B1E00004000D00F7F7D4F8002800D132E7DFE5BE
:10B1F0000A99049A814225D1511C12D0834259D018
:10B20000089A1A4200D018E71A9902E5119B049A8D
:10B21000134200D11EE710E7089A1A4200D119E73D
:10B22000D1E73D4B0899994268D03C4B089A1A40A7
:10B230001300802252039B18059300230493049C5F
:10B24000059D07E7089835490140D420C004814294
:10B2500040D9511CE5D0002B37D00898184200D1B6
:10B26000FCE6EAE62D4B089A1A991A4013002C4A7C
:10B270009B182C4A1A4301235B4205920493049CB9
:10B28000059DC6E4002BC7D1119B134200D1E1E616
:10B2900099E74B239A1A4C3B93401F40059704981B
:10B2A0000599F3E6ED0532D580231B060593049C32
:10B2B000059D4EE6119B134200D0BEE61A99A8E404
:10B2C0001100FFF7AFFB2100EAE5119B134200D10B
:10B2D000C4E6B2E66B20090D401A012149428140C3
:10B2E0008A429ED0002BF0D0089A1A4200D1B5E6CF
:10B2F000A3E6012110940C92FFF793FB013294D145
:10B3000022234A4600241A99044D136081E4002444
:10B3100000251EE600540110FFFFEF7F0000F07FC4
:10B320000000F0FFFFFF0F0010B5024BFFF730F8F1
:10B3300010BDC046F8160020F0B55746DE464E4612
:10B340004546E0B58346894692461D001F0083B0FE
:10B35000242B3DD8012B3BD00B000820494E1A006E
:10B3600014780133315D0842F9D198462D2C00D173
:10B3700072E02B2C38D0444B009300230193002D16
:10B380004ED1302C00D170E00A270A2539000098F0
:10B39000F6F750FD434606008C46002000212200AF
:10B3A000303A092A07D9113A192A03D92200613AF9
:10B3B000192A21D80A3295421EDD4C1C05D086423E
:10B3C0002BD328D00121784310181C780133E6E7ED
:10B3D000FCF7F2FF16230360002003B0F0BCBB466D
:10B3E000B246A946A046F0BD1C78931C9846264B51
:10B3F000009300230193C2E74A1C23D0019A002A3C
:10B4000000D040425246002AE7D0002936D15346A8
:10B410004A461A60E1E79445D4DA01214942D4E76B
:10B42000102DB3D11027302CB0D1434620221B78E9
:10B430009343582BAAD143465C780223102710254A
:10B440009844A3E7222259460A605246002A17D0A0
:10B45000013B99460098DAE71C78931C98468023B4
:10B460001B0600930123019389E7434620221B78A2
:10B470009343582BDFD00827083587E70090E7E78C
:10B480000098AAE721E70010FFFFFF7F10B5FFF744
:10B4900053FF10BDF0B54E465746DE4645468A4638
:10B4A000E0B50C0091461E00082183B0019046488B
:10B4B00023001D780134425D1142F9D12D2D5ED05B
:10B4C000002293462B2D33D0002E07D1302D62D091
:10B4D0000A23052198460A263C4F0DE0102E53D032
:10B4E000012031004042F6F7A5FC070001203100A1
:10B4F0004042B046F6F79EFC002200202B00303B75
:10B50000092B07D9113B192B03D92B00613B192BB0
:10B5100011D80A339E420EDD551C06D0B84221D800
:10B520001ED0424650430122181825780134E5E721
:10B5300025789C1CC8E7531C17D05B46002B00D015
:10B5400040424B46002B04D0002A15D14B465246B0
:10B550001A6003B0F0BCBB46B246A946A046F0BD97
:10B560008B42DEDD01225242DFE7222301991000E7
:10B570000B604B46002BECD0631E9A46E6E725781D
:10B580009C1C01239B469FE7302D0FD010230F21D9
:10B5900098460F4FB0E7202223789343582B0AD0C8
:10B5A0000823072198460B4F0836A5E72022237869
:10B5B0009343582BEAD1102365780F219846102623
:10B5C000034F023498E7C04621E700109999991972
:10B5D000FFFFFF0FFFFFFF1F10B5FFF75BFF10BD61
:10B5E00070B505000C1E42D0002802D0436B002B22
:10B5F00049D0FCF795FD01210C22A35E626E0A4240
:10B6000031D19B0542D521002800FCF727FBE36AD6
:10B610000600002B04D02800E1699847002828DBA9
:10B62000A3891B062AD4216B002908D023004033AC
:10B63000994202D02800FCF7A7FF00232363616C26
:10B64000002904D02800FCF79FFF00236364002337
:10B65000A381636EDB0728D5A06DFCF707FFFCF71D
:10B6600067FD300070BD002BCDD1FCF761FD0026D9
:10B67000F7E70126A38976421B06D4D52800216965
:10B68000FCF782FFCFE7FCF72FFDB2E7A06DFCF7D8
:10B69000EFFE0C22A35E002BB5D10122636E134294
:10B6A000E3D1A06DFCF7E6FEDFE7A06DFCF7E2FE5C
:10B6B000D2E7C04630B50C785E2C20D000234D1C5C
:10B6C0009C4600210300421CFF3219700133934253
:10B6D000FBD1002C10D00122634653401A000255C2
:10B6E0006B1C9C462B782D2B11D05D2B0DD0002B85
:10B6F00003D01C006546F2E7013D280030BD012360
:10B700004C788D1C9C460121DCE76546F5E769789D
:10B710005D2910D08C420EDC230002350133C25467
:10B720009942FBDC8C4203DB002101340C19D7E782
:10B73000091B0139F9E72D246546D0E7F8B50C005F
:10B740002300096B4033994211D0666B77003A00B1
:10B75000FCF7F0F8051E23D0010032008019F7F73E
:10B76000F5FAAB192360256367630020F8BD8021DB
:10B77000C900FBF713FE002812D08023DB006363AF
:10B7800042232063E25C084BC2544123E25C074B36
:10B79000C2544023E25C064BC254C0182060E4E768
:10B7A00001204042E2E7C046FF030000FE03000024
:10B7B000FD03000010B5002A2AD003000B439B07AD
:10B7C00015D1032A13D9144B9C460CE0043A002AE5
:10B7D0001ED0124C1C199C4363461C4218D10430E5
:10B7E0000431032A03D903680C68A342EED003781E
:10B7F0000C78013A8218A34208D00BE0002B07D046
:10B8000043784C7801300131A34203D19042F5D105
:10B81000002010BD181BFCE780808080FFFEFEFE2C
:10B8200030B50C0004430300A4071CD1032A1AD925
:10B83000144B9C4665460C68030013482018A0432F
:10B84000284210D11800043A043110C0032AF1D85C
:10B8500003001C00002A09D00878013A0133207047
:10B860000131002804D01C00002AF5D1200030BD91
:10B870000021D018002AF9D0197001339842FBD169
:10B88000F4E7C04680808080FFFEFEFE8422024BEB
:10B890009200985C7047C046F81600200048704738
:10B8A000D0180020F0B54E464546DE465746E0B576
:10B8B0008BB00D0005911E00082107905E48019293
:10B8C0002B001C780135025D1142F9D12D2C00D1DD
:10B8D00083E02B2C4AD001235B420393574B049304
:10B8E00000230693002E08D1302C00D17FE00A23DC
:10B8F0009B4600230A26009305E0102E00D181E02C
:10B90000B346F31700935A46009B03980499F6F741
:10B91000CFFA0F008246029200200022002123006D
:10B92000B146B84610E0414501D150451BD882458B
:10B9300040D05A46009BF7F76FF92600E7178019A9
:10B94000794101222B7801351C00303C092C04D9A7
:10B95000113C192C0DD8373B1C00A14511DD531C9F
:10B96000F0D04145DFD901225242EBE72C789D1CF3
:10B97000B1E71C00613C192C03D8573B1C00A145C2
:10B98000EDDC531C1ED0069B002B04D003000C00E2
:10B9900000215842A141019B002B04D0002A45D12F
:10B9A000019B059A1A600BB0F0BCBB46B246A94693
:10B9B000A046F0BD8845BCD1029BA342B9DA012262
:10B9C0005242BFE72223079A1360019B002B30D01D
:10B9D0006B1E039804990593E2E72C789D1C0023C5
:10B9E000039380231B060493012306937AE7202206
:10B9F0002B789343582B11D008239B4600230836FD
:10BA0000009380E7302C04D010239B460023009342
:10BA100079E720222B789343582BF5D110239B46AE
:10BA200000236C781026023500936CE70390049194
:10BA3000CEE703980499B6E721E70010FFFFFF7FE8
:10BA400010B5FFF72FFF10BDF0B54E464546DE4658
:10BA50005746E0B589B00D0003911E0008210590FE
:10BA6000654801922B001C780135025D1142F9D125
:10BA70002D2C00D18DE0002204922B2C51D0002ED1
:10BA80000DD1302C00D189E0052302935B4B0A26AF
:10BA900098460A239B460023594F009316E0102E28
:10BAA00000D18BE0F317320001204042C1179946C4
:10BAB0000093F6F7FDF9320080460F004B46012057
:10BAC0004042C117F6F7F4F9B3460292C24600228B
:10BAD000002000212300B146B84610E0414501D1C5
:10BAE00050451BD8504540D05A46009BF7F794F874
:10BAF0002600E7178019794101222B7801351C00B7
:10BB0000303C092C04D9113C192C0DD8373B1C00B2
:10BB1000A14511DD531CF0D04145DFD9012252422D
:10BB2000EBE72C789D1CAAE71C00613C192C03D87C
:10BB3000573B1C00A145EDDC531C1ED0049B002B81
:10BB400004D003000C0000215842A141019B002BAE
:10BB500004D0002A1AD1019B039A1A6009B0F0BCE4
:10BB6000BB46B246A946A046F0BD4145BCD1029BAA
:10BB70009C42B9DD01225242BFE72223059A0120EF
:10BB80004042C1171360019B002BE7D06B1E03934B
:10BB9000E1E72C789D1C0123049370E720222B7889
:10BBA0009343582B1BD007230293083B9846093335
:10BBB0009B460023134F0093083687E7302C09D0AB
:10BBC0000F230293103B984611339B4600230E4FE0
:10BBD00000937BE720222B789343582BF0D10F233F
:10BBE0000293103B984611339B4600236C78102635
:10BBF000054F0235009369E721E70010999999995B
:10BC000099999919FFFFFF1FFFFFFF0F10B5FFF76D
:10BC10001BFF10BD30B583B00400069800280DD07E
:10BC2000E62513486D004559002A12D00698009069
:10BC30002000A847431C15D003B030BDF430844623
:10BC4000A4446046E625069009486D004559002A3F
:10BC5000ECD1069B0021009320000123054AA84750
:10BC6000431CE9D10023069A13608A332360E3E77B
:10BC7000F816002094D9001010B5002100F002F849
:10BC800010BDC04610B500F0C5F8040000F0F6F88D
:10BC90001A38C0B2022806D9230000200422093B2A
:10BCA0009A42404110BD0120FCE7C04600200149F6
:10BCB0007047C0460000F87F004870470000C07F12
:10BCC000030A8446DBB2C0B2022922D0032903D082
:10BCD000803B8038DBB2C0B21A005032D2B21F2A89
:10BCE0000AD91A003032D2B2242A35D83C4A9445B7
:10BCF0002FD90120404270473A4A9445F9D83A4931
:10BD0000B03BDA01D21A5200A13810184000405A54
:10BD1000F1E79E280ED923308022C0B29F2B0ED887
:10BD2000703B5B00D318DBB21A005032D2B21F2A2C
:10BD3000D7D8E1E77E387F22C0B29F2BF0D95033AD
:10BD40005B00D318DBB21A005032D2B21F2AC8D817
:10BD5000D2E72649D03BD4E75F33DAB2072AC8D806
:10BD6000234B92009B589F46F128C2D8214AA13804
:10BD70004000805A0028BED10138BCE7D828B8D886
:10BD80001D4AA1384000805A0028B4D10138B2E7DA
:10BD9000F628AED8C0239B01C018ACE7F328A8D87A
:10BDA000164BC018A7E7164BC35C002BA1D0154B50
:10BDB000C018A0E7144AA1384000805A00289AD140
:10BDC000013898E7114AA1384000805A93E7C0280B
:10BDD00000D98EE70E4AA1384000805A8BE7C04652
:10BDE000A6F40000D3CF0000C002011044E8001008
:10BDF00024E800102C1A0110D01A0110A02F000006
:10BE00009F1A011060FE00009C1B0110581C0110BD
:10BE1000EC19011070B50500002917D0124BCC1891
:10BE200020001249FCF7DCFA002804D10121280087
:10BE3000FFF746FF70BD20000D49FCF7D1FA00283E
:10BE400006D102212800FFF73BFFF3E7094CE7E7A3
:10BE500020000949FCF7C4FA03002800002BE9D1AF
:10BE60000321FFF72DFFE5E71202000068DC001058
:10BE70006CDC00100A19002074DC0010124BF0B5C5
:10BE8000060098421BD80024104D114F02E0541CAC
:10BE9000A54214DB6319DA0FD218521053009B1815
:10BEA0005B00FB18598858780902014398884018AC
:10BEB0008642ECD88E4204D2551EA542EADAFF2013
:10BEC000F0BD1878FCE7C046EF010E00F90800004D
:10BED000141D0110F0B5CE464746036984469946C5
:10BEE00080B54D11AB4209DC00236246136100238B
:10BEF00062465361C0BCB946B046F0BD1F2604007F
:10BF0000370014349800AB002018E3180F400E429D
:10BF10001AD040CBFE40984228D92022A046D11BFF
:10BF20001A688A403243464604C6B04640CBFE40BB
:10BF30009842F5D84B46591B8900611804390E60A8
:10BF4000002E0CD004310AE022009842CCD940CB1C
:10BF500040C29842FBD84B46591B89006118624683
:10BF60000B1B9B101361A142C4D1C0E763465E6105
:10BF7000002EB9D021000431F1E7C046F0B5574694
:10BF80004E46DE464546E0B58946096892468A78BF
:10BF900087B003900593302A00D02EE2CB1C1D0001
:10BFA00001335A1E1278302AF9D0691A8B1E019378
:10BFB000C04FBB5C002B00D1FAE0002200242B789C
:10BFC0009046BD4AFB5C0292002B00D166E12E0038
:10BFD00073780136FB5C002BFAD101223000029904
:10BFE000FFF7E8FB8346002852D0002233789346BF
:10BFF000002C02D0A41BA2009346202234009343BD
:10C00000502B51D04B461E604346002B7BD1631B07
:10C01000013B0021072B03DD01315B10072BFBDC0B
:10C02000039800F0C5FB0190002800D191E2019B2C
:10C0300014330493A54200D3F4E1984600239946B3
:10C040003B0000264746A8464D4699460CE0202E68
:10C0500019D03200043649462378CB5C0F210B40BF
:10C0600093401D4344455CD0013C23782E2BEED1F8
:10C070004445ECD3012220000299FFF79BFB0028E6
:10C08000F0D0202EE5D120C7002204260025E2E7CB
:10C09000002C00D1A4E12022A41BA3009B463378EE
:10C0A00034009343502BADD163782B2B00D17EE12C
:10C0B0002D2B00D0E7E00122A378A11CFB5C260019
:10C0C000581E18289ED84E1C4978103B795C1800E1
:10C0D00000290AD10CE083001B185B0001365818B8
:10C0E00033781038F95C002901D01929F3DD0300F9
:10C0F000002A00D05B42DC469C444B461E6043460F
:10C10000E346002B83D0019B06245A4253415B42F5
:10C110001C40200007B0F0BCBB46B246A946A04672
:10C12000F0BDB846A94646464B4608C6049B019A50
:10C13000F61AB3101361484600F01AFC53461D6806
:10C14000F600301AA84251DC00DA32E19B685A4608
:10C150005B4500DA22E153465B689A4200DB95E0DA
:10C160009C1A671EAC426EDA0026002F00D074E1E4
:10C170001F21012339408B407A11049992008A587B
:10C18000019821002D1B1A4200D150E1FFF7A2FEB9
:10C1900053465B689B465346DC68022C00D199E00D
:10C1A000032C00D16AE1012C00D197E112246EE04A
:10C1B000414B0122190028000293FFF7FBFA804649
:10C1C00000286DD16B786C1CFA5C002A6AD02500BF
:10C1D000302B00D086E16B780135302BFBD0FB5C37
:10C1E0005A425A41904601220192EDE6441B210039
:10C1F000019801F053F8061E0FD01F210123601E85
:10C2000001408B404211049992008A5801261A423B
:10C2100003D0012800DD26E1022621000198FFF766
:10C2200059FE5346DC469B68A444E346634500DA66
:10C23000B4E053465B686246634500DCE1E09C1A6B
:10C24000A54200DDFAE05246D268022A36D0032A1F
:10C2500000D11AE1012A34D1AC4232D1012C07D0ED
:10C260000198611E01F01AF800282AD053465B6835
:10C27000059A049913600123019A622413610B60EB
:10C28000109B1A6045E70022611C17E70124109BF0
:10C29000019A1A605A46059B1A603AE72E009CE6FE
:10C2A0002C002B7820229343502B00D1E8E04B4602
:10C2B0001C6028E7F052011010DC0010119A002ACF
:10C2C000D6D00199039800F09FFA0023109A5024C9
:10C2D00013601EE70123119A9B1A1193119B002BE7
:10C2E00000D19CE0019B00211E69049BB200914695
:10C2F00018009846484403E002C3984200D8C9E0B9
:10C300001A68571CF8D001321A60022C00D1D1E013
:10C310001F231C002C402B4200D1ADE04B46434470
:10C32000043B186800F024FB20231B1B984200DB11
:10C33000A2E0019B1969002900DCFCE0019A890058
:10C3400053694144183210005B08914200D8F9E06B
:10C3500044461A000368DB07134308C404C85208A4
:10C360008142F7D81300019A8A1A4146193A920875
:10C370009200043152181360002B00D0043243465F
:10C380000199D31A9B100B61424500D1D6E0534668
:10C390005A469B680132934693426DDA019903989D
:10C3A00000F032FA0023109AA3241360B1E60022B1
:10C3B00082E62C1A22000199039800F0C5FC5B4626
:10C3C0001A1B53469B68934601909A42E6DC5346FB
:10C3D0005B689A4200DB59E7010014310491BFE623
:10C3E0007378741CFA5C2600002A00D105E6737885
:10C3F0000136FA5C002AFAD1FCE500238D1C01937A
:10C40000D6E50124002E00D141E75346DB68022B1C
:10C4100000D15FE7032B00D160E7012B14D010237C
:10C420001C4334E7049B9846002399467BE6FFF7BC
:10C4300051FD53465B6802249B46E3E7671E002ECE
:10C4400000D191E6012693E6B307E8D5049B1B686B
:10C450001E43F60700D545E7E1E73900019800F0F3
:10C460001DFF060084E60198A11E00F017FF0028BA
:10C4700000D1D1E60326D0E6212408E702242DE7E7
:10C4800000239B46013398460EE6119A002A00D0FD
:10C49000EEE616E7019B9B689E4226DA019A711C24
:10C4A000B300D318116101225A61049B9846022CF3
:10C4B00000D040E753461B682224013BAB4200D02A
:10C4C000E5E61F21012329408B4041466A11920075
:10C4D00054581C4063425C412134D8E602230224B4
:10C4E0001E43B3E70123019371E5019B039859684B
:10C4F000013100F05DF9071E31D0019B0C301A6943
:10C500000C33023219009200F6F720FC01990398CF
:10C5100000F07AF901223B690197591C9B00FB1836
:10C5200039615A6114239846B844022CC2D08E4215
:10C5300000DBEDE6FFE60023019A13610023019A78
:10C54000536124E742461360002BF4D04246043284
:10C5500015E70022E421054B0548F8F73DF83A00BD
:10C560008421024B0248F8F737F8C0467CDC001003
:10C5700090DC0010844610B5026808E013780131A1
:10C580001C00413C192C00D82033834207D1087885
:10C5900001320028F2D1634601301A6010BD00203C
:10C5A000FCE7C046F0B51F245746DE464E464546DA
:10C5B00092460A682100E0B50300501187B0800060
:10C5C000114050440391144200D098E00400021F2F
:10C5D0000020211F0860186802914178002900D1CD
:10C5E000A4E0002601906648170014000D00914653
:10C5F000B046020000210198019315E0202D00D9DA
:10C600008DE046450CDDBC4201D2072956DD0821EC
:10C61000A24505D2271F0023B0463C0000213B6005
:10C6200085780130002D12D0535D002BE6D001310A
:10C63000013608293ADC25682D01AC460F252B4030
:10C6400065462B43236085780130002DECD10D0029
:10C650004A46002E6AD0BC4202D2072D00DC74E0AC
:10C66000A2454FD25046230002CB02C09A42FBD2D1
:10C67000601C551C0023854263D251460024081DCE
:10C680001B18190004330C609342FAD9029B1B68F3
:10C69000002B09D1514603E0043A1368002B03D163
:10C6A0009142F9D101230B60052040E0A245B7D2A9
:10C6B0000021043C8C4621600131BFE708235B1A4E
:10C6C0009B009C46202361465D1A04942100236848
:10C6D0002C00554683469246604605954A681500EB
:10C6E000A5401D431300C3400D604B600431B942A7
:10C6F000F4D3059B524658469A46049C87E70200AD
:10C70000041D65E7029903980B680028C0D0202417
:10C71000241A01204042E04003400B60B8E7AC46D9
:10C720000D0061464A46019B292907D0042007B025
:10C73000F0BCBB46B246A946A046F0BD0230186028
:10C7400087E7141BA408A30097E708235B1B9B0043
:10C7500019001E0020235B1A984623689446250082
:10C76000190042466868030093400B430100F14002
:10C770002B6069600435BD42F4D3624670E7C04661
:10C78000F052011082B000290AD0002A0BD0002BF1
:10C790000BD013780B601078431E984102B070479D
:10C7A00001A9002AF3D10020F8E702204042F5E772
:10C7B00070B50400406C0D0000280AD0AB00C3180F
:10C7C0001868002812D002681A6000230361C36051
:10C7D00070BD212204212000FAF770FD606400285A
:10C7E000F6D0AB00C31818680028ECD10123AB4089
:10C7F0005A1D0121200092001E00FAF75FFD00285B
:10C80000E6D045608660E0E7002906D04A68436CC0
:10C8100092009B181A680A6019607047F0B5C64606
:10C820001E008046002300B50D000C691431086815
:10C83000013307043F0C5743000C5043BF193E0C13
:10C8400080193F04060C3F0C0004C01901C19C4232
:10C85000EDDC002E07D0AB68A34208DDA300EB1887
:10C8600001345E612C61280080BCB846F0BD696867
:10C8700040460131FFF79CFF071E16D029002A69A8
:10C880000C31023292000C30F6F760FA43466A68C7
:10C890005B6C92009B181A682A601D603D00A30023
:10C8A000EB1801345E612C61DDE73A00BA21024BDE
:10C8B0000248F7F791FEC0467CDC0010FCDC00105B
:10C8C000F8B54746CE46060080B50C0090461F00DE
:10C8D000092B41DD180009210830F5F783FA0123FF
:10C8E00000215B0001319842FBDC3000FFF760FF64
:10C8F000011E33D0089B4361012303614346092B8A
:10C9000016DC092398460A34434647450BDDE719F0
:10C91000FF1A23780A223000303BFFF77FFF0134F3
:10C920000100BC42F5D10800C0BCB946B046F8BD14
:10C9300009239C46A444E146654644442B780A22D8
:10C940003000303BFFF76AFF01350100A542F5D109
:10C950004C464444083CD7E70021C6E70A00024B96
:10C960000248D331F7F738FE7CDC0010FCDC001005
:10C970008022030052020020934201D21B04103097
:10C9800080225204934201D208301B0280225205B9
:10C99000934207D38022D205934214D29B0014D431
:10C9A000033008E0802104301A01C9058A4203D30C
:10C9B000D243D20F801870479A019B0105D40A42D6
:10C9C000EED12020F7E71A00F2E70230F3E7C04685
:10C9D00003685A0708D0DA072BD49A072ED501220C
:10C9E0005B080360100070471A0410D1FF211B0C74
:10C9F0001022194201D108321B0A190716D09907D3
:10CA00000ED0D90701D401325B080360EAE7FF22A8
:10CA10001A4210D01A0719D104221B099907F0D124
:10CA200059070FD59B0802320360DBE704321B096C
:10CA3000F4E70022D6E708221B0ADEE79B08022261
:10CA40000360CFE7DB0805D12022CBE7DB08032218
:10CA50000360C7E703320360C4E7C046436C70B5A8
:10CA600004000D00002B0AD05868002815D0026879
:10CA70005A600023C36001234561036170BD212218
:10CA80000421FAF71BFC031E6064EDD1462100224D
:10CA9000084B0948FF31F7F79FFD1C2201212000B8
:10CAA000FAF70CFC0028F1D00123436001338360C6
:10CAB000DFE7C0467CDC0010FCDC0010F0B54E4621
:10CAC00057464546DE46E0B50B69166989461700AC
:10CAD000984687B0B34204DB33000F0046469146C8
:10CAE00098464346F518BB687968AB4200DA0131D5
:10CAF000FFF75EFE8446002800D1AFE014236344B4
:10CB00009A46AC0054440022A34202D204C39C4281
:10CB1000FCD8434649469B00984614318844414519
:10CB200000D387E014239946B9444B4602933B0057
:10CB30000022B6004E44F71B153F1533BF089E4236
:10CB40005241BB0003934346A34650460C00E246C5
:10CB5000A946B4460193049206E02D0C37D1019BFF
:10CB600004340430A34262D925682B04190C002B2D
:10CB7000F3D0029D5B46A04600260C0083462F00A2
:10CB8000059308CF01681A04120C62431B0C0D04B4
:10CB900063432D0C52199219090C5B18110C5B1888
:10CBA00012041E0C120C1B04134308C0BC45E8D829
:10CBB000059B58469B46049B44465A1E9341039A44
:10CBC0005B421340C3185E6025682D0CC7D0060079
:10CBD0000368A046604619000024B446029F3A88C4
:10CBE000090C6A43121952181B0411041B0C0B4345
:10CBF000336010CF7168240C6C430B041B0CE318DA
:10CC0000120C9B181C0C0436B842E8D862468446C5
:10CC10001000049A4446511E8A41039952420A4028
:10CC200082185360019B04340430A3429CD85C46B4
:10CC30004D46D446002D03DC06E0013D002D03D017
:10CC4000043C2368002BF8D0634660461D6107B0A2
:10CC5000F0BCBB46B246A946A046F0BDB1210022B9
:10CC6000024B03484900F7F7B7FCC0467CDC0010D4
:10CC7000FCDC00100323F0B5C64614001A00804601
:10CC80000E0000B52240234237D1A41031D04346D4
:10CC90001D6C002D3AD001273B0023406410002B6F
:10CCA00008D1286800281AD005003B0023406410F2
:10CCB000002BF6D02A0031004046FFF7FFFE002E81
:10CCC00007D0434672685B6C92009B181A6832600A
:10CCD0001E60002C0ED0060028680028E4D12A002F
:10CCE00029004046FFF7EAFE0023286005000360A4
:10CCF000DBE7300080BCB846F0BD0F4B013A920034
:10CD0000D2580023FFF78AFD0600BEE70121404606
:10CD1000FFF74EFD051E08D0084B43610123036158
:10CD20004346186400230360B5E746212A00044BFC
:10CD30000448FF31F7F750FCF05301107102000076
:10CD40007CDC0010FCDC0010F0B54E46DE46574699
:10CD50004546E0B50D002E6953119946330083B066
:10CD60004B4401935C1CAB688346170049689C42A6
:10CD700003DD01315B009C42FBDC5846FFF718FDE8
:10CD8000804600284FD04B4614308246002B0ADDE7
:10CD90004A4696003200030000211432424402C386
:10CDA0009342FCD1B2441F222B0010002969143396
:10CDB00089003840814659183A422ED00132121A61
:10CDC00094465746002648461A688240324304C7B4
:10CDD000624640CBD6409942F5D82A00153200234E
:10CDE000914203D34B1B153B9B089B0053445E6051
:10CDF000002E00D1019C43461C615B4640466A6898
:10CE00005B6C92009B181A682A601D6003B0F0BC2E
:10CE1000BB46B246A946A046F0BD504604CB04C06E
:10CE20009942FBD8E6E7EF210022024B0248490075
:10CE3000F7F7D2FB7CDC0010FCDC001010B5C64616
:10CE400002690B6900B5D41AA4469A4218D114306D
:10CE50009A00143104008318891801E09C420FD213
:10CE6000043B043918680A689042F7D000239042C6
:10CE70005B4102205B421840012384465B429C4494
:10CE8000604610BCA04610BDF0B557464E4645461C
:10CE9000DE46E0B515000A692B6984460E0083B0B2
:10CEA000D71A9A4214D1080029009A00143014317C
:10CEB0008318891802E0984200D38FE0043B0439BC
:10CEC0001A680C68A242F6D000D392E0012705E070
:10CED000002FFBDB2B0000270D001E006046696859
:10CEE000FFF766FC002800D18FE014221421914640
:10CEF0008C46A9442B693500C7604F463469844489
:10CF0000A4009A004A44A04661461435CB468246A6
:10CF10000196002466469946944638002A00A844A3
:10CF2000009120C880CA29043B041B0C090CC91AB3
:10CF300009192D0C3F0C0B14ED1BED1809042C14D2
:10CF4000090C2D04294302C69045EAD8019E4B46A0
:10CF5000350015356246D94650460027A84504D30A
:10CF60004546AD1B153DAD08AF00009DAA46BA442D
:10CF70004F443E1D57460437BC462F004D46B04631
:10CF80007F1BB24239D9994682463B002000F718F0
:10CF900002CE0D042D0C2D192D140C0C09182D1971
:10CFA00009042C14090C2D0429433960B242EDD830
:10CFB0004446013A121B920892004B465046624486
:10CFC00002E0043A1168013B0029FAD0036103B082
:10CFD000F0BCBB46B246A946A046F0BD0021604663
:10CFE000FFF7E6FB00280AD0012303610023436119
:10CFF000EDE72B0035001E0070E75246E4E7002203
:10D00000054B06480649F7F7E7FA0022024B0348AA
:10D010000449F7F7E1FAC0467CDC0010FCDC0010A4
:10D0200037020000450200000D4B0E4A0B409B18D2
:10D030000022002B02DD1900100070475B42191519
:10D04000132903DC80231B030B41F4E7143901226D
:10D050001E2902DC80221206CA400023EBE7C046EC
:10D060000000F07F0000C0FCF8B504690600A400D1
:10D07000CE46A1461436B14447464B46884680B555
:10D080001F1F3D682800FFF773FC202341461A1A32
:10D090000A600A2828DD0B22524294468444BE428C
:10D0A00016D24F466246083F3968002A13D0981AB4
:10D0B0000B009540C3401C4C1D432C432300914062
:10D0C000BE420BD24C460C3C2468C440214305E0D0
:10D0D00000210B2821D1144828430300080019001F
:10D0E000C0BCB946B046F8BD0B210B1A98462B00C0
:10D0F0004246D34019000C4C21430B0000218C46C2
:10D10000BE4204D24C46083C2468D440A4462900C0
:10D110001530814060460143E0E763469D40024987
:10D1200029430B000021D9E70000F03FF0B5C646C7
:10D1300000B5012182B016001F00FFF739FB8046C1
:10D1400000284AD03B037D001B0B6D0D02D08022CE
:10D15000520313430193002E19D101A8FFF738FCA5
:10D160004246019B01245361434620301C61002D3F
:10D1700025D035241C4BED18089B2D181D60201A56
:10D18000099B1860404602B080BCB846F0BD6846B6
:10D190000096FFF71DFC019C009B002805D0202273
:10D1A0002100121A9140C4400B43424653619461DE
:10D1B000631E9C41434601341C61002DD9D10B4BA9
:10D1C000C018089B18600023E3189B0043441869AB
:10D1D000FFF7CEFB6401201AD2E70022044B05487A
:10D1E0000549F7F7F9F9C046CDFBFFFFCEFBFFFF7E
:10D1F0007CDC0010FCDC00100F030000F0B587B0F1
:10D200000E0004A90700FFF72FFF04000D003000F7
:10D2100005A902940395FFF727FF3F69366900903F
:10D220000191BE1B7301059F049EF61BF618002E8C
:10D230000CDD360573190393029C039D2000009AB0
:10D24000019B2900F5F743F807B0F0BD019B3205BB
:10D25000991A00900191F1E7944601394B1101337D
:10D2600061469B00C2186346096914338900591846
:10D2700030B58B420BD2040020CB20C49942FBD89E
:10D280006346CB1A153B9B089B000430181882425A
:10D2900003D9002308C08242FCD830BD8C4601006F
:10D2A0006346026910B51431581182420ADA9200BD
:10D2B0008B1803E0043B1A68002A15D18B42F9D879
:10D2C000002010BD8300CB188242F7DD1F2260468C
:10D2D000644610402242F1D01A689446C24082400F
:10D2E00001209445EDD1E9E70120EAE7002909D0C2
:10D2F000FF2A02D801200A7070478A2303600120A8
:10D300004042F9E70020F7E7F8B5C046000000000A
:10D3100001B40248844601BC604700BF01030020FD
:10D3200001B40248844601BC604700BF25020020CA
:10D3300001B40248844601BC604700BF110F0020C1
:10D3400001B40248844601BC604700BF050C0020C0
:10D3500001B40248844601BC604700BF110F0020A1
:10D3600001B40248844601BC604700BFC1000020F0
:10D3700001B40248844601BC604700BFDD0B0020B9
:10D3800001B40248844601BC604700BF99010020F7
:10D3900001B40248844601BC604700BF2504002058
:10D3A00001B40248844601BC604700BF010100206F
:10D3B00001B40248844601BC604700BF910C0020C4
:10D3C00001B40248844601BC604700BF410C002004
:10D3D000C11B0010ED1B0010D51D0010312D0010D9
:10D3E000112500104D2C0010FD1C0010091C001010
:10D3F000291C00103D1C0010450E0010451C00109B
:10D4000005120010891B0010850A0010B950001089
:04D41000B102001055
:10D41800312E302E3000000052503230343020444B
:10D428006576696365000000646576696365206EEA
:10D43800616D653A20272573272C206669726D7700
:10D448006172652076657273696F6E3A2025730A7A
:10D45800000000004572726F723A20616464726560
:10D468007373206E6F742073706563696669656491
:10D478000000000055736167653A206D656D203CBA
:10D48800616464725F6865783E000000257800007A
:10D498004572726F723A20696E76616C69642061B8
:10D4A80064647265737320272573270A00000000DF
:10D4B8006D656D5B3078253038585D203D203078BB
:10D4C8002530385820282575290A00004572726FC2
:10D4D800723A20617267756D656E7473206E6F7431
:10D4E80020737065636966696564000055736167D8
:10D4F800653A20776D656D203C616464725F68658C
:10D50800783E203C76616C75655F6865783E000002
:10D5180025782025780000004572726F723A2065E0
:10D52800787065637465642074776F206865782007
:10D53800617267756D656E74732C20676F74202532
:10D54800640A0000776D656D5B3078253038585D6A
:10D55800203C2D203078253038583A204F4B0A008F
:10D568004572726F723A20506572696F64207661F5
:10D578006C7565206E6F7420737065636966696584
:10D588006400000055736167653A207365745F70C5
:10D598006572696F64203C706572696F645F6D7352
:10D5A8003E000000257500004572726F723A2049EE
:10D5B8006E76616C696420706572696F642076614B
:10D5C8006C75652E20506C6561736520737065639A
:10D5D80069667920706F736974697665206E756DF8
:10D5E80062657220286D7329000000004C454420B4
:10D5F800626C696E6B20706572696F642073657404
:10D6080020746F202575206D730A00004C45442056
:10D6180069732063757272656E746C7920626C69C7
:10D628006E6B696E672077697468206E6577207005
:10D638006572696F64202575206D730A000000000B
:10D648004C4544207475726E6564204F4E0000008E
:10D658004C4544207475726E6564204F4646000040
:10D668005761726E696E673A20496E76616C6964BB
:10D6780020706572696F642076616C75652E20551F
:10D6880073696E672063757272656E742070657257
:10D69800696F643A202575206D730A005573696EA9
:10D6A800672063757272656E7420626C696E6B2098
:10D6B800706572696F643A202575206D730A0000E1
:10D6C8004C454420626C696E6B696E6720737461A7
:10D6D80072746564207769746820706572696F6414
:10D6E800202575206D730A000A3D3D3D204C4544B8
:10D6F80020537461747573203D3D3D00537461740B
:10D70800653A20004F4646004F4E0000424C494EB5
:10D718004B494E4700000000426C696E6B207065F3
:10D7280072696F643A202575206D730A0000000045
:10D73800554E4B4E4F574E003D3D3D3D3D3D3D3DC9
:10D748003D3D3D3D3D3D3D3D3D3D00000A4176614D
:10D75800696C61626C6520636F6D6D616E64733AAC
:10D76800000000002020252D313273202D20257344
:10D778000A0000000A3D3D3D3D3D3D3D3D3D3D3DEE
:10D788003D3D3D3D3D3D3D3D3D3D3D3D3D3D3D3DC1
:10D798003D3D3D3D3D3D3D3D3D3D3D3D3D00000068
:10D7A80044657669636520737461727465643A20B0
:10D7B8002573207625730A003D3D3D3D3D3D3D3DA9
:10D7C8003D3D3D3D3D3D3D3D3D3D3D3D3D3D3D3D81
:10D7D8003D3D3D3D3D3D3D3D3D3D3D3D3D3D3D3D71
:10D7E800000000000A456E74657220636F6D6D61FC
:10D7F8006E643A200000000068656C70000000004C
:10D8080073686F7720746869732068656C700000AE
:10D8180076657273696F6E006765742064657669F2
:10D828006365206E616D6520616E64206669726D46
:10D83800776172652076657273696F6E000000000B
:10D848006F6E00007475726E204C4544206F6E0038
:10D858006F6666007475726E204C4544206F66666C
:10D8680000000000626C696E6B0000006D616B6502
:10D87800204C454420626C696E6B205B7065726950
:10D888006F645F6D735D00007365745F70657269C6
:10D898006F640000736574204C454420626C696EA7
:10D8A8006B20706572696F6420696E206D7300006B
:10D8B8006765742063757272656E74204C454420E8
:10D8C80073746174757300006D656D0072656164D1
:10D8D80020776F72642066726F6D20616464726570
:10D8E80073733A206D656D203C616464725F68658E
:10D8F800783E0000776D656D0000000077726974EE
:10D908006520776F726420746F2061646472657338
:10D91800733A20776D656D203C616464725F686559
:10D92800783E203C76616C5F6865783E00000000B8
:10D938004572726F723A20636F6D6D616E64207309
:10D948007472696E67206973204E554C4C00000054
:10D95800436F6D6D616E643A20272573272C204133
:10D968007267756D656E74733A20272573270A00F0
:10D978004572726F723A20756E6B6E6F776E2063A8
:10D988006F6D6D616E6420272573270A0000000003
:10D99800726563656976656420737472696E673A47
:10D9A80020272573270A00004C4544207461736BB7
:10D9B80020696E697469616C697A656400000000A9
:10D9C800426C696E6B20706572696F642075706453
:10D9D8006174656420746F202575206D730A0000DA
:10D9E800496E76616C696420706572696F6420762F
:10D9F800616C75653A202575206D732E204B656521
:10DA080070696E672063757272656E7420706572D6
:10DA1800696F643A202575206D730A00426C696E3F
:10DA28006B696E67207769746820706572696F64C6
:10DA38003A202575206D732C204C45443A202573D7
:10DA48000A0000000A2A2A2A2050414E4943202A67
:10DA58002A2A0A004E6F207370696E6C6F636B73AD
:10DA68002061726520617661696C61626C65000095
:10DA78004E6F20757365722049525173206172652B
:10DA880020617661696C61626C650000486172644E
:10DA98007761726520616C61726D20256420616C0C
:10DAA800726561647920636C61696D65640000006A
:10DAB8004861726420617373657274004F757420D5
:10DAC8006F66206D656D6F727900000052656C6538
:10DAD80061736500626F6F74325F77323571303809
:10DAE80030000000322E322E300000007069636F63
:10DAF8000000000030325F636F6E74726F6C00005C
:10DB08004D6172203230203230323600666E692B19
:10DB180000000000666E69006E616E00666E692D19
:10DB2800000000002C2066756E6374696F6E3A20E1
:10DB380000000000617373657274696F6E2022259E
:10DB48007322206661696C65643A2066696C652099
:10DB5800222573222C206C696E6520256425732587
:10DB6800730A000055534220737464696E202F2095
:10DB78007374646F757400005261737062657272B9
:10DB880079205069000000005069636F00000000B0
:10DB9800426F61726420434443000000526573651C
:10DBA80074000000556E68616E646C6564204952AB
:10DBB8005120307825780A006570202530325820A9
:10DBC80077617320616C726561647920617661693F
:10DBD8006C61626C6500000043616E277420636F9E
:10DBE8006E74696E75652078666572206F6E20693F
:10DBF8006E6163746976652065702025303258003F
:10DC080065256C64000000002E0000006E660000B0
:10DC1800696E697479000000616E00004C435F43CF
:10DC28004F4C4C41544500004C435F4354595045B8
:10DC3800000000004C435F4D4F4E4554415259007F
:10DC48004C435F4E554D4552494300004C435F5489
:10DC5800494D45004C435F4D45535341474553009B
:10DC68004A495300534A4953000000004555434A66
:10DC78005000000042616C6C6F63207375636365CC
:10DC880065646564000000002F566F6C756D6573E0
:10DC98002F646174612F6A656E6B696E732F776F7D
:10DCA800726B73706163652F474E552D746F6F6C7F
:10DCB800636861696E2F61726D2D31352F737263E0
:10DCC8002F6E65776C69622D63796777696E2F6E41
:10DCD80065776C69622F6C6962632F7374646C6911
:10DCE800622F6764746F612D6765746865782E6349
:10DCF800000000002F566F6C756D65732F6461749A
:10DD0800612F6A656E6B696E732F776F726B7370B4
:10DD18006163652F474E552D746F6F6C6368616939
:10DD28006E2F61726D2D31352F7372632F6E65778B
:10DD38006C69622D63796777696E2F6E65776C6998
:10DD4800622F6C6962632F7374646C69622F6D70E3
:10DD58007265632E63000000FFFFFFFFFFFFFF7F78
:10DD680006005250D3F07542D4DA00100600525023
:10DD7800E182887FDCDA001006005250ABB36053B2
:10DD8800ECDA001006005250BBFF3CB6F4DA001083
:10DD980006005250861C0302FCDA0010060052509E
:10DDA8005422A29D08DB001005005250DE65F4687D
:10DDB800A46D0110A43A00105C3A00105C3A0010FF
:10DDC8009C3A00105C3A00105C3A00105C3A001073
:10DDD8005C3A00105C3A00105C3A00105C3A0010A3
:10DDE800943A00105C3A00108E3A00105C3A001029
:10DDF8005C3A0010863A0010983C0010B63A0010C1
:10DE08008C3C0010B63A00107A3C0010B63A00106C
:10DE1800B63A0010B63A0010B63A0010B63A0010FA
:10DE2800B63A0010B63A0010AC3A0010B63A0010F4
:10DE3800B63A0010B63A0010B63A0010B63A0010DA
:10DE4800AC3A00102C3D00101A3A00101A3A001093
:10DE58001A3A00101A3A00101A3A00101A3A00102A
:10DE68001A3A00101A3A00101A3A00101A3A00101A
:10DE78001A3A00101A3A00101A3A00101A3A00100A
:10DE88001A3A00101A3A00101A3A00101A3A0010FA
:10DE98001A3A00101A3A00101A3A00101A3A0010EA
:10DEA8001A3A00101A3A00101A3A00101A3A0010DA
:10DEB8001A3A00101A3A00101A3A00101A3A0010CA
:10DEC8001A3A0010A83C0010E43C0010A83C0010CE
:10DED8001A3A00101A3A00101A3A00101A3A0010AA
:10DEE8001A3A00101A3A00101A3A00101A3A00109A
:10DEF8001A3A00101A3A00101A3A00101A3A00108A
:10DF08001A3A00101A3A00101A3A00101A3A001079
:10DF1800C43E00101A3A00101A3A00101A3A0010BB
:10DF28001A3A00101A3A00101A3A00101A3A001059
:10DF38001A3A00101A3A0010C43E00103C3D001076
:10DF4800C43E0010A83C0010E43C0010A83C00109F
:10DF5800000000000000F03F000000000000244026
:10DF680000000000000059400000000000408F4001
:10DF7800000000000088C34000000000006AF8406C
:10DF88000000000080842E4100000000D012634190
:10DF98000000000084D797410000000065CDCD4106
:10DFA8000D0A000000000000314B001000000000C6
:10DFB800354B0010414B00106D4B0010694B0010A1
:10DFC800000000000A00000000000306A600080088
:10DFD800020002009C001400030057494E555342AA
:10DFE80000000000000000000000800004000100A4
:10DFF8002800440065007600690063006500490058
:10E008006E007400650072006600610063006500C0
:10E01800470055004900440000004E007B006200A4
:10E0280063003700330039003800630031002D00E9
:10E0380037003300630064002D0034006300620081
:10E0480037002D0039003800620038002D003900F3
:10E05800310033006100380066006300610037005A
:10E068006200660036007D0000000000050F2100F8
:10E07800011C100500DF60DDD88945C74C9CD265BE
:10E088009D9E648A9F00000306A600010000000010
:10E098000600525053B4F4A16CDB001000000000DD
:10E0A80080DB001090DB00104C2A002098DB001069
:10E0B800A4DB001009025400030100807D080B0056
:10E0C8000202020000090400000102020004052403
:10E0D800002001052401000104240206052406008D
:10E0E800010705810308001009040100020A000065
:10E0F80000070502024000000705820240000009EF
:10E1080004020000FF00010512011002EF020140A5
:10E118008A2E0A0000010102030100005257001074
:10E12800B85800100859001090580010A258001054
:10E1380080580010F25700109E5700109257001098
:10E14800725C0010585C0010265A0010925C001097
:10E15800265A0010405C00102C5C0010265A001053
:10E16800185C0010205B0010265A0010FE5E00109C
:10E17800F05E0010E45E0010265A0010265A0010C7
:10E18800CE5E0010F05E0010265A0010265A0010CD
:10E19800265A0010265A0010265A0010265A001037
:10E1A800265A0010865E00105C0D00205C0D0020D1
:10E1B800A60D0020C60D00200C0E00201E0E00200B
:10E1C800540D00200000000081640010F16400106C
:10E1D80021650010696500101166001001670010C4
:10E1E8000000000000000000F967001055680010EA
:10E1F8007168001099680010C94B00109D690010E3
:10E208000000000008920010F8890010F88900103A
:10E21800F8890010F8890010F2910010F8890010B0
:10E22800F8890010F8890010F8890010F8890010A2
:10E23800EC8A0010EC8A0010EC8A0010EC8A0010BE
:10E24800EC8A0010EC8A0010EC8A0010EC8A0010AE
:10E25800EC8A0010EC8A0010F8890010F889001088
:10E26800F8890010F8890010F8890010F889001062
:10E27800F88900100C8B0010F8890010108D001020
:10E28800069100100C8B00100C8B00100C8B0010EA
:10E29800F8890010F8890010F8890010F889001032
:10E2A800648A0010F8890010F8890010E8900010BE
:10E2B800F8890010F8890010F8890010DC91001026
:10E2C800F8890010F8890010F8890010F889001002
:10E2D800FC8B0010F8890010F8890010BC8E001023
:10E2E800F8890010F8890010F8890010F8890010E2
:10E2F800F88900100C8B0010F88900103C8C001075
:10E30800DE8C00100C8B00100C8B00100C8B001096
:10E31800F88C00108A8E0010648A0010F8890010AA
:10E32800A4910010BE9100107A9100102491001061
:10E3380048910010F8890010F889001068910010C1
:10E348005A8A0010A48E0010F8890010F88900106D
:10E35800FC8B0010F88900105A8A0010C093001036
:10E368004A920010C09300104A9200104A9200107E
:10E37800B4950010D6920010D6920010D6920010D4
:10E38800D6920010D6920010D6920010D6920010A5
:10E39800D6920010D69200104A9200104A920010AD
:10E3A8004A9200104A9200104A9200104A920010B5
:10E3B8004A920010A4930010D0920010D09200103E
:10E3C800D0920010D0940010B09400104A9200101F
:10E3D8004A920010E89300104A9200104A920010E6
:10E3E8004A9200104A920010809500104A9200103C
:10E3F800789500104A9200104A9200104A92001034
:10E408006A9500104A9200104A9200104A92001031
:10E418002C9500101E9500104A9200104A92001088
:10E428004A9200104A9200104A9200104A92001034
:10E438004A920010A4930010D0920010D0920010BD
:10E44800D0920010D0940010B09400104A9200109E
:10E458004A920010E89300104A9200104A92001065
:10E468004A9200104A920010809500104A920010BB
:10E47800789500104A9200104A9200104A920010B3
:10E488006A9500104A9200104A9200104A920010B1
:10E498002C9500101E9500101C97001090960010E7
:10E4A8001C97001090960010909600103697001058
:10E4B800EE960010EE960010EE960010EE96001004
:10E4C800EE960010EE960010EE96001026970010BB
:10E4D80026970010909600109096001090960010C5
:10E4E800909600109096001090960010909600104C
:10E4F8006A9600106A9600106A9600106A960010D4
:10E508006A9600106A960010909600109096001077
:10E51800909600109096001090960010909600101B
:10E52800909600109096001090960010909600100B
:10E5380090960010909600109096001090960010FB
:10E54800909600109096001090960010FE9600107D
:10E5580090960010909600109096001090960010DB
:10E5680090960010909600109096001090960010CB
:10E578006A9600106A9600106A9600106A96001053
:10E588006A9600106A9600109096001090960010F7
:10E59800909600109096001090960010909600109B
:10E5A800909600109096001090960010909600108B
:10E5B800909600109096001090960010909600107B
:10E5C800909600109096001090960010FE960010FD
:10E5D8000A0001000200030004000500060007000D
:10E5E800080009000A000B000C000D000E000F00C7
:10E5F8001000000030A50010C6A30010C6A300102C
:10E60800C6A30010C6A30010C6A30010C6A300101E
:10E61800C6A30010C6A30010D6A40010D6A40010EC
:10E62800D6A40010D6A40010D6A40010C6A30010CB
:10E63800C6A30010C6A30010C6A30010C6A30010EE
:10E64800C6A30010C6A30010C6A30010C6A30010DE
:10E65800C6A30010C6A30010C6A30010C6A30010CE
:10E66800C6A30010C6A30010C6A30010C6A30010BE
:10E67800C6A30010D6A40010C6A30010C6A300109D
:10E68800C6A30010C6A30010C6A30010C6A300109E
:10E69800C6A30010C6A30010C6A30010C6A300108E
:10E6A8003CAB0010C6A300104EAB0010A4B2001083
:10E6B80024AF001076AF001070AF00105CAF0010F0
:10E6C80024AF001034000000CEFBFFFFCB03000096
:10E6D800010000000000000035000000CEFBFFFF35
:10E6E800CB03000001000000000000000000000053
:10E6F800BC89D897B2D29C3C33A7A8D523F6493910
:10E708003DA7F444FD0FA5329D978CCF08BA5B2531
:10E71800436FAC64280668110020202020202020A8
:10E7280020202828282828202020202020202020B9
:10E7380020202020202020202088101010101010C9
:10E748001010101010101010100404040404040415
:10E7580004040410101010101010414141414141AF
:10E768000101010101010101010101010101010191
:10E7780001010101101010101010424242424242A1
:10E788000202020202020202020202020202020261
:10E798000202020210101010200000000000000009
:10E7A8000000000000000000000000000000000061
:10E7B8000000000000000000000000000000000051
:10E7C8000000000000000000000000000000000041
:10E7D8000000000000000000000000000000000031
:10E7E8000000000000000000000000000000000021
:10E7F8000000000000000000000000000000000011
:10E808000000000000000000000000000000000000
:10E81800000000000000000000000000C4BD00105F
:10E82800B4BD0010A6BD00109CBD001090BD001026
:10E838007CBD001068BD0010CEBD00100C5F104EEE
:10E84800154E2A4E314E364E3C4E3F4E424E564E97
:10E85800584E824E854E6B8C8A4E12820D5F8E4EBC
:10E868009E4E9F4EA04EA24EB04EB34EB64ECE4ECA
:10E87800CD4EC44EC64EC24ED74EDE4EED4EDF4E86
:10E88800F74E094F5A4F304F5B4F5D4F574F474F29
:10E89800764F884F8F4F984F7B4F694F704F914FEE
:10E8A8006F4F864F964F1851D44FDF4FCE4FD84FEA
:10E8B800DB4FD14FDA4FD04FE44FE54F1A50285075
:10E8C80014502A50255005501C4FF64F21502950FE
:10E8D8002C50FE4FEF4F11500650435047500367DE
:10E8E8005550505048505A5056506C50785080509F
:10E8F8009A508550B450B250C950CA50B350C25003
:10E90800D650DE50E550ED50E350EE50F950F5503A
:10E918000951015102511651155114511A512151E1
:10E928003A5137513C513B513F51405152514C5152
:10E9380054516251F87A69516A516E51805182512D
:10E94800D8568C5189518F51915193519551965167
:10E95800A451A651A251A951AA51AB51B351B151D9
:10E96800B251B051B551BD51C551C951DB51E051FA
:10E978005586E951ED51F051F551FE5104520B52B3
:10E9880014520E5227522A522E52335239524F5293
:10E9980044524B524C525E5254526A52745269520B
:10E9A80073527F527D528D529452925271528852B4
:10E9B8009152A88FA78FAC52AD52BC52B552C152DA
:10E9C800CD52D752DE52E352E652ED98E052F3525E
:10E9D800F552F852F9520653085338750D5310532F
:10E9E8000F5315531A5323532F533153335338535B
:10E9F800405346534553174E49534D53D6515E53D2
:10EA080069536E5318597B53775382539653A053C7
:10EA1800A653A553AE53B053B653C353127CD996DD
:10EA2800DF53FC66EE71EE53E853ED53FA5301548D
:10EA38003D5440542C542D543C542E54365429548F
:10EA48001D544E548F5475548E545F5471547754DA
:10EA5800705492547B548054765484549054865401
:10EA6800C754A254B854A554AC54C454C854A85458
:10EA7800AB54C254A454BE54BC54D854E554E654C0
:10EA88000F551455FD54EE54ED54FA54E2543955CB
:10EA9800405563554C552E555C554555565557555B
:10EAA800385533555D5599558055AF548A559F55FE
:10EAB8007B557E5598559E55AE557C558355A95521
:10EAC8008755A855DA55C555DF55C455DC55E45565
:10EAD800D4551456F7551656FE55FD551B56F9557F
:10EAE8004E565056DF7134563656325638566B5697
:10EAF80064562F566C566A56865680568A56A056C5
:10EB080094568F56A556AE56B656B456C256BC56EF
:10EB1800C156C356C056C856CE56D156D356D756E8
:10EB2800EE56F9560057FF560457095708570B5722
:10EB38000D57135718571657C7551C572657375789
:10EB480038574E573B5740574F576957C057885704
:10EB580061577F5789579357A057B357A457AA5758
:10EB6800B057C357C657D457D257D3570A58D65752
:10EB7800E3570B5819581D587258215862584B586A
:10EB88007058C06B52583D5879588558B9589F5895
:10EB9800AB58BA58DE58BB58B858AE58C558D358B1
:10EBA800D158D758D958D858E558DC58E458DF58C0
:10EBB800EF58FA58F958FB58FC58FD5802590A59A9
:10EBC80010591B59A66825592C592D5932593859AD
:10EBD8003E59D27A555950594E595A59585962592D
:10EBE800605967596C596959785981599D595E4FCF
:10EBF800AB4FA359B259C659E859DC598D59D9595F
:10EC0800DA59255A1F5A115A1C5A095A1A5A405A7F
:10EC18006C5A495A355A365A625A6A5A9A5ABC5ADA
:10EC2800BE5ACB5AC25ABD5AE35AD75AE65AE95A7B
:10EC3800D65AFA5AFB5A0C5B0B5B165B325BD05AFE
:10EC48002A5B365B3E5B435B455B405B515B555BD8
:10EC58005A5B5B5B655B695B705B735B755B785B81
:10EC680088657A5B805B835BA65BB85BC35BC75BCD
:10EC7800C95BD45BD05BE45BE65BE25BDE5BE55BD8
:10EC8800EB5BF05BF65BF35B055C075C085C0D5CBB
:10EC9800135C205C225C285C385C395C415C465C17
:10ECA8004E5C535C505C4F5C715B6C5C6E5C624E9E
:10ECB800765C795C8C5C915C945C9B59AB5CBB5CCE
:10ECC800B65CBC5CB75CC55CBE5CC75CD95CE95C27
:10ECD800FD5CFA5CED5C8C5DEA5C0B5D155D175DB7
:10ECE8005C5D1F5D1B5D115D145D225D1A5D195D24
:10ECF800185D4C5D525D4E5D4B5D6C5D735D765D80
:10ED0800875D845D825DA25D9D5DAC5DAE5DBD5D30
:10ED1800905DB75DBC5DC95DCD5DD35DD25DD65DEF
:10ED2800DB5DEB5DF25DF55D0B5E1A5E195E115EF3
:10ED38001B5E365E375E445E435E405E4E5E575EE7
:10ED4800545E5F5E625E645E475E755E765E7A5EA6
:10ED5800BC9E7F5EA05EC15EC25EC85ED05ECF5EB6
:10ED6800D65EE35EDD5EDA5EDB5EE25EE15EE85EB5
:10ED7800E95EEC5EF15EF35EF05EF45EF85EFE5E08
:10ED8800035F095F5D5F5C5F0B5F115F165F295F63
:10ED98002D5F385F415F485F4C5F4E5F2F5F515F6B
:10EDA800565F575F595F615F6D5F735F775F835F22
:10EDB800825F7F5F8A5F885F915F875F9E5F995FF1
:10EDC800985FA05FA85FAD5FBC5FD65FFB5FE45F45
:10EDD800F85FF15FDD5FB360FF5F2160606019601D
:10EDE800106029600E6031601B6015602B60266022
:10EDF8000F603A605A6041606A6077605F604A609D
:10EE080046604D6063604360646042606C606B6044
:10EE1800596081608D60E76083609A6084609B6060
:10EE2800966097609260A7608B60E160B860E06070
:10EE3800D360B460F05FBD60C660B560D8604D61F6
:10EE480015610661F660F7600061F460FA600361BD
:10EE58002161FB60F1600D610E6147613E612861CF
:10EE680027614A613F613C612C6134613D614261C7
:10EE7800446173617761586159615A616B6174616A
:10EE88006F61656171615F615D6153617561996110
:10EE980096618761AC6194619A618A619161AB61A5
:10EEA800AE61CC61CA61C961F761C861C361C661FD
:10EEB800BA61CB61797FCD61E661E361F661FA61A0
:10EEC800F461FF61FD61FC61FE6100620862096234
:10EED8000D620C6214621B621E6221622A622E623B
:10EEE80030623262336241624E625E6263625B62CA
:10EEF800606268627C62826289627E629262936208
:10EF08009662D46283629462D762D162BB62CF6236
:10EF1800FF62C662D464C862DC62CC62CA62C26242
:10EF2800C7629B62C9620C63EE62F1622763026387
:10EF38000863EF62F56250633E634D631C644F6380
:10EF480096638E638063AB637663A3638F63896321
:10EF58009F63B5636B636963BE63E963C063C6633C
:10EF6800E363C963D263F663C463166434640664F6
:10EF78001364266436641D65176428640F64676427
:10EF88006F6476644E642A6595649364A564A96485
:10EF98008864BC64DA64D264C564C764BB64D8643A
:10EFA800C264F164E7640982E064E164AC62E3642A
:10EFB800EF642C65F664F464F264FA640065FD6439
:10EFC80018651C650565246523652B6534653565FD
:10EFD8003765366538654B754865566555654D65C1
:10EFE80058655E655D6572657865826583658A8B3F
:10EFF8009B659F65AB65B765C365C665C165C46537
:10F00800CC65D265DB65D965E065E165F165726758
:10F018000A660366FB6573673566366634661C6682
:10F028004F664466496641665E665D666466676605
:10F0380068665F6662667066836688668E668966DD
:10F04800846698669D66C166B966C966BE66BC6612
:10F05800C466B866D666DA66E0663F66E666E9665E
:10F06800F066F566F7660F6716671E6726672767F7
:10F0780038972E673F67366741673867376746674F
:10F088005E67606759676367646789677067A967C0
:10F098007C676A678C678B67A667A1678567B767B0
:10F0A800EF67B467EC67B367E967B867E467DE677B
:10F0B800DD67E267EE67B967CE67C667E7679C6A90
:10F0C8001E684668296840684D6832684E68B368AB
:10F0D8002B685968636877687F689F688F68AD6830
:10F0E80094689D689B688368AE6AB9687468B568F7
:10F0F800A068BA680F698D687E680169CA6808697E
:10F10800D86822692669E1680C69CD68D468E7681F
:10F11800D568366912690469D768E3682569F968AA
:10F12800E068EF6828692A691A6923692169C6684D
:10F13800796977695C6978696B6954697E696E6910
:10F14800396974693D695969306961695E695D69E0
:10F1580081696A69B269AE69D069BF69C169D369F1
:10F16800BE69CE69E85BCA69DD69BB69C369A7691D
:10F178002E6A9169A0699C699569B469DE69E86934
:10F18800026A1B6AFF690A6BF969F269E769056A2D
:10F19800B1691E6AED69146AEB690A6A126AC16A82
:10F1A800236A136A446A0C6A726A366A786A476A1A
:10F1B800626A596A666A486A386A226A906A8D6A17
:10F1C800A06A846AA26AA36A976A1786BB6AC36A36
:10F1D800C26AB86AB36AAC6ADE6AD16ADF6AAA6AC6
:10F1E800DA6AEA6AFB6A056B1686FA6A126B166BAC
:10F1F800319B1F6B386B376BDC76396BEE98476B3E
:10F20800436B496B506B596B546B5B6B5F6B616BFA
:10F21800786B796B7F6B806B846B836B8D6B986B72
:10F22800956B9E6BA46BAA6BAB6BAF6BB26BB16B40
:10F23800B36BB76BBC6BC66BCB6BD36BDF6BEC6B19
:10F24800EB6BF36BEF6BBE9E086C136C146C1B6C52
:10F25800246C236C5E6C556C626C6A6C826C8D6C71
:10F268009A6C816C9B6C7E6C686C736C926C906C05
:10F27800C46CF16CD36CBD6CD76CC56CDD6CAE6CBA
:10F28800B16CBE6CBA6CDB6CEF6CD96CEA6C1F6D40
:10F298004D88366D2B6D3D6D386D196D356D336D3F
:10F2A800126D0C6D636D936D646D5A6D796D596D4A
:10F2B8008E6D956DE46F856DF96D156E0A6EB56D81
:10F2C800C76DE66DB86DC66DEC6DDE6DCC6DE86D25
:10F2D800D26DC56DFA6DD96DE46DD56DEA6DEE6DC3
:10F2E8002D6E6E6E2E6E196E726E5F6E3E6E236E92
:10F2F8006B6E2B6E766E4D6E1F6E436E3A6E4E6E53
:10F30800246EFF6E1D6E386E826EAA6E986EC96E80
:10F31800B76ED36EBD6EAF6EC46EB26ED46ED56E60
:10F328008F6EA56EC26E9F6E416F116F4C70EC6E42
:10F33800F86EFE6E3F6FF26E316FEF6E326FCC6E0D
:10F348003E6F136FF76E866F7A6F786F816F806F7D
:10F358006F6F5B6FF36F6D6F826F7C6F586F8E6F1F
:10F36800916FC26F666FB36FA36FA16FA46FB96F10
:10F37800C66FAA6FDF6FD56FEC6FD46FD86FF16F60
:10F38800EE6FDB6F09700B70FA6F117001700F7000
:10F39800FE6F1B701A70746F1D7018701F703070BC
:10F3A8003E7032705170637099709270AF70F170E6
:10F3B800AC70B870B370AE70DF70CB70DD70D970A0
:10F3C8000971FD701C7119716571557188716671CB
:10F3D80062714C7156716C718F71FB71847195718A
:10F3E800A871AC71D771B971BE71D271C971D4717C
:10F3F800CE71E071EC71E771F571FC71F971FF7113
:10F408000D7210721B7228722D722C723072327249
:10F418003B723C723F72407246724B725872747201
:10F428007E7282728172877292729672A272A772CB
:10F43800B972B272C372C672C472CE72D272E272FA
:10F44800E072E172F972F7720F5017730A731C7346
:10F4580016731D7334732F73297325733E734E739C
:10F468004F73D89E57736A73687370737873757324
:10F478007B737A73C873B373CE73BB73C073E5734E
:10F48800EE73DE73A27405746F742574F8733274A6
:10F498003A7455743F745F74597441745C74697438
:10F4A800707463746A7476747E748B749E74A774B3
:10F4B800CA74CF74D474F173E074E374E774E974B4
:10F4C800EE74F274F074F174F874F77404750375DB
:10F4D80005750C750E750D75157513751E752675E4
:10F4E8002C753C7544754D754A7549755B7546753F
:10F4F8005A756975647567756B756D757875767508
:10F508008675877574758A758975827594759A7507
:10F518009D75A575A375C275B375C375B575BD75AC
:10F52800B875BC75B175CD75CA75D275D975E375E1
:10F53800DE75FE75FF75FC750176F075FA75F27566
:10F54800F3750B760D7609761F7627762076217669
:10F5580022762476347630763B7647764876467639
:10F568005C76587661766276687669766A766776CA
:10F578006C7670767276767678767C768076837618
:10F5880088768B768E769676937699769A76B07616
:10F59800B476B876B976BA76C276CD76D676D2769D
:10F5A800DE76E176E576E776EA762F86FB760877EB
:10F5B80007770477297724771E77257726771B77AF
:10F5C8003777387747775A7768776B775B776577D8
:10F5D8007F777E7779778E778B779177A0779E770D
:10F5E800B077B677B977BF77BC77BD77BB77C77782
:10F5F800CD77D777DA77DC77E377EE77FC770C7817
:10F608001278267920782A7945788E7874788678E1
:10F618007C789A788C78A378B578AA78AF78D178FE
:10F62800C678CB78D478BE78BC78C578CA78EC78B8
:10F63800E778DA78FD78F478077912791179197909
:10F648002C792B794079607957795F795A7955798E
:10F6580053797A797F798A799D79A7794B9FAA79A5
:10F66800AE79B379B979BA79C979D579E779EC7985
:10F67800E179E379087A0D7A187A197A207A1F7A6B
:10F688008079317A3B7A3E7A377A437A577A497A5F
:10F69800617A627A697A9D9F707A797A7D7A887AB6
:10F6A800977A957A987A967AA97AC87AB07AB67A51
:10F6B800C57AC47ABF7A8390C77ACA7ACD7ACF7A64
:10F6C800D57AD37AD97ADA7ADD7AE17AE27AE67A81
:10F6D800ED7AF07A027B0F7B0A7B067B337B187B03
:10F6E800197B1E7B357B287B367B507B7A7B047BA2
:10F6F8004D7B0B7B4C7B457B757B657B747B677B8C
:10F70800707B717B6C7B6E7B9D7B987B9F7B8D7BFD
:10F718009C7B9A7B8B7B927B8F7B5D7B997BCB7B66
:10F72800C17BCC7BCF7BB47BC67BDD7BE97B117C4B
:10F73800147CE67BE57B607C007C077C137CF37B98
:10F74800F77B177C0D7CF67B237C277C2A7C1F7C2F
:10F75800377C2B7C3D7C4C7C437C547C4F7C407CB0
:10F76800507C587C5F7C647C567C657C6C7C757CAA
:10F77800837C907CA47CAD7CA27CAB7CA17CA87CA7
:10F78800B37CB27CB17CAE7CB97CBD7CC07CC57CD2
:10F79800C27CD87CD27CDC7CE27C3B9BEF7CF27C1C
:10F7A800F47CF67CFA7C067D027D1C7D157D0A7D45
:10F7B800457D4B7D2E7D327D3F7D357D467D737D3C
:10F7C800567D4E7D727D687D6E7D4F7D637D937D18
:10F7D800897D5B7D8F7D7D7D9B7DBA7DAE7DA37DA3
:10F7E800B57DC77DBD7DAB7D3D7EA27DAF7DDC7DDA
:10F7F800B87D9F7DB07DD87DDD7DE47DDE7DFB7DA0
:10F80800F27DE17D057E0A7E237E217E127E317E99
:10F818001F7E097E0B7E227E467E667E3B7E357E7F
:10F82800397E437E377E327E3A7E677E5D7E567EA7
:10F838005E7E597E5A7E797E6A7E697E7C7E7B7E7C
:10F84800837ED57D7D7EAE8F7F7E887E897E8C7E11
:10F85800927E907E937E947E967E8E7E9B7E9C7E0C
:10F86800387F3A7F457F4C7F4D7F4E7F507F517F59
:10F87800557F547F587F5F7F607F687F697F677F90
:10F88800787F827F867F837F887F877F8C7F947F46
:10F898009E7F9D7F9A7FA37FAF7FB27FB97FAE7F28
:10F8A800B67FB87F718BC57FC67FCA7FD57FD47F6F
:10F8B800E17FE67FE97FF37FF97FDC9806800480AB
:10F8C8000B801280188019801C80218028803F803E
:10F8D8003B804A804680528058805A805F80628090
:10F8E8006880738072807080768079807D807F8068
:10F8F8008480868085809B8093809A80AD8090519B
:10F90800AC80DB80E580D980DD80C480DA80D68059
:10F918000981EF80F1801B81298123812F814B810F
:10F928008B9646813E8153815181FC8071816E8125
:10F93800658166817481838188818A8180818281E1
:10F94800A0819581A481A3815F819381A981B081E0
:10F95800B581BE81B881BD81C081C281BA81C981AA
:10F96800CD81D181D981D881C881DA81DF81E081D7
:10F97800E781FA81FB81FE8101820282058207828A
:10F988000A820D821082168229822B823882338263
:10F998004082598258825D825A825F826482628282
:10F9A80068826A826B822E827182778278827E82F6
:10F9B8008D829282AB829F82BB82AC82E182E3829B
:10F9C800DF82D282F482F382FA8293830383FB82FA
:10F9D800F982DE820683DC820983D9823583348307
:10F9E80016833283318340833983508345832F8341
:10F9F8002B831783188385839A83AA839F83A28383
:10FA0800968323838E8387838A837C83B5837383DA
:10FA18007583A0838983A883F4831384EB83CE83BF
:10FA2800FD830384D8830B84C183F7830784E08331
:10FA3800F2830D8422842084BD8338840685FB8369
:10FA48006D842A843C845A85848477846B84AD844D
:10FA58006E848284698446842C846F847984358496
:10FA6800CA846284B984BF849F84D984CD84BB84CA
:10FA7800DA84D084C184C684D684A1842185FF8495
:10FA8800F484178518852C851F8515851485FC84B5
:10FA98004085638558854885418502864B8555850F
:10FAA8008085A485888591858A85A8856D859485B6
:10FAB8009B85EA8587859C8577857E859085C98520
:10FAC800BA85CF85B985D085D585DD85E585DC8581
:10FAD800F9850A8613860B86FE85FA8506862286B0
:10FAE8001A8630863F864D86554E54865F866786D1
:10FAF80071869386A386A986AA868B868C86B68607
:10FB0800AF86C486C686B086C9862388AB86D48667
:10FB1800DE86E986EC86DF86DB86EF861287068737
:10FB2800088700870387FB86118709870D87F98671
:10FB38000A8734873F8737873B87258729871A872E
:10FB480060875F8778874C874E8774875787688771
:10FB58006E875987538763876A870588A2879F8737
:10FB68008287AF87CB87BD87C087D087D696AB877C
:10FB7800C487B387C787C687BB87EF87F287E087C5
:10FB88000F880D88FE87F687F7870E88D287118839
:10FB980016881588228821883188368839882788E8
:10FBA8003B8844884288528859885E8862886B8876
:10FBB80081887E889E8875887D88B58872888288C5
:10FBC80097889288AE889988A2888D88A488B088FA
:10FBD800BF88B188C388C488D488D888D988DD8884
:10FBE800F9880289FC88F488E888F28804890C89F5
:10FBF8000A89138943891E8925892A892B8941897C
:10FC080044893B89368938894C891D8960895E8990
:10FC1800668964896D896A896F89748977897E891B
:10FC2800838988898A8993899889A189A989A689D4
:10FC3800AC89AF89B289BA89BD89BF89C089DA8997
:10FC4800DC89DD89E789F489F889038A168A108AAC
:10FC58000C8A1B8A1D8A258A368A418A5B8A528ABF
:10FC6800468A488A7C8A6D8A6C8A628A858A828AF0
:10FC7800848AA88AA18A918AA58AA68A9A8AA38A46
:10FC8800C48ACD8AC28ADA8AEB8AF38AE78AE48A46
:10FC9800F18A148BE08AE28AF78ADE8ADB8A0C8B87
:10FCA800078B1A8BE18A168B108B178B208B338B63
:10FCB800AB97268B2B8B3E8B288B418B4C8B4F8B9A
:10FCC8004E8B498B568B5B8B5A8B6B8B5F8B6C8BFC
:10FCD8006F8B748B7D8B808B8C8B8E8B928B938BA5
:10FCE800968B998B9A8B3A8C418C3F8C488C4C8C98
:10FCF8004E8C508C558C628C6C8C788C7A8C828C67
:10FD0800898C858C8A8C8D8C8E8C948C7C8C988C30
:10FD18001D62AD8CAA8CBD8CB28CB38CAE8CB68CAB
:10FD2800C88CC18CE48CE38CDA8CFD8CFA8CFB8C4F
:10FD3800048D058D0A8D078D0F8D0D8D108D4E9FAD
:10FD4800138DCD8C148D168D678D6D8D718D738D82
:10FD5800818D998DC28DBE8DBA8DCF8DDA8DD68D60
:10FD6800CC8DDB8DCB8DEA8DEB8DDF8DE38DFC8D1E
:10FD7800088E098EFF8D1D8E1E8E108E1F8E428E50
:10FD8800358E308E348E4A8E478E498E4C8E508EEC
:10FD9800488E598E648E608E2A8E638E558E768E2E
:10FDA800728E7C8E818E878E858E848E8B8E8A8EC7
:10FDB800938E918E948E998EAA8EA18EAC8EB08ED3
:10FDC800C68EB18EBE8EC58EC88ECB8EDB8EE38E70
:10FDD800FC8EFB8EEB8EFE8E0A8F058F158F128F91
:10FDE800198F138F1C8F1F8F1B8F0C8F268F338FAC
:10FDF8003B8F398F458F428F3E8F4C8F498F468F6F
:10FE08004E8F578F5C8F628F638F648F9C8F9F8F0D
:10FE1800A38FAD8FAF8FB78FDA8FE58FE28FEA8F21
:10FE2800EF8F8790F48F0590F98FFA8F11901590C6
:10FE380021900D901E9016900B902790369035903B
:10FE48003990F88F4F905090519052900E90499061
:10FE58003E90569058905E9068906F907690A896D5
:10FE6800729082907D90819080908A9089908F90F6
:10FE7800A890AF90B190B590E290E4904862DB9082
:10FE8800029112911991329130914A91569158915B
:10FE9800639165916991739172918B918991829126
:10FEA800A291AB91AF91AA91B591B491BA91C09139
:10FEB800C191C991CB91D091D691DF91E191DB911C
:10FEC800FC91F591F6911E92FF9114922C92159245
:10FED80011925E92579245924992649248929592F5
:10FEE8003F924B9250929C92969293929B925A92E6
:10FEF800CF92B992B792E9920F93FA9244932E93C4
:10FF0800199322931A9323933A9335933B935C93D3
:10FF180060937C936E935693B093AC93AD93949304
:10FF2800B993D693D793E893E593D893C393DD9386
:10FF3800D093C893E4931A94149413940394079455
:10FF4800109436942B94359421943A944194529475
:10FF580044945B94609462945E946A942992709439
:10FF6800759477947D945A947C947E9481947F942C
:10FF7800829587958A959495969598959995A09543
:10FF8800A895A795AD95BC95BB95B995BE95CA950D
:10FF9800F66FC395CD95CC95D595D495D695DC952A
:10FFA800E195E595E295219628962E962F9642960C
:10FFB8004C964F964B9677965C965E965D965F96B6
:10FFC800669672966C968D96989695969796AA963A
:10FFD800A796B196B296B096B496B696B896B996D4
:10FFE800CE96CB96C996CD964D89DC960D97D5962B
:08FFF800F9960497069708979B
:020000041001E9
:1000000013970E9711970F971697199724972A977A
:10001000309739973D973E97449746974897429730
:1000200049975C976097649766976897D2526B97E9
:100030007197799785977C9781977A9786978B9711
:100040008F9790979C97A897A697A397B397B497E5
:10005000C397C697C897CB97DC97ED974F9FF297BA
:10006000DF7AF697F5970F980C983898249821988E
:1000700037983D9846984F984B986B986F98709822
:10008000719874987398AA98AF98B198B698C498D4
:10009000C398C698E998EB9803990999129914990D
:1000A000189921991D991E99249920992C992E9976
:1000B0003D993E9942994999459950994B99519941
:1000C00052994C99559997999899A599AD99AE9946
:1000D000BC99DF99DB99DD99D899D199ED99EE9981
:1000E000F199F299FB99F899019A0F9A059AE29978
:1000F000199A2B9A379A459A429A409A439A3E9A6D
:10010000559A4D9A5B9A579A5F9A629A659A649A41
:10011000699A6B9A6A9AAD9AB09ABC9AC09ACF9A29
:10012000D19AD39AD49ADE9ADF9AE29AE39AE69A1F
:10013000EF9AEB9AEE9AF49AF19AF79AFB9A069B49
:10014000189B1A9B1F9B229B239B259B279B289BCD
:10015000299B2A9B2E9B2F9B329B449B439B4F9B0F
:100160004D9B4E9B519B589B749B939B839B919B58
:10017000969B979B9F9BA09BA89BB49BC09BCA9B55
:10018000B99BC69BCF9BD19BD29BE39BE29BE49BFD
:10019000D49BE19B3A9CF29BF19BF09B159C149C99
:1001A000099C139C0C9C069C089C129C0A9C049C19
:1001B0002E9C1B9C259C249C219C309C479C329C03
:1001C000469C3E9C5A9C609C679C769C789CE79CD5
:1001D000EC9CF09C099D089DEB9C039D069D2A9D2F
:1001E000269DAF9D239D1F9D449D159D129D419D64
:1001F0003F9D3E9D469D489D5D9D5E9D649D519D9C
:10020000509D599D729D899D879DAB9D6F9D7A9D47
:100210009A9DA49DA99DB29DC49DC19DBB9DB89D65
:10022000BA9DC69DCF9DC29DD99DD39DF89DE69D4B
:10023000ED9DEF9DFD9D1A9E1B9E1E9E759E799EB7
:100240007D9E819E889E8B9E8C9E929E959E919E69
:100250009D9EA59EA99EB89EAA9EAD9E6197CC9E8E
:10026000CE9ECF9ED09ED49EDC9EDE9EDD9EE09EE6
:10027000E59EE89EEF9EF49EF69EF79EF99EFB9EFD
:10028000FC9EFD9E079F089FB776159F219F2C9F80
:100290003E9F4A9F529F549F639F5F9F609F619FB5
:1002A000669F679F6C9F6A9F779F729F769F959FBF
:1002B0009C9FA09F2F58C76959906474DC51997115
:1002C0009C4E1655035A3F96C0541B612863F6593D
:1002D000229075841C83507AAA60E163256EED65D7
:1002E0006684A682F59B93682757A16571629B5B24
:1002F000D0597B86F498627DBE7D8E9B16629F7C72
:10030000B788895BB55E096397664868C7958D971E
:100310004F67E54E0A4F4D4F9D4F4950F2563759A2
:10032000D459015A095CDF600F6170611366056979
:10033000BA704F757075FB79AD7DEF7DC3800E840B
:100340006388028B55907A903B53954EA54EDF57AC
:10035000B280C190EF78004EF158A26E3890327A98
:1003600028838B822F9C41517053BD54E154E05639
:10037000FB59155FF298EB6DE4802D8562967096BF
:10038000A096FB970B54F353875BCF70BD7FC28F52
:10039000E8966F535C9DBA7A114E9378FC81266E75
:1003A000185604551D6B1A853B9CE559A953666D7B
:1003B000DC748F954256914E4B90F2964F830C9978
:1003C000E153B655305B715F2066F3660468386CA4
:1003D000F36C296D5B74C8764E7A3498F1825B8831
:1003E000608AED92B26DAB75CA76C599A660018B35
:1003F0008A8DB2958E69AD53865112573058445943
:10040000B45BF65E2860A963F463BF6C146F8E70F2
:1004100014715971D5713F73017E7682D1829785AF
:1004200060905B921B9D6958BC655A6C2575F951AB
:100430002E596559805FDC5FBC62FA652A6A276BBA
:10044000B46B8B73C17F56892C9D0E9DC49EA15C9D
:10045000966C7B8304514B5CB661C6817668617291
:10046000594EFA4F78536960296E4F7AF3970B4EC5
:100470001653EE4E554F3D4FA14F734FA052EF53C1
:1004800009560F59C15AB65BE15BD17987669C6703
:10049000B6674C6BB36C6B70C2738D79BE793C7A66
:1004A000877BB182DB8204837783EF83D383668784
:1004B000B28A2956A88CE68F4E901E978A86C44F22
:1004C000E85C116259723B75E581BD82FE86C08C85
:1004D000C5961399D599CB4E1A4FE389DE564A58E3
:1004E000CA58FB5EEB5F2A6094606260D061126262
:1004F000D0623965419B6666B068776D70704C75E7
:100500008676757DA582F9878B958E969D8CF151A7
:10051000BE521659B354B35B165D68618269AF6D04
:100520008D78CB845788728AA793B89A6C6DA899F6
:10053000D986A357FF67CE860E92835287560454FE
:10054000D35EE162B9643C683868BB6B7273BA7899
:100550006B7A9A89D2896B8D038FED90A3959496CF
:100560006997665BB35C7D694D984E989B63207B71
:100570002B6A7F6AB6680D9C5F6F72529D557060E2
:10058000EC623B6D076ED16E5B841089448F144E14
:10059000399CF6531B693A6A84972A685C51C37A7E
:1005A000B284DC918C935B56289D2268058331844C
:1005B000A57C0852C582E6747E4E834FA051D25B63
:1005C0000A52D852E752FB5D9A552A58E6598C5B7D
:1005D000985BDB5B725E795EA3601F616361BE61E5
:1005E000DB636265D1675368FA683E6B536B576C87
:1005F000226F976F456FB0741875E3760B77FF7AAB
:10060000A17B217CE97D367FF07F9D8066829E8381
:10061000B389CC8AAB8C8490519493959195A29593
:100620006596D39728991882384E2B54B85CCC5DC8
:10063000A9734C763C77A95CEB7F0B8DC196119822
:1006400054985898014F0E4F71539C556856FA575D
:100650004759095BC45B905C0C5E7E5ECC5FEE63C9
:100660003A67D765E2651F67CB68C4685F6A305E2A
:10067000C56B176C7D6C7F754879635B007A007D74
:10068000BD5F8F89188AB48C778DCC8E1D8FE298D0
:100690000E9A3C9B804E7D50005193599C5B2F627B
:1006A0008062EC643A6BA07291754779A97FFB87F1
:1006B000BC8A708BAC63CA83A09709540354AB55B2
:1006C0005468586A708A27787567CD9E7453A25B08
:1006D0001A8150860690184E454EC74E114FCA5388
:1006E0003854AE5B135F256051653D67426C726C98
:1006F000E36C78700374767AAE7A087B1A7DFE7CA0
:10070000667DE7655B72BB53455CE85DD262E06283
:100710001963206E5A86318ADD8DF892016FA679B1
:100720005A9BA84EAB4EAC4E9B4FA04FD150475159
:10073000F67A7151F651545321537F53EB53AC5514
:100740008358E15C375F4A5F2F6050606D601F63C4
:1007500059654B6AC16CC272ED72EF77F880058102
:1007600008824E85F790E193FF9757995A9AF04E79
:10077000DD512D5C81666D69405CF2667569897337
:100780005068817CC550E4524757FE5D2693A465AE
:10079000236B3D6B34748179BD794B7BCA7DB98203
:1007A000CC837F885F89398BD18FD1911F54809200
:1007B0005D4E3650E5533A53D7729673E977E68229
:1007C000AF8EC699C899D29977511A615E86B05595
:1007D0007A7A7650D35B47908596324EDB6AE79102
:1007E000515C485C98639F7A936C7497618FAA7A86
:1007F0008A718896827C1768707E51686C93F25279
:100800001B54AB85138AA47FCD8EE19066538888F4
:100810004179C24FBE501152445153552D57EA737E
:100820008B575159625F845F756076616761A9611A
:10083000B2633A646C656F664268136E66753D7AA2
:10084000FB7C4C7D997D4B7E6B7F0E834A83CD86EE
:10085000088A638A668BFD8E1A988F9DB882CE8F28
:10086000E89B87521F628364C06F999641689150DC
:10087000206B7A6C546F747A507D4088238A0867A5
:10088000F64E3950265065507C5138526352A75568
:100890000F570558CC5AFA5EB261F861F362726381
:1008A0001C69296A7D72AC722E7314786F78797D19
:1008B0000C77A9808B89198BE28CD28E639075930B
:1008C0007A965598139A789E43519F53B3537B5E03
:1008D000265F1B6E906E8473FE73437D3782008AA1
:1008E000FA8A50964E4E0B50E4537C54FA56D15926
:1008F000645BF15DAB5E275F38624565AF67566E3E
:10090000D072CA7CB488A180E180F0834E86878A49
:10091000E88D3792C7966798139F944E924E0D4F6D
:10092000485349543E542F5A8C5FA15F9F60A7687B
:100930008E6A5A7481789E8AA48A778B90915E4ED3
:10094000C99BA44E7C4FAF4F1950165049516C5162
:100950009F52B952FE529A53E35311540E54895583
:100960005157A2577D59545B5D5B8F5BE55DE75D39
:10097000F75D785E835E9A5EB75E185F52604C6189
:100980009762D862A7633B6502664366F4666D674B
:1009900021689768CB695F6C2A6D696D2F6E9D6EBB
:1009A000327587766C783F7AE07C057D187D5E7DB8
:1009B000B17D15800380AF80B18054818F812A8200
:1009C00052834C8861881B8BA28CFC8CCA907591D9
:1009D00071923F78FC92A4954D9605989999D89A72
:1009E0003B9D5B52AB52F7530854D558F762E06F0A
:1009F0006A8C5F8FB99E4B513B524A54FD56407AE8
:100A00007791609DD29E4473096F70811175FD5F6F
:100A1000DA60A89ADB72BC8F646B0398CA4EF056FA
:100A20006457BE585A5A6860C7610F6606663968CF
:100A3000B168F76DD5753A7D6E82429B9B4E504FE3
:100A4000C95306556F5DE65DEE5DFB67996C737487
:100A50000278508A9693DF885057A75E2B63B55073
:100A6000AC508D510067C9545E58BB59B05B695F8B
:100A70004D62A1633D68736B086E7D70C791807293
:100A8000157826786D798E65307DDC83C188098F75
:100A90009B966452285750676A7FA18CB451425785
:100AA0002A963A588A69B480B2540E5DFC579578FC
:100AB000FA9D5C4F4A528B543E6428661467F56772
:100AC000847A567B227D2F935C68AD9B397B1953CA
:100AD0008A513752DF5BF662AE64E6642D67BA6B0B
:100AE000A985D1969076D69B4C630693AB9BBF7637
:100AF0005266094E9850C253715CE8609264636517
:100B00005F68E671CA732375977B827E9586838BB7
:100B1000DB8C78911099AC65AB668B6BD54ED44E5F
:100B20003A4F7F4F3A52F853F253E355DB56EB58A6
:100B3000CB59C959FF59505B4D5C025E2B5ED75FA4
:100B40001D6007632F655C5BAF65BD65E8659D67EC
:100B5000626B7B6B0F6C45734979C179F87C197DA9
:100B60002B7DA2800281F38196895E8A698A668ADA
:100B70008C8AEE8AC78CDC8CCC96FC986F6B8B4E83
:100B80003C4F8D4F5051575BFA5B486101634266A1
:100B9000216BCB6EBB6C3E72BD74D475C1783A7953
:100BA0000C803380EA8194849E8F506C7F9E0F5F0F
:100BB000588B2B9DFA7AF88E8D5BEB96034EF15392
:100BC000F7573159C95AA45B89607F6E066FBE75AD
:100BD000EA8C9F5B0085E07B7250F4679D82615CCC
:100BE0004A851E7E0E829951045C6863668D9C6501
:100BF0006E713E79177D05801D8BCA8E6E90C786FB
:100C0000AA901F50FA523A5C53677C7035724C912F
:100C1000C8912B93E582C25B315FF9603B4ED6539E
:100C2000885B4B6231678A6BE972E0732E7A6B8165
:100C3000A38D529196991251D7536A54FF5B8863E2
:100C4000396AAC7D0097DA56CE536854975B315CB5
:100C5000DE5DEE4F0161FE62326DC079CB79427D7F
:100C60004D7ED27FED811F82908446887289908B61
:100C7000748E2F8F31904B916C91C6969C91C04E83
:100C80004F4F45514153935F0E62D467416C0B6ED9
:100C90006373267ECD918392D4531959BF5BD16D76
:100CA0005D792E7E9B7C7E589F71FA515388F08F20
:100CB000CA4FFB5C2566AC77E37A1C82FF99C6516C
:100CC000AA5FEC656F69896BF36D966E646FFE7653
:100CD000147DE15D759087910698E6511D52406242
:100CE0009166D9661A6EB65ED27D727FF866AF8560
:100CF000F785F88AA952D95373598F5E905F556072
:100D0000E4926496B7501F51DD5220534753EC5381
:100D1000E8544655315517566859BE593C5AB55B8B
:100D2000065C0F5C115C1A5C845E8A5EE05E705F3C
:100D30007F628462DB628C63776307660C662D6674
:100D400076667E67A2681F6A356ABC6C886D096E1C
:100D5000586E3C7126716771C77501775D780179AE
:100D60006579F079E07A117BA77C397D9680D6830E
:100D70008B8449855D88F3881F8A3C8A548A738AEC
:100D8000618CDE8CA49166927E9318949C969897C1
:100D90000A4E084E1E4E574E97517052CE57345839
:100DA000CC58225B385EC560FE6461675667446D4F
:100DB000B6727375637AB884728BB891209331568A
:100DC000F457FE98ED620D69966BED71547E778055
:100DD0007282E689DF985587B18F3B5C384FE14FCF
:100DE000B54F0755205ADD5BE95BC35F4E612F634A
:100DF000B0654B66EE689B69786DF16D3375B975BA
:100E00001F775E79E679337DE381AF82AA85AA896F
:100E10003A8AAB8E9B8F3290DD910797BA4EC14EC6
:100E200003527558EC580B5C1A753D5C4E810A8A6A
:100E3000C58F63966D97257BCF8A08986291F3568C
:100E4000A853179039548257255EA863346C8A7072
:100E500061778B7CE07F7088429054911093189357
:100E60008F965E74C49A075D695D7065A267A88DF0
:100E7000DB966E6349671969C5831798C096FE882B
:100E8000846F7A64F85B164E2C705D752F66C451C2
:100E90003652E252D359815F276010623F65746514
:100EA0001F667466F2681668636B056E72721F7552
:100EB000DB76BE7C5680F058FD887F89A08A938AB5
:100EC000CB8A1D9092915297599789650E7A068127
:100ED000BB962D5EDC601A62A56514669067F37799
:100EE0004D7A4D7C3E7E0A81AC8C648DE18D5F8EA7
:100EF000A9780752D962A563426498622D8A837AE1
:100F0000C07BAC8AEA96767D0C824987D94E4851DF
:100F100043536053A35B025C165CDD5D266247624F
:100F2000B06413683468C96C456D176DD3675C6F26
:100F30004E717D71CB657F7AAD7BDA7D4A7EA87F6D
:100F40007A811B823982A6856E8ACE8CF58D789047
:100F50007790AD9291928395AE9B4D528455386FA8
:100F6000367168518579557EB381CE7C4C56515887
:100F7000A85CAA63FE66FD665A69D9728F758E7584
:100F80000E795679DF79977C207D447D0786348AF7
:100F90003B966190209FE7507552CC53E253095025
:100FA000AA55EE584F593D728B5B645C1D53E3604C
:100FB000F3605C6383633F63BB63CD64E965F9669B
:100FC000E35DCD69FD69156FE571894EE975F876C8
:100FD000937ADF7CCF7D9C7D6180498358836C84CC
:100FE000BC84FB85C588708D01906D9097931C978C
:100FF000129ACF5097588E61D3813585088D2090F5
:10100000C34F7450475273536F6049635F672C6ED0
:10101000B38D1F90D74F5E5CCA8CCF659A7D5253BB
:1010200096887651C363585B6B5B0A5C0D645167AD
:101030005C90D64E1A592A59706C518A3E551558F3
:10104000A559F0605362C167358255694096C499CD
:10105000289A534F0658FE5B1080B15C2F5E855F67
:1010600020604B613462FF66F06CDE6ECE807F8163
:10107000D4828B88B88C00902E908A96DB9EDB9B66
:10108000E34EF05327592C7B8D914C98F99DDD6EE2
:10109000277053534455855B58629E62D362A26C9D
:1010A000EF6F2274178A3894C16FFE8A3883E75134
:1010B000F886EA53E953464F5490B08F6A5931810C
:1010C000FD5DEA7ABF8FDA68378CF872489C3D6A1A
:1010D000B08A394E585306566657C562A263E66514
:1010E0004E6BE16D5B6EAD70ED77EF7AAA7BBB7DE9
:1010F0003D80C680CB86958A5B93E356C7583E5F9A
:10110000AD659666806AB56B3775C78A2450E577FA
:1011100030571B5F65607A66606CF4751A7A6E7F73
:10112000F48118874590B399C97B5C75F97A517B36
:10113000C4841090E979927A3683E15A40772D4E33
:10114000F24E995BE05FBD623C66F167E86C6B86CE
:1011500077883B8A4E91F392D099176A26702A734A
:10116000E7825784AF8C014E4651CB518B55F55BCE
:10117000165E335E815E145F355F6B5FB45FF26154
:101180001163A2661D676E6F52723A753A7774806A
:10119000398178817687BF8ADC8A858DF38D9A9232
:1011A00077950298E59CC5525763F4761567886C6D
:1011B000CD73C38CAE937396256D9C580E69CC6924
:1011C000FD8F9A93DB751A905A580268B463FB69D5
:1011D000434F2C6FD867BB8F2685B47D54933F69EE
:1011E000706F6A57F7582C5B2C7D2A720A54E39172
:1011F000B49DAD4E4E4F5C50755043529E8C48543A
:1012000024589A5B1D5E955EAD5EF75E1F5F8C6035
:10121000B5623A63D063AF68406C87788E790B7A99
:10122000E07D4782028AE68A448E1390B8902D9121
:10123000D8910E9FE56C5864E2647565F46E84760F
:101240001B7B6990D193BA6EF254B95FA4644D8F41
:10125000ED8F449278516B582959555C975EFB6D20
:101260008F7E1C75BC8CE28E5B98B9701D4FBF6B76
:10127000B16F3075FB964E51105435585758AC59D4
:10128000605C925F97655C67216E7B76DF83ED8C97
:101290001490FD904D9325783A78AA52A65E1F5778
:1012A0007459126012505A51AC51CD510052105520
:1012B000545858585759955BF65C8B5DBC609562E5
:1012C0002D6471674368BC68DF68D776D86D6F6E30
:1012D0009B6D6F70C871535FD8757779497B547B6C
:1012E000527BD67C717D305263846985E4850E8A99
:1012F000048B468C0F8E03900F90199476962D9840
:10130000309AD895CD50D5520C5402580E5CA76136
:101310009E641E6DB377E57AF480048453908592C1
:10132000E05C079D3F53975FB35F9C6D7972637775
:10133000BF79E47BD26BEC72AD8A0368616AF851C5
:10134000817A34694A5CF69CEB82C55B49911E70D8
:1013500078566F5CC76066658C6C5A8C41901398A8
:101360005154C7660D924859A39085514D4EEA518C
:1013700099850E8B58707A634B936269B499047E99
:10138000777557536069DF8EE3965D6C8C4E3C5CDD
:10139000105FE98F0253D18C89807986FF5EE56505
:1013A000734E655182593F5CEE97FB4E8A59CD5F73
:1013B0008D8AE16FB0796279E75B71842B73B171CB
:1013C000745EF55F7B639A64C371987C434EFC5EE8
:1013D0004B4EDC57A256A960C36F0D7DFD80338153
:1013E000BF81B28F9789A486F45D8A62AD648789D4
:1013F0007767E26C3E6D36743478465A757FAD82FD
:10140000AC99F34FC35EDD62926357656F67C37635
:101410004C72CC80BA80298F4D910D50F957925A59
:10142000856873696471FD72B78CF258E08C6A96B6
:1014300019907F87E479E77729842F4F65525A53B3
:10144000CD62CF67CA6C7D76947B957C368284852D
:10145000EB8FDD66206F06721B7EAB83C199A69E63
:10146000FD51B17B7278B87B8780487BE86A615E0A
:101470008C80517560756B5162928C6E7A76979103
:10148000EA9A104F707F9C624F7BA595E99C7A5633
:101490005958E486BC96344F24524A53CD53DB53FB
:1014A000065E2C6491657F673E6C4E6C4872AF722D
:1014B000ED735475417E2C82E985A98CC47BC6915D
:1014C00069711298EF983D6369666A75E476D07821
:1014D0004385EE862A53515326548359875E7C5F99
:1014E000B26049627962AB629065D46BCC6CB275C4
:1014F000AE769178D879CB7D777FA580AB88B98A95
:10150000BB8C7F905E97DB980B6A387C99503E5C71
:10151000AE5F8767D86B357409778E7F3B9FCA674C
:10152000177A39538B75ED9A665F9D81F1839880A8
:101530003C5FC55F6275467B3C906768EB599B5A80
:10154000107D7E762C8BF54F6A5F196A376C026FBF
:10155000E27468796888558A798CDF5ECF63C575D7
:10156000D279D7822893F2929C84ED862D9CC15427
:101570006C5F8C655C6D1570A78CD38C3B984F6548
:10158000F6740D4ED84EE0572B59665ACC5BA851D5
:10159000035E9C5E166076627765A7656E666E6D0B
:1015A0003672267B50819A8199825C8BA08CE68C66
:1015B000748D1C964496AE4FAB64666B1E8261843C
:1015C0006A85E890015C5369A8987A8457850F4F23
:1015D0006F52A95F455E0D678F797981078986898A
:1015E000F56D175F5562B86CCF4E6972929B0652CB
:1015F0003B547456B358A4616E621A716E59897C5B
:10160000DE7C1B7DF09687655E80194E754F7551A7
:101610004058635E735E0A5FC467264E3D858995B8
:101620005B96737C0198FB50C1585676A77825527B
:10163000A5771185867B4F5009594772C77BE87D96
:10164000BA8FD48F4D90BF4FC952295A015FAD97C1
:10165000DD4F1782EA9203575563696B2B75DC885F
:10166000148F427ADF52935855610A62AE66CD6B91
:101670003F7CE9832350F84F05534654315849596C
:101680009D5BF05CEF5C295D965EB16267633E65D1
:10169000B9650B67D56CE16CF97032782B7EDE8012
:1016A000B3820C84EC84028712892A8A4A8CA69021
:1016B000D292FD98F39C6C9D4F4EA14E8D50565288
:1016C0004A57A8593D5ED85FD95F3F62B4661B6731
:1016D000D067D2689251217DAA80A881008B8C8C22
:1016E000BF8C7E92329620542C981753D5505C5361
:1016F000A858B264346767726677467AE691C35237
:10170000A16C866B00584C5E54592C67FB7FE151ED
:10171000C6766964E878549BBB9ECB57B959276657
:101720009A67CE6BE954D969555E9C819567AA9BEF
:10173000FE67529C5D68A64EE34FC853B9622B67A3
:10174000AB6CC48FAD4F6D7EBF9E074E6261806EE5
:101750002B6F138573542A67459BF35D957BAC5CB7
:10176000C65B1C874A6ED184147A088199598D7C96
:10177000116C2077D952225921715F72DB7727973C
:10178000619D0B697F5A185AA5510D547D540E6600
:10179000DF76F78F9892F49CEA595D72C56E4D51D1
:1017A000C968BF7DEC7D6297BA9E7864216A028326
:1017B00084595F5BDB6B1B73F276B27D1780998473
:1017C00032512867D99EEE766267FF520599245CF4
:1017D0003B627E7CB08C4F55B6600B7D809501538B
:1017E0005F4EB6511C593A723680CE91255FE27732
:1017F0008453795F047DAC85338A8D8E5697F36769
:10180000AE85539409610861B96C5276ED8A388FC0
:101810002F55514F2A51C752CB53A55B7D5EA06017
:101820008261D6630967DA67676E8C6D36733773CA
:1018300031755079D588988A4A909190F590C496E0
:101840008D871559884E594F0E4E898A3F8F1098B3
:10185000AD507C5E9659B95BB85EDA63FA63C164D9
:10186000DC664A69D8690B6DB66E94712875AF7ADB
:101870008A7F00804984C9848189218B0A8E659082
:101880007D960A997E619162326B836C746DCC7F18
:10189000FC7FC06D857FBA87F8886567B1833C9807
:1018A000F7961B6D617D3D846A91714E7553505D55
:1018B000046BEB6FCD852D86A78929520F54655C8B
:1018C0004E67A86806748374E275CF88E188CC916E
:1018D000E29678968B5F8773CB7A4E84A0636575AA
:1018E0008952416D9C6E097459756B78927C86960D
:1018F000DC7A8D9FB64F6E61C5655C86864EAE4EB6
:10190000DA50214ECC51EE5B99658168BC6D1F7336
:101910004276AD771C7AE77C6F82D28A7C90CF9139
:10192000759618989B52D17D2B5098539767CB6D25
:10193000D0713374E8812A8FA396579C9F9E607460
:101940004158996D2F7D5E98E44E364F8B4FB751BD
:10195000B152BA5D1C60B2733C79D3823492B796AF
:10196000F6960A97979E629FA666746B1752A352CB
:10197000C870C288C95E4B609061236F49713E7C1C
:10198000F47D6F80EE8423902C9342546F9BD36A36
:101990008970C28CEF8D3297B452415ACA5E045F8F
:1019A00017677C6994696A6D0F6F6272FC72ED7BD8
:1019B00001807E804B87CE906D51939E84798B8081
:1019C0003293D68A2D508C54718A6A6BC48C0781ED
:1019D000D160A067F29D994E984E109C6B8AC1858C
:1019E000688500697E6E9778558100000025022584
:1019F0000C251025182514251C252C2524253425D7
:101A00003C25012503250F2513251B2517252325F7
:101A100033252B253B254B2520252F25282537250C
:101A20003F251D2530252525382542251004110484
:101A300012041304140415040104160417041804F2
:101A400019041A041B041C041D041E041F04200492
:101A50002104220423042404250426042704280442
:101A600029042A042B042C042D042E042F04000026
:101A70000000000000000000000000000000000066
:101A800000000000000000000000000030043104ED
:101A90003204330434043504510436043704380462
:101AA00039043A043B043C043D043E043F04400432
:101AB00041044204430444044504460447044804E2
:101AC00049044A044B044C044D044E044F040000E6
:101AD000910392039303940395039603970398034A
:101AE00099039A039B039C039D039E039F03A003FA
:101AF000A103A303A403A503A603A703A803A903A3
:101B000000000000000000000000000000000000D5
:101B1000B103B203B303B403B503B603B703B80309
:101B2000B903BA03BB03BC03BD03BE03BF03C003B9
:101B3000C103C303C403C503C603C703C803C90362
:101B40000000000000000000000000000000000194
:101B5000010101010101010101000000000000007C
:101B60000101010101010101010101010101010165
:101B7000010101010101010101010000000000005B
:101B80000001010101010101010101010101010146
:101B9000010101010101010101010100C625A12589
:101BA000A025B325B225BD25BC253B2012309221AE
:101BB00090219121932113300000000000000000CB
:101BC00000000000000000000000000000000822EB
:101BD0000B2286228722822283222A2229220000A7
:101BE00000000000000000000000000000002722AC
:101BF0002822AC00D221D421002203222922000075
:101C000000000000000000000000000000000000D4
:101C100000002022A5221223022207226122522242
:101C20006A226B221A223D221D2235222B222C22CF
:101C300000000000000000000000000000002B2158
:101C400030206F266D266A2620202120B6002C2207
:101C5000000000000000EF250030013002300CFFD2
:101C60000EFFFB301AFF1BFF1FFF01FF9B309C3054
:101C7000B40040FFA8003EFF3E203FFFFD30FE3095
:101C80009D309E300330DD4E053006300730FC308D
:101C9000142010200FFF3CFF1C3016205CFF262074
:101CA0002520182019201C201D2008FF09FF1430B2
:101CB00015303BFF3DFF5BFF5DFF083009300A3008
:101CC0000B300C300D300E300F30103011300BFF58
:101CD0001222B100D700F7001DFF60221CFF1EFF7B
:101CE000662267221E22342242264026B00032207D
:101CF00033200321A50004FFA200A30005FF03FF7A
:101D000006FF0AFF20FFA70006260526CB25CF25C4
:101D1000CE25C725000000001F001C200000000089
:101D20001421000002001624000000001425000009
:101D30000200152800000000112900000000142AEC
:101D400000000000182B00000000142C0000000010
:101D5000102D00000000142E000001000C300000C7
:101D60000900143A00000100183C00000200143F72
:101D700000000100034100001900155B0000000095
:101D8000145C00000000115D00000000175E000000
:101D900000000F5F000000001760000000000361FA
:101DA00000001900157B00000000187C00000000F6
:101DB000117D00000000187E00000000007F000080
:101DC00020001CA00000000014A10000000016A2CA
:101DD0000000030019A60000000014A70000000086
:101DE00017A80000000019A90000000006AA0000C2
:101DF000000013AB0000000018AC0000000001ADB3
:101E00000000000019AE0000000017AF0000000045
:101E100019B00000000018B1000000000EB2000070
:101E2000010017B40000000003B50000000014B664
:101E30000000010017B8000000000EB9000000000B
:101E400006BA0000000012BB000000000EBC00003B
:101E5000020014BF0000000003C00000160018D7E5
:101E60000000000003D80000060004DF00000000AE
:101E700003E00000160018F70000000003F800005F
:101E80003F00043801000000033901000F0004493D
:101E900001000000034A01004200048D010000001F
:101EA000038E01000C00049B01000000039C010054
:101EB0000D0004AA0100010003AC01000D0004BAEA
:101EC0000100000006BB0100000003BC010001008E
:101ED00004BE0100000003BF0100000006C00100B5
:101EE000030003C40100000007C50100000003C691
:101EF0000100010007C80100000003C90100010042
:101F000007CB0100000003CC0100230004F0010016
:101F1000000003F10100000007F20100000003F3DC
:101F200001002D0004210200000003220200110024
:101F3000043402000500033A02001A0004550200AE
:101F4000000003560200010004580200000003597B
:101F500002000000045A02000000035B02000100BE
:101F6000045D02000200036002000100046202003E
:101F70000000036302000000046402000000036527
:101F80000200010004670200000003680200040070
:101F9000046D02000100036F0200000004700200E3
:101FA00000000371020001000473020001000375C8
:101FB00002000000047602000600037D020000001B
:101FC000047E020001000380020000000481020080
:101FD0000000038202000100048402000200038763
:101FE00002000500048D02000400039202000000BC
:101FF0000493020000000694020000000495020011
:102000000700039D02000100049F0200100005B0BC
:102010000200110017C20200030005C602000B00F7
:1020200017D202000D0005E00200040017E50200CF
:10203000060005EC0200000017ED0200000005EEAE
:102040000200000017EF020010000B0003006F00F9
:1020500003700300030005740300000017750300FC
:102060000000037603000100057A03000000037BF3
:1020700003000200147E03000000037F0300000041
:102080001784030001000386030000001487030087
:102090000000038803000200038C03000000038E8D
:1020A00003000100049003000000039103001000EE
:1020B00003A303000C0004B00300000003B10300FD
:1020C000200008D20300020003D50300200018F608
:1020D0000300000003F70300040004FC03000000F9
:1020E00003FD030084001982040000000B83040038
:1020F00004000A8804000100038A0400A5000331DB
:1021000005002500055905000000145A05000500CA
:102110000460050000000361050025000487050038
:102120000100148905000000108A05000000198DC7
:1021300005000100168F050000000B9105002C0022
:1021400010BE050000000BBF0500000014C0050014
:1021500000000BC10500010014C3050000000BC402
:102160000500010014C6050000000BC705000000B3
:1021700006D005001A0006EF0500030014F3050061
:1021800001000100060005001806060002001409FF
:1021900006000100160B06000000140C06000100EA
:1021A000190E060001000B1006000A00141B0600A1
:1021B0000000011C06000000141D0600020006209D
:1021C00006001F0005400600000006410600090049
:1021D0000B4B060014000C6006000900146A060090
:1021E0000300066E060001000B7006000000067179
:1021F0000600620014D40600000006D506000000A8
:102200000BD60600060001DD0600000019DE060000
:1022100000000BDF0600050005E5060001000BE7E6
:102220000600010019E9060000000BEA06000300A1
:1022300006EE060001000CF00600090006FA060092
:10224000020019FD0600010006FF06000000140050
:1022500007000D00010F0700000006100700000036
:102260000B1107000000061207001D000B300700CD
:102270001A00064D070058000BA607000A0006B119
:10228000070000000CC00700090006CA0700200074
:102290000BEB0700080005F40700010019F6070022
:1022A000000014F70700020005FA070000000BFD0C
:1022B0000700000016FE07000100060008001500D8
:1022C0000B1608000300051A080000000B1B08008D
:1022D00008000524080000000B250800020005285E
:1022E000080000000B2908000400143008000E004C
:1022F0000640080018000B5908000200145E080090
:102300000000066008000A00067008001700178821
:10231000080000000689080005000190080001007F
:102320000B980800070006A00800280005C908004F
:1023300000000BCA0800170001E2080000000BE3D0
:1023400008001F0009030900000006040900350009
:102350000B3A09000000093B090000000B3C090092
:102360000000063D09000000093E090002000B4183
:10237000090007000949090003000B4D090000008E
:10238000094E090001000650090000000B51090028
:1023900006000658090009000B62090001001464D8
:1023A000090001000C660900090014700900000012
:1023B000057109000000067209000E000B8109007A
:1023C0000000098209000100068509000700068F48
:1023D0000900010006930900150006AA090006007D
:1023E00006B20900000006B6090003000BBC090094
:1023F000000006BD0900000009BE090002000BC173
:102400000900030009C70900010009CB0900010008
:102410000BCD0900000006CE0900000009D7090015
:10242000000006DC0900010006DF090002000BE2E3
:10243000090001000CE60900090006F0090001008E
:1024400016F2090001000EF40900050019FA09004E
:10245000000016FB0900000006FC0900000014FD46
:10246000090000000BFE090000000B010A0001003A
:1024700009030A00000006050A000500060F0A000D
:10248000010006130A001500062A0A00060006329B
:102490000A00010006350A00010006380A000100A2
:1024A0000B3C0A000000093E0A0002000B410A0032
:1024B00001000B470A0001000B4B0A0002000B5100
:1024C0000A00000006590A000300065E0A00000028
:1024D0000C660A0009000B700A00010006720A006F
:1024E00002000B750A00000014760A0000000B8140
:1024F0000A00010009830A00000006850A0008009E
:10250000068F0A00020006930A00150006AA0A00B8
:10251000060006B20A00010006B50A0004000BBC62
:102520000A00000006BD0A00000009BE0A00020001
:102530000BC10A0004000BC70A00010009C90A0008
:10254000000009CB0A0001000BCD0A00000006D0F4
:102550000A00000006E00A0001000BE20A00010088
:102560000CE60A00090014F00A00000016F10A0047
:10257000000006F90A0000000BFA0A0005000B0132
:102580000B00000009020B00010006050B0007000C
:10259000060F0B00010006130B001500062A0B00A6
:1025A000060006320B00010006350B0004000B3C50
:1025B0000B000000063D0B000000093E0B00000070
:1025C0000B3F0B00000009400B0000000B410B000B
:1025D000030009470B000100094B0B0001000B4DE4
:1025E0000B0000000B550B00010009570B00000009
:1025F000065C0B000100065F0B0002000B620B0083
:1026000001000C660B00090019700B000000067138
:102610000B0000000E720B0005000B820B00000087
:1026200006830B00000006850B000500068E0B00DC
:10263000020006920B00030006990B000100069CA5
:102640000B000000069E0B00010006A30B0001001A
:1026500006A80B00020006AE0B000B0009BE0B0023
:1026600001000BC00B00000009C10B00010009C6EE
:102670000B00020009CA0B0002000BCD0B0000008A
:1026800006D00B00000009D70B0000000CE60B0081
:1026900009000EF00B00020019F30B00050016F9FB
:1026A0000B00000019FA0B0000000B000C000000EA
:1026B00009010C0002000B040C00000006050C00D0
:1026C0000700060E0C00020006120C001600062A77
:1026D0000C000F000B3C0C000000063D0C0000003D
:1026E0000B3E0C00020009410C0003000B460C00DD
:1026F00002000B4A0C0003000B550C0001000658A9
:102700000C000200065D0C00000006600C000100D9
:102710000B620C0001000C660C00090014770C0021
:1027200000000E780C000600197F0C0000000680E7
:102730000C0000000B810C00000009820C0001005D
:1027400014840C00000006850C000700068E0C00A7
:10275000020006920C00160006AA0C00090006B53D
:102760000C0004000BBC0C00000006BD0C000000B7
:1027700009BE0C0000000BBF0C00000009C00C00DB
:1027800004000BC60C00000009C70C00010009CAB8
:102790000C0001000BCC0C00010009D50C0001005D
:1027A00006DD0C00010006E00C0001000BE20C004D
:1027B00001000CE60C00090006F10C00010009F311
:1027C0000C0000000B000D00010009020D000100CB
:1027D00006040D000800060E0D00020006120D0092
:1027E00028000B3B0D000100063D0D000000093ED6
:1027F0000D0002000B410D00030009460D00020010
:10280000094A0D0002000B4D0D000000064E0D00A0
:102810000000194F0D00000006540D00020009577A
:102820000D0000000E580D000600065F0D000200AE
:102830000B620D0001000C660D0009000E700D000A
:10284000080019790D000000067A0D0005000B81C3
:102850000D00000009820D00010006850D00110029
:10286000069A0D00170006B30D00080006BD0D0006
:10287000000006C00D0006000BCA0D00000009CFC5
:102880000D0002000BD20D0002000BD60D0000005F
:1028900009D80D0007000CE60D00090009F20D0033
:1028A000010014F40D00000006010E002F000B3192
:1028B0000E00000006320E0001000B340E00060070
:1028C000163F0E00000006400E00050005460E00F3
:1028D00000000B470E000700144F0E0000000C50C4
:1028E0000E000900145A0E00010006810E000100BE
:1028F00006840E00000006860E000400068C0E0002
:10290000170006A50E00000006A70E0009000BB177
:102910000E00000006B20E0001000BB40E0008000D
:1029200006BD0E00000006C00E00040005C60E0025
:1029300000000BC80E0006000CD00E00090006DCDB
:102940000E00030006000F00000019010F00020036
:1029500014040F000E0019130F00000014140F00D0
:10296000000019150F0002000B180F000100191AC2
:102970000F0005000C200F0009000E2A0F000900AF
:1029800019340F0000000B350F00000019360F003E
:1029900000000B370F00000019380F0000000B3942
:1029A0000F000000153A0F000000113B0F0000005F
:1029B000153C0F000000113D0F000000093E0F0004
:1029C000010006400F00070006490F0023000B71AD
:1029D0000F000D00097F0F0000000B800F000400A6
:1029E00014850F0000000B860F00010006880F0001
:1029F00004000B8D0F000A000B990F00230019BE75
:102A00000F0007000BC60F00000019C70F000500DC
:102A100019CE0F00010014D00F00040019D50F00CB
:102A2000030014D90F000100060010002A00092B32
:102A3000100001000B2D10000300093110000000F0
:102A40000B32100005000938100000000B3910008F
:102A50000100093B100001000B3D10000100063F82
:102A6000100000000C4010000900144A100005007E
:102A70000650100005000956100001000B58100008
:102A80000100065A100003000B5E100002000661F0
:102A9000100000000962100002000665100001002D
:102AA000096710000600066E100002000B7110008E
:102AB0000300067510000C000B8210000000098353
:102AC000100001000B8510000100098710000500AF
:102AD0000B8D10000000068E10000000098F100002
:102AE00000000C9010000900099A100002000B9DD4
:102AF00010000000199E1000010003A01000250026
:102B000003C71000000003CD1000000003D0100028
:102B10002A0014FB1000000005FC1000000003FD5B
:102B200010000200060011004801064A12000300CE
:102B3000065012000600065812000000065A120045
:102B40000300066012002800068A120003000690A7
:102B50001200200006B21200030006B812000600A0
:102B600006C01200000006C21200030006C81200D0
:102B70000E0006D8120038000612130003000618D3
:102B8000130042000B5D13000200146013000800E4
:102B90000E6913001300068013000F001990130034
:102BA000090003A01300550003F8130005001000EE
:102BB00014000000060114006B02196D16000000DD
:102BC000146E16000000066F160010001C80160020
:102BD0000000068116001900159B16000000119CCC
:102BE0001600000006A016004A0014EB16000200B2
:102BF0000DEE1600020006F1160007000600170091
:102C000011000B1217000200091517000000061F23
:102C1000170012000B3217000100093417000000E2
:102C20001435170001000640170011000B52170061
:102C30000100066017000C00066E170002000B7200
:102C4000170001000680170033000BB417000100C5
:102C500009B6170000000BB71700060009BE1700E1
:102C600007000BC61700000009C7170001000BC9B9
:102C700017000A0014D41700020005D7170000003F
:102C800014D81700020016DB1700000006DC17003E
:102C900000000BDD170000000CE0170009000EF02B
:102CA00017000900140018000500100618000000A5
:102CB0001407180003000B0B18000200010E180087
:102CC00000000B0F180000000C101800090006206F
:102CD00018002200054318000000064418003400C4
:102CE0000680180004000B851800010006871800F4
:102CF00021000BA91800000006AA1800000006B069
:102D000018004500060019001E000B2019000200E3
:102D10000923190003000B271900010009291900D4
:102D200002000930190001000B32190000000933BC
:102D3000190005000B3919000200194019000000A4
:102D40001444190001000C4619000900065019002E
:102D50001D00067019000400068019002B0006B043
:102D6000190019000CD0190009000EDA1900000032
:102D700019DE1900210006001A0016000B171A00B0
:102D8000010009191A0001000B1B1A000000141E93
:102D90001A00010006201A00340009551A0000002C
:102DA0000B561A00000009571A0000000B581A00B1
:102DB00006000B601A00000009611A0000000B6297
:102DC0001A00000009631A0001000B651A000700D1
:102DD000096D1A0005000B731A0009000B7F1A0019
:102DE00000000C801A0009000C901A00090014A0C1
:102DF0001A00060005A71A00000014A81A00050012
:102E00000BB01A000D000ABE1A0000000BBF1A001A
:102E10000F000B001B00030009041B000000060547
:102E20001B002E000B341B00000009351B000000A6
:102E30000B361B000400093B1B0000000B3C1B0071
:102E40000000093D1B0004000B421B000000094369
:102E50001B00010006451B0007000C501B00090069
:102E6000145A1B00060019611B0009000B6B1B00A4
:102E7000080019741B000800147D1B0001000B8062
:102E80001B00010009821B00000006831B001D00BF
:102E900009A11B0000000BA21B00030009A61B00D8
:102EA00001000BA81B00010009AA1B0000000BABCE
:102EB0001B00020006AE1B0001000CB01B00090045
:102EC00006BA1B002B000BE61B00000009E71B00E5
:102ED00000000BE81B00010009EA1B0002000BEDDB
:102EE0001B00000009EE1B0000000BEF1B0002009E
:102EF00009F21B00010014FC1B00030006001C006B
:102F0000230009241C0007000B2C1C0007000934B7
:102F10001C0001000B361C000100143B1C000400C7
:102F20000C401C000900064D1C0002000C501C0047
:102F30000900065A1C001D0005781C000500147EBF
:102F40001C00010003801C00080003901C002A00E4
:102F500003BD1C00020014C01C0007000BD01C00A5
:102F6000020014D31C0000000BD41C000C0009E16B
:102F70001C0000000BE21C00060006E91C00030018
:102F80000BED1C00000006EE1C0005000BF41C00FD
:102F9000000006F51C00010009F71C0000000BF8FA
:102FA0001C00010006FA1C00000004001D002B009C
:102FB000052C1D003E00046B1D000C0005781D0053
:102FC000000003791D000000047A1D000200037D4B
:102FD0001D000000047E1D000F00038E1D00000078
:102FE000048F1D000B00059B1D0024000BC01D005D
:102FF0003F0003001E00950004961E000400039B82
:103000001E000000049C1E000100039E1E00000024
:10301000049F1E00000003A01E00750003181F007F
:10302000050003201F00250003481F000500045071
:103030001F00000003511F00000004521F00000089
:1030400003531F00000004541F00000003551F001D
:10305000000004561F00000003571F000000035922
:103060001F000000035B1F000000035D1F00000045
:10307000035F1F001E0003801F00070007881F005A
:10308000070003901F00070007981F00070003A018
:103090001F00070007A81F00070003B01F00010062
:1030A00004B21F00000003B31F00000004B41F009F
:1030B000000004B61F00010003B81F00030007BC96
:1030C0001F00000017BD1F00000003BE1F0000000E
:1030D00017BF1F00020004C21F00000003C31F002F
:1030E000000004C41F00000004C61F00010003C844
:1030F0001F00030007CC1F00000017CD1F000200B7
:1031000003D01F00010004D21F00010004D61F00DD
:10311000010003D81F00030017DD1F00020003E0B9
:103120001F00010004E21F00020003E51F00000071
:1031300004E61F00010003E81F00040017ED1F0054
:10314000020004F21F00000003F31F00000004F45B
:103150001F00000004F61F00010003F81F00030019
:1031600007FC1F00000017FD1F0001001C002000CD
:103170000A00010B200004001010200005001416A6
:103180002000010013182000000012192000000088
:10319000151A20000000131B20000100121D200042
:1031A0000000151E20000000131F20000000142046
:1031B000200007001A28200000001B292000000022
:1031C000012A200004001C2F2000000014302000E1
:1031D0000800133920000000123A20000000143BC0
:1031E000200003000F3F20000100144120000200D6
:1031F0001844200000001545200000001146200062
:103200000000144720000A00185220000000145348
:10321000200000000F542000000014552000090079
:103220001C5F2000000001602000040001662000F7
:1032300009000E70200000000571200000000E74CF
:1032400020000500187A20000200157D20000000F3
:10325000117E20000000057F200000000E8020006D
:103260000900188A20000200158D20000000118E30
:1032700020000000059020000C0016A02000200077
:103280000BD020000C000ADD200003000BE1200021
:1032900000000AE2200002000BE520000B001900EC
:1032A0002100010008022100000019032100030091
:1032B000080721000000190821000100040A21006C
:1032C0000000080B21000200040E2100010008107C
:1032D0002100020004132100000019142100000045
:1032E00008152100000019162100010018182100FE
:1032F0000000081921000400191E210005000824FF
:1033000021000000192521000000032621000000F3
:103310001927210000000828210000001929210098
:103320000000032A21000100082C21000100192EB1
:1033300021000000042F21000000083021000100BE
:103340000332210000000833210000000434210072
:103350000000063521000300043921000000193A5D
:1033600021000100043C21000100083E2100010071
:1033700018402100040008452100000004462100F7
:103380000300194A21000000184B21000000194CCD
:1033900021000100034E21000000194F2100000010
:1033A0000E5021000F000D60210022000383210038
:1033B00001000D85210003000E8921000000198AFB
:1033C000210001001890210004001995210004003B
:1033D000189A21000100199C2100030018A0210067
:1033E000000019A12100010018A32100000019A468
:1033F0002100010018A62100000019A721000600E5
:1034000018AE2100000019AF21001E0018CE2100C7
:10341000010019D02100010018D22100000019D3A9
:103420002100000018D42100000019D521001E0041
:1034300018F421000B0119002300070015082300D0
:103440000000110923000000150A23000000110BE1
:1034500023000000190C2300130018202300010092
:10346000192223000600152923000000112A230039
:103470000000192B23005000187C23000000197D48
:1034800023001D00189B2300180019B423002700F7
:1034900018DC2300050019E2230044001940240031
:1034A0000A000E6024003B00199C24004D000EEA27
:1034B0002400150019002500B60018B725000000EB
:1034C00019B82500080018C12500000019C2250000
:1034D000350018F825000700190026006E00186F47
:1034E0002600000019702600F7001568270000006C
:1034F000116927000000156A27000000116B2700E2
:103500000000156C27000000116D27000000156EEB
:1035100027000000116F2700000015702700000031
:103520001171270000001572270000001173270099
:1035300000001574270000001175270000000E76AA
:1035400027001D00199427002B0018C02700040035
:1035500015C52700000011C62700000018C7270066
:103560001E0015E62700000011E72700000015E8FF
:103570002700000011E92700000015EA27000000DD
:1035800011EB2700000015EC2700000011ED2700CB
:10359000000015EE2700000011EF2700000018F0D2
:1035A00027000F0019002800FF00180029008200E2
:1035B00015832900000011842900000015852900C9
:1035C00000001186290000001587290000001188DD
:1035D00029000000158929000000118A2900000037
:1035E000158B29000000118C29000000158D290081
:1035F0000000118E29000000158F29000000119095
:1036000029000000159129000000119229000000F6
:103610001593290000001194290000001595290038
:10362000000011962900000015972900000011984C
:1036300029000000189929003E0015D82900000033
:1036400011D92900000015DA2900000011DB29003A
:10365000000018DC29001F0015FC2900000011FDE6
:103660002900000018FE2900010119002B002F007D
:1036700018302B00140019452B00010018472B00AF
:103680000500194D2B00260019762B001F001997F5
:103690002B00680003002C00700004712C00000057
:1036A00003722C00010004742C00000003752C0030
:1036B000010004772C000400057C2C000100037E2F
:1036C0002C00650004E42C00000019E52C00050026
:1036D00003EB2C0003000BEF2C00020003F22C0084
:1036E000010014F92C0003000EFD2C00000014FE54
:1036F0002C00010003002D00250003272D000000F1
:10370000032D2D00000006302D003700056F2D0021
:10371000000014702D0000000B7F2D0000000680BB
:103720002D00160006A02D00060006A82D0006009C
:1037300006B02D00060006B82D00060006C02D00BC
:10374000060006C82D00060006D02D00060006D88B
:103750002D0006000BE02D001F0014002E000100BC
:1037600013022E00000012032E00000013042E008E
:10377000000012052E00000014062E00020013099E
:103780002E000000120A2E000000140B2E00000074
:10379000130C2E000000120D2E000000140E2E003F
:1037A000080010172E00000014182E000100101A37
:1037B0002E000000141B2E000000131C2E00000021
:1037C000121D2E000000141E2E00010013202E00DA
:1037D000000012212E00000015222E0000001123EF
:1037E0002E00000015242E00000011252E000000E0
:1037F00015262E00000011272E00000015282E008F
:10380000000011292E000000142A2E000400052FAC
:103810002E00000014302E000900103A2E00010086
:10382000143C2E00030010402E00000014412E0016
:10383000000015422E00000014432E000C00195009
:103840002E00010014522E00020015552E0000001B
:1038500011562E00000015572E00000011582E00A2
:10386000000015592E000000115A2E000000155BB3
:103870002E000000115C2E000000105D2E000000E4
:1038800019802E001900199B2E00580019002F00D6
:10389000D50019F02F000B001C00300000001401AF
:1038A000300002001904300000000505300000005F
:1038B0000606300000000D0730000000150830003B
:1038C0000000110930000000150A30000000110B43
:1038D00030000000150C30000000110D3000000019
:1038E000150E30000000110F3000000015103000E0
:1038F00000001111300000001912300001001514F1
:1039000030000000111530000000151630000000D6
:103910001117300000001518300000001119300098
:103920000000151A30000000111B30000000101CB0
:1039300030000000151D30000000111E3000010095
:103940001920300000000D21300008000B2A300043
:103950000300092E30000100103030000000053156
:10396000300004001936300001000D38300002002C
:10397000053B30000000063C30000000143D3000E4
:103980000000193E300001000641300055000B993F
:1039900030000100179B30000100059D3000010040
:1039A000069F3000000010A03000000006A130008B
:1039B000590014FB3000000005FC3000020006FF37
:1039C00030000000060531002A00063131005D009C
:1039D0001990310001000E92310003001996310058
:1039E000090006A031001F0019C03100230006F0B5
:1039F00031000F00190032001E000E2032000900B5
:103A0000192A32001D000E483200070019503200FA
:103A100000000E5132000E00196032001F000E80AF
:103A200032000900198A320026000EB132000E0061
:103A300019C032003F0106003400BF1919C04D0003
:103A40003F0006004E0014520515A00000000616A7
:103A5000A00076041990A400360006D0A400270028
:103A600005F8A400050014FEA40001000600A5004E
:103A70000B01050CA6000000140DA60002000610A4
:103A8000A6000F000C20A6000900062AA6000100CF
:103A90000340A6002D00066EA60000000B6FA600D6
:103AA00000000A70A60002001473A60000000B7448
:103AB000A6000900147EA6000000057FA6000000F5
:103AC0000380A6001B00059CA60001000B9EA6001B
:103AD000010006A0A60045000DE6A60009000BF0B7
:103AE000A600010014F2A60005001700A7001600AA
:103AF0000517A70008001720A70001000322A70050
:103B00000D000430A70001000332A7003D0005703E
:103B1000A70000000471A70007000379A7000E00AA
:103B20000588A70000001789A7000100038BA700E4
:103B30000200048EA7000000068FA700000003907B
:103B4000A70004000495A70000000396A700180032
:103B500004AFA700000003B0A7001A0003D0A7001D
:103B6000010004D3A700000004D5A700000003D67D
:103B7000A700030005F2A700020003F5A70001005B
:103B800006F7A700000005F8A700010004FAA70047
:103B9000000006FBA70006000B02A80000000603B9
:103BA000A80002000B06A80000000607A8000300FA
:103BB0000B0BA8000000060CA80016000923A800A3
:103BC00001000B25A80001000927A8000000192802
:103BD000A80003000B2CA80000000E30A800050070
:103BE0001936A80001001638A80000001939A800ED
:103BF00000000640A80033001474A80003000980E8
:103C0000A80001000682A800310009B4A8000F0036
:103C10000BC4A800010014CEA80001000CD0A8001D
:103C200009000BE0A800110006F2A800050014F836
:103C3000A800020006FBA800000014FCA800000079
:103C400006FDA80001000BFFA80000000C00A90061
:103C50000900060AA9001B000B26A9000700142E64
:103C6000A90001000630A90016000B47A9000A00B0
:103C70000952A9000100145FA90000000660A90014
:103C80001C000B80A90002000983A9000000068423
:103C9000A9002E000BB3A900000009B4A90001007F
:103CA0000BB6A900030009BAA90001000BBCA900CA
:103CB000010009BEA900020014C1A9000C0005CF33
:103CC000A90000000CD0A900090014DEA900010021
:103CD00006E0A90004000BE5A900000005E6A90024
:103CE000000006E7A90008000CF0A900090006FA88
:103CF000A90004000600AA0028000B29AA0005005C
:103D0000092FAA0001000B31AA0001000933AA0003
:103D100001000B35AA0001000640AA0002000B4377
:103D2000AA0000000644AA0007000B4CAA000000ED
:103D3000094DAA0000000C50AA000900145CAA005A
:103D400003000660AA000F000570AA0000000671BB
:103D5000AA0005001977AA000200067AAA0000004E
:103D6000097BAA0000000B7CAA000000097DAA00C4
:103D70000000067EAA0031000BB0AA00000006B1C8
:103D8000AA0000000BB2AA00020006B5AA000100BA
:103D90000BB7AA00010006B9AA0004000BBEAA00D6
:103DA000010006C0AA0000000BC1AA00000006C264
:103DB000AA00000006DBAA00010005DDAA00000041
:103DC00014DEAA00010006E0AA000A0009EBAA001E
:103DD00000000BECAA00010009EEAA00010014F09B
:103DE000AA00010006F2AA00000005F3AA000100E3
:103DF00009F5AA0000000BF6AA0000000601AB00BE
:103E000005000609AB0005000611AB000500062001
:103E1000AB0006000628AB0006000430AB00220011
:103E20000353AB0000000454AB000600175BAB006B
:103E30000000055CAB0003000460AB0008000569EE
:103E4000AB000000176AAB0001000370AB004F002D
:103E500006C0AB00220009E3AB0001000BE5AB009C
:103E6000000009E6AB0001000BE8AB00000009E927
:103E7000AB00010014EBAB00000009ECAB0000004C
:103E80000BEDAB0000000CF0AB0009000600AC002D
:103E9000A32B06B0D700160006CBD70030000200D7
:103EA000D800FF070600F9006D010670FA006900EE
:103EB0000400FB0006000413FB000400061DFB00C9
:103EC00000000B1EFB000000061FFB000900182964
:103ED000FB000000062AFB000C000638FB00040073
:103EE000063EFB0000000640FB0001000643FB000D
:103EF00001000646FB006B0017B2FB00100006D362
:103F0000FB006A01113EFD000000153FFD000000AE
:103F10001940FD000F000650FD003F000692FD0015
:103F2000350019CFFD00000006F0FD000B0016FC67
:103F3000FD00000019FDFD0002000B00FE000F0057
:103F40001410FE0006001517FE0000001118FE00F8
:103F500000001419FE0000000B20FE000F001430BA
:103F6000FE0000001031FE0001000F33FE000100D2
:103F70001535FE0000001136FE0000001537FE006A
:103F800000001138FE0000001539FE000000113A53
:103F9000FE000000153BFE000000113CFE0000008A
:103FA000153DFE000000113EFE000000153FFE0022
:103FB00000001140FE0000001541FE00000011420B
:103FC000FE0000001543FE0000001144FE0000004A
:103FD0001445FE0001001547FE0000001148FE00D8
:103FE00000001449FE0003000F4DFE0002001450B3
:103FF000FE0002001454FE0003001058FE000000F2
:104000001559FE000000115AFE000000155BFE006D
:104010000000115CFE000000155DFE000000115E56
:10402000FE000000145FFE0002001862FE000000A7
:104030001063FE0000001864FE0002001468FE0019
:1040400000001669FE000000146AFE000100067000
:10405000FE0004000676FE00860001FFFE00000060
:104060001401FF0002001604FF0000001405FF0009
:1040700002001508FF0000001109FF000000140AEB
:10408000FF000000180BFF000000140CFF000000F0
:10409000100DFF000000140EFF0001000C10FF00C7
:1040A0000900141AFF000100181CFF000200141F71
:1040B000FF0001000321FF001900153BFF00000075
:1040C000143CFF000000113DFF000000173EFF0000
:1040D00000000F3FFF0000001740FF0000000341F9
:1040E000FF001900155BFF000000185CFF000000D6
:1040F000115DFF000000185EFF000000155FFF006B
:1041000000001160FF0000001461FF000000156254
:10411000FF0000001163FF0000001464FF000100B5
:104120000666FF0009000570FF0000000671FF0031
:104130002C00059EFF00010006A0FF001E0006C225
:10414000FF00050006CAFF00050006D2FF000500BB
:1041500006DAFF00020016E0FF00010018E2FF008F
:10416000000017E3FF00000019E4FF00000016E55F
:10417000FF00010019E8FF00000018E9FF0003003C
:1041800019EDFF00010001F9FF00020019FCFF001A
:104190000100060000010B00060D000119000628B1
:1041A00000011200063C00010100063F00010E0064
:1041B000065000010D00068000017A001400010184
:1041C00002000E0701012C001937010108000D4003
:1041D000010134000E75010103001979010110007D
:1041E0000E8A01010100198C0101020019900101E0
:1041F0000C0019A00101000019D001012C000BFDD9
:1042000001010000068002011C0006A0020130002E
:104210000BE0020100000EE102011A00060003019A
:104220001F000E2003010300062D030113000D41A2
:10423000030100000642030107000D4A03010000CC
:104240000650030125000B760301040006800301DC
:104250001D00149F0301000006A00301230006C8EF
:104260000301070014D0030100000DD10301040075
:10427000030004014F00065004014D000CA004018E
:10428000090003B00401230003D804012300060041
:1042900005012700063005013300146F05010000F9
:1042A000037005010A00037C05010E00038C050163
:1042B0000600039405010100039705010A0003A30A
:1042C00005010E0003B30501060003BB0501010053
:1042D00006000601360106400701150006600701C9
:1042E000070005800701050005870701290005B2C1
:1042F0000701080006000801050006080801000083
:10430000060A08012B00063708010100063C0801D7
:104310000000063F080116001457080100000E585F
:10432000080107000660080116001977080101005E
:104330000E7908010600068008011E000EA708017C
:10434000080006E00801120006F4080101000EFB57
:10435000080104000600090115000E1609010500F8
:10436000141F09010000062009011900143F09016A
:1043700000000680090137000EBC0901010006BEDD
:10438000090101000EC009010F000ED209012D0024
:1043900006000A0100000B010A0102000B050A01D8
:1043A00001000B0C0A01030006100A0103000615A8
:1043B0000A01020006190A011C000B380A0102005A
:1043C0000B3F0A0100000E400A01080014500A01C8
:1043D000080006600A011C000E7D0A010100147F1E
:1043E0000A01000006800A011C000E9D0A0102005D
:1043F00006C00A01070019C80A01000006C90A011F
:104400001B000BE50A0101000EEB0A01040014F089
:104410000A01060006000B01350014390B010600E5
:1044200006400B0115000E580B01070006600B013A
:1044300012000E780B01070006800B011100149981
:104440000B0103000EA90B01060006000C01480039
:1044500003800C01320003C00C0132000EFA0C0183
:10446000050006000D0123000B240D0103000C3094
:104470000D0109000E600E011E0006800E012900CC
:104480000BAB0E01010010AD0E01000006B00E01D5
:1044900001000BFD0E01020006000F011C000E1DA5
:1044A0000F01090006270F01000006300F0115005B
:1044B0000B460F010A000E510F01030014550F01A6
:1044C000040006700F0111000B820F010300148617
:1044D0000F01030006B00F0114000EC50F01060006
:1044E00006E00F0116000900100100000B01100189
:1044F00000000902100100000603100134000B380F
:1045000010010E001447100106000E521001130096
:104510000C66100109000B701001000006711001FB
:1045200001000B73100101000675100100000B7FE4
:1045300010010200098210010000068310012C0006
:1045400009B0100102000BB31001030009B71001FC
:1045500001000BB91001010014BB1001010001BDE5
:104560001001000014BE100103000BC21001000076
:1045700001CD1001000006D0100118000CF0100150
:1045800009000B00110102000603110123000B2793
:1045900011010400092C110100000B2D110107006D
:1045A0000C361101090014401101030006441101E9
:1045B00000000945110101000647110100000650E5
:1045C000110122000B73110100001474110101008C
:1045D0000676110100000B80110101000982110112
:1045E0000000068311012F0009B3110102000BB670
:1045F0001101080009BF1101010006C111010300EA
:1046000014C5110103000BC91101030014CD1101E0
:10461000000009CE110100000BCF110100000CD0E9
:104620001101090006DA1101000014DB110100007C
:1046300006DC1101000014DD110102000EE1110180
:104640001300060012011100061312011800092CB4
:10465000120102000B2F12010200093212010100A7
:104660000B34120100000935120100000B36120153
:1046700001001438120105000B3E12010000063F34
:10468000120101000B411201000006801201060018
:10469000068812010000068A12010300068F12012B
:1046A0000E00069F1201090014A91201000006B0B5
:1046B00012012E000BDF1201000009E012010200BE
:1046C0000BE3120107000CF0120109000B001301AB
:1046D0000100090213010100060513010700060F7E
:1046E00013010100061313011500062A1301060029
:1046F0000632130101000635130104000B3B1301C0
:104700000100063D13010000093E130101000B40AA
:1047100013010000094113010300094713010100BF
:10472000094B130102000650130100000957130141
:104730000000065D130104000962130101000B660D
:10474000130106000B70130104000600140134006D
:104750000935140102000B38140107000940140147
:1047600001000B42140102000945140100000B4630
:1047700014010000064714010300144B1401040047
:104780000C5014010900145A14010100145D1401A5
:1047900000000B5E14010000065F14010200068099
:1047A00014012F0009B0140102000BB3140105001D
:1047B00009B9140100000BBA1401000009BB14016F
:1047C00003000BBF1401010009C1140100000BC25A
:1047D0001401010006C41401010014C614010000F4
:1047E00006C7140100000CD0140109000680150151
:1047F0002E0009AF150102000BB21501030009B824
:10480000150103000BBC1501010009BE15010000D4
:104810000BBF1501010014C11501160006D81501C2
:1048200003000BDC15010100060016012F00093002
:10483000160102000B3316010700093B16010100A7
:104840000B3D16010000093E160100000B3F16014A
:1048500001001441160102000644160100000C502C
:1048600016010900146016010C00068016012A00CA
:104870000BAB1601000009AC160100000BAD1601D0
:10488000000009AE160101000BB01601050009B6C3
:10489000160100000BB71601000006B81601000053
:1048A00014B9160100000CC016010900060017011A
:1048B0001A000B1D170102000920170101000B222D
:1048C000170103000926170100000B271701040038
:1048D0000C30170109000E3A17010100143C1701B2
:1048E0000200193F170100000640170106000600EC
:1048F00018012B00092C180102000B2F18010800C9
:104900000938180100000B3918010100143B180187
:10491000000003A018013F000CE0180109000EEA96
:104920001801080006FF1801070006091901000018
:10493000060C1901070006151901010006181901D6
:1049400017000930190105000937190101000B3B57
:1049500019010100093D190100000B3E1901000079
:10496000063F190100000940190100000641190124
:1049700000000942190100000B4319010000144412
:10498000190102000C501901090006A019010700C5
:1049900006AA1901260009D1190102000BD4190138
:1049A00003000BDA1901010009DC190103000BE017
:1049B0001901000006E11901000014E219010000CC
:1049C00006E31901000009E41901000006001A01BC
:1049D00000000B011A010900060B1A0127000B3316
:1049E0001A01050009391A010000063A1A010000EF
:1049F0000B3B1A010300143F1A0107000B471A0171
:104A0000000006501A0100000B511A010500095759
:104A10001A0101000B591A010200065C1A012D004F
:104A20000B8A1A010C0009971A0100000B981A0151
:104A30000100149A1A010200069D1A010000149E3A
:104A40001A01040006B01A01480014001B010900F5
:104A500006001C010800060A1C012400092F1C0185
:104A600000000B301C0106000B381C010500093E3C
:104A70001C0100000B3F1C01000006401C0100004F
:104A800014411C0104000C501C0109000E5A1C01A9
:104A9000120014701C01010006721C011D000B9213
:104AA0001C01150009A91C0100000BAA1C0106002D
:104AB00009B11C0100000BB21C01010009B41C016A
:104AC00000000BB51C01010006001D0106000608D0
:104AD0001D010100060B1D0125000B311D01050004
:104AE0000B3A1D0100000B3C1D0101000B3F1D0195
:104AF000060006461D0100000B471D0100000C507A
:104B00001D01090006601D01050006671D01010069
:104B1000066A1D011F00098A1D0104000B901D017A
:104B2000010009931D0101000B951D01000009966C
:104B30001D0100000B971D01000006981D010000DB
:104B40000CA01D01090006E01E0112000BF31E015E
:104B5000010009F51E01010014F71E0101000B0000
:104B60001F01010006021F01000009031F010000D0
:104B700006041F010C0006121F01210009341F0149
:104B800001000B361F010400093E1F0101000B400C
:104B90001F01000009411F0100000B421F0100001E
:104BA00014431F010C000C501F01090006B01F0127
:104BB00000000EC01F01140019D51F01070016DDEB
:104BC0001F01030019E11F01100014FF1F01000065
:104BD0000600200199030D0024016E0014702401C9
:104BE000040006802401C30006902F01600014F128
:104BF0002F010100060030012F04013034010F00A5
:104C00000B40340100000641340105000B4734011C
:104C10000E00060044014602060068013802064004
:104C20006A011E000C606A010900146E6A0101002D
:104C300006706A014E000CC06A01090006D06A01C4
:104C40001D000BF06A01040014F56A010000060063
:104C50006B012F000B306B01060014376B01040051
:104C6000193C6B01030005406B01030014446B0108
:104C7000000019456B0100000C506B0109000E5B30
:104C80006B01060006636B011400067D6B011200C8
:104C900003406E013F000E806E01160014976E01F6
:104CA000030006006F014A000B4F6F010000065021
:104CB0006F01000009516F0136000B8F6F01030077
:104CC00005936F010C0005E06F01010014E26F0114
:104CD000000005E36F0100000BE46F01000009F024
:104CE0006F01010006007001F71706008801D50466
:104CF00006008D01080005F0AF01030005F5AF01C6
:104D0000060005FDAF0101000600B00122010632D8
:104D1000B10100000650B10102000655B1010000CA
:104D20000664B10103000670B1018B010600BC01ED
:104D30006A000670BC010C000680BC0108000690E9
:104D4000BC010900199CBC0100000B9DBC010100C5
:104D5000149FBC01000001A0BC0103000B00CF01A7
:104D60002D000B30CF0116001950CF017300190030
:104D7000D001F5001900D10126001929D1013B000D
:104D80000965D10101000B67D1010200196AD10147
:104D90000200096DD10105000173D10107000B7BF1
:104DA000D10107001983D10101000B85D101060053
:104DB000198CD1011D000BAAD101030019AED1013C
:104DC0003C001900D20141000B42D20102001945FA
:104DD000D20100000EC0D20113000EE0D201130078
:104DE0001900D30156000E60D30118000800D40149
:104DF0001900041AD40119000834D4011900044E12
:104E0000D40106000456D40111000868D401190029
:104E10000482D4011900089CD4010000089ED4012A
:104E2000010008A2D401000008A5D401010008A9CE
:104E3000D401030008AED401070004B6D401030076
:104E400004BBD401000004BDD401060004C5D40194
:104E50000A0008D0D401190004EAD401190008049A
:104E6000D50101000807D5010300080DD501070091
:104E70000816D5010600041ED50119000838D50111
:104E80000100083BD50103000840D5010400084695
:104E9000D5010000084AD50106000452D5011900C9
:104EA000086CD50119000486D501190008A0D501A8
:104EB000190004BAD501190008D4D501190004EE6F
:104EC000D50119000808D60119000422D6011900DD
:104ED000083CD60119000456D60119000870D60105
:104EE0001900048AD6011B0008A8D601180018C1B1
:104EF000D601000004C2D601180018DBD60100005C
:104F000004DCD601050008E2D601180018FBD60122
:104F1000000004FCD60118001815D7010000041683
:104F2000D7010500081CD70118001835D70100006B
:104F30000436D7011800184FD70100000450D701DC
:104F400005000856D7011800186FD701000004703B
:104F5000D70118001889D7010000048AD70105007D
:104F60000890D701180018A9D701000004AAD7019A
:104F7000180018C3D701000004C4D701050008CAEF
:104F8000D701000004CBD70100000CCED7013100BF
:104F90001900D801FF010B00DA0136001937DA01D8
:104FA00003000B3BDA013100196DDA0107000B75C4
:104FB000DA0100001976DA010D000B84DA01000035
:104FC0001985DA0101001487DA0104000B9BDA016C
:104FD00004000BA1DA010E000400DF010900060A3B
:104FE000DF010000040BDF0113000425DF010500D1
:104FF0000B00E00106000B08E00110000B1BE001B4
:1050000006000B23E00101000B26E001040005303F
:10501000E0013D000B8FE00100000600E1012C00E3
:105020000B30E10106000537E10106000C40E1010B
:105030000900064EE1010000194FE1010000069051
:10504000E2011D000BAEE201000006C0E2012B00F0
:105050000BECE20103000CF0E201090016FFE20193
:10506000000006D0E4011A0005EBE40100000BEC9F
:10507000E40103000CF0E401090006E0E70106008A
:1050800006E8E701030006EDE701010006F0E7018D
:105090000E000600E801C4000EC7E80108000BD0AE
:1050A000E80106000300E90143000B44E9010600A2
:1050B000054BE90100000C50E9010900145EE9010B
:1050C00001000E71EC013A0019ACEC0100000EADCC
:1050D000EC01020016B0EC0100000EB1EC0103007F
:1050E0000E01ED012C00192EED0100000E2FED0137
:1050F0000E000600EE0103000605EE011A0006216F
:10510000EE0101000624EE0100000627EE0100007A
:105110000629EE0109000634EE0103000639EE010E
:105120000000063BEE0100000642EE0100000647CB
:10513000EE0100000649EE010000064BEE01000002
:10514000064DEE0102000651EE0101000654EE018B
:1051500000000657EE0100000659EE010000065B54
:10516000EE010000065DEE010000065FEE010000AA
:105170000661EE0101000664EE0100000667EE0123
:105180000300066CEE0106000674EE0103000679CA
:10519000EE010300067EEE0100000680EE0109002C
:1051A000068BEE01100006A1EE01020006A5EE013D
:1051B000040006ABEE01100018F0EE01010019002A
:1051C000F0012B001930F001630019A0F0010E006E
:1051D00019B1F0010E0019C1F0010E0019D1F00152
:1051E00024000E00F1010C00190DF101A00019E6D8
:1051F000F1011C001910F2012B001940F201080006
:105200001950F20101001960F20105001900F301C3
:10521000FA0017FBF30104001900F401D70219DCAE
:10522000F601100019F0F6010C001900F7017600E4
:10523000197BF7015E0019E0F7010B0019F0F70187
:1052400000001900F8010B001910F801370019507F
:10525000F80109001960F80127001990F8011D00F4
:1052600019B0F80101001900F90153011960FA01A0
:105270000D001970FA010C001980FA01080019904C
:10528000FA012D0019BFFA01060019CEFA010D002E
:1052900019E0FA01080019F0FA0108001900FB01F1
:1052A00092001994FB0136000CF0FB010900060086
:1052B0000002DFA60600A70239100640B702DD0093
:1052C0000620B802811606B0CE02301D0600F80294
:1052D0001D02060000034A13065013035F1001016C
:1052E000000E00000120000E5F000B00010EEF0019
:1052F00000000000000000000000000000000000AE
:10530000000000000000000000000000000000009D
:10531000000000000000000000000000000000008D
:1053200010111213141516171819000000000000B0
:10533000001A1B1C1D1E1F000000000000000000C2
:10534000000000000000000000000000000000005D
:10535000001A1B1C1D1E1F000000000000000000A2
:10536000000000000000000000000000000000003D
:10537000000000000000000000000000000000002D
:10538000000000000000000000000000000000001D
:10539000000000000000000000000000000000000D
:1053A00000000000000000000000000000000000FD
:1053B00000000000000000000000000000000000ED
:1053C00000000000000000000000000000000000DD
:1053D00000000000000000000000000000000000CD
:1053E00000000000000000000000000000000000BD
:1053F00005000000190000007D0000000000000012
:105400000080E03779C34143176E05B5B5B89346C0
:10541000F5F93FE9034F384D321D30F94877825A8C
:105420003CBF737FDD4F1575000000000000F03FAA
:10543000000000000000244000000000000059406F
:105440000000000000408F40000000000088C340C2
:1054500000000000006AF8400000000080842E4137
:1054600000000000D01263410000000084D7974183
:105470000000000065CDCD41000000205FA0024289
:10548000000000E876483742000000A2941A6D42FE
:10549000000040E59C30A2420000901EC4BCD642F1
:1054A00000003426F56B0C430080E03779C341439C
:1054B00000A0D8855734764300C84E676DC1AB4312
:1054C000003D9160E458E143408CB5781DAF154430
:1054D00050EFE2D6E41A4B4492D54D06CFF080440B
:1054E000F64AE1C7022DB544B49DD9794378EA4420
:1054F00068DD001074DD001080DD00108CDD001010
:1055000098DD0010A4DD0010B0DD001098E0001060
:1055100003000068EFF3108C72B60268002AFCD01A
:10552000BFF35F8F04229A56002A0BDB002900D0BC
:105530000A6000201B68BFF35F8F00221A608CF3A3
:1055400010887047D0221206126801201A71F1E704
:10555000F0B5C646160000B504001F000268EFF360
:10556000108172B61368002BFCD0BFF35F8F042349
:10557000E3562268002B2BDBBFF35F8F0020106007
:1055800081F31088D02212061278002552B290467C
:105590009A420ED1002080BCB846F0BDBFF35F8FA9
:1055A000156081F310883000390000F0DDFE00281E
:1055B000F0D12268EFF3108172B61368002BFCD093
:1055C000BFF35F8F237922687F2BE7D9434602E040
:1055D000D0231B061B682371BFF35F8F002313606A
:1055E00081F310880120D6E7F0B5C64600B50F005C
:1055F000040000F0E9FEFA220E0005000023380046
:105600000021920000F0D0FE4019714106000F1EEB
:1056100002DA0126164F7642D0231B061B680025AE
:1056200098460AE0BFF35F8F156081F31088300061
:10563000390000F099FE002818D12268EFF310819C
:1056400072B61368002BFCD0BFF35F8F23792268FA
:105650007F2BE7D943462371BFF35F8F002313608D
:1056600081F31088012080BCB846F0BD0020FAE725
:10567000FFFFFF7F0268EFF3108172B61368002B03
:10568000FCD0BFF35F8FFF2303710368BFF35F8F0D
:1056900000221A6081F3108840BF7047084B9C4677
:1056A0001B78002B0BD18023064807495B051A683D
:1056B000C25004338B42FAD1012362461370704703
:1056C000602A0020F42300100001001010B5014BE7
:1056D000984710BDF5230020064B5A6802609A686F
:1056E0004260DA6882601A69C2605A6902619B6925
:1056F00043617047000002400268064B5A604268EE
:105700009A608268DA60C2681A6102695A61426905
:105710009A61704700000240034B1A68C0239B0047
:105720009343024A136070470C8001400C90014083
:10573000054B1A6880239B005340C02292001340FF
:10574000024A13607047C0460C8001400C90014033
:10575000F0B5D6464F4646460023C0B5182786B05A
:105760001E0081460D00988A3F493B8814009847E7
:105770003B8880463D49B08A984700233C49060053
:10578000988A3B8898478246FFF788FF6846FFF76C
:10579000A3FFC047B047FFF7CBFF211E1CD0082353
:1057A000C0209C464005163F6246836A1A401F424D
:1057B00034D0631A002926D1002A0BD1002C0BD03B
:1057C000C023082202265B059B6A1A401E423DD078
:1057D000002AF5D0002C2BD1FFF79EFFD047FFF712
:1057E00075FF6846FFF788FF06B0E0BCBA46B146D1
:1057F000A846F0BD002C2BD1C0225205966A082283
:105800003240B6072BD50D2B19D9002AF2D1C02270
:105810005205966A08223240B607F4D4002A04D111
:105820000B002343002BBFD1D6E70B00002CF9D08F
:10583000036E013C2B70230001350B43F2E74B460E
:105840001B780139036601239944E7E70021E5E766
:10585000C0235B051B6E013C2B700135A4E70B00D8
:10586000A242DFD1DCE7C0464946000045580000AF
:10587000464300000022154B10B59A60DA601A61A9
:105880005A619A61DA611A625A629A62DA621A633A
:105890005A639A63DA631A645A649A64DA641A651A
:1058A0005A659A65DA651A665A669A66DA661A67FA
:1058B0005A679A67DA67F03292000021044800F0D4
:1058C0005BFD044B044A1A6010BDC0460000105036
:1058D00030260020002A002080011050F0B54746F5
:1058E000CE4680B51C4B00249F6D012685B0002F4D
:1058F0001BD01A4B98461A4B994604E00134E4B287
:105900007600202C11D03E42F8D043469E650123FC
:1059100065086D00A343ED186D014D44280000F0AB
:1059200013FC002806D1B743E8D105B0C0BCB94686
:10593000B046F0BDEB8AE0210393002301A8AA78CA
:10594000C900018001210271437100F01DFC280093
:1059500000F098FBE7E7C0460000115000301150FE
:10596000F02500209823C64AF0B5D55880232E0094
:105970009B02102485B01E401D4274D0C14BC24C06
:105980009A6AC24B00261A603B23E35C022B00D1CB
:105990004BE17B23E35C022B00D1EFE0BB23E35C14
:1059A000022B00D1F6E0FB23E35C022B00D1FDE0EB
:1059B0003C23FF33E35C022B00D129E17C23FF333E
:1059C000E35C022B00D10AE1BC23FF33E35C022B32
:1059D00000D13BE1FC23FF33E35C022B00D1F1E07B
:1059E000AB4BE35C022B00D170E1AA4BE35C022BD2
:1059F00000D101E1A84BE35C022B00D171E1A74B80
:105A0000E35C022B00D12EE1A54BE35C022B00D11D
:105A10009CE1A44BE35C022B00D16DE1A24BE35C63
:105A2000022B00D19DE1A14BE35C022B00D17BE175
:105A3000002E08D19E4B1B78002B04D180219D4A5B
:105A400090338902D150C02269468D4B92009B6CE5
:105A500080265B058A805B0D012101A8029300F07E
:105A600093FB954CB602EB0600D57BE080235B02EE
:105A70001D422FD00224844F1E43BB7E002B14D026
:105A800000F09AFC012800D970E0C0220021380003
:105A9000920100F0FDFA380000F0F4FA00F08CFCFE
:105AA000012802D9834B5C661C660123FB702037FA
:105AB000012C20D1C0236A46DB0093807F4A02ABD1
:105AC00003CA03C3012101A800F05EFB8022794BC9
:105AD00092021A6580235B011D420ED18023DB01F7
:105AE0001D4221D180231B021D422DD1AE4200D088
:105AF000BEE105B0F0BD0124BFE700241E43604BAA
:105B00001C60FFF7B7FE80236A465B009380147227
:105B1000012101A800F038FB8022664B12031A65B0
:105B20008023DB011D42DDD01E4380236A46DB005B
:105B30009380012101A800F027FB10225D4B1A651C
:105B400080231B021D42D1D01E43A0236A46DB00E6
:105B50009380012101A800F017FB8022554B120110
:105B60001A65C3E7FFF7BAFE26007FE7544B444AA5
:105B70001C66536E2340A342FBD186E77833E75C73
:105B8000002F00D10AE70233E25C002A00D00DE1C9
:105B90003E0003E7B833E75C002F00D103E7023390
:105BA000E25C002A00D0F9E03E00FCE6F833E75C56
:105BB000002F00D1FCE60233E25C002A00D041E174
:105BC0003E00F5E6F933FF33E75C002F00D107E72D
:105BD0000233E25C002A00D02BE13E0000E779337B
:105BE000FF33E75C002F00D1EEE60233E25C002ACF
:105BF00000D015E13E00E7E6324BE75C002F00D114
:105C0000F8E60233E25C002A00D001E13E00F1E652
:105C10003933FF33E75C002F00D1CFE60233E25C7B
:105C2000002A00D0EBE03E00C8E63833E65C002EE8
:105C300000D1AEE60233E25C002A00D1A9E62000E2
:105C400000222030E25400F04BFAA2E6B933FF33D1
:105C5000E75C002F00D1BDE60233E25C002A00D0F1
:105C6000C4E03E00B6E6184BE75C002F00D1CBE65F
:105C70000233E25C002A00D0B0E03E00C4E6C04639
:105C80000000115000400540F0250020E0250020D4
:105C90003B0200007B020000BB020000FB02000090
:105CA0003B0300007B030000BB030000FB0300007C
:105CB0005E2A002000301150100002000000105039
:105CC000002011507A020000FA0200006B4BE75CE2
:105CD000002F00D189E60233E25C002A76D13E0033
:105CE00083E6674BE75C002F00D188E60233E25C75
:105CF000002A63D13E0082E6624BE75C002F00D1B0
:105D00008CE60233E25C002A00D0A3E05E4BE35C49
:105D1000022B30D15D4BE35C002B27D15C4BE35C65
:105D2000022B00D08FE63E005A4BE35C002B00D1E3
:105D30007EE6FF239B00E25C002A00D183E600227E
:105D4000E2541C3BE01800F0CBF97CE6524BE75CD8
:105D5000002F00D15DE60233E25C002A16D13E003E
:105D600057E64A4BE35C002B00D15CE6EF239B0037
:105D7000E25C002A75D1464BE35C022B00D062E660
:105D8000444BE35C002B00D15DE6D2E70022E254F5
:105D90001C3BE01800F0A4F93E003AE62000002287
:105DA000A030E2543E0000F09BF9FCE52000002208
:105DB0006030E2543E0000F093F9EFE50022E25437
:105DC0001C3BE01800F08CF93E0018E60022E2547B
:105DD0001C3BE01800F084F93E0006E60022E25485
:105DE0001C3BE01800F07CF93E000DE6200000228C
:105DF000A130FF30E2543E0000F072F9EAE52000E5
:105E000000222130FF30E2543E0000F069F9D5E570
:105E10000022E2541C3BE01800F062F93E00E9E584
:105E2000200000226130FF30E2543E0000F058F9BB
:105E3000CAE520000022E130FF30E2543E0000F0CD
:105E40004FF9CDE520000022E030E2543E0000F0A2
:105E500047F9ADE50022E2541C3BE01800F040F9A0
:105E600054E70022E2541C3BE01800F039F982E7C5
:105E700031000A48694000F08FFAC0463A0200003B
:105E8000BA0200007A030000BB030000BA0300005E
:105E9000FB030000FA0300003A030000ACDB001033
:105EA000F0B58C46838A018B020083B00E1C9942A8
:105EB00000D91E1CB6B29B1B9CB2D378802118005F
:105EC000451EA841C90031434003084301214B400E
:105ED000D37053789482002B32D11169002E2AD0CE
:105EE0006346D4689B01E418731E0193062B32D9D4
:105EF00023000B439B072ED1631A013B022B2AD9A7
:105F00000023B708BF00CD58E5500433BB42FAD197
:105F10009E420ED0019DE418EF1ACD18C95C217085
:105F20000199994205D06B786370012F01D0AB784D
:105F3000A3701169948A802389191B021161184387
:105F4000002C02D18023DB0118436346002B00D0D4
:105F5000000403B0F0BD0023CD5CE55401339E4244
:105F6000FAD1E6E78368F0B51A68002900D0120C70
:105F700043789205950D002B09D1C38AEB18C38293
:105F8000038BAB4201D9002383822800F0BD046952
:105F9000002D28D0C36889016F1EBC465E18062FED
:105FA00027D901315B18E31A022B22D9230033438E
:105FB0009B071ED10023120E9200F158E1500433CA
:105FC0009A42FAD195420DD063469F1AA318B45C49
:105FD000B1181C70944505D04A785A70012F01D031
:105FE0008A789A700469C38A6419EB18C3820461C1
:105FF000C6E70022B35CA35401329542FAD104698A
:10600000F1E7C04610B50400836800211B68FFF764
:10601000A9FF63681B685B0002D5238B834200D015
:1060200010BD01212000FFF79DFFF9E7084B1A6C16
:106030000023920703D48278D209012A01D01800E4
:106040007047C37E023B5A425341DBB2F7E7C0467A
:106050000000115010B5FFF7E9FF00280AD0064BE9
:10606000064A9B6A064912685B189B1A0020C622E2
:106070009A42404110BDC04600400540E025002046
:10608000E0FCFFFF00238376436103617047C04655
:1060900010B58368002901D01C682140002A12D065
:1060A0008024E400114322420DD01A6822420CD110
:1060B000084A0A401A60084A126C920703D40C235B
:1060C000033BFDD28368196010BD8178034800F05E
:1060D00063F9C046FFFBFFFF00001150C0DB00105A
:1060E000436870B50021802504001E68FFF7D8FEC4
:1060F000124B6D011A6C0543A37892070ED55B060F
:106100000ED00F4B1E4080239B0533436268002155
:10611000136020002A00FFF7BBFF70BDDB09F0D041
:10612000A38A002BEDD001212000FFF7B9FEA023A8
:10613000044ADB05324005431343E7E700001150F2
:10614000FFFFFFAFFFFFFFDF70B5857E0400002D6E
:1061500014D0FFF757FFA38A002B01D1280070BD90
:106160002000FFF777FF002803D0012300252377C5
:10617000F4E72000FFF7B4FF0025EFE7817801483E
:1061800000F00AF9E0DB0010F0B54746CE4680B5D6
:10619000437805000F0085B0062B07D8694A9B009D
:1061A000D3589F46684A137801331370674B1C68B5
:1061B0006269EFF3108172B61368002BFCD0BFF355
:1061C0005F8FA1612000290000F0DEF86269A369F9
:1061D000BFF35F8F0021116083F31088002804D182
:1061E00005B0C0BCB946B046F0BD3A006978287821
:1061F00000F0F2F8F4E70121554B1A788A431A703F
:106200001A7801318A431A7000225A701A780231C2
:106210008A431A70CAE74F494F4B88464F491E00C0
:106220001A7800240023894612E04B461B6861015E
:106230005B18002B06D0DB69002B03D06968287837
:10624000984732780134E4B2511C2300A14217DB95
:10625000A242EAD89B1A5B014344ECE73C4B1A7814
:10626000D207BDD504211A780A431A709EE7384B2D
:106270001A78D207B4D504211A788A431A7095E7A0
:10628000334A1378904611005B0728D5137804220F
:1062900001AC93430B7020000021083200F06CF831
:1062A0002B78237005236370284B1B6818005A69EC
:1062B000EFF3108172B61368002BFCD0BFF35F8F31
:1062C00006008161210000F05FF87269B369BFF3D5
:1062D0005F8F0021116083F3108800282CD1434682
:1062E000DB78DB0700D47BE72B7801AC237003233A
:1062F00063706B686360154B1D686A69EFF310810A
:1063000072B61368002BFCD0BFF35F8FA961280021
:10631000210000F039F86A69AB69BFF35F8F002193
:10632000116083F31088002800D159E73A006178A2
:10633000207800F051F853E73A006178207800F0B7
:106340004BF8CCE7B0E100105F2A0020602000206D
:1063500008200020CCE100105D2A0020201F002032
:106360007047C0460000000001B40248844601BCEA
:10637000604700BFE115001001B40248844601BC2B
:10638000604700BF412D001001B40248844601BCA3
:10639000604700BF2970001001B40248844601BC68
:1063A000604700BF2909001001B40248844601BCBF
:1063B000604700BF192C001001B40248844601BC9C
:1063C000604700BF1D09001001B40248844601BCAB
:1063D000604700BF0517001001B40248844601BCA5
:1063E000604700BFF955001000D800103D050010AF
:1063F00008D8001018D80010D502001020D80010BE
:1064000048D80010290400104CD8001058D80010AB
:106410003D0400105CD800106CD80010510400102E
:1064200074D8001090D80010B50300109CD800104C
:10643000C8D80010C9040010B8D80010D0D8001077
:10644000F1020010D4D80010FCD800104D03001049
:1064500004D900100000000000000000000000004F
:10646000F401000010000000000000000000010026
:10647000000000000000000000000200000000001A
:106480000000000000000300000000000000000009
:106490000000FF000000000001B5486801318E4691
:1064A0000047704609380149884701BD590D001061
:1064B00000000000000000000000000000000000DC
:1064C00000000000201A0020000000000000000072
:1064D000503300004C3300005433000052330000AE
:1064E0004D5300004D43000053340000433400007E
:1064F000994D00104D4D0010C14C0010394C00104A
:1065000000000000000100006420002010000C00CA
:10651000000000000000000000000000000000007B
:1065200000000000FF000000FFFFFFFF000002006E
:106530000000000000000000E0100020E01000203B
:10654000E8100020E8100020F0100020F0100020DB
:10655000F8100020F8100020001100200011002089
:106560000811002008110020101100201011002037
:1065700018110020181100202011002020110020E7
:106580002811002028110020301100203011002097
:106590003811002038110020401100204011002047
:1065A00048110020481100205011002050110020F7
:1065B00058110020581100206011002060110020A7
:1065C0006811002068110020701100207011002057
:1065D0007811002078110020801100208011002007
:1065E00088110020881100209011002090110020B7
:1065F0009811002098110020A0110020A011002067
:10660000A8110020A8110020B0110020B011002016
:10661000B8110020B8110020C0110020C0110020C6
:10662000C8110020C8110020D0110020D011002076
:10663000D8110020D8110020E0110020E011002026
:10664000E8110020E8110020F0110020F0110020D6
:10665000F8110020F8110020001200200012002084
:106660000812002008120020101200201012002032
:1066700018120020181200202012002020120020E2
:106680002812002028120020301200203012002092
:106690003812002038120020401200204012002042
:1066A00048120020481200205012002050120020F2
:1066B00058120020581200206012002060120020A2
:1066C0006812002068120020701200207012002052
:1066D0007812002078120020801200208012002002
:1066E00088120020881200209012002090120020B2
:1066F0009812002098120020A0120020A012002062
:10670000A8120020A8120020B0120020B012002011
:10671000B8120020B8120020C0120020C0120020C1
:10672000C8120020C8120020D0120020D012002071
:10673000D8120020D8120020E0120020E012002021
:10674000E8120020E8120020F0120020F0120020D1
:10675000F8120020F812002000130020001300207F
:10676000081300200813002010130020101300202D
:1067700018130020181300202013002020130020DD
:10678000281300202813002030130020301300208D
:10679000381300203813002040130020401300203D
:1067A00048130020481300205013002050130020ED
:1067B000581300205813002060130020601300209D
:1067C000681300206813002070130020701300204D
:1067D00078130020781300208013002080130020FD
:1067E00088130020881300209013002090130020AD
:1067F0009813002098130020A0130020A01300205D
:10680000A8130020A8130020B0130020B01300200C
:10681000B8130020B8130020C0130020C0130020BC
:10682000C8130020C8130020D0130020D01300206C
:10683000D8130020D8130020E0130020E01300201C
:10684000E8130020E8130020F0130020F0130020CC
:10685000F8130020F813002000140020001400207A
:106860000814002008140020101400201014002028
:1068700018140020181400202014002020140020D8
:106880002814002028140020301400203014002088
:106890003814002038140020401400204014002038
:1068A00048140020481400205014002050140020E8
:1068B0005814002058140020601400206014002098
:1068C0006814002068140020701400207014002048
:1068D00078140020781400208014002080140020F8
:1068E00088140020881400209014002090140020A8
:1068F0009814002098140020A0140020A014002058
:10690000A8140020A8140020B0140020B014002007
:10691000B8140020B8140020C0140020C0140020B7
:10692000C8140020C8140020D0140020D014002067
:10693000D8140020D814002000000000030000003C
:10694000E41D0020F814002000000000E41D0020D9
:106950004C1E0020B41E00200000000000000000BB
:106960000000000000000000000000000000000027
:106970000000000000000000000000000000000017
:106980000000000000000000000000000000000007
:1069900000000000000000000000000000000000F7
:1069A00000000000000000000000000000000000E7
:1069B00000000000000000000000000000000000D7
:1069C00000000000000000000000000000000000C7
:1069D00000000000000000000000000000000000B7
:1069E00001000000000000000E33CDAB34126DE654
:1069F000ECDE05000B0000000000000000000000BD
:106A00000000000000000000000000000000000086
:106A10000000000000000000000000000000000076
:106A20000000000000000000000000000000000066
:106A30000000000000000000000000000000000056
:106A40000000000000000000000000000000000046
:106A50000000000000000000000000000000000036
:106A60000000000000000000000000000000000026
:106A70000000000000000000000000000000000016
:106A80000000000000000000000000000000000006
:106A900000000000000000000000000000000000F6
:106AA00000000000000000000000000000000000E6
:106AB00000000000000000000000000000000000D6
:106AC00000000000000000000000000000000000C6
:106AD00000000000000000000000000000000000B6
:106AE00000000000000000000000000000000000A6
:106AF0000000000000000000000000000000000096
:106B00000000000000000000000000000000000085
:106B10000000000000000000000000000000000075
:106B20000000000000000000000000000000000065
:106B30000000000000000000000000000000000055
:106B40000000000000000000430000000000000002
:106B50000000000000000000000000000000000035
:106B600000000000000000004300000000000000E2
:106B70000000000000000000000000000000000015
:106B800000000000000000004300000000000000C2
:106B900000000000000000000000000000000000F5
:106BA00000000000000000004300000000000000A2
:106BB00000000000000000000000000000000000D5
:106BC0000000000000000000430000000000000082
:106BD00000000000000000000000000000000000B5
:106BE0000000000000000000430000000000000062
:106BF0000000000000000000000000000000000095
:106C00000000000000000000430000000000000041
:106C10000000000000000000000000000000000074
:106C20000000000000000000430000000000000021
:106C30000000000000000000000000000000000054
:106C40000000000000000000000000000000000044
:106C50000000000000000000000000000000000034
:106C60000000000000000000000000000000000024
:106C70000000000000000000000000000000000014
:106C80000000000000000000000000000000000004
:106C900000000000000000000000000000000000F4
:106CA00000000000000000000000000000000000E4
:106CB00000000000000000000000000000000000D4
:106CC00000000000000000000000000000000000C4
:106CD00000000000000000000000000000000000B4
:106CE00000000000000000000000000000000000A4
:106CF0000000000000000000000000000000000094
:106D00000000000000000000000000000000000083
:106D1000EDD2001085C700100000000020E7001031
:106D200010DC001094D9001094D9001094D90010F0
:106D300094D9001094D9001094D9001094D900105F
:106D400094D9001094D90010FFFFFFFFFFFFFFFF51
:106D5000FFFFFFFFFFFF00000100415343494900CF
:106D60000000000000000000000000000000000023
:106D700000000000000000000000415343494900AA
:106D80000000000000000000000000000000000003
:106D900000000000000000000000000000000000F3
:046DA00000000000EF
:04000005100001E9FD
:00000001FF
