:020000041000EA
:1000000000B5324B212058609868022188439860DF
:10001000D860186158612E4B002199600221596106
:100020000121F02299502B49196001219960352056
:1000300000F044F80222904214D00621196600F024
:1000400034F8196E01211966002018661A6600F04E
:100050002CF8196E196E196E052000F02FF8012189
:100060000842F9D1002199601B49196000215960AB
:100070001A491B48016001219960EB211966A021F2
:10008000196600F012F800219960164914480160C1
:100090000121996001BC002800D000471248134993
:1000A000086003C880F30888084703B5996A0420EC
:1000B0000142FBD001200142F8D103BD02B5186610
:1000C0001866FFF7F2FF186E186E02BD00000240BE
:1000D000000000180000070000035F00212200005C
:1000E000F4000018222000A00001001008ED00E03C
:1000F00000000000000000000000000074B24E7A12
:1001000000200420F7010010CB010010CD010010E9
:10011000C9010010C9010010C9010010C901001077
:10012000C9010010C9010010C9010010CF01001061
:10013000C9010010C9010010D1010010D301001045
:10014000C1010010C1010010C1010010C101001067
:10015000C1010010C1010010C1010010C101001057
:10016000C1010010C1010010C1010010C101001047
:10017000C1010010C1010010C1010010C101001037
:10018000C1010010C1010010C1010010C101001027
:10019000C1010010C1010010C1010010C101001017
:1001A000C1010010C1010010C1010010C101001007
:1001B000C1010010C1010010C1010010C1010010F7
:1001C000EFF30580103800BE00BE00BE00BE00BECA
:1001D00000BE00BEF2EB887120570110405701109D
:1001E0003802001090A31AE71E481F49086006C88D
:1001F00081F3088810471D480068002801D019487D
:10020000F3E70DA40ECC002902D000F012F8F9E7B4
:100210001749184A002000E001C19142FCD116495B
:100220008847164988471649884700BEFDE701C937
:1002300001C29A42FBD3704740570110C000002012
:100240007C190020FC6F0110000004200000042035
:10025000FC6F0110001004200010042000000000BA
:10026000704700000000000008ED00E0000000D032
:100270007C190020B82A002061460010CD0500102E
:1002800021460010F8B5C04606480749091A8B10E8
:10029000C90FC91810B5491003D0044B002B00D06A
:1002A000984710BD7C1900207C1900200000000038
:1002B000054B10B5002B03D00449054800E000BFF2
:1002C000FFF7E2FF10BDC04600000000542A0020E6
:1002D0007CD7001010B5034A0349044804F006FC1B
:1002E00010BDC04680D7001088D7001098D70010E6
:1002F00010B5034804F078FB012000F02FFA10BD80
:10030000C4D7001010B5034804F06EFB002000F0C5
:1003100025FA10BDCCD7001010B5034804F064FBDB
:10032000022000F01BFA10BDD8D7001070B5C2B083
:100330006A461F4901AB08F06BF9022815D1009CF1
:10034000019DFF2C07D86B1EFE2B04D88022631959
:100350005200934210D92A002100164804F0C6FB2F
:10036000154804F041FB42B070BD144804F03CFB5A
:10037000134804F039FBF6E7002102A802F030FD33
:10038000EAB2E0B202A907F06BFA019B002BEADDAA
:1003900000240C4E02AD00992A786118300004F058
:1003A000A5FB019B01340135A342F4DCDBE7C04629
:1003B000E4D7001064D8001098D80010ECD70010D3
:1003C00014D80010D8D8001000B583B06A460F4981
:1003D00001AB08F01DF9022813D10099019AFF29F9
:1003E00007D8531EFE2B04D8C8B2D1B207F04CFA7E
:1003F00005E0074804F07AFB064804F0F5FA03B07C
:1004000000BD054804F0F0FAF9E7C046E4D7001053
:10041000FCD8001030D90010F8D8001010B507F043
:1004200061FA0100014804F061FB10BD70D90010B1
:1004300010B507F06DFA0100014804F057FB10BD3C
:1004400084D9001010B507F079FA0100014804F0D2
:100450004DFB10BD98D9001010B507F085FA02F0D9
:1004600001FC02000B00024804F040FB10BDC04636
:10047000A8D9001010B507F0B5FA02F0F3FB02009E
:100480000B00024804F032FB10BDC046A8D9001092
:1004900010B507F089FB02F0E5FB02000B000248F3
:1004A00004F024FB10BDC046A8D90010F0B585B0FB
:1004B00006000F0001F0AEF8002502000B000A4C08
:1004C0000A4812196B41002B02DA0122084B5242F2
:1004D0000292039300233200009376213B0007F041
:1004E00089F805B0F0BDC046A0860100F8100020D4
:1004F000FFFFFF7FF0B585B006000F0001F08AF81E
:10050000002502000B000A4C0A4812196B41002B0F
:1005100002DA0122084B5242029203930023320076
:10052000009376213B0007F085F805B0F0BDC0468A
:10053000A0860100F8100020FFFFFF7FF0B5C6463F
:1005400000B51B4886B004F04FFA6A46194B762571
:100550009382194B00279846184E05AC6B46002233
:10056000DA7401F057F880197941002902DA012084
:100570001349404200231322029003910093290063
:1005800040466A4407F036F800280EDB0D48290083
:1005900004F0ACFA162301346B449C4201D0257858
:1005A000DCE706B080BCB846F0BD0748EFE7C046C0
:1005B000ACD9001076770000F8100020102700005A
:1005C000FFFFFF7FC0D90010E4D9001010B51B4910
:1005D0001B4806F0E7FF03210E2000F0C5F80321B9
:1005E0000F2000F0C1F8002201210E2000F0D4F805
:1005F000012100220F2000F0CFF8642000F0E0FE7F
:1006000000F026F804F056F9FFF798FF0D4807F0C0
:1006100031F800F04DF80C490C4807F089F800F06B
:100620005DF800F01BF80028F9D007F03BF800F067
:1006300055F800F013F80028F7D1F0E7A086010084
:10064000F8100020980F0020AD040010F5040010F1
:100650000022014B1A607047E025002010B50020F1
:1006600004F02CF90400831C0DD004F073F90D4A3A
:1006700013680D2C09D00A2C07D07E2B0FDC0A49F9
:10068000CC5401331360002010BD0021064C1160D2
:10069000E1540648210004F029FA2000F4E7002381
:1006A0001360F0E7E02500206025002050DB0010FB
:1006B000002200200021074B10B51A70064B03C31F
:1006C000193000F07BF8D02380221B0692045A6276
:1006D00010BDC046B32A0020D01B002070B51B4BB4
:1006E0001B78012B2AD0022B07D0002B04D1D0235A
:1006F00080221B0692049A6170BD00F08BFF144BA0
:100700001D005B688B4203D3F6D12B688342F3D282
:1007100000F080FF0F4B1B685A08002312184B4152
:10072000D02180200CC50C4A090613788004002BC8
:100730000AD1886101214B401370DDE7D02380226C
:100740001B0692045A61D7E74861F3E7B32A0020F9
:10075000D01B002034100020B62A0020014B187056
:100760007047C046B32A002010B54024074A8300D2
:100770009A181268C0005440C0222240044C1B1931
:100780001A60044BC018416010BDC04604C001404F
:1007900004D0014000400140064B8000C3181B6894
:1007A000C90092000A435A400C231340024A8018A1
:1007B0000360704704C0014004D001400123D022EF
:1007C0008340120693629361084A83009A18116865
:1007D0004022514080320A400549C0005B181A602F
:1007E000044BC018052343607047C04604C0014055
:1007F00004D00140004001408023DB051868000F51
:100800007047C0460FB400B5084883B004F0ECF858
:10081000049B002B07D005A91800019103F0CCFE22
:10082000034804F0E1F8012003F0DEFE68DB00106D
:1008300094D9001070B58C461600EFF3108472B690
:100840000F490B68002BFCD0BFF35F8F6346DB08BA
:10085000C5180722C05C63461A40012393401A0062
:100860000240034207D118432870BFF35F8F0A602C
:1008700084F3108870BD61463000FFF7C3FFC046A7
:100880002C0100D0F8B5CE4647468C4680B51C00FA
:10089000EFF3108872B61C490B68002BFCD0BFF335
:1008A0005F8FA24221D80723994602E00132944289
:1008B00018D34946012611408E40D308C718C35C9F
:1008C0001E42F3D1100033433B70BFF35F8F002211
:1008D0000D4B1A6088F3108800280EDBC0BCB946A7
:1008E000B046F8BD01204042EFE7BFF35F8F002321
:1008F0000B6088F31088012040426346002BEDD046
:100900000898FFF77FFFC0462C0100D0044A1078FA
:10091000431CDBB2172B00D9102313707047C0465D
:100920003810002000B5054B83B001000093182259
:100930001F230348FFF7A6FF03B000BD78DB0010BC
:10094000582500200021044B044ABFF35F8F02C3E7
:100950009342FAD17047C046000100D0800100D018
:10096000084B094A1360094A1360094A1360094A8F
:100970001360094A1360094A1360094A1360094A5F
:10098000136070478080808000E400E004E400E0B1
:1009900008E400E00CE400E010E400E014E400E00F
:1009A00018E400E01CE400E01F2318401E3B8340D5
:1009B000002905D0C021044A4900535013607047F4
:1009C000802201498B50FAE700E100E001228240D9
:1009D000034B1B6813405A1E9341D8B27047C04660
:1009E00000E100E001238340014A13607047C046E4
:1009F00000E200E0054B10309B688000C358044AB9
:100A000000209B1A2F229A424041704700ED00E0DF
:100A10003C10002070B50D00EFF3108672B60F4A3F
:100A20001368002BFCD0BFF35F8F0D4B10309B6819
:100A300084001B590B4A934203D09D4201D001F020
:100A40002DF8074B9B681D51BFF35F8FBFF35F8F7E
:100A50000022024B1A6086F3108870BD240100D07A
:100A600000ED00E0C1010010F0B5DE4657464E46ED
:100A70004546E0B5824683B08B461700EFF31088F9
:100A800072B6604A1368002BFCD0BFF35F8F00255D
:100A90005D4B5D579946002D00DA9AE04A466B009F
:100AA0005A4C5E19B6000193A31900939B791370F9
:100AB000574B9A68534610339B00D15899460B1BED
:100AC0002F2B32D9534B994200D098E0019B02362C
:100AD000ED18514BAD006353504BA619043B9B1BC3
:100AE0004F4A1B055B0D651913436B804D4B01216C
:100AF000AB80FF23AB715B46AB60009BEF710B4398
:100B000019004A46424B9B689950BFF35F8FBFF371
:100B10005F8F00223B4B1A6088F3108803B0F0BC53
:100B2000BB46B246A946A046F0BD01200A0082435A
:100B3000D379B446BB422DD83B4BB51C19001300EA
:100B40001B1B5B415943090D8C46334B6519A3535D
:100B5000324B0099043B5B1B1B05314D5B0D2B4356
:100B600004364B80A619131F9B1B1B055B0D1D43F1
:100B700063468B715B468B602C4B8D80CF7113600D
:100B80000143BEE75800C01880002018C679BE4255
:100B900025D902000623D356002BF3DA9A46131DFB
:100BA0009C4623486346009E9571043EF61A36051E
:100BB0001B4B760D1E43019B96805A19534692009B
:100BC000A418A3715B46194AA0802260E771A36054
:100BD00097E700F063FF00254B465D575EE76646EA
:100BE0009A46131D9C469088043640050015A619A8
:100BF0006044801B00050A4E400D3043D2E700F0F0
:100C00004DFF63E7240100D0B12A00203C100020F2
:100C100000ED00E0C101001000A1FFFF6C100020FA
:100C200000E0FFFF01BDFFFFAAAA000001488047C6
:100C300001BD00000123034370B59C46EFF305811D
:100C4000EFF3108572B6214A1368002BFCD0BFF376
:100C50005F8F1F4B04001F4AE41A64416243120D68
:100C60001D4C8900A66852B2765866451CD00621F4
:100C7000595691421CD012215956914222D01E2120
:100C80005956914220D02A2159560324914210D01E
:100C9000124B19781A708171BFF35F8F00220B4BD2
:100CA0001A6085F3108870BDA3680D4C5C50EFE7A7
:100CB00000246100091989005B18FF219971094915
:100CC0009980E5E70124F4E70224F2E7240100D04B
:100CD0003C100020AAAA000000ED00E0B12A00208C
:100CE000C101001001BDFFFF00B5074B83B001003B
:100CF0000093002205230548FFF7C4FD002801DB0F
:100D00001F23181A03B000BD94DB0010B72A00207F
:100D1000024BC918890001607047C046400000348A
:100D200070B5114C114DAC420FD2FF262368002B39
:100D30000CD0FFF7EBFD01002000FFF7E9FFA680D4
:100D4000BFF35F8F0834AC42F0D370BDFFF7DEFD18
:100D500001002000FFF7DCFF2671BFF35F8F08342E
:100D6000AC42E3D3F1E7C046741900207C1900209F
:100D700010B50400FFF7CAFD01002000FFF7C8FF0F
:100D8000FF232371BFF35F8F10BDC04610B5040071
:100D90000120FFF7C7FD034BC01880002060BFF3A0
:100DA0005F8F10BD40000034034BC91889000160FB
:100DB000BFF35F8F7047C046400000340A4B19688C
:100DC000EFF3108072B60A68002AFCD0BFF35F8F81
:100DD0001B68BFF35F8F00221A6080F3108840BF4A
:100DE000002000217047C046902A0020F0B5DE4662
:100DF00057464E464546E0B585B0EFF305830322DE
:100E00001A40B34B91005F58012393409B460292D6
:100E10005A468846AF4B1A60AF4B03935B46AF48C8
:100E200043630823FE5E002E37DABB881BB2002B1B
:100E300000DBA4E0BB79002B00D0E5E00823F95EDD
:100E4000002920DB4B007A695B18DB00D3189D6812
:100E5000DC686B1C00D104E1A04801004144826AB7
:100E60000B69AE1A9B1A9E4215D30123026A02989F
:100E700083401A420FD0994800F0C4FB8C4202DC38
:100E8000CCD18542CAD940BF05B0F0BCBB46B24602
:100E9000A946A046F0BD0D61EDE77A697300914661
:100EA0009B19DB0099444B469C68DD6800F0AAFB67
:100EB0008D42BADC00D1F6E0002D00DADBE04A46D4
:100EC0004B4652691B699246039A934200D1CCE08B
:100ED0004A460821785E52880004514610439847DC
:100EE000009001910099019A0B00134300D1C2E0D8
:100EF00013000A00002B00DBD9E020002900801A33
:100F000099414B469860D96000229B5E002B00DA25
:100F10008BE75D007C69EA18D200A21800949468FF
:100F2000D268A2468A4200DD7FE702D1844200D91E
:100F30007BE70824A4463B81BC44009C00972F001B
:100F40006546B4463E0006E05E00F218D200A218E4
:100F50009768D268BA468A4207DC00D1B4E0F31839
:100F6000DB00E518E35E002BEEDA66464A46009F9A
:100F700013802E80BB881BB2002B00DA5AE73A6937
:100F8000EFF3108172B61368002BFCD0BFF35F8FB4
:100F90000123BE885B42BB8036B23B69BFF35F8FE3
:100FA00000221A6081F31088002E00DA42E73B002D
:100FB00008333A0099467D6973009B190824115F34
:100FC000DB004846EB18002913DB9C680093A4461D
:100FD000DC6806E0A34240D00023F95E3800002917
:100FE00006DB4F007F18FF00EF19FB68A342F1DD1D
:100FF000009B068000201E5E1980002EDCDA1700A0
:10100000BB79002B00D119E70023BB710823F95EDF
:101010004B1C00D137E73D000835AC467C6903E046
:1010200084464B1C00D109E74B005B18DB00E0183D
:101030000A00E15E43881BB2002BF1DA01256D4204
:10104000EE178560C66008257B5F9342E9D0634652
:1010500019803B8903803A81E3E7BB686345BBD9CC
:10106000C6E7631C00D0F7E605E7534650461B6908
:101070009847002823D14B461B883A693B81EFF300
:10108000108372B611680029FCD0BFF35F8F494608
:101090007A880A803A697E80BFF35F8F00211160F1
:1010A00083F31088C1E6844200D805E7BDE60B480B
:1010B00000F0A8FA009B019CC018614121E753464B
:1010C0000CCB009201930DE7824500D847E74CE72F
:1010D000742A00203C700540ED0D001000400540D2
:1010E00070B52D4C2569002D04D00A212B48FFF73F
:1010F0000FFE70BD2A4E0321294800F079FAE66000
:10110000FFF704FC274B0322C018D02322701B06D4
:101110001B6801216370244B8000A3600F232061B2
:101120000220638063694942A180198002311986D7
:1011300047311D83585218315A5275325C399952D1
:101140001832013199521832013199521832013155
:101150009952083518329D5202311832995218327C
:101160000131995218320131995218320131995294
:101170001832013199521832013199520B4B0C49F6
:10118000DC6001303562FFF745FC01210320FFF7E9
:101190000BFC084B1D60A8E784100020902A00205B
:1011A0000040054040000034FFFF1000742A00207A
:1011B000ED0D001038600540004870478410002095
:1011C000F8B51F0008AB1B7804001600002B07D1F0
:1011D00000F020FA32003B00121A8B41002B51DB49
:1011E0002269EFF3108C72B61368002BFCD0BFF3AA
:1011F0005F8F0223E15E256900293ADB4B006069BD
:101200005B18DB00C218C35A6380BFF35F8F0023F3
:101210002B608CF31088069B9660D7601361079B48
:101220005361538801335B045B0C181C002B1ED0E8
:1012300083B25080080418432569EFF3108672B614
:101240002B68002BFCD0BFF35F8FA3881380A18095
:101250002369BFF35F8F00221A6086F3108823781A
:1012600001329A400849E3685B181A60F8BD012012
:10127000DEE7BFF35F8F00232B608CF31088012023
:101280004042F3E70020F1E73C20000070B582B057
:101290000092019301000269EFF3108472B61368A3
:1012A000002BFCD0BFF35F8F0223C85E0D690028BE
:1012B0003FDB4A69430016001B18DB00D218F35AC3
:1012C0004B80BFF35F8F00232B6084F31088069B55
:1012D0001361079B5361009B019C9360D46053880A
:1012E00001335B045B0C1D1C002B20D0ACB203044B
:1012F000558023430D69EFF3108C72B62C68002CD7
:10130000FCD0BFF35F8F8C88148088800A69BFF39C
:101310005F8F002010608CF310880A7801309040B5
:10132000CA68084952181060180002B070BD012543
:10133000DCE7BFF35F8F00232B6084F31088013B51
:10134000F2E7C0463C20000010B543890A149342DE
:101350001ADD53009B184269DB00D3180469EFF3D0
:10136000108C72B62268002AFCD0BFF35F8F5A88B7
:10137000090494B2090C8A4208D00369BFF35F8F55
:1013800000221A608CF31088002010BD094A224305
:101390005A80012302698371BFF35F8F00211160BE
:1013A0008CF31088027804499340C26801205218D7
:1013B0001360EAE70080FFFF3C20000040787047A0
:1013C000F0B5C64600B582B0040000F023F9FA2259
:1013D00006000F00200000230021920001F0A4FB72
:1013E0008019794104000D1E02DA01242E4D644259
:1013F00006267642F71736196F41AF4214D811D03E
:1014000000F008F932003B00121A8B41002B15DC6A
:10141000002B46D02000290000F03CF902B080BC2F
:10142000B846F0BDA642EBD90026002700F0F2F83E
:1014300032003B00121A8B41002BE9DD00F0EAF884
:1014400032003B00121A8B41002B0ADB0023019370
:10145000164B3200009316483B00FFF717FF013090
:10146000D8D000233900B0469C46124A1248536A2D
:10147000994204D8966A4645CCD29942CAD10668A8
:10148000EFF3108772B63368002BFCD0BFF35F8F89
:101490000368BFF35F8F66461E6087F3108820BF26
:1014A000E5E7002AB6D0C9E7FFFFFF7FBD0D0010BA
:1014B0008410002000400540902A0020F0B5CE4660
:1014C000474680B504000D0085B0EFF305868946D8
:1014D000002E10D0364900204B6AAB4206D38A6AF0
:1014E0005B1B591E8B41A2424041184305B0C0BC52
:1014F000B946B046F0BD2F4FFB683A7898461800C1
:10150000039200F07FF8039A131D42469B009B58FC
:1015100022001B1A9C462B00121A8B419E4210DCA3
:101520000DD020BF224A0020536A4B45DED3926A79
:101530005B1B591E8B41A24240411843D6E794459C
:10154000EFD900F067F822002B00121A8B41002B14
:101550001BDB00230193184B2200009338002B0063
:10156000FFF794FE002810DD114B5A6A4A451CD340
:101570009B6AA34217D301003800FFF7E5FE0C4A2F
:101580000020536A4B45B1D3D1E7094A0020536A82
:101590004B45ABD30020926A5B1BA24240415A1ECE
:1015A00093411843A2E74A45E5D120BFE3E7C0468F
:1015B0000040054084100020BD0D0010036808495C
:1015C0009C464A6A43680020934207D89B1A5A1ED9
:1015D00093416246896A9142404118437047C04630
:1015E000004005400CC001487047C046BD150010C2
:1015F00010B5024A0248FFF71DF910BDB0DB00101C
:101600005C2500200300416A0A00986A596A8A42F0
:10161000FAD17047034B596A0A00986A596A914295
:10162000FAD170470040054070B505000E00184A19
:10163000536A1900946A536A8B42FAD12000190048
:101640002C00350024184D41AB4216D813D0104B56
:101650002A005B6A9D4203D90D494B6A9342FCD331
:10166000934207D10A4A02E0516A994202D1916A33
:10167000A142F9D370BDA042E9D9054B5B6A1C00B9
:101680005A1CEFD0012201246442E5175242E3E7DD
:1016900000400540064A536A9942FCD807D1044BE2
:1016A00002E05A6A914202D19A6A9042F9D8704790
:1016B00000400540F8B5DE464E4645465746E0B583
:1016C00005008B4618000A99914600F03BFB0A9BE7
:1016D0006C001E026419304BA400E4186368804655
:1016E0009E4200D966602F1FFBB29A46012B2FD96C
:1016F000C0238022294FAD009B0179591201E318C4
:101700001A6000291BD14B4622685B015340E0223E
:10171000134080225201A21813605346012B2FD987
:10172000802380229B01E31812011A604346666001
:101730007B51F0BCBB46B246A946A046F8BD7869CD
:1017400000F000FB013043001B18033BFDD2DAE739
:101750005B46012BCCD1C02303229B01E3181A6006
:10176000023AA3681A42FCD04A46236852015A4002
:10177000E023134080225201A218084F1360AD00ED
:1017800058460323216841400B40136001228240E8
:10179000A3681A42FCD0C3E700800040E425002083
:1017A000F0B5D6464F464646440098462418324B7C
:1017B000A400E41863688A469146C0B5FF2B02D89E
:1017C00080235B006360061FF6B2012E2FD9C02371
:1017D00080222A4F85009B0179591201E3181A6073
:1017E00000291BD14B4622685B015340E022134085
:1017F00080225201A2181360012E30D9802380224A
:101800009B01E31812011A6080235B00636043466A
:101810007B51E0BCBA46B146A846F0BD786900F0FD
:1018200091FA013043001B18033BFDD2DAE753461F
:10183000012BCCD1C02303229B01E3181A60023A8A
:10184000A3681A42FCD04A46236852015A40E0235A
:10185000134080225201A218084F136085005046A1
:101860000323216841400B40136001228240A3689A
:101870001A42FCD0C2E7C04600800040E4250020A8
:10188000014B8000C0587047E4250020F0B5C646E3
:10189000040000B52348160098460D0000F052FAE7
:1018A0000100300000F04EFA4346069A1B04120372
:1018B00013439C4623680600002B22DB1A4B1B486F
:1018C000E218531E9A4180235242120B9B011203CD
:1018D000D218174B1A60174B1A60130001688B431C
:1018E000FBD12122144B2560E318A6601A60226800
:1018F000002AFCDA6246E26008221A6080BCB84620
:10190000F0BD3F2322681340AB42D7D1A3681B052B
:101910001B0D8342D2D1EE22E368D202134063450D
:10192000CCD1EBE7001BB7000040FDBF08C0004072
:1019300000E0004000F000400430000010B58024BA
:101940001C4BE4051C6000281AD001231A4C1843D4
:101950001A4BDC611A4C44401C6259629862802127
:10196000144BC9051960174817490860E021C904DC
:101970001960002A07D18022144B12061A6010BD8C
:101980000E4BD861EBE753019B1A9B009A188023FA
:1019900012015B049A4209D213000D490B60074BF8
:1019A0005A608022094BD2051A60E8E7094B1A00F9
:1019B000F3E7C04600B00540D3C007B00080054043
:1019C0002D3FF84FFCFF01000820014000A005401A
:1019D0004C2A0020FFFFFF008023024A9B000B439C
:1019E000D362704700800540002310B50100988A3B
:1019F0001B8B984710BDC046162310B501001888F0
:101A00005B88984710BDC046F8B54746CE4680B5BE
:101A10000F1E18D014239946043304000025012614
:101A200098464B461888434621681B88984701C44E
:101A3000431E984101350640AF42F2D13000C0BC90
:101A4000B946B046F8BD0126F8E7C046002370B598
:101A500004000D00988A05491B8B9847030000205D
:101A6000002C01DB0130A0402900984755420000BE
:101A7000AA23064A1B0113608D235B00D36004492F
:101A8000044B19605368002BFCDA70470040024099
:101A900000B0FA00006002407047C04610B501482F
:101AA000FEF7B0FED4DB001070B5074D074EB5420F
:101AB00009D20024013E761BB608013608CD013458
:101AC0009847B442FAD170BD38D7001074D70010CF
:101AD000054B064A06491A60064A074B1A60100071
:101AE0000B689843FBD1704700E00040BFCDFBFE80
:101AF00008C00040FE7F3C0000F00040044BDB6C5F
:101B0000002B03D18022034BD2021A607047C046DB
:101B1000000011504C201150044A054B1A60054A30
:101B20001368DB018033FBD17047C046FFFFFF0124
:101B300000F0004008C000404022034B9A675A67FB
:101B40001A67DA667047C04600F0014010B5FEF72C
:101B5000F9FE10BD70B52849284D294E6D1AAC10FC
:101B60002200302C00D930223000920001F03EF9E2
:101B7000BC2D3DD823002A3B224A052B1DD93020FD
:101B800075196D07A446001BEB0F002D03DA611CCD
:101B90008C46A1007250C01AE3189B004108F3184C
:101BA000C900C9181A605A6008339942FAD1012352
:101BB00003421DD0984360440400A300F250631C0C
:101BC0002F2C15D09B00F250A31C2E2C10D09B0064
:101BD000F250E31C2D2C0BD09B00F250231D2C2C1B
:101BE00006D09B00F250631D2B2C01D09B00F250BD
:101BF000054B9E6070BDC04600010010C001001082
:101C000000000020C101001000ED00E0002310B52D
:101C1000294C82B0A367FFF72BFF0122274B1A60E4
:101C2000636C012BFCD10322254B1A60224A936B73
:101C3000012BFCD1013300930121224A22480433B5
:101C4000FFF724FE052301210093204A2048FFF7D7
:101C50001DFE0022022104201E4BFFF7A1FD0022E1
:101C6000012105201C4BFFF79BFD002200210720CE
:101C70001A4BFFF795FD002200210820174BFFF7B4
:101C80008FFD8023DB000093002200210920134BED
:101C9000FFF710FD0022104B00210620FFF780FD0A
:101CA0000420FFF7EDFD0E4900F04CF80100002084
:101CB000FFF792FE02B010BD008000403CB0004033
:101CC00030B00040002F685900800240008C8647E9
:101CD00000C00240001BB70040597307006CDC02D3
:101CE00040420F0001480421014B1847A01000207A
:101CF000091A0010124A936F9B0815D29066D1669C
:101D0000002905D0FFE7FFE7FFE7516F106F70472D
:101D100004B580210906C2175140002800D0C843ED
:101D20000BF0C2FC002104BDF0B5146E556E576F68
:101D3000166FFFF7E3FF1466556657671667F0BD29
:101D4000000000D0114A936F9B0813D210665166B1
:101D5000002905D0FFE7FFE7FFE7516F106F7047DD
:101D600004B5002801D00020C0430BF09DFC0021E9
:101D700004BDC046F0B5146E556E576F166FFFF771
:101D8000E5FF1466556657671667F0BD000000D082
:101D900094464A4A926F9208624601D228E0C046B1
:101DA000F0B5464E346E756E776F366F00F020F8E2
:101DB0009446424A14665566576716676246F0BDF8
:101DC00094463E4A926F9208624601D254E0C04661
:101DD000F0B53A4E346E756E776F366F00F04CF892
:101DE0009446364A14665566576716676246F0BDD4
:101DF000002B24DB11D000293EDA00B5C943404254
:101E000000D1013100F038F8C943404200D101311E
:101E1000DB43524200D1013300BD002AEBD1002840
:101E200001D1002905D00020C90FC90701D1C04345
:101E3000410800B50BF030FC0022002300BD00B5C6
:101E400000290ADBDB43524200D1013300F014F8D1
:101E5000C943404200D1013100BDC943404200D1D5
:101E60000131DB43524200D1013300F005F8DB437E
:101E7000524200D1013300BD002923D1002B18D1DB
:101E8000002A0CD0BC460D4F38667A66002100232C
:101E9000FFE7FFE7FFE77A6F386F67467047002874
:101EA00001D00748010000B50BF0F6FB002200232B
:101EB00000BD02000B00002000217047000000D090
:101EC000FFFFFFFF002B00D0BFE0130C28D1002A3A
:101ED000E7D080B4114F39667A66FFE7FFE730B488
:101EE000040C7B6F396F1B0423433B667A66FFE764
:101EF000FFE7FFE7C04684B27B6F3D6F1B042343BF
:101F00003B667A66FFE7FFE7C04600232C042D0CF2
:101F10007A6F386F00196941B0BC7047000000D07B
:101F2000F0B594460025140E01D112020835140FA5
:101F300001D112010435940F01D192000235D40F62
:101F400001D152000135D40B0134254F7C66254C5C
:101F50003C660E0C93B2FFE7FFE7FFE73C6F66437A
:101F6000360C7703BE467343DF0B5B04C01AB941DE
:101F7000130C7343DB18C91ACE086643360CB644FB
:101F800093B273431F0F1B01C01AB941130C734363
:101F90001F0B1B05C01AB941860D8F023E436643D5
:101FA000360C092D24DB520A7243801A7703460A45
:101FB0006643360C16235B1BDE40DF40BF196446C8
:101FC0006643821B7046043506330100D940A840A1
:101FD000C01900D30131A24206D20023F0BD000097
:101FE000000000D0FFFFFFFF121B0130F3D3F1E729
:101FF00009277F1BFE406446A2B27243801A00D2BA
:102000000139220C7243130C1204821A99410B00FD
:102010007046043513370100F940A840801900D3F9
:102020000131002B02D1A2420AD2F0BD013000D30F
:102030000131121BFAD2013BF8D1A24200D2F0BD0D
:10204000013000D30131121BF7E7F0B51C0C00D0B2
:1020500080E00CB400251C0A04D11B02160E334389
:10206000120208351C0B04D11B01160F3343120159
:1020700004359C0B04D19B00960F3343920002352C
:10208000DC0B02D192185B4101351C0097186441AA
:102090000134464F7C66464C3C660E0CFFE7FFE77A
:1020A000FFE7C0463C6F6643360C7703BE4697B2E7
:1020B0007743C01B00D20139C01B00D201399FB247
:1020C0007743C91BC91B170C77437E04FF0B801B8A
:1020D000B941CE086643360C0C2D33DBB644120BE7
:1020E0001F053A431B0B97B27743C01B00D201393F
:1020F0009FB27743C91B170C77433E043F0C801BEC
:10210000B941860D8F023E43664329277F1BFE405F
:102110000C3D7746AF40BF1930BCA2B2ABB27243A0
:102120007343801A9941220C7243130C1204801AD3
:10213000994102000B000137001BA941F9D2781E1A
:102140000021F0BD0C277F1BFE4077467F0BAF4080
:10215000FF19E0E700245D1C07D0144F7D66396647
:10216000FFE7FFE7FFE7FFE73C6F95B29EB26543ED
:102170006643401BB141150C1E0C65436643360493
:102180002F0C3E432D04401BB141994204D2020062
:102190000B0020000021F0BD01D19042F7D3801A3E
:1021A000994101349942F2D3F6E70000000000D0D3
:1021B000FFFFFFFF48404140484018B41B4B5B689D
:1021C000FC46019308BD04DFF724001018B4174B38
:1021D0001B68FC46019308BD00DF012500109446F2
:1021E000134A926F920809D2624618B40F4BDB680B
:1021F000FC46019308BD0CDFB92700100C4AF0B56E
:10220000146E556E576F166F6246FFF7EEFF084A61
:102210001466556657671667F0BD18B4034B9B6884
:10222000FC46019308BD08DF5D260010D81B002086
:10223000000000D0FFB550404240504059404B4054
:10224000594000E0FFB5154F4C00640D03D0BC426F
:1022500004D10C0314D80020090D09055C00640D9D
:1022600003D0BC4204D11C030AD800221B0D1B055D
:1022700001264B4009D44B4003D58B4200D182420A
:10228000FFBD9942FCD19042FFBD0B43DB180343D5
:102290001343F5D0C9434918FFBD0000FF070000F4
:1022A00000B5FFF7CFFF01D0002000BD012000BD29
:1022B00000B5FFF7C7FF804100BDC04600B5FFF77E
:1022C000C1FF01D9002000BD012000BD00B5FFF70E
:1022D000B1FF01D9002000BD012000BD00B5FFF70E
:1022E000A9FF804100BD012040054A00121804D812
:1022F0005A00121801D800207047012070470000D2
:102300000021002805D17047C1174840401AFAD073
:10231000C90713B5064B1B6898470CBC441CA24068
:102320001005120B0349091B09051943114310BD80
:102330008C2A00201F04000010B54C00620D802381
:10234000D218DB00D21A5B057E2A10DD9E3A13DA22
:10235000CC170903490819435242D14064000134A3
:102360001532202A05DAD0400843604310BD002012
:1023700010BD0846604310BDC80FC018013810BD1D
:1023800018B4044B5B6AFC46019308BD24DF69293D
:1023900000100000D81B002018B4044BDB6DFC4675
:1023A000019308BD5CDF752A00100000D81B0020D7
:1023B000C94211D300B549004908002200F018F8BD
:1023C000002904D4002240428A41114600BD8021E8
:1023D0000906002000BD000018B4044BDB6EFC466B
:1023E000019308BD6CDF772900100000D81B002086
:1023F00018B4044B9B6FFC46019308BD78DF93290A
:1024000000100000D81B002018B4044BDB6FFC4602
:10241000019308BD7CDF012A00100000D81B0020BA
:10242000132370B51D78012D19D014DD1F48FFF757
:10243000E3FA06001E48FFF7DFFA1E4C8022310047
:10244000200000F0D3FC022D2DD01B48FFF7CCFA62
:102450001A4B186070BD1A4B164CA364F5E7184B65
:10246000144C23606360A360E36023616361A36134
:10247000E36123626362A362E36223636363A36332
:10248000E36323646364A364E36423656365A36512
:10249000E36523666366A366E36623676367A367F2
:1024A000E367A364D1E7064BA364CEE7534400007F
:1024B00053460000D81B00204C3300008C2A00201B
:1024C000C524001007B5604601880A0A0230DF2AD9
:1024D000FAD1C9B2820804D30288408800041043AC
:1024E00000E00068014A5050039007BDD81B00204F
:1024F0000FB403BC0CBCF0B50124E407634000E05A
:10250000F0B50C0DCF0F661E3605891B640503D38D
:10251000C943404200D30131640D03D0661CF60A62
:1025200007D0E41B00207F00791C89078912803CBA
:1025300024031D0DDF0F6E1E36059B1B6D0503D397
:10254000DB43524200D301336D0D03D06E1CF60AFB
:1025500007D0ED1B00227F007B1C9B079B12803D58
:102560002D032F1B661B58D4A446202E46DA203795
:102570001400BC401D00BD40F24033412A43801886
:102580005941CB0F05D0C943C0430022644250419A
:10259000514162464D0D28D10D0D07D100281FD0A5
:1025A000241940414941013A0D0DF9D0640006D388
:1025B000013000D30131002C01D140084000013A24
:1025C0000BD4941CE40A04D112051144DB0719440E
:1025D000F0BDD907204B194300E0D9070020F0BD1A
:1025E0000029DDD1002CDBD1F0BD0132C607400847
:1025F000CD0728434908002EE1D0D9E73C2E29DA3F
:10260000203E40371400BC4000D00124F240144367
:102610001A00BB401C43D317ACE7AC46202F08DAA6
:1026200020360400B4400D00B540F840394128433D
:10263000A5E73C2F0CDA203F40360400B44000D020
:102640000124F84004430800B1400C43C117EAE7F5
:1026500010001900002494E70000F07FF0B50C0D85
:10266000661E3605891BE60A6405640D02D0651CEA
:10267000ED0A04D0002001210905803C2403A44672
:102680001C0D671E3F05DB1BE70A6405640D02D0C5
:10269000651CED0A04D0002201231B05803C2403A5
:1026A0007740644497B484B296B27443070C7E4377
:1026B000150C6F4380B26843361802D30120000422
:1026C0003F183004350C00197D41844688B29AB217
:1026D00050430C0C62431F0C7C438EB27E43921914
:1026E00002D301263604A4191604170C36186741C4
:1026F00001BC81B29AB25143040C62431B0C5C438F
:1027000080B25843121802D3012000042418100488
:10271000130C401863412D185E410020474106BC50
:1027200088B293B258430C0C6343120C544389B2E1
:1027300051435B1802D301210904641819041A0CCF
:10274000091862416D1856410020474118BCF90232
:10275000720D1143F0026A0D1043ED020A0D03D110
:102760006D1940414941013B124E9B1B7600B3421B
:102770000ED26D0007D30130002671416646354305
:1027800001D1400840001B05C918E4072144F0BDF1
:102790000BDA013306D1013004D101314F0D01D0E4
:1027A0004908F2E7E1070020F0BD013631050020BD
:1027B000EBE70000FF030000F0B51C0D671E3F05AE
:1027C000DB1BE70A6405640D02D0661CF60A04D020
:1027D000002201231B05803C2403D0252D06002662
:1027E000F6432E661E096E66CE0FF619B4464900F2
:1027F0004F0D02D07E1CF60A03D000200021403F7E
:102800003F033E1BB600B444013F7F05C91B490886
:102810002E6F013676089C02950D25437543ED1306
:102820007543AD1301356D10F603761B0CB4CC0265
:10283000450D2C43A2B2B3B25A43270C7B43350C4F
:102840006F43A4B26C431B1902D3012424043F1923
:102850001C041D0CA4187D4124196D41009A91B2ED
:10286000ACB26143170C7C432B0C5F4392B25A43CA
:10287000A41802D301221204BF182204230C5218F8
:102880007B41019C6C431B19520ED9010A43440140
:10289000A01A81B2B2B2514303145A43360C7343A7
:1028A00087B27743D617D21900277E4136049B1989
:1028B0001704160C7F185E417316ED18F3010026FD
:1028C00080337541A90F06D16400690AE8055B0AE7
:1028D000184309D22FE00422944480337541A90A99
:1028E000A8059B0A184326D3404149412404009A75
:1028F000019B0D005543641B4343E41A95B286B215
:102900007543170C7E43030C5F4392B25A43B618CB
:1029100002D301221204BF183204330C52197B4136
:1029200052429C41002C02D4002201305141400807
:10293000CA071043490802B06246D7079210084BF5
:10294000D218084B9A4203D212058918C919F0BD52
:102950000020002A01DC3900F0BD01331905F5E73C
:10296000FD030000FE070000002200B5203200F049
:1029700010F8080000BD002200B500F00CF8CA17DE
:102980009A4200D100BDD8430121C907414000BD92
:1029900000220B150AD410B5944600F0A7F81414C1
:1029A000013400DA0021CB17144C2047002000210D
:1029B00070476244343A0CD40C2A07DA0400914080
:1029C000904052422032D440214310BDD843D943D5
:1029D00010BD203207D40C4694405242203211419F
:1029E000D040204310BD0800C917203203D4524202
:1029F0002032104110BD1800190010BDB32900107D
:102A00004A00520D144BD21A13DDFF2A1EDAD205EA
:102A1000CB0FDB071A43C300400F0903490A0843E1
:102A200010435B0001D301D0013070474308FBD253
:102A3000704702D0C80FC00770470A031213013253
:102A4000F8D1420F072AF5D1012200E0FF22C80F7A
:102A500000028018C00570478003000000210A00B2
:102A6000002104E000210A00C11704E00022002335
:102A700006E0C0460022CB1758405940C01A994181
:102A800030B5184CA21A002903D1010010D0002043
:102A9000203A4C1512D104D2013A001849414C0D8C
:102AA000FAD3114CA24204D212058918DB07C918C7
:102AB00030BDD243520D00200021F5E703D4013A86
:102AC00000184941FBD50B324405C00A4D05284387
:102AD000C90A640003D0002460416141E1E7E0D30A
:102AE0004408F8E732040000FE0700000A0DCC0F8E
:102AF000531E1B05C91A520503D3C943404200D3D4
:102B00000131520D03D0531CDB0A07D0121B0020E9
:102B10006400611C89078912803A1203014BD21AA2
:102B200070470000FF03000051434343C9188C461F
:102B3000110C83B24B4310B4040C614392B280B2C7
:102B4000504362431C041B0C001910BC5941130470
:102B5000120CC01851416144704700004840414088
:102B600048400E4B5B6818470C4B1B6818470C4AD3
:102B7000936F9B0802D2094BDB681847F0B5146EBF
:102B8000556E576F166FFFF7F6FF054A14665566C8
:102B900057671667F0BD014B9B681847D81C00208B
:102BA000000000D007B548404140484001E0C04621
:102BB00007B54200120E03D0FF2A03D1420218D8F3
:102BC000C00DC0054A00120E03D0FF2A03D14A02ED
:102BD0000FD8C90DC9050122414005D4414001D596
:102BE000814207BD884207BD0143491801D0C04357
:102BF000001807BD00B5FFF7D5FF804100BD0000FC
:102C0000C10FC90700D54042002817D0F44603B4CD
:102C10000B4B1B68984706BC81409E384042803170
:102C200007D20B0607D04900490AC00510430843E4
:102C300060470130F8E7490A8902F5E7704700006C
:102C40008C2A0020054A1047C2179142FAD0044B43
:102C5000DB6DFC4618475CDF1F2D0010012C0010B7
:102C6000D81C0020034BDB6FFC4618477CDF512D3E
:102C700000100000D81C0020132310B51C78134846
:102C8000FEF7BAFE012C0BD004DD010080221048B3
:102C900000F0ACF80F48FEF7A7FE0F4B186010BD10
:102CA0000B4C01005422200000F0A0F80B4B636590
:102CB000A365E36523666366A366E36623676367CC
:102CC000A367E3672362E361E4E7C046534600007D
:102CD000D81C00204C3300008C2A0020E12C00106E
:102CE00007B5604601880A0A0230DF2AFAD1C9B264
:102CF000820804D3028840880004104300E0006882
:102D0000014A5050039007BDD81C0020002230B566
:102D1000002906D5CD0705434808013A10E00022F6
:102D200030B505000D430FD0CD170C16AC4205D1C0
:102D3000C901440E2143C0010732F6E7050008002F
:102D400052423D320149884730BD0000EF29000062
:102D5000C30FDB0741000A0E07D0FF2A08D009097C
:102D6000054A891819434007704719000020704729
:102D70000249C918FAE70000000000380000F07F9F
:102D800010B5040004F0D0FF002804D0034B041950
:102D90009C4200D810BD0248FDF734FD000004201D
:102DA000E0DB001010B50C0005F094FA002804D008
:102DB000034B04199C4200D810BD0248FDF722FDC8
:102DC00000000420E0DB001010B504F0B7FF10BDD8
:102DD00001480421014B1847B0100020091A0010C7
:102DE000014B1B6818470000B0100020014B5B68C6
:102DF00018470000B01000209A4200D28854704753
:102E00007047C046F8B5DE4657464E464546E0B5E3
:102E100099460D9B0700884693469B0728D00B9B3D
:102E2000002B3CD016000B9C0A9D3619321B013C2E
:102E30004B464146285DB847002CF7D135000D9B25
:102E40009B070ED55B46EC1A0C9BA34209D91E00CA
:102E50002A004B46414620200134B8470135B44290
:102E6000F6D32800F0BCBB46B246A946A046F8BD42
:102E70000B9B0C9A934214D213005D460C000B9AE4
:102E80009E1A76192A004B46013521002020B847AA
:102E9000B542F7D10B9BA046002BC4D1E1E715004A
:102EA000CDE75E46002BBED15D46DAE7F0B54F4672
:102EB000D6464646C0B584B09C460EAB1F78129BE2
:102EC0009146BA460D9C109E119D9B074CD4002D37
:102ED00041D1B44248D20123129F1F40B8460C9BF7
:102EE0005F1E302303E001343B55A64201D9202C5C
:102EF000F9D14346002B00D187E00C9B5F1E3023A5
:102F0000A54204D830E001343B55AC422CD0202CF3
:102F1000F9D1129BDB060DD5129B5B0557D4A64257
:102F200067D0A54265D00F9B102B53D0022B5BD0EE
:102F3000202C36D12023129C01930C9B4A460093EF
:102F4000039463460295FFF75DFF04B0E0BCBA4608
:102F5000B146A846F0BD0123129A134098460123BA
:102F600013422DD1B442BAD3129BDB061ED5129B5D
:102F70005B05D8D4002CD2D10F9B102B60D00F9BB7
:102F8000022B71D0302301240C9A13705346002B6E
:102F900011D1129B5B0740D52B260C9A631C16554A
:102FA000C9E72300013430260C9AD654202CC1D016
:102FB0005346002BEDD02D260C9A631C1655BAE70C
:102FC000002F34D0013DB44200D288E795E70F9B33
:102FD000102BAFD1129B9B063CD5202CAAD0582396
:102FE0000C9A13550134A3E7202CA3D023000134FD
:102FF00007E0631E012CBFD00F9A102A36D0022A98
:10300000D1D162260C9AD65492E7129BDB06CDD51D
:10301000129B5B0500D482E785E7129A230016070E
:1030200000D488E720260C9A0133165583E70C2339
:1030300013405F1EBB41ED1AB44200D24FE75CE77C
:10304000129B9B060ED478230C9A02241370302313
:1030500053709BE7202C00D16CE778230C9A135512
:10306000013465E75823EFE76033EDE70C9AA61EBD
:10307000B618129A920602D55822327093E7782237
:10308000327090E710B5002800D110BD01F062FC4D
:10309000FBE7C04610B5002803D04A680B68110052
:1030A000984710BDF0B54E46DE4657464546E0B55A
:1030B00095B083468946924698461E9A1F9B1000FB
:1030C0001900209EFFF70FF9002800D0D2E11E98CA
:1030D0001F990122C44B5242FFF7EAF8002800D0A2
:1030E00001E11E981F990122C04B5242FFF7F6F8EA
:1030F000002800D0D6E01E981F990022BC4BFFF795
:10310000EDF8002800D0B5E01E981F990022B94BB9
:10311000FFF7CEF8002800D0ACE01E981F990022DF
:103120000023FFF7C5F8002800D0D1E000230B935F
:10313000229B5B0500D406260024302306E006AA65
:10314000013417321355013E202C01D0092EF6D838
:103150001E981F99FFF7F0F8A74BF2009B180CCBB5
:10316000050008920993FFF7CFF802000B001E98A4
:103170001F99FFF722F8089A099BFFF74EF806906F
:103180000791FFF7FDF80700FFF7BAF802000B0000
:1031900006980799FFF711F80022984B06900791BF
:1031A000FFF79CF8002800D1E9E001373800FFF76D
:1031B000A7F802000B0008980999FFF77FF800288C
:1031C00001D000270135002E00D1B7E0069513E0AD
:1031D000172306AA9B180A21380001341D19FEF78F
:1031E000B1FD3031297038000A21013EFEF7AAFDF9
:1031F000092F00D8E1E00700202CE9D1069D20240A
:103200000CAB0693172706ABFF180DE028000A2128
:10321000FEF770FD01343031280039550A21FEF7E0
:1032200069FD051E00D1B7E0202CEFD10323229ABF
:103230001340012B17D1219B002B14D00B9B002B8B
:1032400000D1E3E0219B013B2193202B0BD93023BC
:10325000219A06E006A9013417310B55944200D398
:10326000A0E0202CF6D1229B01940393219B029392
:10327000069B21E0229B52460493219B49460393DF
:1032800058461E9B1F9C029600930194434600F0F3
:1032900043F90400200015B0F0BCBB46B246A94675
:1032A000A046F0BD229B5B070FD40322544B22990A
:1032B0000192039121990291009352464346494657
:1032C0005846FFF79FFD0400E4E704224D4BEEE76C
:1032D0001E9A1F9B00200021FEF76FFF01231E9006
:1032E0001F910B9324E70223229A54461A40229BF3
:1032F00006929B0700D1ACE02600434D08942F1F97
:103300003200E87843464946013DD8470136BD4280
:10331000F6D1089C069B0434002BBBD05746219A5B
:10332000E31B9A42B6D915002200434649462020A5
:103330000134D847E31BAB42F6D3ABE72800FEF7D6
:10334000E3FF02000B001E981F99FEF736FF2B4B80
:10335000002206000F00FEF7ABFF0CAB069300281F
:1033600000D04FE7002230003900244BFEF7B6FFB3
:10337000002800D046E7012301359D4342E70022A3
:10338000069807991D4BFEF793FF002800D01AE717
:10339000002F59D1013716E70323229A1340012B3E
:1033A00000D1A6E0202C00D15DE70B9B002B3AD08A
:1033B0002D23069A1355013455E7069D202C00D184
:1033C0001DE73023361906E006AA013417321355DB
:1033D000202C00D113E7A642F6D12E230CAA0134EB
:1033E000069293550EE7C046FFFFEFFFFFFFEF7F0A
:1033F00065CDCD4165CDCDC188E100100000E03F35
:1034000034DC00102CDC00103CDC00100C23229A71
:10341000134257D0219B013B2193A34200D916E7C9
:10342000202C00D11FE7229B5B0704D52B23069A93
:103430001355013417E7229B1B0700D413E7202301
:10344000069A135501340EE7FB0700D4BBE601379B
:10345000B9E6219B042B00D84EE755464F46043C65
:10346000E4182A004346013539002020D847AC42F1
:10347000F7D141E70227229B55461F409B0726D0E4
:1034800006975F46234EEC1C2A00B0784346494617
:103490000135B847013EAC42F6D1069F002F00D15E
:1034A000F8E65746219AE31B9A4200D8F2E6150047
:1034B00022004346494620200134D847E31BAB4253
:1034C000F6D3E7E6219BA34200D9C0E6CBE6219BD9
:1034D000032BD5D9069754464F46033DED182200DD
:1034E0004346013439002020D847A542F7D1069F32
:1034F000C6E7219B002B00D154E70B9B002B85D006
:10350000219B013B21939C4200D2A0E6202C00D0BD
:103510004EE7A8E638DC0010F0B54546DE465746D3
:103520004E46E0B59BB0249C259D82468846934636
:10353000994622002B0020002900FEF7D4FE002827
:1035400000D0C1E00122200029007C4B5242FEF74E
:10355000C5FE002800D0B7E0012220002900784BEA
:103560005242FEF7A5FE002800D0ADE00022002365
:1035700020002900FEF79CFE002800D0BBE1089443
:103580000995089809998023289ADB001A400F9220
:103590008022289E1201164032000E96289E0F00AF
:1035A0000A901E4200D0A4E00B00034300D0CBE001
:1035B000002A00D012E23200063326930223134081
:1035C0000C930223134200D00AE2279B042B00D263
:1035D00015E200270426043B0E930022002320005E
:1035E0002900FEF765FE002800D0C8E1554B289A57
:1035F000134004930E9B0393269B0293089B099C04
:103600000093019441464B465A465046FFF74AFD07
:1036100002002020289B0025034059424B415B4279
:103620001840531C089341464B464530D047FB1782
:10363000FC185C40FB0F1F270A93731E0E930AAB06
:10364000FF1806E020000A21FEF77CFB0400202D75
:1036500008D00A212000FEF775FB0135303179557D
:10366000092CEFD8052306930E9B5646059300239D
:1036700004930A3303930A9B4146029312AB0093CF
:1036800030004B46089A0195FFF710FC0C9B002B6D
:1036900028D05F46279BC41BA34223D982461D0026
:1036A0003A194B46414620200134B047A542F7D88D
:1036B00050465946279C421A01320023944200D3B7
:1036C00095E1013018180DE0289B009401950493B2
:1036D000279B0393269B02934B465A4641465046EE
:1036E000FFF7E0FC1BB0F0BCBB46B246A946A046C3
:1036F000F0BD01432AD10E9B3200002B00D15DE7C3
:103700000027269B0026BB4200DD82E10022002329
:1037100020002900FEF7CCFD002800D04BE1289BBB
:10372000084A02961A408023DB0013430493279B28
:103730000393089B099C00930194CDE7FFFFEF7F63
:10374000FFFFEFFFFFF7FFFF06232693B24B780042
:10375000400DC018FEF7D8FDB04AB14BFEF75DFD35
:10376000B04AB14BFEF732FD3F03B04B3F0B3B433A
:103770000C900D9100220A981900AD4BFEF71DFD2B
:10378000AC4AAD4BFEF749FD02000B000C980D99B9
:10379000FEF71CFDFEF7D0FD0700FEF7B5FDA74ABA
:1037A000A74B0A900B91FEF738FD0022A54BFEF7C0
:1037B0000DFDFEF7C1FDA44A06000A980B99A34B24
:1037C000FEF72BFD0A900B913000FEF79DFDA04AFD
:1037D000A04BFEF722FD02000B000A980B99FEF7A2
:1037E000ECFC02000B000A900B91FEF716FD0C900A
:1037F0000D910A980B9902000B00FEF7E7FC0022DE
:10380000109011910C980D99934BFEF7E8FC002253
:10381000924BFEF7DBFC02000B000C980D99FEF7B3
:10382000DEFC00228E4BFEF7D1FC02000B000C9850
:103830000D99FEF7D4FC0A9A0B9B0C900D918021F8
:103840000020C905FEF7B9FC02000B000C980D9989
:10385000FEF7BCFC02000B0010981199FEF7BFFCAC
:103860000022724BFEF7B2FC7E4B0022F6183305A5
:10387000FEF7D3FC02000B000A900B9108980999FF
:10388000FEF716FD002808D00A980B990022734B0A
:10389000FEF7A5FC0A900B91013F0A990B9A0B00C9
:1038A00011003A006332C62A12D802222898042650
:1038B00010400E9A0C90002A26D1279B042B05D984
:1038C000002800D0A1E0279B043B0E93042642E091
:1038D0000222289810400E9A0C90002A13D1279BA0
:1038E000052B00D889E0002800D084E0279B05261E
:1038F000053B0E9332E080231B069C46AC44634696
:10390000089409933DE605260B4300D1F9E6089893
:103910000999554A554BFEF7D9FC002808D008985C
:1039200009990022524BFEF7C3FC002800D0E8E6BC
:10393000269B002B34D00F9B002B31D0269B013BC4
:103940002693279BB34204D90C9B002B59D002230A
:103950000C9300230E93002F00D13EE60A9A0B9B96
:1039600008980999FEF73BFC002208900991002372
:1039700020002900FEF79CFC002800D136E6089CB8
:10398000099D289A80203B4B000613402200049397
:103990000E9B0393269B02932B180092019331E612
:1039A000279BB342D5D90C9B002B2AD000230E9322
:1039B00002330C93CFE7289B2E4A8020089C099D58
:1039C0001A408023DB00134322000493279B000648
:1039D00003932B180092019302967DE6052695E647
:1039E00000230E930233002704260C93F5E54B1EAB
:1039F0001B191B1A65E602230C930526AEE7042368
:103A0000E7E5279B9B1B0E93A5E7022304260C9357
:103A1000A1E7DB1B5E1E79E601FCFFFFFB799F50EF
:103A20001344D33FB3C8608B288AC63F0000F03FE1
:103A30000000F83F61436F63A787D23F71A3790904
:103A40004F930A400000E03F1655B5BBB16B0240F2
:103A5000EF39FAFE422EE63F00002C4000002440E1
:103A600000001840FF0300002D431CEBE2361A3F14
:103A700080842E41FFF7FFFFF0B55746DE464E46E5
:103A80004546E0B5A3B01F002C9B92460C93C94A53
:103A9000C94B8B460B901A60002900D1BFE100236F
:103AA00038789946002800D1C1E1C44B4C460993AF
:103AB000C34B0E935B460A9308E0220053460A99D3
:103AC0000B9DA84701343878002876D00137252887
:103AD000F3D110239B46083B9946043B9846033B91
:103AE000002602259C463878791C0300203BDBB277
:103AF000102B03D8099A9B00D3589F460300303BF4
:103B0000092B36D900252A2800D1A7E000230D93E0
:103B10002E283FD00300683BDBB2122B1BD80E9A35
:103B20009B00D3589F4663460F001E43DBE70F0000
:103B30002E43D8E743460F001E43D4E75B460F00F1
:103B40001E43D0E74B460F001E43CCE78023787816
:103B50005B001E4301310F00672845D82428ACD9EB
:103B60000300253BDBB2422BA7D896499B00CB58DC
:103B70009F460025AB005D196D002D1808780F00D9
:103B80000300303B303D0131092BF3D900230D9365
:103B90002E28BFD13022802052429046C0000643DA
:103BA00078780B0080444246092A00D851E12A283F
:103BB00000D15EE10F000131ACE70A9BA1469B46B4
:103BC000CA4503D801235B425344994653464A46AB
:103BD000594600200B9DA847200023B0F0BCBB46EF
:103BE000B246A946A046F0BD0300693BDBB20F2BED
:103BF00000D962E7012199408846734A11408B46FB
:103C0000110042460A4200D013E10A2B2FD0072BA5
:103C100000D052E70C9D01CD002800D134E12123D2
:103C20001E43B0461F260D9A12ABF618A1469446C5
:103C30005946340002E0000920290AD00F26064028
:103C400032003732092E00D8073A013162540F286A
:103C5000F1D863464C468B460D9322E10C9B20CB5A
:103C6000002D52DB78780C930F0001314EE70C9B4E
:103C70000D9904CB90469B46002900D128E143468C
:103C800018784144002801D100F029FC0D9A94468F
:103C90000A0004E059780133002900D195E19A42E5
:103CA000F8D163460D934346D31A0F93730500D49E
:103CB0006CE10F9B0D9A934200D90F9202231A00D8
:103CC00032400C92334200D191E20C930D9BB946E5
:103CD0001E1943461B1BA84622001F000B9D08E02F
:103CE000541C53460A99A847385D002800D163E167
:103CF00022009642F4D145464F4634000C9B002BDF
:103D000000D097E15B460C93DDE6022278781643FB
:103D10000F006D420C930131F8E678786C2800D1E1
:103D200059E180235B001E43013114E780239B008F
:103D300078781E4301310EE77878682800D150E189
:103D4000802301311E4306E7672800D1C2E04728DF
:103D500000D134E1452800D134E107210C9B0D9AB4
:103D600007338B4319000496039502920CC90B98F4
:103D7000009201930C91220053460A99FFF7CCFB65
:103D80000400A0E6462800D1A8E007210C9B0D9A6C
:103D900007338B4319000496039502920CC90B98C4
:103DA000009201930C91220053460A99FFF77AF989
:103DB000040088E6793A0010482A0020ECDF001061
:103DC00030E000107CE000104190000022005346DB
:103DD00025200A990B9DA847013474E60C9B0433F7
:103DE0009B46631C9846B60700D4FFE00C9B22005C
:103DF00018780A9953460B9EB0476419012D00D8D4
:103E000049E245460B9EB8460A9F2A0053460135B3
:103E100039002020B047A542F7D1474672E7DB4B77
:103E200038780B9300239946002800D03DE6002403
:103E3000C6E66F2855D000D8BCE21023782800D100
:103E40009EE09E430A239C4600230F930A339B4621
:103E50004DE000218A0052185200013311181878E1
:103E600030390200303A092AF4D90D911F00591C4B
:103E700050E60C9BB87804CB0237D143C9170A40EF
:103E80000D920C93791C45E61023300098431133B2
:103E90001843802380463000DB0018401E4200D1CA
:103EA000C0E643460693082305930D9B2200049326
:103EB00010230393002302935B4601931AAB0093F4
:103EC0000A9953460B98FEF7F1FF0C950400FAE5AA
:103ED0000139D4E680231B011E433EE720231E4305
:103EE00053E708239C4600230F9308339B46802307
:103EF0003000DB0018401E4200D11AE10D233100D2
:103F0000994380230A009B001A409146194200D031
:103F1000C3E180230A005B001A4090460C9A0432E9
:103F20000F92194200D08FE24B0600D597E10B06A5
:103F300000D4E5E20C9B1B8899464B46002B00D031
:103F400005E210339943002800D100E2002398468F
:103F50000D9B069104935B46039300230595029302
:103F60004346D9E0582808D0622878D102239C46DD
:103F700000230F9302339B46B9E720231E43103BD7
:103F80009C4600230F9310339B46B0E702231A0090
:103F900032400C92334200D105E20C934346B946BD
:103FA0000B9E0A9FA8461D1B220053463900013470
:103FB000B047285D0028F7D145464F469EE680234E
:103FC0001B011E4320231E43C7E662460D92424654
:103FD0009B1A0F936AE6C0239B00B8781E43F91C16
:103FE000B9E5C023B8781E43F91CB4E5012D00D80B
:103FF0004AE1631E9946A9444B4652462600A14613
:10400000BA461C001700A8460B9D32003B00013643
:1040100020200A99A847A642F7D13B0057469A4666
:104020004C460C9B320018780A9953460B9D444429
:10403000A84767E6A0460F9B9D4200D862E62C1970
:104040000B9E4546B8460A9FE41A2A00534601359E
:1040500039002020B047A542F7D1474652E68023D9
:104060003200DB001A4090461E4200D1F3E01121DD
:104070008E43B4469846802362469B001A4093467E
:1040800062461A4259D180235B001A4091460C9A2D
:1040900004320F9262461A4200D0A0E163465B06EA
:1040A00000D5D4E063461B0600D412E20C9B00222C
:1040B0009B5ED8171918414089B2DA0F0C92002B79
:1040C00000D187E188461F2612ABBB461495F7182E
:1040D00045464E46E046A14606E028000A21FDF787
:1040E00031FE0500202E08D00A212800FDF72AFE07
:1040F00001363031B955092DEFD84C46C446B1468A
:104100005F46149D634606930D9B059504930A2311
:1041100003930C9B02934B4601931AAB220000932E
:104120000A9953460B98FEF7C1FE0F9B04000C93AF
:10413000C9E40C2331009943E3E6082207219146A4
:104140000C9B07338B4399444A460ACB08000C92D8
:10415000DA0F9346184300D085E000239946434682
:10416000002B2FD1002200231092119300231F2631
:10417000994612ABF6185B461495BB46E0463700ED
:104180000F934E46A146109C119D05E0012E001094
:1041900004000D00202E0CD00A220023200029004C
:1041A000FDF70EFE01363032BA55002DF0D1092C44
:1041B000EED80F9B109411955F464C46C446B1460D
:1041C0009B46149D634606930D9B059504930A2315
:1041D00003935B4602934B4601931AAB2200009374
:1041E0000A9953460B98FEF761FE04006BE40F9B9F
:1041F0009D4200D896E18023DB000C930F9B2E1983
:10420000F61A43460F930D9BA84699465346BA4665
:104210001F000B9D22003B00013420200A99A84773
:10422000B442F7D10F9B454698464B460D933B0051
:1042300057469A4643461878002800D162E56B1C21
:104240000F930C9B002B00D1A8E600233DE50C9BAF
:104250001B78190031E710239E43B4460BE70C9BF3
:104260001B78994669E6DA17129213924A40109227
:10427000129813990A005A401192109A119B121A1F
:104280008B411092119371E70C9B220018780A99C8
:1042900053460B9CA047444634E508220726904627
:1042A0000C9B0733B343984442460C921A685B68F0
:1042B000149208931300089A134305D110339943BD
:1042C00000239846002838D161208B0600D5412074
:1042D00000231F2698465A4612ABF6180300189280
:1042E0000F9A0A3BB14616951794199744466646AD
:1042F00090469B46149F089D159103E007000D0012
:10430000202C13D03200002338002900FDF758FD7F
:104310005B46D2B2D318092A01D8130030334A467B
:1043200001341355A845E9D1BE42E7D9189BA046F0
:104330009B461599169D179C199F0D9B06910493FA
:104340005B460393002305950293434644E76120AF
:104350008B0600D541201F2612ABF21803000A3B42
:104360000C934B464646A146A8461C005D46149158
:10437000BB46170002E00400202E0DD029002000CB
:10438000FDF7E0FC0C9BCB18092901D80B0030335A
:104390000136BB55AC42EED25F464C46AB46149953
:1043A0004546B046D4E50F9B9D4200D926E7013330
:1043B0000F93F3E5102332009A439446692800D006
:1043C000A2E080233200DB001A4090461E4200D15A
:1043D00051E64CE64346002B00D093E673E60C9B77
:1043E0001B68DA0F002B70D0D9175B184B4098462A
:1043F0001F2612ABF618A14614955C464546BB46EF
:10440000E04637000C9206E028000A21FDF79AFCEE
:104410000500202C08D00A212800FDF793FC013468
:1044200030313955092DEFD85F46C446A3464C4676
:10443000149D0C9A634606930D9B059504930A23DD
:10444000029203935B4667E60C9B1B689846002B21
:1044500003D11033994300282DD161208B0600D55C
:1044600041201F2612ABF61803000A3B4A460C9364
:10447000149143463100A846A1465E461400BB464F
:104480001D000F0002E00500202C0DD03100280097
:10449000FDF758FC0C9BCB18092901D80B003033D1
:1044A00001343B55B542EED223005F464C464546AB
:1044B000B346994614990D9B069104935B4603936A
:1044C0000023059502934B4626E64346002BB1D1C7
:1044D0008EE70C9B1B68D81719184140EDE5802327
:1044E0003200DB001A400F921E420FD00230020051
:1044F00032400F92304219D00023A0460F939AE524
:104500000C9B1B68994618E516009BE402231A00D1
:1045100032400C92334200D08CE5002D00D06DE685
:10452000FFF7F0FB01330F93FFF7D0FB0C93F4E799
:104530000EB410B5012485B007AA08CA0100039281
:10454000009204486242FFF797FA05B010BC08BC1D
:1045500003B01847F92D001000B585B00391012173
:1045600002900093034813004A4202A9FFF784FA1D
:1045700005B000BD953000100FB410B50C4984B0E3
:1045800006AA08CA0C680392002C0BD000920122E4
:104590000848524202A9A047012004B010BC08BC40
:1045A00004B01847180000F01FFA0020F5E7C046D5
:1045B000482A00208530001010B5094A030014680D
:1045C00084B0002C08D0012200910648524203A971
:1045D000A047012004B010BD00F006FA0020F9E762
:1045E000482A00208530001000BEFDE7094A136804
:1045F000002B06D008491818884208D81060180007
:104600007047064B0449181813608842F6D90123F5
:104610005B42F4E74426002000000420B82A002072
:1046200010B5FFF7E1FFC04610B584460C0082B01C
:104630001900002A0AD0074B01920093624623001A
:104640000548FFF799FF0120FFF7CEFF034B1A0043
:10465000F2E7C04644DC001054DC001080D90010A2
:1046600070B5FDF721FA074D074EB54209D2002477
:10467000013E761BB608013608CD01349847B44296
:10468000FAD170BD74D700107CD70010030010B5AC
:10469000080011001B68984710BDC046F8B5437D5F
:1046A00007000D001600002B38D0002A1ADD0B7809
:1046B0000A2B18D00020012E09D0012421006B5CA8
:1046C00001340A2B1AD0B442F8D1864203DD311AE4
:1046D0003B6828189847AD19013D2B780D3B5A428D
:1046E00053413B75F8BD037D002BE3D102210E48F9
:1046F0003B689847012EEED00120DEE76B1E5B5C25
:104700000D2BE0D0884203DA091A3B682818984735
:10471000054802213B6898472000D4E70368110050
:1047200028009847DEE7C046D8E10010F0B5C6463D
:104730000B6807000D0000B5802B06D05A1C2A60BC
:10474000ED182F7180BCB846F0BD0F4B1C68002CD3
:1047500016D00B1D98460D4E02E02469002C0FD098
:104760002368002BF9D03368002B01D0A342F4D189
:10477000200041462A68FFF791FF2469002CEFD101
:1047800001220023DBE7C04634260020402600201B
:10479000F0B54646D6464F46C0B582B090461C009E
:1047A00006000D00FCF736FF00232F4A12184B417C
:1047B000002B02DA01222D4B52422D4908008A4675
:1047C00008F09AFF81466B1C03D1300004F096F884
:1047D0000500002C27D0274F274B1C68002C18D031
:1047E0004346002B21D1254B984602E02469002C3A
:1047F0000FD02368002BF9D043461B68002B01D053
:104800009C42F3D120002A003100B8472469002CD3
:10481000EFD14B46002B23D1280002B0E0BCBA46B2
:10482000B146A846F0BD164FD6E7144B984602E0B5
:104830002469002CEDD02368002BF9D043461B6877
:10484000002B01D0A342F3D12A0031002000B84749
:104850006B460A222000DA71D91D093AB847E7E70A
:10486000504608F011FFD7E740420F00FFFFFF7FDF
:10487000741900209D460010342600204026002098
:104880008D4600100A4A1368002B05D10CE01A006F
:104890001B691032002B07D08342F8D1002902D1C6
:1048A00018691060196170470029FCD01060FAE7A0
:1048B0003426002010B500F037FB10BDF0B5CE4611
:1048C0004746040080B583B0FCF7A4FE260000270D
:1048D00036184F41002F02DA01261A4F76421A4B42
:1048E0001A4D994601AB98464B461C68002C03D1E3
:1048F00016E02469002C13D02B68002B01D09C42B9
:10490000F7D1A368002BF4D0012140469847002836
:10491000EFDD4346187803B0C0BCB946B046F0BDE1
:104920000B4B5A6A974207D89B6AB34202D30220C4
:104930004042F0E79742FAD101200021FCF774FED3
:10494000D2E7C046FFFFFF7F34260020402600202C
:1049500000400540F0B5CE46474680B583B06B4673
:104960000600DD1D2870FCF755FE0023194A1218B9
:104970004B41002B02DA0122174B52421749080023
:10498000894608F0B9FE164B80461C68002C14D0EE
:10499000144F02E02469002C0FD02368002BF9D0BB
:1049A0003B68002B01D09C42F4D120000122290059
:1049B000FFF774FE2469002CEFD14346002B05D18C
:1049C000300003B0C0BCB946B046F0BD484608F060
:1049D0005BFEF5E740420F00FFFFFF7F74190020E8
:1049E000342600204026002070B5040003F086FF26
:1049F00001230100050001222000FFF7C9FE084B3A
:104A00001C68002C06D06368002B05D098472469E9
:104A1000002CF8D1280070BD2469002CF3D1F9E7EF
:104A200034260020F0B5CE46474680B5A3B004003A
:104A30000E00FCF7EFFD0023264A12184B41002B15
:104A400002DA0122244B5242244808F055FE00238A
:104A50002200019380463300214801A9FFF77CFD25
:104A6000204F019B81463C68002B19D0002C2FD091
:104A70001D4E02E02469002C0FD02368002BF9D0D2
:104A80003368002B01D0A342F4D12000019A02A97F
:104A9000FFF704FE2469002CEFD100233C6801934A
:104AA000002C06D06368002B0CD098472469002C9A
:104AB000F8D14346002B07D1484623B0C0BCB946C5
:104AC000B046F0BD2469EBE7044808F0DDFDF3E7EC
:104AD0000194EEE740420F00FFFFFF7F74190020B2
:104AE0002D47001034260020402600200FB400B5CA
:104AF00083B004A901C90191FFF794FF03B008BC7A
:104B000004B018477047C0460022014B1A70704726
:104B1000B22A00204B790020FF2B0BD18B79002B80
:104B200008D1CB79012B05D1082A03D9024B8A7809
:104B300009301A707047C046B22A00200120704721
:104B400010B5012913D112495379107909781B0244
:104B500003430020994200D010BD5378012B08D0A8
:104B6000022BF9D1642200210020FCF7E7FE01208E
:104B7000F2E7D37891781B021943480ADB0501D488
:104B8000012040427F238A05D20F1940FCF75EFFC7
:104B9000B22A002000487047A4E200109446012386
:104BA00010B501290AD152780023012A06D16246A4
:104BB0001179527912020A43072A01D0180010BD58
:104BC000A6336146024A01F063FA0300F6E7C046E5
:104BD000FCE100100123037000487047DCE1001085
:104BE0004B780A781B0213438A7810B512041A43D3
:104BF000CB781B0613439622D200934200D010BDFF
:104C00000022012011004042FCF720FF024B1860F7
:104C1000024B19607047C0465025002054250020E3
:104C200010B5024B1878FBF7DDFE10BDB42A00204A
:104C3000154B70B51A68002A22D0EFF3108172B6B6
:104C400010680028FCD0BFF35F8F00200F4A596026
:104C500010701B68BFF35F8F186081F31088002409
:104C600000250B4E3078FBF7B1FE002804D100245C
:104C700000252900200070BD3078FBF7B3FEF8E76F
:104C8000FA240025A400ECE76C2A0020B52A0020B5
:104C9000B42A002070B5050000200E0001F010FBC2
:104CA000002834D0002001F021FB00282FD0FCF791
:104CB000B1FC0023174A12184B41002B16DB164C8F
:104CC000200008F019FD002821D0002001F0F8FA9A
:104CD00000280FD101200021404200F00FFD0325E4
:104CE0006D42200008F0D0FC280070BD01220B4B63
:104CF0005242E4E7002001F0F9FA0028EAD0290046
:104D00003200002001F0FCFA051EEAD1E7E7032596
:104D10006D42E9E740420F00942A0020FFFFFF7F29
:104D200010B5FCF777FC00230D4A12184B41002BFD
:104D300002DA01220B4B52420B4808F0DDFC00283E
:104D40000CD001200021404200F0D8FC002001F0EE
:104D50001BFB0028F5D1044808F096FC10BDC046A6
:104D600040420F00FFFFFF7F942A0020F8B5CE4697
:104D7000474680B505000C00FCF74CFC0023344A84
:104D800012184B41002B02DA0122324B52423249B7
:104D90000800884608F0B0FC002803D1C0BCB94622
:104DA000B046F8BD002001F08BFA002848D000265C
:104DB000002C41DD294B994613E0A919002001F090
:104DC0001FFB070001200021404200F097FC00205B
:104DD00001F0DAFAFCF71EFC204BF61903C3B442CB
:104DE0002ADD002001F02CFBA71B0200B84200DDE9
:104DF0003A00002AE1D101200021404200F07EFC6F
:104E0000002001F0C1FA002001F05AFA002813D066
:104E1000002001F015FB0028E1D1FCF7FBFB4B461D
:104E20000F000CCB002184460D4812184B419F42C5
:104E300002D8D4D19445D2D9404608F025FCADE73C
:104E400000200021054B03C3404608F01DFCA5E7E8
:104E500040420F00FFFFFF7F942A0020C81B002064
:104E600020A1070030B5002185B0284808F02CFCAF
:104E700000281CD1264B1A68002A16D0EFF31081A7
:104E800072B610680028FCD0BFF35F8F0124214860
:104E9000596002781B68D2B20470BFF35F8F0020A4
:104EA000186081F31088002A17D005B030BD0120AA
:104EB0000021404200F022FC002001F017FA05001A
:104EC000124808F0E1FB002DEFD0134B1B68002BBC
:104ED000EBD0124A10689847E7E7FCF76DF9040039
:104EE000FCF798FBFA220023920012184B41002B8A
:104EF00002DA01220A4B5242012102910021019162
:104F0000084920000091FCF75BF9CEE7942A0020C5
:104F10006C2A0020B52A00205025002054250020AE
:104F2000FFFFFF7F314C0010D02310B51B0684B06B
:104F30001C68FCF741F9FCF741FAA04202D00020BE
:104F400004B010BD284B002100201B7801F060FD4B
:104F500026480368002B44D00120FBF7C5FEFF2341
:104F6000234C244920701840FBF754FD2078012180
:104F7000FBF71AFD0520FBF73DFD002824D1082290
:104F800000211D48FDF72CFFFCF716F90400FCF783
:104F900041FBFA220023920012184B41002B02DA47
:104FA0000122164B52420121029100210191144924
:104FB00020000091FCF704F90028C0DB1148012112
:104FC000FFF760FC0120BBE70120FBF7ABFC010011
:104FD0000948FBF7E9FE002205200B49FBF744FDD9
:104FE000ECE7FBF7C5FEB7E73C570110942A002019
:104FF000B42A0020654E00106C2A0020FFFFFF7FBE
:10500000314C0010C0100020214C001000487047A7
:1050100040E3001000487047ECE2001010B50400B7
:1050200016480378002B20D0002C06D1144B1548CD
:105030004380063BFF3B038010BD052C1CD8124B60
:10504000A400E4580F480123811C013C04E0013313
:105050000A800231142B0CD0E25C002AF7D1C02266
:10506000DBB25B0092001343E5E7112100F016F874
:10507000DAE7CA239B00DEE70020DDE79C2A002058
:10508000090400000C260020D4E2001010B50248EC
:1050900000F0F4F810BDC046842A002030B5012984
:1050A00000D1BBE0744B01391A781211140030346E
:1050B000092A00DDB5E00470012900D1DAE00F22F1
:1050C0001C78224014003034092A00D9ACE0447026
:1050D000022900D1CEE05A789446121114003034DF
:1050E000092A00DDA3E08470032900D1C2E06446F0
:1050F0000F22224014003034092A00D99AE0C470EB
:10510000042900D1B6E09A78944612111400303484
:10511000092A00DD91E00471052900D1AAE0644666
:105120000F22224014003034092A00D988E044714B
:10513000062900D19EE03025AC46DC78221194444B
:10514000092A00DD7FE062468271072900D191E0E3
:105150000F22224014003034092A00D977E0C471AC
:10516000082900D186E03025AC461C7922119444F0
:10517000092A00DD6EE062460272092900D179E059
:105180000F22224014003034092A67D844720A29B9
:1051900000D16FE03025AC465C7922119444092A95
:1051A0005FDC624682720B2964D00F222240140019
:1051B0003034092A59D8C4720C295BD03025AC464A
:1051C0009C7922119444092A02DD0735AC469444A7
:1051D000624602730D294DD00F2222401400303454
:1051E000092A01D93732140044730E2942D0DA79E2
:1051F00013111C003034092B01DD37331C0084737C
:105200000F2937D00F2313401A003732092B01D84A
:1052100030331A00C27310292CD0103000230370D1
:1052200030BD3732140046E7373214004FE73732CB
:10523000140058E73732140061E7373214006AE788
:105240003732140073E70735AC4694447BE73732B6
:10525000140084E70735AC4694448CE737321400D9
:1052600094E70735AC4694449BE737321400C47288
:105270000C29A3D14018D1E7842A002010B588B0AA
:1052800004000D2200216846FDF7AAFD0D22002131
:1052900004A8FDF7A5FD4B236A466846137004A9D0
:1052A0000D2208F0E9F91521082220006944FDF7D4
:1052B0009DFD08B010BDC046F8B500F047F90C23BD
:1052C000194DFF22AB6705201849FBF7CDFB184CA1
:1052D000402200212000FDF783FD40270023012606
:1052E0002121144A66702783A260136063545F31E2
:1052F000618445396354104A10496360E26027872E
:10530000A1620B606362E26208F0D6F980239B051C
:105310002E64EB6490230A4A0120EA508022094B54
:105320005202DA64F8BDC046000011501505002095
:1053300048260020840010500001105080001050BA
:1053400010D001000020115010B501210520FBF7FD
:105350002BFB10BD10B500220021024800F016F909
:1053600010BDC04668260020044B1970002904D0E7
:1053700080219023024A8902D1507047AE2A002032
:10538000002011500B785B0600D070474B78052B3E
:10539000FBD18A78014B1A60F7E7C0460000115034
:1053A000F8B5CE464746C87880B58007830F180009
:1053B000012B61D08B780A799C464B797F211B02A7
:1053C00013435B055E0D63461940DC094B001A1957
:1053D0001F0063462F4D5201AA18937001236340AA
:1053E000537000231683D370D076B146CA00012CC7
:1053F00031D0294E92198E01B446AC446646B26053
:105400001360002931D0254BC900C91871604B4683
:105410003F339B09022836D09B0121483919026885
:10542000490169180E00CA601E49D31803608B42F7
:105430002BD83B195B01ED18EB7E1B499B064A40BC
:1054400013438022120613436A6813600120C0BC14
:10545000B946B046F8BD154E92198E01B446AC441B
:105460006646B2621360002908D1002364012C193A
:1054700063600F4BE360E9E70020E8E70A4BC900EF
:10548000C9187162C3E7DB01C7E7FCF707FBF268E5
:10549000CFE7C0464826002084001050040010507A
:1054A000502A0020FF0F10500000105080001050B4
:1054B0000001105010B508F0FFF810BD7F2010B5A6
:1054C00008404000C90940181100044A40018018F2
:1054D0001A0000F05BF8012010BDC04648260020ED
:1054E0007F23180000B5084083B00B4204D14B4223
:1054F0004B41084A013393668022C9094000064B9C
:10550000401840010021C018120108F00DF903B045
:1055100000BDC04600201150482600207F22130005
:1055200010B50B400A4200D110BDC9095B005B18E1
:1055300004485B01C018002300220349C37008F02F
:10554000F3F8F1E748260020FFF7FFFF80220A4B1F
:10555000520410B51A60094B09491A6010000B6813
:105560009843FBD18022002152010648FDF738FC08
:105570000922054B5A6710BD00E0004000F00040D2
:1055800008C000400000105000001150002310B56A
:10559000C3820133828283760161040008F0BCF883
:1055A000002804D080219023074A8902D15020008E
:1055B00008F09AF8002802D00123237710BD2000BC
:1055C00008F0A2F8FAE7C046002011507047C04624
:1055D0007047C04600207047002070477047C046A3
:1055E0007047C0467047C0467047C046024B587867
:1055F000431E9841C0B2704768200020024B1878C3
:105600004007C00F7047C04668200020F0B5D6465E
:105610004F464646C0B52E4B814698461B788A4673
:10562000FF2B4ED100293ED0002154222948FDF7FE
:10563000D7FB0022284C294B20001A70FBF798FB5F
:10564000274B1C60274C2000143CFBF79FFB2000DD
:1056500001F0DAFD244B254D1C60254B002B04D0B6
:105660002800FFF7B7FA234B1860002400232A789C
:10567000214F204E0FE0336862019B18002B12D09F
:105680005B68002B0FD098472A780134E4B2511C94
:105690002300A14209DBA242EDD89B1A5B01DB1972
:1056A0005B68002BEFD100200CE042464B46514690
:1056B00048461370FFF700FE0028F4D04846FFF775
:1056C00043FE0120E0BCBA46B146A846F0BDC04644
:1056D000F41000206820002060200020AF2A002065
:1056E000BC200020EC100020C0200020AD2A0020AB
:1056F000D54B0010801F0020FCE30010F0B5DE4603
:1057000057464E464546E0B5C64B91B002931B78CE
:10571000FF2B00D13BE1C44BC44E1F00C44B0DAC6A
:105720000193C44B009335686A69EFF3108172B638
:105730001368002BFCD0BFF35F8FA9612800210004
:1057400001F098FB6A69AB69BFF35F8F00211160BC
:1057500083F31088002800D119E16378082BE2D880
:105760009B00FB589F466368002BDCD0A0689847DD
:10577000D9E77F222179AE4D0A405300EB189846B5
:10578000C809804440460123303005799D430571A6
:10579000057903339D430571002A00D1FEE043469D
:1057A000A54A1B7D1278934200D3EDE0A34A5B012A
:1057B0001568ED18002D00D1E9E0A3686279207822
:1057C000AD69A847AFE79E4B1A78002A00D1DEE00A
:1057D0001A78013A1A701B78002BA4D10122944D3B
:1057E00001212B78042013432B703423EA5C8A4375
:1057F000EA54EA5C8243EA540133EA5C8A43EA549D
:10580000EA5C8243EA54237800209B4600F09AFC2D
:10581000602223791A40602A00D1EEE0402A00D1AC
:10582000F4E0DB06DB0E012B00D111E1022B00D1ED
:10583000C6E0002B00D0E0E0202A00D11CE2002AC4
:1058400000D0DAE06379092B00D9D6E07D4A9B00CD
:10585000D3589F46764D2B78DB0700D463E7FFF7DC
:10586000C3FE60E7019BDB78DB0700D45BE7606881
:10587000FFF7AEFE57E76E4D2B78DB0700D452E7FB
:1058800028780007C00FFFF7ADFE4CE72378694981
:1058900099468B46684B694998468A4639001A787A
:1058A00047460023B04600254E46894610E0534641
:1058B0001B686A019B18002B00D175E0DB68300083
:1058C00098473A780135EDB2511C2B008D4243DCEC
:1058D0009542ECD39B1A5B015B44EFE72378574971
:1058E0009946554B8A4698463100BB464E461A7833
:1058F00000250023474689460FE053461B686A018E
:105900009B18002B54D0DB68300098473A7801355B
:10591000EDB2511C2B008D4206DC9542EDD39B1A53
:10592000009A5B01D318EEE7019D54220021280064
:10593000FDF756FA1022FF214348FDF751FA2800DF
:105940002022FF2114304E465F46FDF749FA00F051
:10595000EFFBFFF745FEE6E6354D54220021280017
:10596000FDF73EFA1022FF21281DFDF739FA280025
:105970002022FF21143046464F46FDF731FA00F051
:10598000D7FB2379AB70CEE6501C984213DA11B0E6
:10599000F0BCBB46B246A946A046F0BDA3686279FA
:1059A000207800F0E3FBBEE646464F46204DE6E792
:1059B0004E465F46CBE71F4D9B1A5B015D19FCE627
:1059C0007023217A0B4218D1C80982460F330B404D
:1059D0005B0098461848EB1853441B7D00789946A5
:1059E000834268D215485B01006881469944002AC9
:1059F00000D163E14B46002B6AD120780021FFF7EC
:105A00006FFD80212078FFF76BFD8CE60F4800F0DA
:105A100099FB012158460EAAFFF7C0F8002800D0D4
:105A200081E6EAE7F410002054E30010C0200020D3
:105A300068200020FCE30010AD2A0020801F002019
:105A4000AF2A002078E300106C2000209D4B00104E
:105A5000237A22890F2BD0D8FF231340CF4AEB188B
:105A60001B791578AB423ED3691C9942C5DB5D1B9F
:105A7000CB4B6D01ED18686900F064FB01215846BD
:105A80006B690EAA9847002800D04CE660221500EA
:105A900023791D401A42B0D163790A3B012BACD85F
:105AA00000F050FB63790A2B00D199E158460EA90A
:105AB00000F0D8FA37E6431C4B4500DAF9E04B46D4
:105AC0001B1A5B019946B6488144002A00D1F5E0D3
:105AD0004B46586900F036FB4B46012158465B693E
:105AE0000EAA98479AE7AF4A5B011568ED18002D9A
:105AF000C1D182E7A37999466B789945D6D06B7866
:105B0000002B00D035E14B466B70002B00D12DE10E
:105B100048460138C0B2FFF77DFA002800D17EE187
:105B200043780793022B00D079E10122C179B14675
:105B30008B11491113400A40302112015B011343BC
:105B40002A78A8468A4313432B7009239A46824435
:105B50005646BA46C37882781B021343C31805938E
:105B60008E4B04938E4B08938E4B09938E4B0A9366
:105B7000059BB34200D855E1737801220B2B03D16A
:105B80003378F278F6187378042B00D044E1059B43
:105B900000279B1B9BB20693049B0B921D7800234E
:105BA00003931BE0099A7B011568ED18002D00D1C5
:105BB00032E1310058462B69069A984784460828F6
:105BC00003D9069A824200D313E1049B01371D7862
:105BD000FFB26B1C03979F4200DD1DE1BD42E1D87F
:105BE000039B5D1B089B6D015D19E2E76B780CAAB6
:105BF00002321370584601230EA900F049FA92E5CB
:105C0000E088030AC0B20F2B00D9F6E667499A0074
:105C10008A5897460EA800F09BFA5846A179FFF7DC
:105C200099FB02222B7813432B707CE5E388012B30
:105C300000D0E2E608222B78584693430EA92B7039
:105C400000F010FA6FE5022029780CAB9A1C8B0645
:105C50008908DB0F01400B431380584602230EA92D
:105C600000F016FA5FE5E388012B00D0C5E60822B4
:105C70002B7813432B7019E7237A22890F2B00D935
:105C8000BBE6FF231340EB181D79444B1B789D4264
:105C900028D2444B6D011B685D19002D00D1ACE684
:105CA000686900F04FFA012158466B690EAA9847BF
:105CB000B4E6002A00D0A0E60023994662790220CB
:105CC000130003928343012B15D0002A00D094E6E1
:105CD0002B004344534430331B790CAA9B07DB0F42
:105CE0000232B9E75A1CAA4200DA86E6ED1A2C4BBA
:105CF0006D01ED18D4E7E388002B12D1029B1878D0
:105D0000039B012B23D0FFF7EBFB43460221EB184B
:105D1000534430331A790A4301211A711A790A431C
:105D20001A714B46002B00D1FDE4586900F00AFAC5
:105D30004B4601215B690EAA58469847002000F0A7
:105D400001FA3523EB5CDB0700D5ECE4AEE6FFF7A8
:105D5000E5FB43460221EB18534430331A798A435A
:105D60001A711A7903998A431A71DAE7FFF738FC36
:105D70009CE600215846FFF7F7FA5846FFF79AFBD2
:105D8000AB7807490393054B049198461A78002392
:105D90000449AA4605911D001BE0C046AD2A00201B
:105DA000FCE30010801F00207C200020A0E30010F6
:105DB000059B6A011B689B18002B4CD0DB6858467A
:105DC000984743461A780135EDB2511C2B008D429D
:105DD0002DDC9542ECD39B1A049A5B01D318EDE7B6
:105DE0000CAB9A1C584601230EA9157000F050F90F
:105DF00099E40B9A012A4ED0002A3CD00023B078B7
:105E000004E00133DBB20F71934234D2C118C9B23E
:105E100041440D79FF2DF4D04E46454657460023A8
:105E20006B70EAE54E465746FFF7D8FB3EE655460F
:105E3000542200212800FCF7D3FF1022FF21281D47
:105E4000FCF7CEFF28002022FF211430FCF7C8FF0A
:105E5000039BAB7057E65546FAE7FEF79BFE021E22
:105E600000D1CAE5D37891781B020B4358460EA99E
:105E700000F00EF9D2E565463B002A0031000A9891
:105E800000F06AFE049B039A1B7876190133934253
:105E900000DB6DE6C0E7174B29699942AED1079A3E
:105EA000ACE7FFF797FB021E00D1A6E55846137832
:105EB0000EA900F0EDF8B1E52189FFF7AFF8021E59
:105EC000F4D19AE5022B0FD0FFF786FB021EC9D151
:105ED00093E5FFF79BF8021E00D18EE5122358468A
:105EE0000EA900F0D5F899E5FFF794F8021EB9D194
:105EF00083E5C0463D650010F0B54F464646D646A0
:105F0000C0B50C0016001F0082B0002A3AD07023E2
:105F100098461D4B002599461C4B9A461AE04B4665
:105F20001B78200001935346997800F0DBFD002890
:105F30001CD021000198FFF733FA002816D0A3786F
:105F4000DA09012A19D00A9A01351370B54219DA13
:105F50002378E4186378052B08D1E3789B079B0F1F
:105F6000BB4203D14246A3781A42D8D0002002B0E7
:105F7000E0BCBA46B146A846F0BD0B9A0135137095
:105F8000B542E5DB0120F2E7F41000206820002094
:105F9000702270B58B780C001A4201D0002070BDC1
:105FA000064B20001D78064B997800F09BFD0028D9
:105FB000F4D021002800FFF7F3F9F0E7F4100020F7
:105FC000682000207F20074B10B51A680840CB09D5
:105FD00034334000C018044B1100C01800F03EFDDF
:105FE00010BDC046BC200020682000207F20074B49
:105FF00010B51A680840CB0934334000C018044B70
:106000001100C01800F052FD10BDC046BC20002099
:106010006820002070B57F24C80984460C400F48D2
:1060200064000419644430342079C00701D500208D
:1060300070BD0B48012500788446207928432071E3
:106040006046FFF73BFA0028F2D1012223799343FF
:1060500023712379033293432371E8E768200020FA
:10606000F410002070B5094C0600082220000D0035
:10607000FCF7BCFE00238021E360A3602B78300096
:10608000994300220023FFF7C5FF70BD4820002080
:10609000F0B5C646244C170080460822200000B503
:1060A0000D001E00FCF7A2FE0023A760E381EB7940
:1060B000AA791B0213431A1CB34200D9321C96B2B0
:1060C000A281002B0CD0002E15D0002F2AD0402EFC
:1060D0001AD8237896B27F2B1BD80021134A0EE0E2
:1060E00080212B780022994340460023FFF792FF3E
:1060F00080BCB846F0BD7F2300222178994333004D
:106100004046FFF787FFF3E74022237896B27F2BC4
:10611000E3D9064C320039002000FCF767FE8021ED
:106120002200ECE70020E3E74820002008200020C0
:1061300010B5142200210248FCF752FE10BDC046E3
:1061400048200020014B18617047C04648200020BD
:1061500010B5054C010008222000FCF747FE002383
:10616000A360E36010BDC0464820002070B5374CE6
:106170001D0023780600DA09C9098A4210D00020E0
:10618000002D00D070BD21003000FFF7FBF823691F
:10619000002B03D022000321300098470120F1E7B3
:1061A0007F2B06D8A0680028ECD02A002849FCF7ED
:1061B0001DFEE289A1685219E38892B24919E28171
:1061C000A160934214D03F2D12D9A389981A051CBF
:1061D00080B2402828D82078ADB27F2826D8002168
:1061E0009A4230D01A4A2B003000FFF713FFC9E75C
:1061F0002369002B05D02200022130009847002897
:1062000008D0802123780022994330000023FFF733
:1062100001FFB7E700213000FFF762F9300080216D
:10622000FFF75EF90120ADE74025D4E79A4207D099
:10623000074C2A002000FCF7D9FD80212200D2E77C
:1062400080210022CFE70022CDE7C0464820002071
:106250000820002070B50400FFF7C8F9002800D11D
:1062600070BDFFF7CBF90028FAD1C8236343124A67
:106270002500D418E1780029F2D010339E183000A0
:1062800000F0E2FD3F28EBD90020E178FFF79AFE0D
:106290000028E5D0300000F0D7FDE1783F2807D98D
:1062A000064BEA01D21800204023FFF7B3FED7E7E0
:1062B0000020FFF79BFED3E780190020841F0020F9
:1062C00010B50400FFF792F9002801D1002010BD9D
:1062D000FFF794F90028F9D1C8226243024B01303C
:1062E0009B181B791840F2E780190020C82310B5CD
:1062F00043430248181800F089FD10BD9019002092
:10630000F8B5C82343431D4D1033EE188023040015
:106310005B029A4200D31A4A300092B200F0F8FDB4
:106320000700FFF763F9002801D13800F8BDFFF737
:1063300065F90028F9D1C8236343ED18EB78002BE9
:10634000F3D0300000F080FD3F28EED90020E9783E
:10635000FFF738FE0028E8D0300000F075FDE9783E
:106360003F2807D9074BE201D21800204023FFF74E
:1063700051FEDAE70020FFF739FED6E7801900204A
:10638000FFFF0000841F0020F8B50400FFF72EF97E
:10639000002801D10020F8BDFFF730F90028F9D11D
:1063A000C82325005D432B00134E2433F718380013
:1063B00000F02CFD0028EDD075190020A978FFF71A
:1063C00001FE0028E6D00D4AE3019C18210040227E
:1063D000380000F09DFDA9780300051E07D02200BB
:1063E0000020FFF717FE0028D4D02800D3E70020B4
:1063F000FFF7FCFDCEE7C04680190020C41F002037
:1064000070B5C82444430C4B0500E41880235B029C
:106410009A4200D3094A200092B200F041FE0600E1
:10642000200000F0F3FC3F2801D8300070BD2800A8
:10643000FFF7AAFFF9E7C046A4190020FFFF0000FC
:10644000C82310B543430248181800F0FDFC10BDE6
:10645000A4190020F0B50025184C83B0C8220021F3
:106460002000FCF7BDFC164B21001D70FF2363715B
:10647000E1235B02A360200008234022A37338318C
:106480000095073B103000F08BFC27000123210012
:1064900020002600402278310093B837243000F0E5
:1064A0007FFCC0363800FAF763FC3000FAF760FC76
:1064B000E56127622663656303B0F0BD80190020A3
:1064C000042000200A4B196B1A6A00290CD0002AFC
:1064D00007D00022DA615A631A6300221A6201208F
:1064E00070475A631A63FAE7002AF8D0D961F4E7D3
:1064F0008019002070B5052200210D48FCF770FCC2
:106500000C4D2B78DA0707D50B4C9B070CD50121D6
:10651000200000F099FE70BD0548103000F074FEB8
:106520002B78054C9B07F2D4200000F06DFEEEE7BF
:106530008019002004200020A4190020F0B54B7918
:10654000070083B0022B02D18B79022B03D00024E9
:10655000200003B0F0BD214B1E009B78002BF6D12C
:106560008B78092433700D784D196B78242B07D064
:106570000CE02B78ED181C196B78A4B2242B05D1F4
:10658000A242F6D20020FFF765FEE1E71A00052BD4
:1065900015D0042AF6D16B790A2BF3D1104B2E7843
:1065A00001930133009338000223A919023AFFF73F
:1065B000A3FC0028CBD00E34A419A4B2E2E7290032
:1065C0003800FFF7E5FC0028C1D0AB7873702B785A
:1065D0001C19ED186A78A4B2DBE7C04680190020C8
:1065E0008219002060238C461100127870B5134088
:1065F0000022202B08D1324C4B7926000D792478CB
:106600001B022B439C4201D0100070BD4B78222B03
:106610001CD008D8202B39D0212BF5D16346012B73
:1066200043D00122F0E7232BEED16346012B42D069
:10663000032BF6D1234B002BF3D08B78C9780020A5
:106640000902194300E000BF0122DDE76346012B88
:1066500031D0032BE5D10125CB788A781B02134377
:106660001C001D403300012124331800694034719F
:1066700000F0EAFD144B002BD3D0012362081A402E
:106680002900002000E000BF0122BDE76346012B86
:106690000BD0032BC5D10D4B002BC2D031000020F5
:1066A0000831FEF79DFA0122AEE7094A0723FFF7FA
:1066B000EFFC0122A8E7FFF7D5FC0122A4E7C046C2
:1066C000801900200000000000000000E14B0010D5
:1066D00088190020F8B54746CE4680B5344C1F00D7
:1066E000E37880460D008B423BD0A37800208B429C
:1066F00011D0C0BCB946B046F8BD2E4B002B04D01B
:106700002D4800F099FB00284FD00020FFF7A2FD94
:10671000A378AB420AD1294B002B02D0002000E025
:1067200000BF0020FFF730FE002801D00120E0E785
:10673000234C200000F06AFB0028F7D1002FF5D091
:10674000BB06F3D1243C4046A178FFF73BFC002870
:10675000ECD0002300224046A178FFF75BFC01202B
:10676000C7E7184E14483100BAB200F099FC164B36
:10677000002BC2D06379FF2BBFD0002FBDD0BC4609
:10678000B444E14603E001364E45B6D06379327831
:106790009A42F8D1084800F04FFB0028F3D1064B8D
:1067A000103B597900E000BFEDE700E000BFACE727
:1067B0008019002000000000901900200000000057
:1067C000A4190020841F0020000000009322F0B5CF
:1067D000134C85B0002120009200FCF701FB230040
:1067E0002000802640270F4D4D337600FF3329309F
:1067F0000295009300220023002103970196FF30A9
:1068000000F0C4F94035201D283400230122002166
:10681000039702950196009400F0B8F905B0F0BD19
:10682000042200208421002010B5054C200000F037
:10683000E1F920002538FF3800F0DCF9012010BD17
:106840002C23002070B5084C002520003130FF308B
:10685000257000F0D9FC20000C3000F0D5FC2A2374
:10686000FF33E554657170BD04220020F8B5CE46B3
:10687000474680B54B7980468946FF2B06D12A23AF
:10688000374FFF337E79FB5C1E4304D00020C0BC31
:10689000B946B046F8BD8B780C783B700B790C1973
:1068A000002B3CD0A51803E0AC4238D22378E41882
:1068B0006378052BF8D1AC4231D221004046FFF776
:1068C00067FB0028E2D0A378DB09012B2BD02548F9
:1068D00000F09AFC2A23A278FF33FA5463792279D4
:1068E0001B0213439421204A5B055B0D9B185A42FF
:1068F0005341022049007A5C5B00824313437B547E
:1069000018494046083900F0DFF90028BED0237846
:106910000136E4184B461B79F6B2B342C8D84B4651
:10692000E01A80B2B3E7114800F06EFC0F4AA3787A
:106930000C3A5371637921791B020B435B050A49B9
:106940005B0D5B1859424B41022011795B0081437A
:106950000B43064900200839137100F07FF9D6E790
:10696000042200203423002000FEFFFF102200201C
:1069700070B51D002A2304001F48FF33C35C8B42FF
:1069800016D04079884201D0002070BD1B4B002BEF
:1069900004D029040020090C00E000BF184B20009F
:1069A00019001E0000F05AF900281DD00120ECE764
:1069B0009A235B00C35A002B0DD1124B002B04D03D
:1069C00000201149AAB200E000BF20000F4900F0EA
:1069D0007BF90120D9E796235B00C1583130AAB278
:1069E000FF3000F05DFBE8E72A003100200000F0F6
:1069F00003F90120C9E7C04604220020000000007E
:106A00000822002000000000842100202C23002008
:106A100000B5030083B0002910D00020012B07D857
:106A20000A78002A04D00C48C2540120012A01D05F
:106A300003B000BD1800FEF7E9FDF9E701236A463F
:106A4000002001A99380FEF7E1FD0028F0D001228B
:106A5000014B1A70ECE7C0465C20002070B50400C2
:106A600023780800DB070E00DD0F002B16D12378FA
:106A70005B0701D5280070BD0121494206F02CFEBC
:106A80002378DB07DD0F002B0AD123785B0708D4BE
:106A90000422237801251343237002E00025E9E74F
:106AA0000025300006F0F0FDE4E7C04670B50D00AB
:106AB000012104004942280006F00EFE23785B07FE
:106AC000DE0F002B04DB280006F0DEFD300070BD79
:106AD0002378DB0704D40422237893432370F2E75E
:106AE0000026F0E7437902791B021343C2785B0565
:106AF00092075B0D920F022A1AD0032A0BD00020B6
:106B0000012A07D102394A425141104A8918994253
:106B10004041C0B2704702394A1E91410C4A494275
:106B2000114080220020D200891899424041F1E7AB
:106B3000022904D0002040229A424041EAE7054A57
:106B4000981843425841C0B2E4E7C046FF03000032
:106B500040FCFFFF00FEFFFF8446881830B51C0094
:106B6000814206D24A78052A04D00A7889188842D8
:106B7000F8D830BD7F228B781A4052006244DB097E
:106B8000D4540A7889188842ECD8F2E7F0B5C646A2
:106B900000B582B0904608AA20CA040016886A464A
:106BA0000120978D0A002178024081432000114383
:106BB00021703200009329000123083000F0F0F822
:106BC000002D01D0002E07D101200A9B6780636051
:106BD00002B080BCB846F0BD25001C352800FAF78D
:106BE000C7F842460023002A01D02B00002563612C
:106BF000A561E9E701207047F8B502240B7807008A
:106C00001C4063425C410800124B64421C40124B22
:106C100008300D001600E41800F0F8F8002807D13D
:106C2000002E05D0344203D101242B781C4201D020
:106C30000020F8BD38006978FFF7C4F90028F7D0C4
:106C40002B781C42F4D10023002238006978FFF72A
:106C5000E1F9EEE740FEFFFFFF01000008239C463C
:106C60008C4470B5050060460C00664600F0CEF816
:106C7000002803D0012223781A4201D0002070BDE1
:106C800028006178FFF79EF90028F7D0628830006D
:106C9000616800F03DF901222378134000280CD0F0
:106CA000002BEBD103006268617804002800FFF735
:106CB000B1F90028E2D02000E1E7002BDED1280066
:106CC0006178FFF793F9D9E7F0B5C64600B58A8930
:106CD00006000C000B78002A06D101321A4240D07F
:106CE000002080BCB846F0BD9B0734D42B4B402518
:106CF000984608239C46A4446046674600F0A4F8E2
:106D00008542EDD8012223781A42E9D1300061781A
:106D1000FFF758F90028E3D0380000F095F8012279
:106D200023781340854232D8002BD9D1414662885E
:106D30000140131C8A4200D90B1C9BB200226178CF
:106D4000002B00D0626830001C00FFF763F90028B8
:106D5000C6D02000C5E7FE2380251B029846AD0063
:106D6000C7E74978FFF72EF90028B9D00122237828
:106D70001A42B5D1638800226178002B00D0626886
:106D80003000FFF747F90028AAD06088A9E7002B58
:106D9000A6D130006178FFF729F9A1E7C0FF000014
:106DA000F0B5C64600B598466B461E7E80230400AB
:106DB0000F0015001B029A4226D8C068002803D095
:106DC0000121494206F088FC2069002803D00121F6
:106DD000494206F081FC42465204F303520C13432D
:106DE000E3800023E06863812760A5802381002879
:106DF00001D006F049FC2069002801D006F044FCCF
:106E0000012080BCB846F0BD0020FAE70389418923
:106E10009C4682889BB288B28C4507D31B1A9BB2D2
:106E2000101C9A4200D9181C80B270475100091AF0
:106E30005B189BB2F4E7C04603894089181A4342A5
:106E40005841C0B27047C046038941899C46828838
:106E50009BB288B28C4507D31B1A9BB200209A4282
:106E600001D9D21A90B270475100091A5B189BB22F
:106E7000F4E7C04670B5040000690D00002803D097
:106E80000121494206F028FC238962899C4698B278
:106E900091B2A388944532D3421A92B2002A27D0E5
:106EA000934208D298422FD3C01A81B261818B429B
:106EB00003D8C91A89B28B42FBD9E28823685204ED
:106EC000520C514328005918FBF790FF61890125A6
:106ED0004A1C92B2A38891420DD900225B00D21ABB
:106EE00020696281002801D006F0CEFB280070BD29
:106EF0000025628992B25B009A42F1DBEFE75A000B
:106F0000521A821892B2C9E7C01881B26181CEE7E5
:106F1000F0B54646D6464F46C0B5060000698A46DB
:106F2000904682B0002803D00121494206F0D4FBEC
:106F300031897289B5888BB294B2914255D31F1BA7
:106F4000BFB2002F4BD0BD4205D2AB4252D25B192B
:106F50009CB22F0074814346B8453ED89FB2A542EB
:106F600003D8641BA4B2A542FBD9F288316852044D
:106F7000500C020062432B1B9BB289180190020047
:106F80009F4225D943439BB21A0050469946FBF7CE
:106F90002DFF5046019A7D1B6419544331684844C3
:106FA000A2B2FBF723FF7189B588CB199BB26A00A7
:106FB000994216D99B1A30697381002801D006F0D6
:106FC00063FB380002B0E0BCBA46B146A846F0BD4B
:106FD00050467A43FBF70AFFE5E73B1CBEE773899F
:106FE0009BB26A009342E6DBE4E76F003F1BDF19C8
:106FF000BFB2A6E75B1B9CB2ABE7C046F8B5040086
:10700000C0680F00002803D00121494206F064FB4C
:10701000258920896189A288ADB283B28EB2884267
:1070200028D39B1B9BB29A4209D8E679F60906D170
:10703000E068002801D006F027FB3000F8BD2B00E7
:1070400095421CD39B1A9BB29342FBD2E2882068E4
:107050005204520C53433900C018FBF7C7FE6B1C97
:107060009BB2A2889D4216D9002352009B1A01268A
:107070002381DDE75100891B5B189BB2D3E7E288CF
:1070800020685204520C53433900C018FBF7AEFE7F
:107090000135A288ABB252009342E8DBE6E7C04676
:1070A000F0B54E464546DE465746E0B589460500F2
:1070B000160083B0002A6BD0C068002803D00121DD
:1070C000494206F009FB2F89EA79BBB298466B89E1
:1070D000AF889BB2D2093DD1984562D27A00D31ACB
:1070E00043449BB2BB4261D2FB1A1A1C9BB2B3420F
:1070F00000D9321C96B2F31B01934346F3189BB29E
:107100009B46EA884446B84503D3E41BA4B2BC427C
:10711000FBD252043B1B570C3A00624328689BB2D7
:107120008018B34256D33A0049467243FBF75EFEDD
:10713000AB885B00D84501D89B4502DB5A46D31A81
:107140009B465B4637002B81E868002821D006F07B
:107150009BFA1EE0BE422BD298454CD34246D21A2F
:1071600092B27900F01B921901908A42C5DBDA19BC
:1071700092B29346921B92B29046934240D94346B4
:10718000591A8BB29846F3189BB29B46EA88B9E726
:107190000027380003B0F0BCBB46B246A946A04663
:1071A000F0BD4246D31A9BB2BB429DD30027CBE72A
:1071B000002FC9D0CC46EA88F61B5104490C714314
:1071C00098468C44D919002389B2E1468B463E008B
:1071D000019397E77B439BB21A0049469A46FBF717
:1071E00005FE4946019B2868E2187A43514492B251
:1071F000FBF7FCFD9CE77900CA1A424492B2B1E762
:107200009142BCDDC2E7C04610B50400C06800284A
:1072100003D00121494206F05FFA2069002803D01B
:107220000121494206F058FA0023E0686381238176
:10723000002801D006F028FA2069002801D006F0C5
:1072400023FA012010BDC04670B50400C0680D00CF
:10725000002803D00121494206F03EFA20690028A7
:1072600003D00121494206F037FA7F21E279EB0190
:107270001140E0681943E171002801D006F004FADA
:107280002069002801D006F0FFF9012070BDC0463A
:10729000F0B557464E464546DE46E0B587B01C0081
:1072A000039310AB01921A78002306000068119D29
:1072B000C36601334160129F0492C366002C00DC58
:1072C00092E0631E9B4601235A400292002D03D098
:1072D00001213800A84730680022337991461032E6
:1072E00090469A0259464B465B1A59424B414C46CE
:1072F00002990B4001995B02095D00240B43134383
:107300000361002D06D12AE041463368E4B25A6B8E
:10731000114211D100213800A8470028F4D00223DF
:107320005B4299464846049B337107B0F0BCBB46AC
:10733000B246A946A046F0BD80229A58002A1FD125
:10734000002C1FD1D94546D001239944039B4B45BE
:10735000E8D001213800A84700223068C2E7102297
:10736000436B1A42FCD08023C258002A28D1D94549
:1073700035D001239944039B4B45D3D00022B1E77C
:1073800001245B6D80239B009A46059204E05146E0
:1073900033685A6B0A4205D100213800A8470028FB
:1073A000F5D0BCE7059A1B6E002CCDD0002A03D087
:1073B00009231340082BB5D001235B429946B1E75E
:1073C0000124436D80218900436B0B42FCD0036E86
:1073D000002CCED0EAE7049B002BB5D1D2E7049B6A
:1073E000002BC6D10024EDE7002399469AE7C0465A
:1073F000F0B5DE464E4645465746E0B5050085B039
:107400001C0002930EAB1878002301922A68834671
:10741000D366013351600F9ED366002C63DD631E7B
:1074200099460123584082460024002E03D00121B2
:107430001098B0472A6880235B009C461300516F68
:107440001029FCD00020002C01D128798002494667
:10745000671A7942794157463940490201436046EB
:1074600001431161002E28D080224027904608E079
:1074700000211098B047002837D12B689A6F002A56
:1074800013D142469A585A6B1742F1D000211098F6
:107490005B6DB047C4435B4620002B7105B0F0BC68
:1074A000BB46B246A946A046F0BD1B69019A1355DA
:1074B000029B0134A342BAD1EDE78020402113584A
:1074C000536B194203D00124536D6442E3E7936F79
:1074D000002BF4D01369019A1355029B0134A34287
:1074E000D9D02A68AAE70024D5E702246442D2E76B
:1074F000F0B5D6464F4646468246C0B505200C003C
:10750000FAF7BEF90500600821004019FAF71AFCE5
:1075100047003F18060005213800FAF713FCA04683
:107520001C4B321A040068009146401998452BD82C
:107530001949FAF707FC0130534600221B68DA6646
:1075400019680432514002320A4080214901591819
:107550000A604A46DA6101221C624F2F00D92209D3
:10756000A0215A50DA6F310050400C4A00049A189A
:10757000000C106001222800DA66FAF7E3FBE0BC99
:10758000BA46B146A846F0BD0549FAF7DBFB013023
:10759000D2E7C0463F420F00809698007C10000062
:1075A00040787D010F4A70B5821A531E9A410E4BE6
:1075B000D20008321A600D4B0D4C1A60150023687A
:1075C0009D432B1EFAD166240268FF340571D566EF
:1075D0001460633C8833FF3CD5639563D450FFF758
:1075E00087FF70BD0011002000E0004000F0004067
:1075F00008C00040F0B5CE46474680B589B01E00B1
:1076000004AC10AB1D7881461700129A139B200022
:107610008846F9F7E7FF330001903A0041464846B3
:1076200002940095FFF734FE09B0C0BCB946B046DD
:10763000F0BDC046F0B5CE46474680B589B01E00C5
:1076400004AC10AB1D7881461700129A139B2000E2
:107650008846F9F7C7FF330001903A004146484693
:1076600002940095FFF7C4FE09B0C0BCB946B0460D
:10767000F0BDC0460A4B9C4618606246002353602A
:1076800000280CD00368002B09D001230C300268BD
:1076900019000C300133002AF9D163465960704754
:1076A000D81D0020F0B5C646060000B5002824D03D
:1076B000202101F05BF800282BD000230370431C2D
:1076C000984631001448FDF711FA41461348FDF77A
:1076D0000DFA134B5F68002F12DD00251C6803E0D4
:1076E00001350C34BD420BD03000216801F0BEF8EA
:1076F0000028F5D140466368984780BCB846F0BD85
:1077000064210848FDF7F2F931000748FDF7EEF96A
:10771000F3E7064B9846D4E720DD001048DD001063
:10772000D81D002064DD001068DD001080D9001035
:1077300030B58BB06D46424A424C12780B002A702D
:10774000D022206061602A74012104A89847012199
:107750006846236898472978602900D06CE03A4849
:10776000FDF742F91822002104A8FBF739FB882312
:1077700002AD012128002B70636898471821236807
:1077800004A89847049B0799A360059B089A06984C
:10779000E360099B20616161A2610021072228004A
:1077A000E361FBF71DFB6A46A1230121137101A8C8
:1077B00063689847200001212368203098476A4673
:1077C000E1230121137101A863689847072128006C
:1077D000236898472B881D4863842423AA78E254A1
:1077E0000F222B79E9781A4009010A43E2846A7969
:1077F0001B091201134323852A23AA79E254FDF7BA
:10780000F3F8F9236A465B0013820221636804A837
:1078100098476A460E4B0221138204A86368984772
:107820006A460C4B04A813820221636898470A48F1
:10783000FDF7DAF80BB030BD0848FDF757F9F9E766
:1078400080D90010E01D0020A4DD0010C4DD001070
:10785000F5200000F4270000E4DD001008DE001031
:1078600070B50E00150082B0064C01AB626818704E
:10787000012118009047290030002368984702B082
:1078800070BDC046E01D002000B5054A83B001ABC5
:1078900018705970180002215268904703B000BD5B
:1078A000E01D002030B583B001AC03220021200090
:1078B000FBF796FA6A46FA23094D137068466B681F
:1078C0000121984720002B6803219847207863788E
:1078D00000031B011843A3781B09184303B030BDF4
:1078E000E01D002030B5002383B06A46074D01AC8F
:1078F0002380FB33137068466B6801219847200092
:1079000002212B689847208803B030BDE01D00207D
:1079100030B5002383B06A46074D01AC2380F833AD
:10792000137068466B6801219847200002212B687C
:107930009847208803B030BDE01D002030B50023FB
:1079400083B06A46074D01AC2380FE33137068464E
:107950006B6801219847200002212B6898472088F6
:1079600003B030BDE01D002030B583B001AD28006C
:1079700003220021FBF734FA6A46FA23174C1370EE
:1079800068466368012198472800236803219847C7
:107990006A782B7812011B031343AA7820891209F5
:1079A0001343D9081B091B1A42005B43891A0A2595
:1079B000625F1B134A430C20215ED2124B439B1380
:1079C000D3189800C0188030E3620012FBF718F952
:1079D0000349FBF7CCF803B030BDC046E01D0020E2
:1079E0000000C842F0B5CE46474680B585B00322B8
:1079F000002103A8FBF7F4F9F72302AA1370664BE2
:107A00001000984601215B689847434603211B6894
:107A100003A898474346DB6A604A1C00DD17012330
:107A20005B42A4185D4122002B0020002900FBF7D7
:107A30007BF84346009001911020185E22002B0035
:107A4000C117FBF771F8030D0F03DF194346060357
:107A50001220185E009A019BC117FBF765F80B0610
:107A60009946020A0B124A44802192197B41002058
:107A70000902801859414346DA890023FBF754F87C
:107A80004E103300CF173B4300D183E0434618200C
:107A9000185E009A019BC117FBF746F84346009019
:107AA00001911620185E22002B00C117FBF73CF84D
:107AB000C40B4B04E31842040098019912184B417F
:107AC000694680240092019302A8097B407909034A
:107AD0000001014302A88079640300090143641A8C
:107AE0006108E00744461423E45E23000024DD001F
:107AF000009A019BA4185D410023001BA941284A5C
:107B0000FBF712F832003B00FAF742F9CB04460BC0
:107B10009E19434604001E20185E4F130D003200CC
:107B20003B00C117FBF700F832003B00FAF7FCFFFF
:107B3000CE01420EB2184B1612196B411F0043467C
:107B40001C20185E16002B002200C117FAF7ECFF6C
:107B50004C03C20CA218CB1492197B4119061D12BA
:107B60004346140A1A229B5E0C19DE171A0F3101C4
:107B70005118180100196941FBF766F8EE218905D3
:107B8000FBF709F80749FAF7F2FF05B0C0BCB946A0
:107B9000B046F0BD0020F8E7E01D0020000CFEFF1D
:107BA000350C00000000C84230B5002383B06A469F
:107BB0002C4C01AD2B80FD331370012168466368A6
:107BC00098472800022123689847274BE26A26201D
:107BD000215ED2182B8809055BBA9BB29B035B1A06
:107BE0002820215E802051435B1A8021C9015B1847
:107BF0002421615C00025143C91209182A20205631
:107C0000DB13424392124A43802192128903521895
:107C10002221605E5043802292018018202280132E
:107C20005843C3135B43A25CDB1153431B11C01ABF
:107C3000C343DB171840C8235B05984200DD1800DA
:107C40000013FAF7DDFFEA218905FAF7A4FF0749D7
:107C5000041CFAF7CFFF002802D1201C03B030BD6E
:107C60000248FBE7E01D002000D4FEFF0000C842F0
:107C700010B50B0C140C002B30D1002C44D18BB25E
:107C800091B2594300F064F8041E3BD00300083B56
:107C90005A6803239A43043A242A13D80300132A68
:107CA0000BD90023036043601B2A10D90023836093
:107CB000C360242A31D00300103300221A605A60B6
:107CC0009A6002E00021FBF78BF8200010BD030052
:107CD000002208331A605A609A60F6E7002C16D129
:107CE000141C89B292B24A43A4B29BB26343110CF2
:107CF0005B18190C0BD1190492B2114300F028F84B
:107D0000041EC3D10024E0E7231C0C1CE9E700F0AB
:107D100099FD0C2300240360D7E7002203000261D1
:107D200018334261C9E7C04610B5034B010018681B
:107D300000F00EF810BDC0461815002010B5034B1A
:107D40000100186800F062FE10BDC0461815002042
:107D5000F0B54E46DE46574645460C00E0B50B34BE
:107D6000814685B0162C21D8102900D9D0E000F02A
:107D7000A1FA102418230221C94DEB181A005F68DC
:107D8000083A974200D172E103227B68B9689343B5
:107D9000FA68CA6091600121FB185A6848460A4394
:107DA0005A6000F08FFA38000830B5E007239C4392
:107DB00000D5ADE0A14200D9AAE000F07BFAFC2397
:107DC0005B009C4200D2B9E1610A00D1ABE004291A
:107DD00000D980E138239C46A1098C44E046393122
:107DE000CB00082252429446AD4DEB189C446346AA
:107DF000DF68BC4512D00B00032661469C4607E0B5
:107E0000F868002A00DB2CE1814200D12DE1070057
:107E10007B68B3431A1B0F2AF2DD41462A002F6903
:107E20000832974200D10BE103207B688343181B83
:107E30000F2800DD86E12A616A610028ABDA6A68F2
:107E4000944680229200934200D316E1DA08580942
:107E500001238340604618438446D3005B199A6827
:107E60006860FB60BA609F60D76001208B1098400B
:107E700060455FD8634603420AD1032399436346B2
:107E800040000431034203D1400004310342FBD0DF
:107E90000323A8469C4683460D00E80040440600A4
:107EA000AA46F3680BE061465A688A43171B19001B
:107EB000DB680F2F00DD1BE1002F00DB2FE19E426E
:107EC000F1D1534601339A4608369B07E9D1032284
:107ED00005E003680838013D834200D0E2E12A4210
:107EE000F7D14246594653688B4353605A46520075
:107EF00093469A421DD8002A06D11AE0524604320F
:107F000092465A46520093461342F7D05546C4E76C
:107F10000C234A461360002005B0F0BCBB46B246B5
:107F2000A946A046F0BD80233F22402190469B00F9
:107F300057E745460322AF687B6893439A46A342BE
:107F400002D31B1B0F2B7EDC564B08201B68103303
:107F50001E1900F07DFC544B834601931B680133CE
:107F600004D0731E1B18424213401E0031004846C5
:107F700000F056FC8046431C00D1FDE05346FB1840
:107F8000834200D9F6E0494A1168029289191160CA
:107F90005A46013A834200D139E101980068013024
:107FA00000D13FE14046C31A5B1802990B6041467D
:107FB0000723080018400190194200D1F9E0C44697
:107FC000310001331B1A9C44614403915B4411400E
:107FD0005B1A1A4011004846E046160000F020FCEB
:107FE000431C00D13AE1029B196889191960434684
:107FF000C21A012092190243AB605A60AF4213D0FB
:1080000053460F2B00D811E107220C3B93437A68AB
:10801000024005201A437A60FA18506090600F2BD6
:1080200000D921E143465A68214B1868884200D2A2
:108030001960204B1868884200D2196047469DE0BD
:108040006B689C4611E701222100134311433C1940
:1080500079604846AC60636000F034F9380008305D
:108060005AE7BA68D060826095E66146D6E6DF6876
:108070000231BB4200D1D1E686E65A0A042A73D9FE
:10808000142A00D9A7E010005C325B30D200AA1895
:10809000083A160092688846964210D181E0C046A0
:1080A00010110020441E002008110020141E002082
:1080B0003C1E0020401E00209268964204D00321FE
:1080C000506888439842F7D84146D668FE60BA6047
:1080D000B760D760C9E614295CD9542900D982E079
:1080E0006E239C46210B8C446F31E046CB0078E632
:1080F00001200E004546091904437460B468083530
:10810000E36038439C60A960E9604860CD60484600
:108110008D60B75000F0D6F830000830FCE6012042
:108120000C008A185168083401435160226848469F
:10813000D3609A6000F0C6F82000EDE62300E10865
:10814000083319E60126391934437C6029616961D5
:10815000CA608A60320002434A60F850484600F024
:10816000B1F838000830D7E69A09100039323830B3
:10817000D2008CE7AF4242D0AF687A6803239A43BB
:10818000131BA24202D30F2B00DD5CE7484600F030
:1081900099F8C0E65B239C468C445C31E046CB00FA
:1081A0001FE60123801083406046184384466860C0
:1081B0008CE733005946434401931340CB1A1A40CD
:1081C00011004846160000F02BFB431C00D00AE7C4
:1081D0000026019807E7542A2BD81A0B10006F329B
:1081E0006E30D20053E7AA235B0099422BD8DD3BC7
:1081F0009C46E10B8C447831E046CB00F1E52B4AFC
:1082000011680292891911605A46013AC5E6104276
:1082100000D0C2E652460123A86892191A4380464C
:10822000426001E74146019B1960C0E64346586041
:10823000ACE7AA204000824221D8DA0B1000783245
:108240007730D20023E71A4B994221D87C239C46F1
:10825000A10C8C447D31E046CB00C2E50198039B24
:10826000083800261818BEE639004846083100F0E4
:10827000CDFB029B1968AB6898465A68D4E60C4857
:1082800082420BD89A0C10007D327C30D200FEE680
:10829000FE237E227F2190469B00A2E5FE227E20C7
:1082A0009200F4E643465B6820E6C046141E0020B8
:1082B0005405000010B5024800F01CFB10BDC0467C
:1082C000101E002010B5024800F016FB10BDC0467D
:1082D000101E002010B5034B0A000100186800F0C2
:1082E00003F810BD18150020F0B545464E46DE4691
:1082F0005746E0B580460D00914683B0002900D175
:10830000A3E04C460B34FFF7D5FF162C6CD8102495
:10831000A1456CD82F00083F796803230E00BB46A7
:108320009A469E43A6426DDAB819B84A436801924C
:1083300000939368009A834200D199E001239A4305
:1083400094468444624652681A4200D072E0534612
:10835000009A9A43B3189C469C424EDD01230B427F
:1083600010D139687B1A59680093534699435218C3
:1083700093199A469C4200DCC0E073189A469C42CE
:1083800000DCBFE049464046FFF7E2FC814600289A
:1083900000D10CE1594601224B6893430200CB18EF
:1083A000083A934200D1D2E0043E242E00D9D3E013
:1083B00003002A00132E09D92B6803606B68436001
:1083C0001B2E00D9CDE00300083208331168196074
:1083D0005168596092689A604046290000F016FB87
:1083E0004046FFF76FFF1DE007239C4390D50C2309
:1083F000424613600023994614E06646C3688268CB
:10840000D3609A6001227B68311B1340B8190F2991
:1084100020D833437B604368134343604046FFF7F3
:1084200051FFA946484603B0F0BCBB46B246A94638
:10843000A046F0BD01230B42A4D15B461A689B1AEB
:10844000596800935346994397E71100FFF780FC62
:108450008146E7E73E19234311437B607160310099
:108460004368083113434360404600F0CFFAD5E734
:10847000534620009A43931910309C4683427ADA7F
:10848000C90700D57EE739687B1A596800935346BF
:108490009943521893199A46984200DD6DE7009966
:1084A000CB688A68D3609A600B00321F0833994604
:1084B000242A00D990E0132A09D92B688B606B68B5
:1084C000CB601B2A00D98CE010310B0008352A68DC
:1084D0001A606A685A60AA689A600098019B01193C
:1084E0009960534601221B1B13434B6043681340A2
:1084F000234343604046FFF7E5FE93E7C368826885
:10850000D3609A6000990F008A68CB680837D360FF
:108510009A60321F242A15D83B00132A08D92B68E9
:108520008B606B68CB601B2A36D810310B00083586
:108530002A681A606A685A60AA689A603D005646BE
:10854000009F5FE72900380000F08EF8F6E703226D
:108550005B689343F61855E73200290000F084F871
:108560003AE7AB688360EB68C360242E23D0030036
:10857000103210332AE7019B3919996063460122B2
:108580001B1B13434B607B684046134023437B60B7
:10859000FFF798FEA94645E7AB6800990B61EB68C9
:1085A0004B61242A0FD00B0010351833C0E740462A
:1085B000FFF788FE1EE72B69183203610300696923
:1085C0001833416102E72B6900998B610B006A69DE
:1085D0002033CA611835ABE72900180000F044F8D1
:1085E0007BE7AB6800990B61EB684B61242A03D0F1
:1085F0000B00103518336AE72B6900998B610B006B
:108600006A692033CA61183561E7C046101100203D
:108610000EB470B581239DB06A46002521AC9B0045
:1086200040CC93821B950290069000F067F90B4BAB
:108630006A460A9301235B42D382094B0390079059
:108640003200186802A923000E951395019400F0DA
:1086500085FB1DB070BC08BC03B0184765860010D0
:108660001815002000207047F0B5C6460D00160012
:1086700000B5884212D9891881420FD98418032A7B
:1086800056D8731E002E06D0DA438918A418CA5C87
:10869000E254013BFBD280BCB846F0BD032E0BD8A0
:1086A0000400711E002EF6D000230131EA5CE25472
:1086B00001339942FAD1EEE703242A002100024354
:1086C00003001140144230D10F2E4BD91027BC4665
:1086D0002A003409013C2401A0460419A44414686A
:1086E0001C6054685C6094689C60D4681032DC60E4
:1086F00010336345F3D10F221C000C231035324098
:10870000334045441600002BCBD06B5863500431E6
:10871000531A032BF9D8032616409208013A920007
:1087200004350434AD18A418BBE70400711EBBE780
:1087300023000B439B0701D0531EA5E72B1F9C462C
:108740001300051F6246D258EA50043B032BF9D8A8
:108750000322B308013B9B00C91AE41A16400439EE
:10876000043C8EE732000400CFE7C0460323CAB2C0
:1087700030B503400C00002A2CD00321002B24D15B
:10878000FF2121400B025B189C4619048C4400E039
:10879000043064460168204D4C404B198B436119ED
:1087A000A1430B431D490B42F2D00378002B05D0A7
:1087B0009A4204D043780130002BF9D1002030BD1B
:1087C0009342FCD001300842DAD00378002BF7D175
:1087D0000020F4E7002B08D0032202E00130104211
:1087E00003D00378002BF9D1E9E702680A4B0B4963
:1087F000D31893430B4206D14268074B0430D31879
:1088000093430B42F8D00378002BD8D04378013043
:10881000002BFBD1D3E7C046FFFEFEFE80808080A8
:10882000002370B5064C050008002360FBF7DEFE50
:10883000431C00D070BD2368002BFBD02B60F9E7F0
:108840003C260020014B18687047C04618150020D0
:10885000802310B55B01082801D1180010BDFFF777
:10886000F1FF16230360173BF7E7C046024670B5D9
:108870000A4392072AD11E4DEE0104C808C9541BB1
:108880009443344017D0D0B2D9B2401A21060143E4
:1088900010D190B299B2401A210401430AD11002BA
:1088A0001902000A090A401A2102014302D1100EDE
:1088B000190E401A70BD9A42DFD010BA19BA884218
:1088C00001D9012070BD0020C04370BD02780B7833
:1088D00001300131002A09D09A4207D102780B7881
:1088E00001300131002A01D09A42EFD0D01A70BD78
:1088F000010101017047C0467047C046030084462D
:108900009B070BD00300032102E001330B4206D08A
:108910001A78002AF9D16246981A7047030019683C
:108920000C4A0D488A188A4302420FD15968094AF5
:1089300004338A188A43024208D15968054A04332D
:108940008A188A430242F1D000E001331A78002AE3
:10895000FBD1E0E7FFFEFEFE80808080F0B5C646DA
:10896000050000B5804608200C00FFF771FF0600E7
:108970002800FFF79FFC224F3100BB685D6803238E
:108980009D4328001138001B8019F9F7DBF9441EBC
:108990007443A64207DC00214046FFF741FFBB6855
:1089A0005B19984206D04046FFF78CFC002080BC43
:1089B000B846F0BD40466142FFF732FF01300DD0AE
:1089C00001222D1BBB6815430E4A5D6013684046AB
:1089D0001B1B1360FFF776FC0120E8E700214046EF
:1089E000FFF71EFFBA68831A0F2BDCDD064C054922
:1089F0002468001B086001210B435360D3E7C04685
:108A000010110020141E002008110020F0B5C646E9
:108A10000C00804600B5002940D0FFF74BFC210038
:108A200008394E68012533000320AB43CA18944629
:108A300052688243280030400700644884686445D7
:108A400000D171E064466260A41864682C40002F75
:108A500027D10E685E4F891B9B198E68BE4256D087
:108A6000CF68F760BE60002C1DD062461D434D608C
:108A700013608022920093422DD2DA085C09012310
:108A8000A340446823434360D3001B189A68CB601B
:108A90008A609960D1604046FFF714FC80BCB846FC
:108AA000F0BD002C0FD19B18624601249268484DFE
:108AB0001C43CE18AA4259D06546ED68D560AA601D
:108AC0004C603360D5E7624635434D6013608022C9
:108AD00092009342D1D35A0A042A3DD89A0914002D
:108AE00039323834D60086193268083E032596425A
:108AF00003D14CE09268964203D05068A843984254
:108B0000F8D8D668CE608A60B160D160C3E7002C27
:108B100033D1D218604663468068DB681543C36072
:108B200098604D608A50B6E79A18002F06D10B68FE
:108B3000C91A8C68D218CB68E3609C600123134388
:108B40004B60244B81601B689342A4D8224B404663
:108B50001968FFF703FF9EE7142A13D9542A1DD87A
:108B60001A0B14006F326E34D600BCE7D1609160EE
:108B7000CA608A604C6033608DE762461D434D6079
:108B8000136088E714005C325B34D600ABE7012346
:108B9000A410A340446823434360B3E7AA246400BD
:108BA000A24205D8DA0B140078327734D6009AE75F
:108BB0000A4CA24205D89A0C14007D327C34D600AF
:108BC00091E7FE267E24B6008DE7C04610110020F6
:108BD000181100200C110020441E00205405000034
:108BE00070B50D0014004B1C1BD0938920229343B9
:108BF000A381FF23226B0B401E006368002A13D061
:108C0000626B9A4208DD2368013B23601D70636834
:108C100001336360300070BD210002F045FF002881
:108C2000F1D001267642F5E721692268002905D0B6
:108C3000914203D2511E0878B0420ED0E363230064
:108C400040332363032363633F33A263E55423006C
:108C50004233236001236360DCE7013321606360FA
:108C6000D8E7C04610B50C00096B00290FD02300CF
:108C70004033994201D0FFF7C9FE00232363E36B21
:108C80006360002B03D00020A36B236010BD002283
:108C9000202101206260A28923690A43A281404207
:108CA000F3E7C046F0B5DE4657464E464546824697
:108CB0001800E0B5504383B00E009B460C9C002882
:108CC00035D00023984640339C466568A44407008D
:108CD000E1462168A8421FD9009001922A00300085
:108CE000FAF784F82368216B5B19236043466360BD
:108CF000002923D0494502D05046FFF787FE43465E
:108D00002363E36B6360002B18D0A16B76197F1B84
:108D100021601D00BB42E1D33A003000FAF766F84B
:108D200058466368DB1B63602368DB19236003B06C
:108D3000F0BCBB46B246A946A046F0BD236920213F
:108D40002360002300986360A389019A0B432818CD
:108D50001100A381C01BF8F7F5FFE8E7F0B5DE4688
:108D6000574645464E4693468022E0B50D00CC4C12
:108D70009201A54402AFFB63F8650C23C95E6B6EDC
:108D8000114204D10A43AA81C64A13406B669B0470
:108D900001D501F09AFC082308205833381808221E
:108DA00018180021FAF71CF8002300225C469B46A5
:108DB000BA64BD4A7B62BA65BC4A3B64BA63BC4ACA
:108DC000FB617B64BA62E623BA6D5B00D65802F0A1
:108DD00013FF082108228C465832BC4462445431A7
:108DE0000092083103002200F86DC919B04700282D
:108DF0005DDB7B6E002B41D002002418012865D07A
:108E0000252B1FD00028DED0A21A59465844521AEA
:108E1000A146904604005E466B68002B22DD434667
:108E20002A689B5D1178994228D16B680132013B19
:108E300001366B602A60A642EFD1B3464C46C2E7CA
:108E400001200122002300269A469446804621787C
:108E50000B00253BDBB2621C552B0FD8B86B9B0077
:108E6000C3589F462900F86DFFF7FCFE0028D6D0B6
:108E7000BB6C002B3FD0AB895B063CD43B6C002B1A
:108E80000AD0BB6C013301D101F07CFC3B6C18684B
:108E9000002801D0F9F798FFBD46B86CB9239B00B4
:108EA0009D44F0BCBB46B246A946A046F0BD814BEE
:108EB00008207B6608233818583318180822002128
:108EC000F9F78EFF7B6E002BD8D00134BA6AD25CE2
:108ED00012072FD4252BB3D00120621E95E733074C
:108EE000CCD161781400B3E73307C7D1022361788E
:108EF0001E431400ACE73B6C002B01D101F0E5FBF5
:108F0000DB883B653B6C18683B6D002B0ED0050081
:108F100000240026814698462B6801341868F9F72A
:108F200053FF08CD1E604445F6DB484601235B42F3
:108F3000BB64ADE7BA6AA14608265C4690466B68FA
:108F40000BE041462A681378CB5C1E420DD06B685B
:108F50000132013B01346B602A60002BF1DC2900F7
:108F6000F86DFFF77FFE0028EBD0A3464C462AE7BA
:108F70008F23334200D081E753469B0053445B006C
:108F80005B18302149428A4661789A4414005FE7B1
:108F90006B687A63002B01DC01F007FB0423994620
:108FA0002A68434C1378E35C1B0725D508239846B1
:108FB00023005C46B3461E0007E0414601322A60AA
:108FC00013780134F35C194212D06B68013B6B607B
:108FD000002BF2DC2900F86DFFF744FE002800D0DA
:108FE00046E741462A6801341378F35C1942ECD114
:108FF00033005E46A3461C004B46022B01D100F015
:1090000005FE032B01D100F044FDF86D02F0FCFDDC
:109010000368AE2219005346013B5200934201D827
:1090200001F017F85D3BFF3BFB605E23FF339A4680
:10903000F023DB001E4300233B65FB647B613B6147
:10904000FB62BB612133FF339C46C83B9846503BD3
:109050009946B944C844C4446346B146E0465E46B6
:109060008B463B62144B3B632A6811780B002B3B09
:10907000DBB24E2B00D92AE3386B9B00C3589F46C6
:1090800080239B001E436B687A63002B00DCA5E203
:109090000A4B7B6210237B640D3B994680E7C046F8
:1090A00014FDFFFFFFDFFFFF201700203CE400104E
:1090B00051E90010FDFF000094E5001019BA0010FE
:1090C0006B687A63002B01DC01F065FA5346D046E9
:1090D000002B01D101339846F30701D501F04FF978
:1090E000F30601D501F09EF8FB6B1C68360601D42F
:1090F00001F01CF8002C00D1C0E64046F9F740FE14
:109100008146002800D1F6E63B6C2060DA883A659B
:109110009E88B24201D301F07AF918683A6D396C31
:10912000531CCB8093001C500095434601224946B6
:10913000F86DFFF7B7FD061E01D101F01BFB80455E
:1091400006D931002068F9F72DFE002800D02060F4
:10915000FB6B7C6B0433FB63BB6CB3440133BB64BC
:1091600031E66B687A63002B01DC01F043F9724B46
:109170007B620A237B64073B994611E7330700D0E3
:109180007CE66178682901D101F0EDF80423140030
:109190001E435DE641246B687A633443002B01DC97
:1091A00001F0E5F95346D046002B01D10133984632
:1091B00010231A002240FA64234201D001F02BF858
:1091C000FB6B04CB3A63FB63240601D401F095F9F1
:1091D000002A00D152E68020F9F7D2FD814600280E
:1091E00000D188E63B6B18603B6CDA883A659C8856
:1091F000A24201D301F04EF818683A6D396C531C45
:10920000CB8093003A6B1A504B463B622023FB62A3
:1092100090235B003B60C83B9C46503B9A463B68B2
:10922000BA44D444634400249A46FE693B6002F089
:10923000E3FCA04200D11BE651462B68621C3A6554
:109240001A7801330A556A682B60013A18236A605C
:1092500008225833BA189C18032E02D1BB6F042B76
:1092600004D0082200212000F9F7BAFD00945246EC
:1092700049463B6DF86D02F083FE0600431C00D1A9
:10928000F6E5002800D006E23B6D9B4401235B42DB
:109290009844FB6C002B0FD14A4613603B6B002BAC
:1092A00008D04B463A6A9C1AFA6AA310934201D33B
:1092B00000F06DFE042399446B68002B0ADD4346E1
:1092C000002B0DD00024B2E7FB6C002BE6D06B68BE
:1092D000002BF7DC2900F86DFFF7C4FC0028EED066
:1092E000FE613B6B002B08D04B463A6A991AFA6A2A
:1092F0008B10934201D201F0ADF8FB6C7C6B5A42AB
:109300005341BA6C94469C446346BB645BE56B680E
:109310007A63002B01DC01F018F9074B7B62002314
:109320007B64033399463BE66B687A63002B01DC70
:1093300001F009F9014B1BE7CDB8001019BA001074
:109340001100202308225833BA18981802F068FB3D
:109350006B680400002B01DC01F0FFF85346002B82
:1093600002D101235B429A4601231A003240904603
:10937000102232403A63334201D100F082FD002ACC
:1093800001D000F008FFFB6B04CB3A62FB633606AA
:1093900001D401F0C2F8002A00D16FE58020F9F76E
:1093A000EFFCF864002800D1A5E53B6AFA6C1A606E
:1093B0003B6CDA883A659E88B24201D300F0BFFF69
:1093C00018683A6D396C531CCB8093003A6A1A5076
:1093D000FB6C7B612023BB61002398465B46FE69E2
:1093E0003B607C60444602F007FCA04200D13FE5B0
:1093F00008202B68621C9021904684461A7801331D
:109400002B6010234900BC44583161449C464833CA
:109410009946503B9B46BB44D944CC4463460A55CD
:109420006A683B65013A6A60032E02D13B6F042BE8
:1094300004D008220021386DF9F7D2FC08214346F8
:1094400090228C46FB623B6D52000093FC6CBC4446
:10945000583243462100F86D624402F091FD060047
:10946000431C00D104E5002800D027E1206000243F
:109470001823082058333818082200211818F9F743
:10948000AFFCE423BA6D5B00D25858217A630822FE
:109490009446B13BFF3BBC44583308312200F86D81
:1094A0007C6B6344C919A0470024012802D15823CA
:1094B0000833FC5C0822202394465833BC446344A0
:1094C0001B5D002B01D101F074F83B6843443B6005
:1094D000032E1BD001235B429A443B6B002B0DD122
:1094E000FB6C3A6A0433FB64002A07D07A699C1A41
:1094F000BA69A310934201D300F05AFC6B68002BA9
:109500000EDD5346002B11D000246CE73B6D1B6829
:10951000042BDFD13B6B002BE2D06B68002BF3DC1C
:109520002900F86DFFF79EFB0028EAD03B687C68B5
:109530009B46FE613B6B002B00D044E4FA6C136049
:109540003B6A002B0ED07B69D11A8B10BA690133AC
:109550009A4207D93E6A04313068F9F723FC0028A3
:1095600000D03060BB6C0133BB642CE401231E438C
:109570006B687A63002B01DC00F0DBFFB54B7B628C
:1095800008237B64053B99460AE501231E436B686B
:109590007A63002B00DDEAE52900F86DFFF762FB36
:1095A000002800D1E3E563E46B687A63002BE5DC17
:1095B000A84B7B6208237B64053B99462900F86D24
:1095C000FFF750FB002800D1EAE451E488239B0018
:1095D0001E436B687A63002B00DD59E52900F86DA6
:1095E000FFF740FB002800D152E541E46B687A6345
:1095F000002B01DC00F099FF02239946D0E414000F
:109600007A63F30601D5FFF7DEFBFA6B08CAFA634B
:10961000320701D500F0F6FE720701D401F022F8FE
:109620005A461A80FFF7CFFB330700D026E4617853
:109630006C2901D100F09DFE012314001E43FFF7A9
:1096400007FC8F2319003140334201D0FFF716FC8D
:109650003B6C002B01D100F013FF80231E4340E43C
:109660006B687A63002B01DC00F08BFF01231E4343
:109670000133994694E4534633439A4601D0FFF7A9
:10968000FDFB617810261400FFF7E2FB1400404652
:109690006246FFF7B7FB831C00D1E7E13B6D9B44BB
:1096A000032803D12368042B00D10DE601235B427C
:1096B0009844FB6C002B00D1F0E5FDE5831C00D144
:1096C0005EE3FB6C1C68631C00D0D1E6F2E64B46FF
:1096D0009B0563D55B461B788B425FD153460024C4
:1096E000B246BB605E4607E001322A601178335D06
:1096F000994218D101239A44A3460134335D002BCB
:1097000001D100F091FC6B68013B6B60002BEBDC3E
:109710002900F86DFFF7A6FA002804D12A68335D06
:1097200011789942E6D032005B46D346CA46A94634
:1097300015003B633C6BFE6D295D4A463000FFF728
:109740004FFA013CF8D25B463A6B56469B1A4D469F
:109750009B4625E04B461B0520D5FB6C3A6D9B18BC
:10976000002B1BD14A463C4B1A40002391463B65D7
:10977000FB644346197001235B429A4402339844C8
:109780006B680136013B6B60002B00DC66E12B68E7
:1097900001332B605346002B00D065E4B3464E46A0
:1097A000FB6CFA6A013B002A75D0012B01D800F04E
:1097B00094FF2A4B3A6D1E40531E062B01D800F031
:1097C0008FFD10231A007C6B3240334201D0FFF72B
:1097D000FAFA43461A70C0238022DB003340D200DD
:1097E000934200D08DE0BB69FA6A934200D18DE0CC
:1097F0009A1A43467B6108218C46194BBC44583366
:109800007969634499420AD3164B9C46582398467B
:10981000503B9946B944C844C44463467B611249ED
:109820007869FAF785FE71E04B461B0504D5FB6CA1
:109830003A6D9B18002B95D0FB6C012BAED1022307
:10984000FB6496E780234A461342A7D09A43914689
:109850008FE7C04619BA00107FFEFFFFFFFEFFFF33
:10986000730200007202000040DE00103B6D002B0E
:1098700000D0D1E3FB6A002B01D000F04CFCE023C8
:109880004A46DB001A409A4201D100F009FFB34674
:109890004E46FB6C013B012B01D800F01EFF00225D
:1098A0003B6DFA62013B062B01D800F040FDF30549
:1098B00087D5730501D500F034FF01235B42434493
:1098C000994619785B465C1E65290BD0452909D05D
:1098D0002A00F86DFFF784F902235B42434499465E
:1098E0001978013C2A00F86DFFF77AF910231A0065
:1098F000A34632407C6B334201D0FFF764FA4B46FB
:109900001A703B69002B01D000F0E7FD0022396A94
:10991000F86D01F029FFFB6B3865796510CBFB63AF
:10992000F30700D4EFE303C4BB6C7C6B0133BB646F
:10993000FFF749FA4B461B0505D5FB6C3A6D9B18A2
:10994000002B00D10EE73B6D022B00D026E703234E
:109950003B650EE74B461B0500D5FEE6A0224B46B5
:10996000D2001340013AFF3A934206D04B461342CD
:1099700000D113E7FB6A002B89D04B469B0505D429
:10998000FB6ABA699B1A3B6143467B614A46974B27
:109990001A401300C02252001A4300239146FB6272
:1099A000E7E63B6D072B00D0F8E608233B65E0E6D1
:1099B00098234A461B01134080225200934200D054
:1099C000ECE6FB6A012B00D0E8E64A46884B1A40D9
:1099D0001300802212011A4391463023424613702D
:1099E000313B9A44023398440023FB62C1E63B6D4D
:1099F000062B00D0D2E607233B65BAE64B461B0593
:109A0000ACD4CBE6FB6C002B00D0FDE2FB6A002B54
:109A100007D1E0234A46DB001A409A4201D100F008
:109A200047FE3B6D012B02D0042B00D0B6E63B6D08
:109A30000133DBB23B659CE64B46DB0500D48CE68C
:109A400080234A469A43FB6A91460133FB62FB68D6
:109A5000002B00D097E3013B9A4491E62900F86D72
:109A6000FFF700F9002800D194E697E66B68002B19
:109A700002DD3C6DFFF7DBFB2900F86DFFF7F2F824
:109A80000028F6D0FE613E6D002E00D129E4FFF7DC
:109A9000EFF95346AE22013B00215200934205D913
:109AA000544B534419005E23FF339A4600233B6511
:109AB0002133FF339C46C83B9946503B9846D824F7
:109AC000B844C144CC444C4B6246240134439946CB
:109AD00056468846E2463A622A6811780B002B3BCC
:109AE000DBB24D2B16D848469B00C3589F467B6C73
:109AF0000A2B0FDD414B1C405346197001239A4439
:109B00006B68013B6B60002B68DD01322A60013E0F
:109B1000002EE1D1D146E30508D53B6A9A4500D92C
:109B200011E33B6A994501D1FFF7A8F910231A0008
:109B30002240234214D14B46396A1A70F86D002234
:109B40007B6C7E6AB047FA6B131D9846A30600D45F
:109B5000D2E213681860BB6C0133BB644346FB63FD
:109B60004A463B6AD61A3B6DF618B3447C6BFFF746
:109B70002AF9786C224B4000C35E7B641F4B1C406B
:109B8000BAE7C0238020DB00234080008342C1D19C
:109B90001C4B2340A024E4001C4310237B64ABE750
:109BA00080232342B6D09C43A6E7786C144B400038
:109BB000C35E7B64082B9DDCACE723059CD57B6CE6
:109BC000002B05D180239B001C43F93BFF3B7B64AA
:109BD000630500D483E20C4B1C408DE72900F86D2F
:109BE000FFF740F8002892D094E7C0467FF0FFFFCF
:109BF000FFFEFFFFA3FEFFFFD0E600107FF4FFFF94
:109C000008E80010FFFDFFFF7FFAFFFF5346002B1F
:109C100001D1013B9A4601231A003240904610229E
:109C200032409146334200D1D4E0002A00D0BCE259
:109C3000FB6B04CBFA64FB63360601D400F065FCD1
:109C4000002A01D1FFF71AF98020F9F799F8804628
:109C5000002801D1FFF74FF9FB6C18603B6CDA88E4
:109C60003A659E88B24200D327E318683A6D396C92
:109C7000531CCB809300FA6C1A504346FB6220239E
:109C80003B652B681B78E35C1B0700D5A3E15346BB
:109C900000267B6001F0B0FFB04201D1FFF7E8F889
:109CA000902149003960C8398A4650398C462B6862
:109CB0003968721CBC443A63E2441A785144013357
:109CC0008A556A682B60FB69013A396039626A60BB
:109CD000032B00D089E3182308225833BA189E18A2
:109CE000BB6F042B04D0082200213000F9F778F86C
:109CF0003B6B4146BB6100963A6AF86D02F040F951
:109D0000F861431C01D1FFF7B3F8002800D0BEE38F
:109D100042461060002002F065F9002800D048E1BA
:109D20003B6B9B4401235B429C467B6863447B60A6
:109D30004B46002B01D000F05BFC04339844FB6CD5
:109D4000002B01D100F0C6FC4346FA6A9E1A00229D
:109D50003A633A6DB310934201D300F0D0FC6B68C4
:109D6000002B01DC00F089FC2B681B78E35C1B07EF
:109D700000D530E17B68002B00D12CE13E6B89E7F8
:109D80006B68002B01DDFFF72DFB2900F86DFEF756
:109D900069FF002801D1FFF725FBFE6146463B68BD
:109DA0007C689B46002E01D1FFF7C4FBFFF760F8EB
:109DB0007869D100F8F7F6FF7861002801D1FFF744
:109DC0009AF8BB690219FA643A6A5B001060BB61D9
:109DD000FFF794FB002A01D000F00EFCFB6B1B6820
:109DE0009846360600D446E3002B01D1FFF746F82B
:109DF0002020F8F7C5FF061E01D1FFF77CF8434687
:109E00003A6C1860D18839659388994200D3A3E1F0
:109E100010683A6D396C531CCB80930042461A503F
:109E200020233B652B681A78A25C120700D5AFE1AE
:109E30002200310054469246FE646A684E1C013A84
:109E40006A605A1C2A601B780B704346002B06D0B0
:109E5000FB6CF31A99463B6D994500D32DE3013C09
:109E6000002C00D11EE16B68002B00DC13E1514691
:109E70002B681A788A5C0821114200D012E1310067
:109E8000DBE73B6B002B00D098E1FB6B1B6899462E
:109E9000360600D42CE3002B01D1FEF7EFFF202083
:109EA000F8F76EFF061E01D1FFF725F84B463A6C16
:109EB0001860D18839659388994200D3D3E110683E
:109EC0003A6D396C531CCB8093004A461A502020BF
:109ED0002B6820211A785831944608229046624611
:109EE000B84441448A5C002A01D1FEF7C7FF5A46B4
:109EF000FC64B046834654463A6518E04346D31A9C
:109F00009A4616005B4531D2013C002C00D1A4E0FA
:109F10006B68002B18DD0820202184462B685831FF
:109F20001A78BC4461448A5C002A00D195E06A68D2
:109F3000013A6A605A1C2A601B78721C33704B46C7
:109F4000002BDBD11600DFE72900F86DFEF78AFE53
:109F50000028E0D03B6D5846FC6C9B46464501D13D
:109F6000FEF786FF4346F31A9A4681E05B465B00A4
:109F7000404619009B46F8F715FF8046002801D19E
:109F8000FEF7B9FF56464B4646441860BCE7386AB0
:109F9000D100F8F707FF3862002801D1FEF7ABFFC8
:109FA0008146FB6A3A6B5B00A1441060FB62FFF7DD
:109FB00081F920230822FF33AA465833BA18BC6916
:109FC000FD6D9E18315D52462800013CFEF708FEEB
:109FD000002CF7D155464B46002B00D0C6E5434632
:109FE0004A461A60FB6C002B08D04346FA6A991A5D
:109FF0008B103A6D01339A4200D921E2BB6C7C6B25
:10A000000133BB64FEF7DFFEFB6C022B00D008E5DA
:10A010000323FB64FFF7ADFBFD223B6D033B1342C3
:10A0200001D0FFF7BBFB02E54A46B346BB68564684
:10A030009A46E14B40461A4091465946220001F0AB
:10A04000A5FD01235B429A44FB6A8046BB61FFF792
:10A0500097FB0023FB60FEF7EBFF3B6D58469B46EA
:10A060004346F31A9A46FC6C464501D1FEF706FFBB
:10A07000FB6B0433FB63002333704B46002B04D08F
:10A080005346591C884200D9DCE2BB6CD3440133EF
:10A09000BB64FEF798FE2900F86DFEF7E3FD00288B
:10A0A00000D1E4E6B146FA6CB31A591C9B44FB6B31
:10A0B0004A460433FB63002313704346002B00D150
:10A0C00032E43B6D994200D32EE443461868F8F71A
:10A0D00069FE002800D127E44346186024E4B74B0A
:10A0E0001C404346002B03D001235B4298440136B9
:10A0F0003B6D01333B6503E5230700D443E1FB6B74
:10A100001B68187027E5B60700D45FE13A6D7B6DD8
:10A110000CC4FFF709FCFB6CB346013B4E46012B18
:10A1200000D8DAE2A64B1E40FFF74BFB00954346F2
:10A1300001222100F86DFEF7B5FD061E01D0FFF7E4
:10A1400007F8FEF795FE5646013E2A003178F86D75
:10A15000FEF746FDB146E4E49A4A934201D9FEF780
:10A16000D1FE0822914699444B4699003B6C1868F1
:10A17000F8F718FE3B6C002801D1FEF7C1FE4A46F5
:10A1800018609A8045E6FB68013BFB60FFF7F8FA30
:10A19000B14601218BE70023BB617B613B625C33ED
:10A1A0000833DB19FB64FFF717F900233B65FB62FB
:10A1B000FB645C330833DB19984662E508202021F4
:10A1C00084462A6858311378BC446144CB5C002B28
:10A1D00001D1FEF753FE4646A046544609E008204A
:10A1E0002021844613785831BC446144CB5C002B59
:10A1F00035D06B680132013B01366B602A60A642A4
:10A200002DD0002BEBDC2900F86DFEF72BFD00288C
:10A2100025D12A68E3E700239946FB623B623B6352
:10A22000FEF7F6FFFB6D4646002498460AE0D2187A
:10A23000290040462A60E418F61AFEF713FD0028AC
:10A2400000D009E26B682A689E42F0DC9B1B9219E1
:10A25000A4196B602A60A3447C6BFEF7B4FD4446EE
:10A26000B344FEF7B0FD574A934201D9FEF74AFEC8
:10A27000082290469844434699003B6C1868F8F7CA
:10A2800091FD3B6C002801D1FEF73AFE4246186072
:10A290009A8015E64B4A944201D9FEF72CFE3E6C9B
:10A2A00008343068A100F8F77DFD002801D1FEF7E1
:10A2B00022FE3060B480FEF7A0FF424B9E4201D9DF
:10A2C000FEF719FE3B6C08361868B100F8F76AFD16
:10A2D000002801D1FEF70FFE3B6C18609E80C5E49C
:10A2E000022A00D82EE2032A01D1FFF76AFA444677
:10A2F000B1464646A8463D6D013C42462178F86D80
:10A30000FEF76EFC63199B1BDBB2032BF4D15A469C
:10A310004546B0463B6D013A043BDBB2D21A934648
:10A320004246013AD31A4E469846FFF7C0FA3B6DB3
:10A33000022B00D806E2032BD9D1FFF7B8FA214A45
:10A34000964201D9FEF7D7FD3B6C08361868B1007C
:10A35000F8F728FD002801D1FEF7CDFD3B6C186011
:10A360009E80FFF72EF80823A1781E430234FEF7E3
:10A370006FFD0223A1781E430234FEF769FD4024DD
:10A380003443FEF715FF630755D4E30700D582E198
:10A39000A40700D47FE10C4B7A6A9A4200D1E2E133
:10A3A00000227B6C396AF86D01F000FDFB6B1B68C5
:10A3B00003C3FFF7D0FBC0467FFDFFFF7FFCFFFF1D
:10A3C000FFFEFFFFF6FF000019BA0010386D796D2F
:10A3D00002000B00F7F787FF002846D1386D796D32
:10A3E000F8F712F82060FFF79FFA182362465833F7
:10A3F0009E1878E4E54B7B620A237B64073B994611
:10A40000FFF7DCF85A467C6B1A70FEF7DCFCE04B79
:10A410009E4201D9FEF776FD3B6C08361868B10004
:10A42000F8F7C0FC3B6C002801D1FEF769FD18600D
:10A430009E80FEF773FEFB6B1B681880FFF78BFB9B
:10A44000FC6C04312068F8F7ADFC002800D1D5E59C
:10A450002060D3E53C6B2068F8F7A4FC002801D10C
:10A46000FEF74BFF2060FEF748FFCA4801F0DAFD17
:10A470002060FFF759FA1E00002398463B65D1E49F
:10A4800082B002AB3B6402910391FFF7E6F8FB69EF
:10A49000023300D163E44346186801F0A3FD0028AD
:10A4A00000D086E53B6B9B44FB69032B00D039E46D
:10A4B0003368042B00D035E43AE45B001900F86CF3
:10A4C0003B65F8F76FFCF864002801D1FEF713FD37
:10A4D000060042464E441060C1E47B690022591CCC
:10A4E000F86D0A2301F0F2F93B69C21AFFF783F90C
:10A4F0001E00002318009946EAE43B6B99460023AE
:10A50000FB623B623B63FEF783FEFB6C98460023D5
:10A510003B65FB62FB64FFF7B4FB3B6AFB64002313
:10A52000BB617B613B62FEF757FF02239946FFF751
:10A5300045F82900F86DFEF795FB002801D1FFF7DB
:10A540001DF8FEF795FC944B55E7904B7B6200237A
:10A550007B6403339946FFF731F82900F86DFEF765
:10A5600081FB002801D1FEF7F9FEFEF781FC2900EE
:10A57000F86DFEF777FB002801D1FEF713FEFEF71A
:10A5800077FC2900F86DFEF76DFB002801D1FFF77D
:10A590006DF8FEF76DFC2900F86DFEF763FB0028EF
:10A5A00001D1FEF793FDFEF763FC04239946FFF704
:10A5B00005F8FE6146463B687C689B46002E01D14B
:10A5C000FEF7B8FF20235032FF339B186246A8469F
:10A5D000FE6AFD6DA1469C18A15D42462800013E21
:10A5E000FEF7FEFA002EF7D14C464546FEF7A2FFD5
:10A5F00000233B63FFF7B3FB2A681378E35C1B0778
:10A6000001D5FFF7B3FA230008264446984605E033
:10A6100041461378CB5C1E4200D01CE66B680132C9
:10A62000013B01346B602A60544500D113E6002BD6
:10A63000EEDC2900F86DFEF715FB002800D00AE6D5
:10A640002A68E5E74B461868F8F7ACFB002800D10C
:10A650001BE54B46186018E5002C01D1FEF708FCFD
:10A66000A344F9E5F2072BD4B60729D55A461A6058
:10A67000D2177C6B5A60FEF7A6FB2900F86DFEF737
:10A68000F1FA002801D1FFF76FFB3B6B002B01D0E3
:10A69000FEF7EEFB9FE4FB6B1B681860FFF75BFAAD
:10A6A0004A463E4B1A40012391463B65FFF761F84D
:10A6B0004A463A4B1A4001239146FB64FFF759F88A
:10A6C0005A461A607C6BFEF77EFB01235B42BB643B
:10A6D000FEF7E2FB3B63FFF742FB3A6A904501D885
:10A6E000FEF7CCFB2E0044461500013C32002178D9
:10A6F000F86DFEF775FAAC42F7D1FEF7BFFBF86ACA
:10A70000D100F8F74FFBF862002801D1FEF7F3FB08
:10A7100080463B6DFA6C5B00B04410603B65FFF710
:10A720001EFB3A6A904501D8FEF7A8FB4446160086
:10A73000013C2A002178F86DFEF752FAB442F7D1B5
:10A74000FEF79CFB3A6A44461600904501D8FEF796
:10A7500095FB013C2A002178F86DFEF741FAB442DE
:10A76000F7D1FEF78BFB00227B6C396AF86D01F0A4
:10A7700003FC1BE6BB6C002B04D0AB895B0601D449
:10A78000FEF77FFB3B6CFEF7BBFBC046CDB800106D
:10A79000F6FF000080D9001019BA00107FF8FFFF03
:10A7A00070B516000D0002F0F5FD002E0DD06B23E4
:10A7B0006A00520D9B1A002B07DD0024034A1B057B
:10A7C0009D182B002200F7F728FD70BD0000F03F18
:10A7D000F0B5DE4657464E4645460C0081468B4650
:10A7E00000200021E0B592469FB000220490059120
:10A7F00021001A9219910A780D002D2A03D8A64C2F
:10A800009000205887460021069100210791302AA8
:10A8100000D1BDE02F2A00D881E2170028000021D6
:10A82000002600240BE0B30001309E197600199039
:10A83000B6180278303E170001342F2A0FDD392A6E
:10A840006BDC082CEFDD8B005B1801305B0019908E
:10A85000991802783039170001342F2AEFDC0A9159
:10A8600001228E4901F05CF9002800D145E2002365
:10A87000A0460C930B93089343461F00102B00DD5A
:10A8800010273000F7F73CFD434604900591092B53
:10A8900018DD3A00824B093AD2009B180CCBF7F72F
:10A8A000BCFC049005910A98F7F72AFD0B00020002
:10A8B00004980599F7F78AFC4346049005910F2BFD
:10A8C00000DDACE00B9B002B01D100F039FC0B9BB1
:10A8D000002B00DC40E3162B01DC00F021FD42469A
:10A8E00025239B1A0B9A934200DA98E043460F24E3
:10A8F0006B4DE41AE1006918049A059B03C9F7F748
:10A900008CFC0B9B1C1BE4002D190CCDF7F785FC70
:10A9100004000D0011E201316CE70A9101225F4948
:10A9200001F0FEF8002846D1199B581C19905B785D
:10A9300084461A00002C00D0E3E163460021302A4F
:10A9400008D11900013319931A78302AF9D06346D7
:10A95000C91A01311300313B082B00D873E22023C0
:10A960009A43452A00D11CE3079B0B4300D0E2E148
:10A97000534600240025002B01D05A461A602000BF
:10A9800029001FB0F0BCBB46B246A946A046F0BDA8
:10A990006A7820318A436C1C582A00D1D3E3250001
:10A9A00019942A780134302AF9D0002A00D1C2E162
:10A9B000012307932EE700230021002210940C931B
:10A9C000202338009843030000200890452B00D135
:10A9D000C1E1002C00D02BE2079B0B4300D0AAE181
:10A9E000002AC5D1692F00D1E2E201DD00F08CFC24
:10A9F000492F00D1DCE24E2FBAD12A4919A801F023
:10AA00006FFF0028B4D0199B1B78282B01D100F0D0
:10AA10006CFD254801F000FB04000D008DE143466C
:10AA20000B9ADB1B9B18002B00DC66E20F221F0039
:10AA30001100974319401A4201D100F005FC184B50
:10AA4000C900591803C9049A059BF7F7E6FB04905F
:10AA50000591002F01D000F0F7FB00230A93434635
:10AA6000220029004846009602F0E0F814900028E1
:10AA700001D100F061FC0B990027CB4300260C9A12
:10AA80000898DB17101ACA1710401940B3463D004A
:10AA900010901591EFE0C0462CE8001048DE001041
:10AAA0005856011058DE001080D90010D648C91A37
:10AAB000521A834200DAFCE201238B4011930023F7
:10AAC00012930A9BB918B618F61808913B008F42EA
:10AAD00000DD0B00B34200DD3300002B04DD089ADB
:10AAE000F61AD21A0892FF1A109B002B00DD86E29C
:10AAF000089B002B00DD9CE20B9B002B00DDC9E2D4
:10AB0000002E00DDB9E2002F08DD59463A00484624
:10AB100002F0D0FA8346002800D1B7E248461A99DD
:10AB2000079A02F067FB051E00D1AFE2C3685946E1
:10AB300098460023C36002F037FB002801DA00F0DA
:10AB4000FEFC059B089301D100F082FC59462800C9
:10AB500002F00AFD80230022DB0506000F00F7F754
:10AB6000ADFB002800D139E24346002B00D0ADE216
:10AB7000049B002B00D034E3089B1B0300D0D6E2DB
:10AB8000002230003900A14BF7F792FB002801D0DA
:10AB900000F038FC00229E4B30003900F7F73DFBF7
:10ABA0000A000100130012911392802212069B18D2
:10ABB0000E900F93974A089B0E9E0F9F13401A000A
:10ABC0001193954B9A4200D187E20A9B002B28D023
:10ABD000D423119ADB049A4223D8129813998F4AEE
:10ABE0008F4BF7F76BFB002816D012981399F7F7E5
:10ABF000C7FB002800D10130F7F782FB43461290D3
:10AC00001391002B01D000F0E8FB802212068B1874
:10AC100016901793169E179FD623119ADB04FB18E4
:10AC20009F1A0C980D9902F0B5FB02000B00300042
:10AC30003900F7F7F2FA0C9A0D9BF7F7C7FA0E00F6
:10AC4000049005910A9B002B05D1724B119A334059
:10AC50009A4200D192E248461A9901F08BFF484689
:10AC6000079901F087FF5946484601F083FF290004
:10AC7000484601F07FFF149C4846616801F04EFF92
:10AC8000031E079000D101E222690C3302320C341A
:10AC9000210018009200F8F7A9F80499059A1CAB56
:10ACA00001931BAB0C910D920093484613000A00D0
:10ACB00002F0F2FB011E1A9000D1C3E101214846C7
:10ACC00002F082F88346002800D1DFE11B9B002BB5
:10ACD00000DAAAE1109A159E9F180A991C9A5B1A2D
:10ACE00036219B188A1A4F49013B8B4200DADDE678
:10ACF0000023129301331193E3E6199B581C19901A
:10AD00005B781A00303A092A00D9DDE0171E01D11C
:10AD100000F00FFD0123210010940C93E0E20122CA
:10AD20002800414900F0FCFE002800D149E3079BC0
:10AD3000002B00D11CE6002400255246002A01D039
:10AD4000199B1360069B002B00D118E68021090691
:10AD50006B181D0013E623000B430798034300D133
:10AD600006E6199B9B465846431C199347782B2FA0
:10AD700000D1D9E12D2F00D0BCE0012398465846E0
:10AD8000831C199387783B00303B092B00D98BE15A
:10AD90001998302F0ED1431C19931F7818000133D6
:10ADA000302FF9D0002308933B00313B082B00D90A
:10ADB0000FE60133471C1997BC46477808932F2F9D
:10ADC00000DCA7E20B9161469446089A09E09300E3
:10ADD0009B1801315B001991DA190F78303A2F2F47
:10ADE00001DD392FF3DD0892081A62460B99082815
:10ADF00000DC8FE20D4B08934346002B00D1E8E5C1
:10AE0000089B5B420893E4E5E3FBFFFF0000F03F93
:10AE10000000E03F0000F07F0000E07F0000C0FF86
:10AE2000FFFFDF4102FCFFFF48DE00101F4E000065
:10AE3000089B0C9AA0469B1A0B93109B002B00D1E9
:10AE40001AE51C0018E54B1C1998303A0C930023A6
:10AE500017000500012410930021B3009B195B002B
:10AE6000FE18431C19931F7818003B00303B092B38
:10AE700000D9C4E11F004A1C431C002F01D100F07F
:10AE80003FFC0C9B9C46944463460C93012A01D1E1
:10AE900000F039FC3200631C80462E009C461500F1
:10AEA0000A9808E0AA0055196D0001331A1B013AEF
:10AEB000914200DC0DE25A1E082AF3DD102BF4DC6F
:10AEC000820010184000F0E720229343452B61D008
:10AED0003000F7F715FA04900591092C00DC2FE1FA
:10AEE0002700102C00DD10270023A0460C930893A8
:10AEF0000B93CEE40023984645E7002B00D1ACE548
:10AF00000F2211005B4219401F111A4200D06AE261
:10AF10001F2F00DDE2E210231A003A400A923B4262
:10AF200001D05A330A93B346049805992600B54CCC
:10AF300001E07F10083401233B4204D17F10083424
:10AF400001233B42F5D022686368F7F766F97F106A
:10AF500000D161E20834F3E70B9B163300DA5EE5BB
:10AF600008990C9AA84B521AD2009B180CCB049843
:10AF70000599F7F734F904000D00DEE60022069289
:10AF80004D1C19954A78002A00D03EE4F0E40122D5
:10AF90000692F5E7002383460021012210940C93CA
:10AFA000E1E600220B0010920C9200240132D4E65C
:10AFB000964919A801F094FC002800D1D8E4199B07
:10AFC0009349013B19A8199301F08AFC002802D18A
:10AFD000199B0133199300248E4DAEE68E4B00224F
:10AFE00030003900F7F719F9434612901391002BFE
:10AFF00067D1802212068B180E900F93DAE559461E
:10B000001A00484601F0ECFF1A998346002819D02F
:10B010000A000100484601F007FF1A99041E11D0EA
:10B02000484601F0A7FD1A9462E5159A109FD61ABA
:10B0300053E61A994846089A02F03CF8011E1A9005
:10B0400000D059E55E462F0022234A460024714D68
:10B050001360484601F08EFD4846079901F08AFDCD
:10B060003100484601F086FD4846149901F082FD02
:10B070003900484601F07EFD5FE6320048460799F8
:10B0800002F018F80790002800D03CE55E462F003B
:10B090001A99D9E74846159A079901F0A1FF079038
:10B0A000002800D02CE5F1E75B46199300230893B4
:10B0B0008FE45A49CB1A012199400123129111932F
:10B0C000FFE4129B139C0E930F9473E50023544CE2
:10B0D0000E930F94129313946CE5524A089B9B189D
:10B0E0000593049E059F3000390002F053F90E9A33
:10B0F0000F9BF7F792F832003B00F7F767F8454BE4
:10B10000494A049005910B40934200D8F7E00C980F
:10B110000D99464A914201D1441CB7D00123434CBA
:10B120005B420493059496E50023984627E60023A6
:10B130003F4C0E930F940023394C1293139439E52E
:10B14000049C059DF9E50293069B484601931AABC2
:10B150000093384A1BAB19A901F0C6F80F231E0053
:10B1600005000640034200D1E5E5062E00D0E7E0E9
:10B1700000231994002500240693DEE51298139904
:10B18000F7F716F9F7F708F902000B001298139970
:10B19000F7F713F84346049A36031343360B089027
:10B1A0000991254A33430DD108980999234BF7F7A4
:10B1B0007FF8002800D14EE55E462F00049C059DD7
:10B1C0001A9946E71E4BF7F773F80028F4D1089850
:10B1D00009991C4A104BF7F781F8002800D13AE58D
:10B1E000EAE7012BA3D1089B002BA0D15E462F00DC
:10B1F00022234A46002400251A99136029E70122D8
:10B20000FFF7DEFB28E90010585601104CDE001055
:10B2100050DE00100000F07F0000E03FE2FBFFFF87
:10B220000000F03F0000B0FCFFFF9F7CFFFFEF7FBE
:10B230000000F0BF10E900109535A094FFFFCF3F4C
:10B24000FFFFDF3F35E5AF359A235B009F4273DC9C
:10B250003F11012F00D1CBE104980599D24B049402
:10B2600007969B462E001C00002501233B4203D07D
:10B2700022686368F6F7D1FF01357F100834012F8B
:10B28000F3D1049C049005912F003500079E059B87
:10B29000C64AF9009B1805935944049A059B03C9B3
:10B2A000F6F7BBFFC24BC34A049005910B40934293
:10B2B00042D8D420C04A800409180591934201D88D
:10B2C000FFF7CBFB0122BD4B524204920593FFF7DF
:10B2D000C4FB2B000A90350040461E000139614432
:10B2E0004C1C082900DCB7E50021102C00DDB8E576
:10B2F0000A9A93009B185B00FB180A93B1E5D423CC
:10B300009B04CE1805969DE46E2F01D1FFF775FBC7
:10B31000FFF72EFB0898AA4B984200DC6CE56AE523
:10B320000B9AA84BD100591803C9049A059BF6F74C
:10B3300074FF04000D0000E522234A4613604AE62C
:10B340001A9A002A07D035211CA802F03BF948467A
:10B350001A9901F00FFC052E00D9C3E19A4BB600F3
:10B360009B599F461C9B994904931D9B1B9A0B401C
:10B3700097495218120513430593ED0503D5802212
:10B380001206134305938A4A049C059D134200D07C
:10B39000D3E4FDF757FA22230360CEE401238D4C5A
:10B3A0005B4204930594ED0500D4C9E6059BE6E7EE
:10B3B0007F4B0593F7E71C991D9A1D9B04910592FD
:10B3C000DBE7199B01229C469444624619925A7805
:10B3D000002300260A93FFF7B0FA129B139C1693E2
:10B3E0001794FFF717FC774BC9005B180CCB049838
:10B3F0000599F6F7F4FE04900591002F01D1FFF7AF
:10B400002CFB85E50023744C0E930F940023734CA2
:10B4100012931394FFF7CEFB0A9B3400049005911E
:10B420005E46002B52D06B234A00520D0F009B1A30
:10B43000002B4BDD1F2B42DD00210491342B00DC5F
:10B4400047E1DC239B0405936A230A93FFF707FB7C
:10B450004146059A2F000C9C0D9D12035E46129BDF
:10B46000120B002954D05E498A4200D1E0E0002B43
:10B4700000D1EBE0089A1A420CD0049805990A9A78
:10B48000FFF78EF902000B0020002900F6F79EFE60
:10B4900004000D000A9B002B00D191E6200029003A
:10B4A000504B0022F6F7B9FE414B04000D000B4251
:10B4B00000D085E622234A461A991360C9E5012285
:10B4C00052429A40024004920498059900220023B7
:10B4D000F6F7E6FE002801D1FFF7C1FA22234A461B
:10B4E000002400251360FFF728FC3F491CAA19A877
:10B4F00001F00EFA052801D0FFF78BFA1D9B2C4AAC
:10B500001A431C9B05920493049C059DFFF715FCB0
:10B51000002A71D1049A002A00D0D3E00A9B434547
:10B5200000D1BFE0224B089A1A40D6239046DB0494
:10B530009A422CD8DC239B049A42AFD858E6434663
:10B540000499059A2F000C9C0D9D5E460B43A1D1DA
:10B55000089213039ED1164B1A40D6239046DB0463
:10B560009A4297D97B69002B02D13B69012B91DD6F
:10B5700039000122484601F09DFD3100070001F02D
:10B5800013FE002886DD0A9B002B00D18AE043468B
:10B59000164A9B18124A1A4301235B4205920493F0
:10B5A000049C059D7AE7C046305601100000B0FCAF
:10B5B0000000F07F0000A07C0000907CFFFFEF7F88
:10B5C0001F4E000058560110E4E80010FFFFEFFF87
:10B5D00033040000FFFFFF7F0000E0BF0000E03FFA
:10B5E000FFFF0F0000005039FCE800100000F0FFE2
:10B5F000584B00279B464AE6002B2DD1119B049AFD
:10B60000134200D146E7049805990A9AFFF7C8F853
:10B6100002000B0020002900F6F7CFFD00220023D6
:10B6200004000D00F6F73CFE002800D132E7DFE50C
:10B630000A99049A814225D1511C12D0834259D0D3
:10B64000089A1A4200D018E71A9902E5119B049A49
:10B65000134200D11EE710E7089A1A4200D119E7F9
:10B66000D1E73D4B0899994268D03C4B089A1A4063
:10B670001300802252039B18059300230493049C1B
:10B68000059D07E7089835490140D420C004814250
:10B6900040D9511CE5D0002B37D00898184200D172
:10B6A000FCE6EAE62D4B089A1A991A4013002C4A38
:10B6B0009B182C4A1A4301235B4205920493049C75
:10B6C000059DC6E4002BC7D1119B134200D1E1E6D2
:10B6D00099E74B239A1A4C3B93401F4005970498D7
:10B6E0000599F3E6ED0532D580231B060593049CEE
:10B6F000059D4EE6119B134200D0BEE61A99A8E4C0
:10B700001100FFF7AFFB2100EAE5119B134200D1C6
:10B71000C4E6B2E66B20090D401A0121494281407E
:10B720008A429ED0002BF0D0089A1A4200D1B5E68A
:10B73000A3E6012110940C92FFF793FB013294D100
:10B7400022234A4600241A99044D136081E4002400
:10B7500000251EE630560110FFFFEF7F0000F07F4E
:10B760000000F0FFFFFF0F0010B5024BFFF730F8AD
:10B7700010BDC04620170020F0B55746DE464E46A5
:10B780004546E0B58346894692461D001F0083B0BA
:10B79000242B3DD8012B3BD00B000820494E1A002A
:10B7A00014780133315D0842F9D198462D2C00D12F
:10B7B00072E02B2C38D0444B009300230193002DD2
:10B7C0004ED1302C00D170E00A270A2539000098AC
:10B7D000F6F7B8FA434606008C4600200021220006
:10B7E000303A092A07D9113A192A03D92200613AB5
:10B7F000192A21D80A3295421EDD4C1C05D08642FA
:10B800002BD328D00121784310181C780133E6E7A8
:10B81000FDF718F816230360002003B0F0BCBB4608
:10B82000B246A946A046F0BD1C78931C9846264B0C
:10B83000009300230193C2E74A1C23D0019A002AF7
:10B8400000D040425246002AE7D0002936D1534664
:10B850004A461A60E1E79445D4DA01214942D4E727
:10B86000102DB3D11027302CB0D1434620221B78A5
:10B870009343582BAAD143465C7802231027102506
:10B880009844A3E7222259460A605246002A17D05C
:10B89000013B99460098DAE71C78931C9846802370
:10B8A0001B0600930123019389E7434620221B785E
:10B8B0009343582BDFD00827083587E70090E7E748
:10B8C0000098AAE751E90010FFFFFF7F10B5FFF7CE
:10B8D00053FF10BDF0B54E465746DE4645468A46F4
:10B8E000E0B50C0091461E00082183B00190464847
:10B8F00023001D780134425D1142F9D12D2D5ED017
:10B90000002293462B2D33D0002E07D1302D62D04C
:10B910000A23052198460A263C4F0DE0102E53D0ED
:10B92000012031004042F6F70DFA070001203100F6
:10B930004042B046F6F706FA002200202B00303BCA
:10B94000092B07D9113B192B03D92B00613B192B6C
:10B9500011D80A339E420EDD551C06D0B84221D8BC
:10B960001ED0424650430122181825780134E5E7DD
:10B9700025789C1CC8E7531C17D05B46002B00D0D1
:10B9800040424B46002B04D0002A15D14B4652466C
:10B990001A6003B0F0BCBB46B246A946A046F0BD53
:10B9A0008B42DEDD01225242DFE7222301991000A3
:10B9B0000B604B46002BECD0631E9A46E6E72578D9
:10B9C0009C1C01239B469FE7302D0FD010230F2195
:10B9D00098460F4FB0E7202223789343582B0AD084
:10B9E0000823072198460B4F0836A5E72022237825
:10B9F0009343582BEAD1102365780F2198461026DF
:10BA0000034F023498E7C04651E9001099999919FB
:10BA1000FFFFFF0FFFFFFF1F10B5FFF75BFF10BD1C
:10BA200030B50C785E2C20D000234D1C9C460021A4
:10BA30000300421CFF32197001339342FBD1002CEA
:10BA400010D00122634653401A0002556B1C9C46DD
:10BA50002B782D2B11D05D2B0DD0002B03D01C008B
:10BA60006546F2E7013D280030BD01234C788D1C6E
:10BA70009C460121DCE76546F5E769785D2910D031
:10BA80008C420EDC230002350133C2549942FBDCA8
:10BA90008C4203DB002101340C19D7E7091B013963
:10BAA000F9E72D246546D0E7F8B50C002300096BB3
:10BAB0004033994211D0666B77003A00FCF714FCD2
:10BAC000051E23D0010032008019F7F78FF9AB195A
:10BAD0002360256367630020F8BD8021C900FCF75F
:10BAE00037F9002812D08023DB00636342232063F0
:10BAF000E25C084BC2544123E25C074BC254402332
:10BB0000E25C064BC254C0182060E4E701204042CA
:10BB1000E2E7C046FF030000FE030000FD03000053
:10BB200010B5002A2AD003000B439B0715D1032A26
:10BB300013D9144B9C460CE0043A002A1ED0124C38
:10BB40001C199C4363461C4218D104300431032A5B
:10BB500003D903680C68A342EED003780C78013A4D
:10BB60008218A34208D00BE0002B07D043784C7812
:10BB700001300131A34203D19042F5D1002010BD24
:10BB8000181BFCE780808080FFFEFEFE30B50C00B5
:10BB900004430300A4071CD1032A1AD9144B9C4662
:10BBA00065460C68030013482018A043284210D1B2
:10BBB0001800043A043110C0032AF1D803001C0015
:10BBC000002A09D00878013A013320700131002899
:10BBD00004D01C00002AF5D1200030BD0021D0186F
:10BBE000002AF9D0197001339842FBD1F4E7C0461E
:10BBF00080808080FFFEFEFE8422024B9200985CD3
:10BC00007047C0462017002000487047F8180020F1
:10BC1000F0B54E464546DE465746E0B58BB00D00C2
:10BC200005911E00082107905E4801922B001C78A8
:10BC30000135025D1142F9D12D2C00D183E02B2C6E
:10BC40004AD001235B420393574B0493002306938E
:10BC5000002E08D1302C00D17FE00A239B46002320
:10BC60000A26009305E0102E00D181E0B346F317B9
:10BC700000935A46009B03980499F6F7A1F80F0029
:10BC8000824602920020002200212300B146B846DD
:10BC900010E0414501D150451BD8824540D05A465D
:10BCA000009BF6F741FF2600E71780197941012232
:10BCB0002B7801351C00303C092C04D9113C192C7F
:10BCC0000DD8373B1C00A14511DD531CF0D0414578
:10BCD000DFD901225242EBE72C789D1CB1E71C0012
:10BCE000613C192C03D8573B1C00A145EDDC531CCB
:10BCF0001ED0069B002B04D003000C0000215842EC
:10BD0000A141019B002B04D0002A45D1019B059A3B
:10BD10001A600BB0F0BCBB46B246A946A046F0BDC7
:10BD20008845BCD1029BA342B9DA01225242BFE747
:10BD30002223079A1360019B002B30D06B1E0398BF
:10BD400004990593E2E72C789D1C0023039380233C
:10BD50001B060493012306937AE720222B78934352
:10BD6000582B11D008239B4600230836009380E708
:10BD7000302C04D010239B460023009379E7202227
:10BD80002B789343582BF5D110239B4600236C78D6
:10BD90001026023500936CE703900491CEE70398D8
:10BDA0000499B6E751E90010FFFFFF7F10B5FFF7D8
:10BDB0002FFF10BDF0B54E464546DE465746E0B56E
:10BDC00089B00D0003911E0008210590654801927D
:10BDD0002B001C780135025D1142F9D12D2C00D1C8
:10BDE0008DE0002204922B2C51D0002E0DD1302C4E
:10BDF00000D189E0052302935B4B0A2698460A236B
:10BE00009B460023594F009316E0102E00D18BE083
:10BE1000F317320001204042C11799460093F5F70D
:10BE2000CFFF320080460F004B4601204042C11731
:10BE3000F5F7C6FFB3460292C24600220020002159
:10BE40002300B146B84610E0414501D150451BD80A
:10BE5000504540D05A46009BF6F766FE2600E7178D
:10BE60008019794101222B7801351C00303C092CC6
:10BE700004D9113C192C0DD8373B1C00A14511DD0C
:10BE8000531CF0D04145DFD901225242EBE72C7818
:10BE90009D1CAAE71C00613C192C03D8573B1C00D1
:10BEA000A145EDDC531C1ED0049B002B04D00300E5
:10BEB0000C0000215842A141019B002B04D0002A14
:10BEC0001AD1019B039A1A6009B0F0BCBB46B24676
:10BED000A946A046F0BD4145BCD1029B9C42B9DDBC
:10BEE00001225242BFE72223059A01204042C11796
:10BEF0001360019B002BE7D06B1E0393E1E72C78C6
:10BF00009D1C0123049370E720222B789343582B28
:10BF10001BD007230293083B984609339B46002316
:10BF2000134F0093083687E7302C09D00F23029374
:10BF3000103B984611339B4600230E4F00937BE73E
:10BF400020222B789343582BF0D10F230293103BE0
:10BF5000984611339B4600236C781026054F023516
:10BF6000009369E751E9001099999999999999195C
:10BF7000FFFFFF1FFFFFFF0F10B5FFF71BFF10BDF7
:10BF800030B583B00400069800280DD0E62513488C
:10BF90006D004559002A12D0069800902000A8474D
:10BFA000431C15D003B030BDF4308446A444604631
:10BFB000E625069009486D004559002AECD1069BFC
:10BFC0000021009320000123054AA847431CE9D122
:10BFD0000023069A13608A332360E3E720170020CA
:10BFE00080D9001010B5002100F002F810BDC04645
:10BFF00010B500F0C5F8040000F0F6F81A38C0B229
:10C00000022806D9230000200422093B9A4240411D
:10C0100010BD0120FCE7C046002001497047C04622
:10C020000000F87F004870470000C07F030A844684
:10C03000DBB2C0B2022922D0032903D0803B803872
:10C04000DBB2C0B21A005032D2B21F2A0AD91A008B
:10C050003032D2B2242A35D83C4A94452FD9012017
:10C06000404270473A4A9445F9D83A49B03BDA0120
:10C07000D21A5200A13810184000405AF1E79E2809
:10C080000ED923308022C0B29F2B0ED8703B5B00AC
:10C09000D318DBB21A005032D2B21F2AD7D8E1E748
:10C0A0007E387F22C0B29F2BF0D950335B00D3186B
:10C0B000DBB21A005032D2B21F2AC8D8D2E72649C2
:10C0C000D03BD4E75F33DAB2072AC8D8234B9200BB
:10C0D0009B589F46F128C2D8214AA1384000805A77
:10C0E0000028BED10138BCE7D828B8D81D4AA138ED
:10C0F0004000805A0028B4D10138B2E7F628AED803
:10C10000C0239B01C018ACE7F328A8D8164BC01871
:10C11000A7E7164BC35C002BA1D0154BC018A0E7B6
:10C12000144AA1384000805A00289AD1013898E773
:10C13000114AA1384000805A93E7C02800D98EE701
:10C140000E4AA1384000805A8BE7C046A6F4000092
:10C15000D3CF0000F004011074EA001054EA00107C
:10C160005C1C0110001D0110A02F0000CF1C01104D
:10C1700060FE0000CC1D0110881E01101C1C011067
:10C1800070B50500002917D0124BCC1820001249B9
:10C19000FCF76CFB002804D101212800FFF746FFC3
:10C1A00070BD20000D49FCF761FB002806D102217B
:10C1B0002800FFF73BFFF3E7094CE7E720000949B8
:10C1C000FCF754FB03002800002BE9D10321FFF703
:10C1D0002DFFE5E712020000A0DE0010A4DE001033
:10C1E00032190020ACDE0010124BF0B50600984268
:10C1F0001BD80024104D114F02E0541CA54214DB43
:10C200006319DA0FD218521053009B185B00FB1809
:10C210005988587809020143988840188642ECD81A
:10C220008E4204D2551EA542EADAFF20F0BD1878EE
:10C23000FCE7C046EF010E00F9080000441F0110A2
:10C24000F0B5CE46474603698446994680B54D1100
:10C25000AB4209DC0023624613610023624653614E
:10C26000C0BCB946B046F0BD1F26040037001434E8
:10C270009800AB002018E3180F400E421AD040CBB4
:10C28000FE40984228D92022A046D11B1A688A4035
:10C290003243464604C6B04640CBFE409842F5D8ED
:10C2A0004B46591B8900611804390E60002E0CD0D2
:10C2B00004310AE022009842CCD940CB40C29842D7
:10C2C000FBD84B46591B8900611862460B1B9B101B
:10C2D0001361A142C4D1C0E763465E61002EB9D0AC
:10C2E00021000431F1E7C046F0B557464E46DE4620
:10C2F0004546E0B58946096892468A7887B003903A
:10C300000593302A00D02EE2CB1C1D0001335A1EAB
:10C310001278302AF9D0691A8B1E0193C04FBB5C8A
:10C32000002B00D1FAE0002200242B789046BD4A71
:10C33000FB5C0292002B00D166E12E00737801367F
:10C34000FB5C002BFAD1012230000299FFF7E8FBD9
:10C350008346002852D0002233789346002C02D026
:10C36000A41BA2009346202234009343502B51D0AB
:10C370004B461E604346002B7BD1631B013B0021D3
:10C38000072B03DD01315B10072BFBDC039800F06A
:10C39000C5FB0190002800D191E2019B1433049366
:10C3A000A54200D3F4E19846002399463B000026BD
:10C3B0004746A8464D4699460CE0202E19D032003B
:10C3C000043649462378CB5C0F210B4093401D4334
:10C3D00044455CD0013C23782E2BEED14445ECD370
:10C3E000012220000299FFF79BFB0028F0D0202EAD
:10C3F000E5D120C7002204260025E2E7002C00D169
:10C40000A4E12022A41BA3009B463378340093436D
:10C41000502BADD163782B2B00D17EE12D2B00D09A
:10C42000E7E00122A378A11CFB5C2600581E182817
:10C430009ED84E1C4978103B795C180000290AD11F
:10C440000CE083001B185B00013658183378103855
:10C45000F95C002901D01929F3DD0300002A00D07E
:10C460005B42DC469C444B461E604346E346002B41
:10C4700083D0019B06245A4253415B421C4020005A
:10C4800007B0F0BCBB46B246A946A046F0BDB846D0
:10C49000A94646464B4608C6049B019AF61AB310B5
:10C4A0001361484600F01AFC53461D68F600301A26
:10C4B000A84251DC00DA32E19B685A465B4500DA5B
:10C4C00022E153465B689A4200DB95E09C1A671EA6
:10C4D000AC426EDA0026002F00D074E11F21012348
:10C4E00039408B407A11049992008A5801982100B2
:10C4F0002D1B1A4200D150E1FFF7A2FE53465B68A4
:10C500009B465346DC68022C00D199E0032C00D1F5
:10C510006AE1012C00D197E112246EE0414B012227
:10C52000190028000293FFF7FBFA804600286DD11E
:10C530006B786C1CFA5C002A6AD02500302B00D086
:10C5400086E16B780135302BFBD0FB5C5A425A41B7
:10C55000904601220192EDE6441B2100019801F072
:10C5600053F8061E0FD01F210123601E01408B408F
:10C570004211049992008A5801261A4203D00128D8
:10C5800000DD26E1022621000198FFF759FE5346FF
:10C59000DC469B68A444E346634500DAB4E05346B6
:10C5A0005B686246634500DCE1E09C1AA54200DD61
:10C5B000FAE05246D268022A36D0032A00D11AE1A4
:10C5C000012A34D1AC4232D1012C07D00198611E2E
:10C5D00001F01AF800282AD053465B68059A04999E
:10C5E00013600123019A622413610B60109B1A608F
:10C5F00045E70022611C17E70124109B019A1A608D
:10C600005A46059B1A603AE72E009CE62C002B78D0
:10C6100020229343502B00D1E8E04B461C6028E7D2
:10C620002055011048DE0010119A002AD6D0019939
:10C63000039800F09FFA0023109A502413601EE71D
:10C640000123119A9B1A1193119B002B00D19CE09E
:10C65000019B00211E69049BB20091461800984678
:10C66000484403E002C3984200D8C9E01A68571C46
:10C67000F8D001321A60022C00D1D1E01F231C0037
:10C680002C402B4200D1ADE04B464344043B18689C
:10C6900000F024FB20231B1B984200DBA2E0019B3F
:10C6A0001969002900DCFCE0019A890053694144C2
:10C6B000183210005B08914200D8F9E044461A0095
:10C6C0000368DB07134308C404C852088142F7D843
:10C6D0001300019A8A1A4146193A920892000431CD
:10C6E00052181360002B00D0043243460199D31A2C
:10C6F0009B100B61424500D1D6E053465A469B68D9
:10C700000132934693426DDA0199039800F032FAB0
:10C710000023109AA3241360B1E6002282E62C1AAB
:10C7200022000199039800F0C5FC5B461A1B534692
:10C730009B68934601909A42E6DC53465B689A42B6
:10C7400000DB59E7010014310491BFE67378741CD3
:10C75000FA5C2600002A00D105E673780136FA5CFF
:10C76000002AFAD1FCE500238D1C0193D6E50124B3
:10C77000002E00D141E75346DB68022B00D15FE772
:10C78000032B00D160E7012B14D010231C4334E7A6
:10C79000049B9846002399467BE6FFF751FD5346DC
:10C7A0005B6802249B46E3E7671E002E00D191E6FA
:10C7B000012693E6B307E8D5049B1B681E43F607E2
:10C7C00000D545E7E1E73900019800F01DFF0600BC
:10C7D00084E60198A11E00F017FF002800D1D1E6E1
:10C7E0000326D0E6212408E702242DE700239B46F8
:10C7F000013398460EE6119A002A00D0EEE616E7BD
:10C80000019B9B689E4226DA019A711CB300D318E3
:10C81000116101225A61049B9846022C00D040E726
:10C8200053461B682224013BAB4200D0E5E61F21A2
:10C83000012329408B4041466A11920054581C4004
:10C8400063425C412134D8E6022302241E43B3E74D
:10C850000123019371E5019B03985968013100F0B0
:10C860005DF9071E31D0019B0C301A690C3302327E
:10C8700019009200F6F7BAFA0199039800F07AF9D4
:10C8800001223B690197591C9B00FB1839615A61D1
:10C8900014239846B844022CC2D08E4200DBEDE649
:10C8A000FFE60023019A13610023019A536124E7F4
:10C8B00042461360002BF4D04246043215E70022B2
:10C8C000E421054B0548F7F7AFFE3A008421024BFF
:10C8D0000248F7F7A9FEC046B4DE0010C8DE00101B
:10C8E000844610B5026808E0137801311C00413C11
:10C8F000192C00D82033834207D108780132002850
:10C90000F2D1634601301A6010BD0020FCE7C0463A
:10C91000F0B51F245746DE464E46454692460A6805
:10C920002100E0B50300501187B080001140504451
:10C930000391144200D098E00400021F0020211F40
:10C940000860186802914178002900D1A4E000260F
:10C9500001906648170014000D009146B046020091
:10C9600000210198019315E0202D00D98DE0464566
:10C970000CDDBC4201D2072956DD0821A24505D2B3
:10C98000271F0023B0463C0000213B608578013022
:10C99000002D12D0535D002BE6D00131013608295D
:10C9A0003ADC25682D01AC460F252B4065462B430C
:10C9B000236085780130002DECD10D004A46002E11
:10C9C0006AD0BC4202D2072D00DC74E0A2454FD2EF
:10C9D0005046230002CB02C09A42FBD2601C551C79
:10C9E0000023854263D251460024081D1B181900FC
:10C9F00004330C609342FAD9029B1B68002B09D1C7
:10CA0000514603E0043A1368002B03D19142F9D157
:10CA100001230B60052040E0A245B7D20021043C71
:10CA20008C4621600131BFE708235B1A9B009C46BE
:10CA3000202361465D1A0494210023682C0055468A
:10CA400083469246604605954A681500A5401D43F9
:10CA50001300C3400D604B600431B942F4D3059B11
:10CA6000524658469A46049C87E70200041D65E733
:10CA7000029903980B680028C0D02024241A0120B2
:10CA80004042E04003400B60B8E7AC460D00614611
:10CA90004A46019B292907D0042007B0F0BCBB46B9
:10CAA000B246A946A046F0BD0230186087E7141BC5
:10CAB000A408A30097E708235B1B9B0019001E0036
:10CAC00020235B1A984623689446250019004246A5
:10CAD0006868030093400B430100F1402B606960DC
:10CAE0000435BD42F4D3624670E7C04620550110BC
:10CAF00082B000290AD0002A0BD0002B0BD013786B
:10CB00000B601078431E984102B0704701A9002ABB
:10CB1000F3D10020F8E702204042F5E770B50400A9
:10CB2000406C0D0000280AD0AB00C318186800281C
:10CB300012D002681A6000230361C36070BD212215
:10CB400004212000FBF794F860640028F6D0AB00C5
:10CB5000C31818680028ECD10123AB405A1D0121ED
:10CB6000200092001E00FBF783F80028E6D0456005
:10CB70008660E0E7002906D04A68436C92009B1863
:10CB80001A680A6019607047F0B5C6461E008046F4
:10CB9000002300B50D000C69143108680133070447
:10CBA0003F0C5743000C5043BF193E0C80193F0403
:10CBB000060C3F0C0004C01901C19C42EDDC002EA4
:10CBC00007D0AB68A34208DDA300EB1801345E6117
:10CBD0002C61280080BCB846F0BD69684046013130
:10CBE000FFF79CFF071E16D029002A690C3102327C
:10CBF00092000C30F6F7FAF843466A685B6C9200D4
:10CC00009B181A682A601D603D00A300EB180134D0
:10CC10005E612C61DDE73A00BA21024B0248F7F76A
:10CC200003FDC046B4DE001034DF0010F8B54746FF
:10CC3000CE46060080B50C0090461F00092B41DD52
:10CC4000180009210830F5F755F8012300215B0091
:10CC500001319842FBDC3000FFF760FF011E33D04A
:10CC6000089B4361012303614346092B16DC09231A
:10CC700098460A34434647450BDDE719FF1A2378E7
:10CC80000A223000303BFFF77FFF01340100BC4235
:10CC9000F5D10800C0BCB946B046F8BD09239C4692
:10CCA000A444E146654644442B780A223000303BD8
:10CCB000FFF76AFF01350100A542F5D14C46444417
:10CCC000083CD7E70021C6E70A00024B0248D331EF
:10CCD000F7F7AAFCB4DE001034DF00108022030056
:10CCE00052020020934201D21B04103080225204D1
:10CCF000934201D208301B0280225205934207D38F
:10CD00008022D205934214D29B0014D4033008E051
:10CD1000802104301A01C9058A4203D3D243D20FBD
:10CD2000801870479A019B0105D40A42EED1202059
:10CD3000F7E71A00F2E70230F3E7C04603685A0744
:10CD400008D0DA072BD49A072ED501225B0803609E
:10CD5000100070471A0410D1FF211B0C1022194239
:10CD600001D108321B0A190716D099070ED0D9072E
:10CD700001D401325B080360EAE7FF221A4210D0B7
:10CD80001A0719D104221B099907F0D159070FD5A9
:10CD90009B0802320360DBE704321B09F4E7002240
:10CDA000D6E708221B0ADEE79B0802220360CFE7D2
:10CDB000DB0805D12022CBE7DB0803220360C7E7AD
:10CDC00003320360C4E7C046436C70B504000D0035
:10CDD000002B0AD05868002815D002685A6000233A
:10CDE000C36001234561036170BD21220421FAF76C
:10CDF0003FFF031E6064EDD146210022084B094825
:10CE0000FF31F7F711FC1C2201212000FAF730FF57
:10CE10000028F1D00123436001338360DFE7C0467F
:10CE2000B4DE001034DF0010F0B54E4657464546DC
:10CE3000DE46E0B50B69166989461700984687B04B
:10CE4000B34204DB33000F00464691469846434602
:10CE5000F518BB687968AB4200DA0131FFF75EFE76
:10CE60008446002800D1AFE0142363449A46AC0006
:10CE700054440022A34202D204C39C42FCD843463D
:10CE800049469B00984614318844414500D387E0C9
:10CE900014239946B9444B4602933B000022B60046
:10CEA0004E44F71B153F1533BF089E425241BB004D
:10CEB00003934346A34650460C00E246A946B446B7
:10CEC0000193049206E02D0C37D1019B0434043009
:10CED000A34262D925682B04190C002BF3D0029DC4
:10CEE0005B46A04600260C0083462F00059308CF22
:10CEF00001681A04120C62431B0C0D0463432D0CD1
:10CF000052199219090C5B18110C5B1812041E0CB3
:10CF1000120C1B04134308C0BC45E8D8059B5846B7
:10CF20009B46049B44465A1E9341039A5B4213401E
:10CF3000C3185E6025682D0CC7D006000368A046A4
:10CF4000604619000024B446029F3A88090C6A43DF
:10CF5000121952181B0411041B0C0B43336010CF21
:10CF60007168240C6C430B041B0CE318120C9B1807
:10CF70001C0C0436B842E8D8624684461000049A75
:10CF80004446511E8A41039952420A408218536016
:10CF9000019B04340430A3429CD85C464D46D446E1
:10CFA000002D03DC06E0013D002D03D0043C236886
:10CFB000002BF8D0634660461D6107B0F0BCBB464D
:10CFC000B246A946A046F0BDB1210022024B03485B
:10CFD0004900F7F729FBC046B4DE001034DF00102B
:10CFE0000323F0B5C64614001A0080460E0000B5B3
:10CFF0002240234237D1A41031D043461D6C002D6E
:10D000003AD001273B0023406410002B08D1286848
:10D0100000281AD005003B0023406410002BF6D0F6
:10D020002A0031004046FFF7FFFE002E07D043469E
:10D0300072685B6C92009B181A6832601E60002C4C
:10D040000ED0060028680028E4D12A0029004046B6
:10D05000FFF7EAFE0023286005000360DBE73000ED
:10D0600080BCB846F0BD0F4B013A9200D258002365
:10D07000FFF78AFD0600BEE701214046FFF74EFD9F
:10D08000051E08D0084B4361012303614346186421
:10D0900000230360B5E746212A00044B0448FF3112
:10D0A000F7F7C2FA2056011071020000B4DE00103A
:10D0B00034DF0010F0B54E46DE4657464546E0B533
:10D0C0000D002E6953119946330083B04B440193F0
:10D0D0005C1CAB688346170049689C4203DD013144
:10D0E0005B009C42FBDC5846FFF718FD8046002899
:10D0F0004FD04B4614308246002B0ADD4A4696003C
:10D100003200030000211432424402C39342FCD196
:10D11000B2441F222B0010002969143389003840C3
:10D12000814659183A422ED00132121A9446574677
:10D13000002648461A688240324304C7624640CB04
:10D14000D6409942F5D82A0015320023914203D3E4
:10D150004B1B153B9B089B0053445E60002E00D187
:10D16000019C43461C615B4640466A685B6C9200CA
:10D170009B181A682A601D6003B0F0BCBB46B2461B
:10D18000A946A046F0BD504604CB04C09942FBD846
:10D19000E6E7EF210022024B02484900F7F744FA84
:10D1A000B4DE001034DF001010B5C64602690B690A
:10D1B00000B5D41AA4469A4218D114309A001431FA
:10D1C00004008318891801E09C420FD2043B043903
:10D1D00018680A689042F7D0002390425B41022011
:10D1E0005B421840012384465B429C44604610BC6D
:10D1F000A04610BDF0B557464E464546DE46E0B562
:10D2000015000A692B6984460E0083B0D71A9A422A
:10D2100014D1080029009A00143014318318891899
:10D2200002E0984200D38FE0043B04391A680C688E
:10D23000A242F6D000D392E0012705E0002FFBDBED
:10D240002B0000270D001E0060466968FFF766FC92
:10D25000002800D18FE01422142191468C46A94465
:10D260002B693500C7604F4634698444A4009A0096
:10D270004A44A04661461435CB46824601960024B6
:10D2800066469946944638002A00A844009120C872
:10D2900080CA29043B041B0C090CC91A09192D0C5E
:10D2A0003F0C0B14ED1BED1809042C14090C2D0474
:10D2B000294302C69045EAD8019E4B4635001535F4
:10D2C0006246D94650460027A84504D34546AD1BC3
:10D2D000153DAD08AF00009DAA46BA444F443E1D1F
:10D2E00057460437BC462F004D46B0467F1BB2421E
:10D2F00039D9994682463B002000F71802CE0D042A
:10D300002D0C2D192D140C0C09182D1909042C1491
:10D31000090C2D0429433960B242EDD84446013A44
:10D32000121B920892004B465046624402E0043AB7
:10D330001168013B0029FAD0036103B0F0BCBB4681
:10D34000B246A946A046F0BD00216046FFF7E6FBC5
:10D3500000280AD00123036100234361EDE72B007D
:10D3600035001E0070E75246E4E70022054B0648F0
:10D370000649F7F759F90022024B03480449F7F729
:10D3800053F9C046B4DE001034DF0010370200004D
:10D39000450200000D4B0E4A0B409B180022002B4B
:10D3A00002DD1900100070475B421915132903DCD8
:10D3B00080231B030B41F4E7143901221E2902DCF0
:10D3C00080221206CA400023EBE7C0460000F07F2F
:10D3D0000000C0FCF8B504690600A400CE46A146D2
:10D3E0001436B14447464B46884680B51F1F3D68FA
:10D3F0002800FFF773FC202341461A1A0A600A2806
:10D4000028DD0B22524294468444BE4216D24F4637
:10D410006246083F3968002A13D0981A0B009540DD
:10D42000C3401C4C1D432C4323009140BE420BD2F1
:10D430004C460C3C2468C440214305E000210B28E5
:10D4400021D114482843030008001900C0BCB94684
:10D45000B046F8BD0B210B1A98462B004246D3402C
:10D4600019000C4C21430B0000218C46BE4204D213
:10D470004C46083C2468D440A4462900153081401D
:10D4800060460143E0E763469D40024929430B00A3
:10D490000021D9E70000F03FF0B5C64600B50121F4
:10D4A00082B016001F00FFF739FB804600284AD0E3
:10D4B0003B037D001B0B6D0D02D0802252031343F2
:10D4C0000193002E19D101A8FFF738FC4246019BB9
:10D4D00001245361434620301C61002D25D03524A2
:10D4E0001C4BED18089B2D181D60201A099B186015
:10D4F000404602B080BCB846F0BD68460096FFF7D3
:10D500001DFC019C009B002805D020222100121A3E
:10D510009140C4400B43424653619461631E9C4159
:10D52000434601341C61002DD9D10B4BC018089B18
:10D5300018600023E3189B0043441869FFF7CEFBF3
:10D540006401201AD2E70022044B05480549F7F789
:10D550006BF8C046CDFBFFFFCEFBFFFFB4DE001033
:10D5600034DF00100F030000F0B587B00E0004A9EF
:10D570000700FFF72FFF04000D00300005A90294FB
:10D580000395FFF727FF3F69366900900191BE1BA5
:10D590007301059F049EF61BF618002E0CDD360560
:10D5A00073190393029C039D2000009A019B29009C
:10D5B000F4F715FE07B0F0BD019B3205991A0090F3
:10D5C0000191F1E7944601394B11013361469B000B
:10D5D000C2186346096914338900591830B58B4263
:10D5E0000BD2040020CB20C49942FBD86346CB1A4F
:10D5F000153B9B089B0004301818824203D9002376
:10D6000008C08242FCD830BD8C46010063460269E6
:10D6100010B51431581182420ADA92008B1803E0D7
:10D62000043B1A68002A15D18B42F9D8002010BD9E
:10D630008300CB188242F7DD1F226046644610400B
:10D640002242F1D01A689446C2408240012094459B
:10D65000EDD1E9E70120EAE7002909D0FF2A02D845
:10D6600001200A7070478A23036001204042F9E7D5
:10D670000020F7E7F8B5C04601B40248844601BC73
:10D68000604700BF0103002001B40248844601BC8A
:10D69000604700BF2502002001B40248844601BC57
:10D6A000604700BF110F002001B40248844601BC4E
:10D6B000604700BF110F002001B40248844601BC3E
:10D6C000604700BF2504002001B40248844601BC25
:10D6D000604700BFC100002001B40248844601BC7D
:10D6E000604700BF9901002001B40248844601BC94
:10D6F000604700BF050C002001B40248844601BC0D
:10D70000604700BF0101002001B40248844601BC0B
:10D71000604700BF910C002001B40248844601BC60
:10D72000604700BFDD0B002001B40248844601BC05
:10D73000604700BF410C0020D11A0010FD1A0010F4
:10D74000E51C0010D12D001021240010792C0010B0
:10D750000D1C0010191B0010391B00104D1B001070
:10D76000210D0010551B0010E1100010991A001037
:0CD77000610900108D500010B102001083
:10D7800076302E302E3100006D792D7069636F2D4B
:10D790006465766963650000646576696365206E1B
:10D7A000616D653A20272573272C206669726D7795
:10D7B0006172652076657273696F6E3A2025730A0F
:10D7C000000000006C65645F6F6E3A006C65645F1A
:10D7D0006F66663A000000006C65645F626C696E9B
:10D7E0006B3A0000257820257800000055736167AA
:10D7F000653A20726561645F726567203C616464AC
:10D80000725F6865783E203C636F756E745F686513
:10D81000783E00004578616D706C653A20726561F4
:10D82000645F7265672044302033202028D187D080
:10D83000B8D182D0B0D0B5D182203320D180D0B53C
:10D84000D0B3D0B8D181D182D180D0B020D18120C5
:10D85000D0B0D0B4D180D0B5D181D0B02030784410
:10D86000302900004572726F723A20616464722040
:10D8700028307825582920616E6420636F756E7496
:10D8800020283078255829206D75737420736174B1
:10D89000697366793A0A000020206164647220E2AC
:10D8A00089A420307846462C20636F756E74206200
:10D8B00065747765656E203120616E64203078462E
:10D8C000462C20616464722B636F756E7420E2894C
:10D8D000A420307831303000626D653238302072EB
:10D8E00065676973746572205B307825585D203DEB
:10D8F00020307825580A0000485548004572726F5C
:10D90000723A206164647220283078255829206199
:10D910006E642076616C7565202830782558292042
:10D920006D75737420736174697366793A0A0000C7
:10D9300020206164647220E289A420307846462C5D
:10D940002076616C7565206265747765656E20313F
:10D9500020616E6420307846462C20616464722B0E
:10D9600076616C756520E289A42030783130300012
:10D9700074656D7020636F756E7473202564200A62
:10D9800000000000707265737320636F756E7473AE
:10D99000202564200A00000068756D20636F756E95
:10D9A0007473202564200A00256600005363616EAD
:10D9B0006E696E6720493243206275732E2E2E00E9
:10D9C000E29C932044657669636520666F756E649A
:10D9D000206174206164647265737320307825302F
:10D9E00032580A00E29C97204E6F20646576696386
:10D9F00065206174206164647265737320307825DA
:10DA00003032580A0000000076657273696F6E004C
:10DA100067657420646576696365206E616D652055
:10DA2000616E64206669726D7761726520766572D9
:10DA300073696F6E000000006F6E00007475726E87
:10DA400073206C6564206F6E000000006F666600D6
:10DA50007475726E73206C6564206F6666000000DA
:10DA6000626C696E6B0000007475726E73206C6579
:10DA70006420696E20626C696E6B207374617465DA
:10DA800000000000726561645F726567000000005D
:10DA90007265616420726567697374657273206F63
:10DAA0006E20424D453238300000000077726974B4
:10DAB000655F726567000000777269746520726542
:10DAC00067697374657273206F6E20424D453238FA
:10DAD0003000000074656D705F72617700000000B7
:10DAE0006765742074656D7020696E20636F756E54
:10DAF00074730000707265735F72617700000000DC
:10DB0000676574207072657320696E20636F756E2F
:10DB10007473000068756D5F7261770067657420CB
:10DB200068756D20696E20636F756E7473000000F8
:10DB30006765742074656D7000000000676574206F
:10DB400070726573000000006765742068756D0071
:10DB5000726563656976656420737472696E673A8D
:10DB600020272573270A00000A2A2A2A2050414E1E
:10DB70004943202A2A2A0A004E6F207370696E6C6E
:10DB80006F636B732061726520617661696C61629D
:10DB90006C6500004E6F2075736572204952517399
:10DBA0002061726520617661696C61626C6500005C
:10DBB000486172647761726520616C61726D2025C5
:10DBC0006420616C726561647920636C61696D6564
:10DBD00064000000486172642061737365727400B0
:10DBE0004F7574206F66206D656D6F72790000004F
:10DBF00052656C6561736500626F6F74325F773276
:10DC00003571303830000000322E322E30000000E6
:10DC10007069636F0000000030342D626D65000094
:10DC20004D6172203237203230323600666E692BF9
:10DC300000000000666E69006E616E00666E692D00
:10DC4000000000002C2066756E6374696F6E3A20C8
:10DC500000000000617373657274696F6E20222585
:10DC60007322206661696C65643A2066696C652080
:10DC7000222573222C206C696E652025642573256E
:10DC8000730A000055534220737464696E202F207C
:10DC90007374646F757400005261737062657272A0
:10DCA00079205069000000005069636F0000000097
:10DCB000426F617264204344430000005265736503
:10DCC00074000000556E68616E646C656420495292
:10DCD0005120307825780A00657020253032582090
:10DCE00077617320616C7265616479206176616926
:10DCF0006C61626C6500000043616E277420636F85
:10DD00006E74696E75652078666572206F6E206925
:10DD10006E61637469766520657020253032580025
:10DD2000D09FD0BED0BBD183D187D0B5D0BDD0B02D
:10DD300020D0BAD0BED0BCD0B0D0BDD0B4D0B03AD4
:10DD400020272573270A0000D090D180D0B3D1833B
:10DD5000D0BCD0B5D0BDD182D18B3A202725732736
:10DD60000A00000025640000D09ED188D0B8D0B150
:10DD7000D0BAD0B03A20D0BDD0B5D0B8D0B7D0B29C
:10DD8000D0B5D181D182D0BDD0B0D18F20D0BAD082
:10DD9000BED0BCD0B0D0BDD0B4D0B0202725732722
:10DDA0000A000000424D45323830206465746563D6
:10DDB0007465643A2063686970204944203D2030CE
:10DDC00078363000424D453238302063616C6962EC
:10DDD000726174696F6E2064617461206C6F61643C
:10DDE00065640000424D4532383020696E697469BF
:10DDF000616C697A656420616E6420636F6E666928
:10DE000067757265640000004552524F523A2042D5
:10DE10004D45323830206E6F7420666F756E642108
:10DE2000204944203D20307825303258202865781C
:10DE30007065637465642030783630290A0000000C
:10DE400065256C64000000002E0000006E66000076
:10DE5000696E697479000000616E00004C435F4395
:10DE60004F4C4C41544500004C435F43545950457E
:10DE7000000000004C435F4D4F4E45544152590045
:10DE80004C435F4E554D4552494300004C435F544F
:10DE9000494D45004C435F4D455353414745530061
:10DEA0004A495300534A4953000000004555434A2C
:10DEB0005000000042616C6C6F6320737563636592
:10DEC00065646564000000002F566F6C756D6573A6
:10DED0002F646174612F6A656E6B696E732F776F43
:10DEE000726B73706163652F474E552D746F6F6C45
:10DEF000636861696E2F61726D2D31352F737263A6
:10DF00002F6E65776C69622D63796777696E2F6E06
:10DF100065776C69622F6C6962632F7374646C69D6
:10DF2000622F6764746F612D6765746865782E630E
:10DF3000000000002F566F6C756D65732F6461745F
:10DF4000612F6A656E6B696E732F776F726B73707A
:10DF50006163652F474E552D746F6F6C63686169FF
:10DF60006E2F61726D2D31352F7372632F6E657751
:10DF70006C69622D63796777696E2F6E65776C695E
:10DF8000622F6C6962632F7374646C69622F6D70A9
:10DF90007265632E6300000006005250D3F0754294
:10DFA000F0DB001006005250E182887FF8DB0010A1
:10DFB00006005250ABB3605308DC0010060052500C
:10DFC000BBFF3CB610DC001006005250861C03025A
:10DFD00018DC0010060052505422A29D20DC0010D4
:10DFE00005005250DE65F468FC6F0110443B0010E0
:10DFF000FC3A0010FC3A00103C3B0010FC3A0010C8
:10E00000FC3A0010FC3A0010FC3A0010FC3A0010F8
:10E01000FC3A0010FC3A0010343B0010FC3A0010AF
:10E020002E3B0010FC3A0010FC3A0010263B00107A
:10E03000383D0010563B00102C3D0010563B0010A0
:10E040001A3D0010563B0010563B0010563B001086
:10E05000563B0010563B0010563B0010563B00103C
:10E060004C3B0010563B0010563B0010563B001036
:10E07000563B0010563B00104C3B0010CC3D0010AE
:10E08000BA3A0010BA3A0010BA3A0010BA3A001080
:10E09000BA3A0010BA3A0010BA3A0010BA3A001070
:10E0A000BA3A0010BA3A0010BA3A0010BA3A001060
:10E0B000BA3A0010BA3A0010BA3A0010BA3A001050
:10E0C000BA3A0010BA3A0010BA3A0010BA3A001040
:10E0D000BA3A0010BA3A0010BA3A0010BA3A001030
:10E0E000BA3A0010BA3A0010BA3A0010BA3A001020
:10E0F000BA3A0010BA3A0010BA3A0010483D00107F
:10E10000843D0010483D0010BA3A0010BA3A0010A1
:10E11000BA3A0010BA3A0010BA3A0010BA3A0010EF
:10E12000BA3A0010BA3A0010BA3A0010BA3A0010DF
:10E13000BA3A0010BA3A0010BA3A0010BA3A0010CF
:10E14000BA3A0010BA3A0010643F0010BA3A001010
:10E15000BA3A0010BA3A0010BA3A0010BA3A0010AF
:10E16000BA3A0010BA3A0010BA3A0010BA3A00109F
:10E17000643F0010DC3D0010643F0010483D00107B
:10E18000843D0010483D0010000000000000F03FFA
:10E190000000000000002440000000000000594082
:10E1A0000000000000408F40000000000088C340D5
:10E1B00000000000006AF8400000000080842E414A
:10E1C00000000000D01263410000000084D7974196
:10E1D0000000000065CDCD410D0A000000000000E8
:10E1E000054B001000000000094B0010154B0010FB
:10E1F000414B00103D4B0010000000000A000000E1
:10E2000000000306A6000800020002009C001400A3
:10E21000030057494E555342000000000000000023
:10E220000000800004000100280044006500760022
:10E2300069006300650049006E00740065007200AB
:10E240006600610063006500470055004900440016
:10E2500000004E007B00620063003700330039008D
:10E260003800630031002D00370033006300640084
:10E270002D0034006300620037002D0039003800A3
:10E28000620038002D003900310033006100380091
:10E2900066006300610037006200660036007D00A2
:10E2A00000000000050F2100011C100500DF60DDEB
:10E2B000D88945C74C9CD2659D9E648A9F00000307
:10E2C00006A60001000000000600525053B4F4A15D
:10E2D00084DC00100000000098DC0010A8DC0010B6
:10E2E0009C2A0020B0DC0010BCDC001009025400A5
:10E2F000030100807D080B000202020000090400F7
:10E30000000102020004052400200105240100018F
:10E3100004240206052406000107058103080010F5
:10E3200009040100020A0000000705020240000083
:10E33000070582024000000904020000FF000105F9
:10E3400012011002EF0201408A2E0A0000010102B0
:10E3500003010000265700108C580010DC580010F4
:10E36000645800107658001054580010C65700101A
:10E370007257001066570010465C00102C5C0010AD
:10E38000FA590010665C0010FA590010145C001075
:10E39000005C0010FA590010EC5B0010F45A0010F9
:10E3A000FA590010D25E0010C45E0010B85E001072
:10E3B000FA590010FA590010A25E0010C45E001055
:10E3C000FA590010FA590010FA590010FA590010C1
:10E3D000FA590010FA590010FA5900105A5E00104C
:10E3E0005C0D00205C0D0020A60D0020C60D002055
:10E3F0000C0E00201E0E0020540D00200000000016
:10E4000055640010C5640010F56400103D650010EF
:10E41000E5650010D5660010000000000000000057
:10E42000CD67001029680010456800106D68001065
:10E430009D4B001071690010000000008C960010C8
:10E440007C8E00107C8E00107C8E00107C8E001064
:10E45000769600107C8E00107C8E00107C8E001052
:10E460007C8E00107C8E0010708F0010708F00105A
:10E47000708F0010708F0010708F0010708F001060
:10E48000708F0010708F0010708F0010708F001050
:10E490007C8E00107C8E00107C8E00107C8E001014
:10E4A0007C8E00107C8E00107C8E0010908F0010EF
:10E4B0007C8E0010949100108A950010908F0010AF
:10E4C000908F0010908F00107C8E00107C8E0010BA
:10E4D0007C8E00107C8E0010E88E00107C8E001068
:10E4E0007C8E00106C9500107C8E00107C8E0010CD
:10E4F0007C8E0010609600107C8E00107C8E0010C8
:10E500007C8E00107C8E0010809000107C8E00109D
:10E510007C8E0010409300107C8E00107C8E0010CA
:10E520007C8E00107C8E00107C8E0010908F00106E
:10E530007C8E0010C090001062910010908F00102F
:10E54000908F0010908F00107C9100100E9300109F
:10E55000E88E00107C8E0010289600104296001065
:10E56000FE950010A8950010CC9500107C8E001030
:10E570007C8E0010EC950010DE8E001028930010A9
:10E580007C8E00107C8E0010809000107C8E00101D
:10E59000DE8E001044980010CE96001044980010B3
:10E5A000CE960010CE960010389A00105A970010A0
:10E5B0005A9700105A9700105A9700105A97001057
:10E5C0005A9700105A9700105A9700105A97001047
:10E5D000CE960010CE960010CE960010CE9600106B
:10E5E000CE960010CE960010CE96001028980010FF
:10E5F000549700105497001054970010549900102D
:10E6000034990010CE960010CE9600106C98001031
:10E61000CE960010CE960010CE960010CE9600102A
:10E62000049A0010CE960010FC990010CE960010AF
:10E63000CE960010CE960010EE990010CE960010E7
:10E64000CE960010CE960010B0990010A29900103E
:10E65000CE960010CE960010CE960010CE960010EA
:10E66000CE960010CE960010CE960010289800107E
:10E6700054970010549700105497001054990010AC
:10E6800034990010CE960010CE9600106C980010B1
:10E69000CE960010CE960010CE960010CE960010AA
:10E6A000049A0010CE960010FC990010CE9600102F
:10E6B000CE960010CE960010EE990010CE96001067
:10E6C000CE960010CE960010B0990010A2990010BE
:10E6D000A09B0010149B0010A09B0010149B001026
:10E6E000149B0010BA9B0010729B0010729B0010CC
:10E6F000729B0010729B0010729B0010729B0010A6
:10E70000729B0010AA9B0010AA9B0010149B001083
:10E71000149B0010149B0010149B0010149B0010FD
:10E72000149B0010149B0010EE9A0010EE9A00103B
:10E73000EE9A0010EE9A0010EE9A0010EE9A001079
:10E74000149B0010149B0010149B0010149B0010CD
:10E75000149B0010149B0010149B0010149B0010BD
:10E76000149B0010149B0010149B0010149B0010AD
:10E77000149B0010149B0010149B0010149B00109D
:10E78000149B0010829B0010149B0010149B00101F
:10E79000149B0010149B0010149B0010149B00107D
:10E7A000149B0010149B0010EE9A0010EE9A0010BB
:10E7B000EE9A0010EE9A0010EE9A0010EE9A0010F9
:10E7C000149B0010149B0010149B0010149B00104D
:10E7D000149B0010149B0010149B0010149B00103D
:10E7E000149B0010149B0010149B0010149B00102D
:10E7F000149B0010149B0010149B0010149B00101D
:10E80000149B0010829B00100A000100020003000C
:10E810000400050006000700080009000A000B00BC
:10E820000C000D000E000F001000000070A9001079
:10E8300006A8001006A8001006A8001006A80010E0
:10E8400006A8001006A8001006A8001006A80010D0
:10E8500016A9001016A9001016A9001016A900107C
:10E8600016A9001006A8001006A8001006A800109F
:10E8700006A8001006A8001006A8001006A80010A0
:10E8800006A8001006A8001006A8001006A8001090
:10E8900006A8001006A8001006A8001006A8001080
:10E8A00006A8001006A8001006A8001016A900105F
:10E8B00006A8001006A8001006A8001006A8001060
:10E8C00006A8001006A8001006A8001006A8001050
:10E8D00006A8001006A800107CAF001006A80010C3
:10E8E0008EAF0010E4B6001064B30010B6B3001091
:10E8F000B0B300109CB3001064B3001034000000EB
:10E90000CEFBFFFFCB030000010000000000000071
:10E9100035000000CEFBFFFFCB030000010000002C
:10E920000000000000000000BC89D897B2D29C3CD7
:10E9300033A7A8D523F649393DA7F444FD0FA532E6
:10E940009D978CCF08BA5B25436FAC64280668118D
:10E9500000202020202020202020282828282820AF
:10E9600020202020202020202020202020202020A7
:10E97000208810101010101010101010101010100F
:10E9800010040404040404040404041010101010FF
:10E9900010104141414141410101010101010101C9
:10E9A000010101010101010101010101101010101B
:10E9B000101042424242424202020202020202029B
:10E9C00002020202020202020202020210101010EF
:10E9D0002000000000000000000000000000000017
:10E9E0000000000000000000000000000000000027
:10E9F0000000000000000000000000000000000017
:10EA00000000000000000000000000000000000006
:10EA100000000000000000000000000000000000F6
:10EA200000000000000000000000000000000000E6
:10EA300000000000000000000000000000000000D6
:10EA400000000000000000000000000000000000C6
:10EA50000000000030C1001020C1001012C10010E1
:10EA600008C10010FCC00010E8C00010D4C00010A5
:10EA70003AC100100C5F104E154E2A4E314E364EE4
:10EA80003C4E3F4E424E564E584E824E854E6B8CFB
:10EA90008A4E12820D5F8E4E9E4E9F4EA04EA24E0B
:10EAA000B04EB34EB64ECE4ECD4EC44EC64EC24EF6
:10EAB000D74EDE4EED4EDF4EF74E094F5A4F304FD8
:10EAC0005B4F5D4F574F474F764F884F8F4F984F53
:10EAD0007B4F694F704F914F6F4F864F964F185134
:10EAE000D44FDF4FCE4FD84FDB4FD14FDA4FD04FFF
:10EAF000E44FE54F1A50285014502A502550055025
:10EB00001C4FF64F215029502C50FE4FEF4F115003
:10EB100006504350475003675550505048505A5084
:10EB200056506C50785080509A508550B450B25026
:10EB3000C950CA50B350C250D650DE50E550ED50C7
:10EB4000E350EE50F950F550095101510251165160
:10EB5000155114511A5121513A5137513C513B51E1
:10EB60003F51405152514C5154516251F87A6951C0
:10EB70006A516E5180518251D8568C5189518F51B2
:10EB80009151935195519651A451A651A251A95119
:10EB9000AA51AB51B351B151B251B051B551BD5160
:10EBA000C551C951DB51E0515586E951ED51F05144
:10EBB000F551FE5104520B5214520E5227522A5252
:10EBC0002E52335239524F5244524B524C525E5293
:10EBD00054526A527452695273527F527D528D520E
:10EBE00094529252715288529152A88FA78FAC5270
:10EBF000AD52BC52B552C152CD52D752DE52E35241
:10EC0000E652ED98E052F352F552F852F95206539B
:10EC1000085338750D5310530F5315531A5323537C
:10EC20002F53315333533853405346534553174EA4
:10EC300049534D53D6515E5369536E5318597B5304
:10EC4000775382539653A053A653A553AE53B05354
:10EC5000B653C353127CD996DF53FC66EE71EE5364
:10EC6000E853ED53FA5301543D5440542C542D5461
:10EC70003C542E54365429541D544E548F547554BC
:10EC80008E545F5471547754705492547B54805412
:10EC90007654845490548654C754A254B854A554FE
:10ECA000AC54C454C854A854AB54C254A454BE5415
:10ECB000BC54D854E554E6540F551455FD54EE5445
:10ECC000ED54FA54E2543955405563554C552E5580
:10ECD0005C55455556555755385533555D559955DD
:10ECE0008055AF548A559F557B557E5598559E55F6
:10ECF000AE557C558355A9558755A855DA55C55548
:10ED0000DF55C455DC55E455D4551456F755165601
:10ED1000FE55FD551B56F9554E565056DF7134566B
:10ED20003656325638566B5664562F566C566A56BF
:10ED3000865680568A56A05694568F56A556AE567D
:10ED4000B656B456C256BC56C156C356C056C8561F
:10ED5000CE56D156D356D756EE56F9560057FF56D3
:10ED60000457095708570B570D571357185716577D
:10ED7000C7551C572657375738574E573B5740579C
:10ED80004F576957C057885761577F5789579357CF
:10ED9000A057B357A457AA57B057C357C657D4570D
:10EDA000D257D3570A58D657E3570B5819581D58FE
:10EDB0007258215862584B587058C06B52583D5881
:10EDC00079588558B9589F58AB58BA58DE58BB582F
:10EDD000B858AE58C558D358D158D758D958D8581C
:10EDE000E558DC58E458DF58EF58FA58F958FB5802
:10EDF000FC58FD5802590A5910591B59A668255943
:10EE00002C592D59325938593E59D27A55595059A1
:10EE10004E595A5958596259605967596C5969592C
:10EE2000785981599D595E4FAB4FA359B259C65974
:10EE3000E859DC598D59D959DA59255A1F5A115AAE
:10EE40001C5A095A1A5A405A6C5A495A355A365A53
:10EE5000625A6A5A9A5ABC5ABE5ACB5AC25ABD5AB8
:10EE6000E35AD75AE65AE95AD65AFA5AFB5A0C5B71
:10EE70000B5B165B325BD05A2A5B365B3E5B435BB7
:10EE8000455B405B515B555B5A5B5B5B655B695BFC
:10EE9000705B735B755B785B88657A5B805B835BBB
:10EEA000A65BB85BC35BC75BC95BD45BD05BE45B51
:10EEB000E65BE25BDE5BE55BEB5BF05BF65BF35B2B
:10EEC000055C075C085C0D5C135C205C225C285CC4
:10EED000385C395C415C465C4E5C535C505C4F5C1A
:10EEE000715B6C5C6E5C624E765C795C8C5C915C98
:10EEF000945C9B59AB5CBB5CB65CBC5CB75CC55CB2
:10EF0000BE5CC75CD95CE95CFD5CFA5CED5C8C5D69
:10EF1000EA5C0B5D155D175D5C5D1F5D1B5D115D42
:10EF2000145D225D1A5D195D185D4C5D525D4E5D8C
:10EF30004B5D6C5D735D765D875D845D825DA25D1A
:10EF40009D5DAC5DAE5DBD5D905DB75DBC5DC95D59
:10EF5000CD5DD35DD25DD65DDB5DEB5DF25DF55DD4
:10EF60000B5E1A5E195E115E1B5E365E375E445E96
:10EF7000435E405E4E5E575E545E5F5E625E645E00
:10EF8000475E755E765E7A5EBC9E7F5EA05EC15E09
:10EF9000C25EC85ED05ECF5ED65EE35EDD5EDA5EE8
:10EFA000DB5EE25EE15EE85EE95EEC5EF15EF35E32
:10EFB000F05EF45EF85EFE5E035F095F5D5F5C5FBE
:10EFC0000B5F115F165F295F2D5F385F415F485F00
:10EFD0004C5F4E5F2F5F515F565F575F595F615FB8
:10EFE0006D5F735F775F835F825F7F5F8A5F885F3C
:10EFF000915F875F9E5F995F985FA05FA85FAD5F3D
:10F00000BC5FD65FFB5FE45FF85FF15FDD5FB3601D
:10F01000FF5F216060601960106029600E603160E0
:10F020001B6015602B6026600F603A605A6041607B
:10F030006A6077605F604A6046604D60636043600D
:10F04000646042606C606B60596081608D60E760F5
:10F0500083609A6084609B60966097609260A7600E
:10F060008B60E160B860E060D360B460F05FBD6069
:10F07000C660B560D8604D6115610661F660F760E5
:10F080000061F460FA6003612161FB60F1600D6171
:10F090000E6147613E61286127614A613F613C61C1
:10F0A0002C6134613D6142614461736177615861F3
:10F0B00059615A616B6174616F61656171615F6112
:10F0C0005D6153617561996196618761AC6194611D
:10F0D0009A618A619161AB61AE61CC61CA61C961BB
:10F0E000F761C861C361C661BA61CB61797FCD61E7
:10F0F000E661E361F661FA61F461FF61FD61FC6163
:10F10000FE610062086209620D620C6214621B6299
:10F110001E6221622A622E62306232623362416272
:10F120004E625E6263625B62606268627C6282629F
:10F1300089627E62926293629662D4628362946212
:10F14000D762D162BB62CF62FF62C662D464C8621A
:10F15000DC62CC62CA62C262C7629B62C9620C6333
:10F16000EE62F162276302630863EF62F562506347
:10F170003E634D631C644F6396638E638063AB6331
:10F180007663A3638F6389639F63B5636B6369630E
:10F19000BE63E963C063C663E363C963D263F663B6
:10F1A000C4631664346406641364266436641D659F
:10F1B000176428640F6467646F6476644E642A651C
:10F1C00095649364A564A9648864BC64DA64D264B9
:10F1D000C564C764BB64D864C264F164E76409822F
:10F1E000E064E164AC62E364EF642C65F664F464AB
:10F1F000F264FA640065FD6418651C6505652465A4
:10F2000023652B65346535653765366538654B751F
:10F210004865566555654D6558655E655D65726501
:10F220007865826583658A8B9B659F65AB65B765ED
:10F23000C365C665C165C465CC65D265DB65D96546
:10F24000E065E165F16572670A660366FB657367F1
:10F250003566366634661C664F66446649664166A6
:10F260005E665D666466676668665F66626670664F
:10F27000836688668E668966846698669D66C166C2
:10F28000B966C966BE66BC66C466B866D666DA6626
:10F29000E0663F66E666E966F066F566F7660F6764
:10F2A00016671E672667276738972E673F6736679A
:10F2B00041673867376746675E67606759676367A6
:10F2C000646789677067A9677C676A678C678B6703
:10F2D000A667A1678567B767EF67B467EC67B36731
:10F2E000E967B867E467DE67DD67E267EE67B9671D
:10F2F000CE67C667E7679C6A1E68466829684068EB
:10F300004D6832684E68B3682B68596863687768DF
:10F310007F689F688F68AD6894689D689B68836804
:10F32000AE6AB9687468B568A068BA680F698D6814
:10F330007E680169CA680869D86822692669E16837
:10F340000C69CD68D468E768D568366912690469C4
:10F35000D768E3682569F968E068EF6828692A6971
:10F360001A6923692169C668796977695C6978696E
:10F370006B6954697E696E69396974693D69596957
:10F38000306961695E695D6981696A69B269AE699E
:10F39000D069BF69C169D369BE69CE69E85BCA69D2
:10F3A000DD69BB69C369A7692E6A9169A0699C6917
:10F3B0009569B469DE69E869026A1B6AFF690A6BCC
:10F3C000F969F269E769056AB1691E6AED69146A4B
:10F3D000EB690A6A126AC16A236A136A446A0C6A90
:10F3E000726A366A786A476A626A596A666A486AFD
:10F3F000386A226A906A8D6AA06A846AA26AA36ADD
:10F40000976A1786BB6AC36AC26AB86AB36AAC6A8B
:10F41000DE6AD16ADF6AAA6ADA6AEA6AFB6A056B9F
:10F420001686FA6A126B166B319B1F6B386B376B43
:10F43000DC76396BEE98476B436B496B506B596BBD
:10F44000546B5B6B5F6B616B786B796B7F6B806B05
:10F45000846B836B8D6B986B956B9E6BA46BAA6BA7
:10F46000AB6BAF6BB26BB16BB36BB76BBC6BC66B9B
:10F47000CB6BD36BDF6BEC6BEB6BF36BEF6BBE9E0D
:10F48000086C136C146C1B6C246C236C5E6C556CD8
:10F49000626C6A6C826C8D6C9A6C816C9B6C7E6CFD
:10F4A000686C736C926C906CC46CF16CD36CBD6CBA
:10F4B000D76CC56CDD6CAE6CB16CBE6CBA6CDB6CC1
:10F4C000EF6CD96CEA6C1F6D4D88366D2B6D3D6D00
:10F4D000386D196D356D336D126D0C6D636D936DF7
:10F4E000646D5A6D796D596D8E6D956DE46F856D96
:10F4F000F96D156E0A6EB56DC76DE66DB86DC66DAA
:10F50000EC6DDE6DCC6DE86DD26DC56DFA6DD96DAB
:10F51000E46DD56DEA6DEE6D2D6E6E6E2E6E196E0C
:10F52000726E5F6E3E6E236E6B6E2B6E766E4D6EE0
:10F530001F6E436E3A6E4E6E246EFF6E1D6E386EF9
:10F54000826EAA6E986EC96EB76ED36EBD6EAF6EC8
:10F55000C46EB26ED46ED56E8F6EA56EC26E9F6E87
:10F56000416F116F4C70EC6EF86EFE6E3F6FF26E75
:10F57000316FEF6E326FCC6E3E6F136FF76E866F2A
:10F580007A6F786F816F806F6F6F5B6FF36F6D6FE6
:10F59000826F7C6F586F8E6F916FC26F666FB36FA3
:10F5A000A36FA16FA46FB96FC66FAA6FDF6FD56F1E
:10F5B000EC6FD46FD86FF16FEE6FDB6F09700B706B
:10F5C000FA6F117001700F70FE6F1B701A70746FFC
:10F5D0001D7018701F7030703E7032705170637003
:10F5E00099709270AF70F170AC70B870B370AE700B
:10F5F000DF70CB70DD70D9700971FD701C711971ED
:10F60000657155718871667162714C7156716C715A
:10F610008F71FB7184719571A871AC71D771B971DB
:10F62000BE71D271C971D471CE71E071EC71E771A4
:10F63000F571FC71F971FF710D7210721B722872F5
:10F640002D722C72307232723B723C723F72407279
:10F6500046724B72587274727E72827281728772B5
:10F6600092729672A272A772B972B272C372C672A5
:10F67000C472CE72D272E272E072E172F972F77203
:10F680000F5017730A731C7316731D7334732F7323
:10F69000297325733E734E734F73D89E57736A73E5
:10F6A00068737073787375737B737A73C873B3738D
:10F6B000CE73BB73C073E573EE73DE73A27405740F
:10F6C0006F742574F87332743A7455743F745F74B0
:10F6D000597441745C746974707463746A74767478
:10F6E0007E748B749E74A774CA74CF74D474F173CF
:10F6F000E074E374E774E974EE74F274F074F17416
:10F70000F874F7740475037505750C750E750D7531
:10F71000157513751E7526752C753C7544754D75DC
:10F720004A7549755B7546755A756975647567756F
:10F730006B756D75787576758675877574758A7550
:10F740008975827594759A759D75A575A375C27531
:10F75000B375C375B575BD75B875BC75B175CD7527
:10F76000CA75D275D975E375DE75FE75FF75FC75C2
:10F770000176F075FA75F275F3750B760D760976EC
:10F780001F76277620762176227624763476307698
:10F790003B764776487646765C7658766176627632
:10F7A000687669766A7667766C7670767276767643
:10F7B00078767C768076837688768B768E7696766B
:10F7C000937699769A76B076B476B876B976BA7634
:10F7D000C276CD76D676D276DE76E176E576E776B7
:10F7E000EA762F86FB7608770777047729772477E0
:10F7F0001E77257726771B773777387747775A77BD
:10F8000068776B775B7765777F777E7779778E77A9
:10F810008B779177A0779E77B077B677B977BF77F8
:10F82000BC77BD77BB77C777CD77D777DA77DC77CB
:10F83000E377EE77FC770C781278267920782A79AE
:10F8400045788E78747886787C789A788C78A378E6
:10F85000B578AA78AF78D178C678CB78D478BE78E6
:10F86000BC78C578CA78EC78E778DA78FD78F478EF
:10F8700007791279117919792C792B794079607986
:10F8800057795F795A79557953797A797F798A7975
:10F890009D79A7794B9FAA79AE79B379B979BA796D
:10F8A000C979D579E779EC79E179E379087A0D7A44
:10F8B000187A197A207A1F7A8079317A3B7A3E7ADF
:10F8C000377A437A577A497A617A627A697A9D9F60
:10F8D000707A797A7D7A887A977A957A987A967A10
:10F8E000A97AC87AB07AB67AC57AC47ABF7A839090
:10F8F000C77ACA7ACD7ACF7AD57AD37AD97ADA7AB0
:10F90000DD7AE17AE27AE67AED7AF07A027B0F7BB1
:10F910000A7B067B337B187B197B1E7B357B287B20
:10F92000367B507B7A7B047B4D7B0B7B4C7B457B12
:10F93000757B657B747B677B707B717B6C7B6E7B7F
:10F940009D7B987B9F7B8D7B9C7B9A7B8B7B927B2B
:10F950008F7B5D7B997BCB7BC17BCC7BCF7BB47B6F
:10F96000C67BDD7BE97B117C147CE67BE57B607CE0
:10F97000007C077C137CF37BF77B177C0D7CF67B8C
:10F98000237C277C2A7C1F7C377C2B7C3D7C4C7C19
:10F99000437C547C4F7C407C507C587C5F7C647CF6
:10F9A000567C657C6C7C757C837C907CA47CAD7C77
:10F9B000A27CAB7CA17CA87CB37CB27CB17CAE7C0D
:10F9C000B97CBD7CC07CC57CC27CD87CD27CDC7C14
:10F9D000E27C3B9BEF7CF27CF47CF67CFA7C067D3F
:10F9E000027D1C7D157D0A7D457D4B7D2E7D327D02
:10F9F0003F7D357D467D737D567D4E7D727D687D74
:10FA00006E7D4F7D637D937D897D5B7D8F7D7D7D6B
:10FA10009B7DBA7DAE7DA37DB57DC77DBD7DAB7D74
:10FA20003D7EA27DAF7DDC7DB87D9F7DB07DD87DA4
:10FA3000DD7DE47DDE7DFB7DF27DE17D057E0A7E60
:10FA4000237E217E127E317E1F7E097E0B7E227EEA
:10FA5000467E667E3B7E357E397E437E377E327EB5
:10FA60003A7E677E5D7E567E5E7E597E5A7E797EC8
:10FA70006A7E697E7C7E7B7E837ED57D7D7EAE8F39
:10FA80007F7E887E897E8C7E927E907E937E947E21
:10FA9000967E8E7E9B7E9C7E387F3A7F457F4C7F14
:10FAA0004D7F4E7F507F517F557F547F587F5F7FC2
:10FAB000607F687F697F677F787F827F867F837FB3
:10FAC000887F877F8C7F947F9E7F9D7F9A7FA37F97
:10FAD000AF7FB27FB97FAE7FB67FB87F718BC57FB6
:10FAE000C67FCA7FD57FD47FE17FE67FE97FF37F42
:10FAF000F97FDC98068004800B80128018801980C2
:10FB00001C80218028803F803B804A804680528034
:10FB100058805A805F8062806880738072807080B5
:10FB2000768079807D807F808480868085809B80C0
:10FB300093809A80AD809051AC80DB80E580D98045
:10FB4000DD80C480DA80D6800981EF80F1801B815E
:10FB5000298123812F814B818B9646813E81538160
:10FB60005181FC8071816E816581668174818381A0
:10FB700088818A8180818281A0819581A481A381ED
:10FB80005F819381A981B081B581BE81B881BD813A
:10FB9000C081C281BA81C981CD81D181D981D88109
:10FBA000C881DA81DF81E081E781FA81FB81FE8112
:10FBB00001820282058207820A820D8210821682E9
:10FBC00029822B82388233824082598258825D8218
:10FBD0005A825F826482628268826A826B822E822B
:10FBE0007182778278827E828D829282AB829F82BE
:10FBF000BB82AC82E182E382DF82D282F482F38232
:10FC0000FA8293830383FB82F982DE820683DC829D
:10FC10000983D982358334831683328331834083C9
:10FC20003983508345832F832B83178318838583E0
:10FC30009A83AA839F83A283968323838E83878359
:10FC40008A837C83B58373837583A0838983A88328
:10FC5000F4831384EB83CE83FD830384D8830B84E6
:10FC6000C183F7830784E083F2830D842284208498
:10FC7000BD8338840685FB836D842A843C845A8541
:10FC8000848477846B84AD846E84828469844684A2
:10FC90002C846F8479843584CA846284B984BF8457
:10FCA0009F84D984CD84BB84DA84D084C184C68403
:10FCB000D684A1842185FF84F484178518852C853A
:10FCC0001F8515851485FC84408563855885488586
:10FCD000418502864B8555858085A48588859185DB
:10FCE0008A85A8856D8594859B85EA8587859C8511
:10FCF00077857E859085C985BA85CF85B985D0857C
:10FD0000D585DD85E585DC85F9850A8613860B8634
:10FD1000FE85FA85068622861A8630863F864D86BF
:10FD2000554E54865F86678671869386A386A9861C
:10FD3000AA868B868C86B686AF86C486C686B08633
:10FD4000C9862388AB86D486DE86E986EC86DF8684
:10FD5000DB86EF8612870687088700870387FB8686
:10FD6000118709870D87F9860A8734873F87378788
:10FD70003B87258729871A8760875F8778874C8725
:10FD80004E877487578768876E875987538763873D
:10FD90006A870588A2879F878287AF87CB87BD87C1
:10FDA000C087D087D696AB87C487B387C787C687F7
:10FDB000BB87EF87F287E0870F880D88FE87F6877D
:10FDC000F7870E88D287118816881588228821889F
:10FDD00031883688398827883B8844884288528809
:10FDE00059885E8862886B8881887E889E8875883D
:10FDF0007D88B5887288828897889288AE8899882D
:10FE0000A2888D88A488B088BF88B188C388C48838
:10FE1000D488D888D988DD88F9880289FC88F48854
:10FE2000E888F28804890C890A89138943891E8924
:10FE300025892A892B89418944893B8936893889D2
:10FE40004C891D8960895E89668964896D896A89A2
:10FE50006F89748977897E89838988898A8993895A
:10FE60009889A189A989A689AC89AF89B289BA89FB
:10FE7000BD89BF89C089DA89DC89DD89E789F48990
:10FE8000F889038A168A108A0C8A1B8A1D8A258A99
:10FE9000368A418A5B8A528A468A488A7C8A6D8A77
:10FEA0006C8A628A858A828A848AA88AA18A918ACF
:10FEB000A58AA68A9A8AA38AC48ACD8AC28ADA8A3D
:10FEC000EB8AF38AE78AE48AF18A148BE08AE28A71
:10FED000F78ADE8ADB8A0C8B078B1A8BE18A168BFA
:10FEE000108B178B208B338BAB97268B2B8B3E8BFA
:10FEF000288B418B4C8B4F8B4E8B498B568B5B8B5E
:10FF00005A8B6B8B5F8B6C8B6F8B748B7D8B808B29
:10FF10008C8B8E8B928B938B968B998B9A8B3A8C46
:10FF2000418C3F8C488C4C8C4E8C508C558C628C08
:10FF30006C8C788C7A8C828C898C858C8A8C8D8C5C
:10FF40008E8C948C7C8C988C1D62AD8CAA8CBD8C14
:10FF5000B28CB38CAE8CB68CC88CC18CE48CE38C28
:10FF6000DA8CFD8CFA8CFB8C048D058D0A8D078D47
:10FF70000F8D0D8D108D4E9F138DCD8C148D168D84
:10FF8000678D6D8D718D738D818D998DC28DBE8DB7
:10FF9000BA8DCF8DDA8DD68DCC8DDB8DCB8DEA8D64
:10FFA000EB8DDF8DE38DFC8D088E098EFF8D1D8E10
:10FFB0001E8E108E1F8E428E358E308E348E4A8E5F
:10FFC000478E498E4C8E508E488E598E648E608E30
:10FFD0002A8E638E558E768E728E7C8E818E878E63
:10FFE000858E848E8B8E8A8E938E918E948E998E32
:10FFF000AA8EA18EAC8EB08EC68EB18EBE8EC58EF0
:020000041001E9
:10000000C88ECB8EDB8EE38EFC8EFB8EEB8EFE8E4F
:100010000A8F058F158F128F198F138F1C8F1F8FCB
:100020001B8F0C8F268F338F3B8F398F458F428FDD
:100030003E8F4C8F498F468F4E8F578F5C8F628FCC
:10004000638F648F9C8F9F8FA38FAD8FAF8FB78F80
:10005000DA8FE58FE28FEA8FEF8F8790F48F05902C
:10006000F98FFA8F1190159021900D901E90169097
:100070000B902790369035903990F88F4F90509094
:10008000519052900E9049903E90569058905E90AC
:1000900068906F907690A896729082907D908190F3
:1000A00080908A9089908F90A890AF90B190B590F1
:1000B000E290E4904862DB900291129119913291A2
:1000C00030914A91569158916391659169917391DC
:1000D00072918B9189918291A291AB91AF91AA91EA
:1000E000B591B491BA91C091C191C991CB91D09180
:1000F000D691DF91E191DB91FC91F591F6911E9201
:10010000FF9114922C92159211925E925792459201
:1001100049926492489295923F924B9250929C924F
:10012000969293929B925A92CF92B992B792E992F9
:100130000F93FA9244932E93199322931A93239335
:100140003A9335933B935C9360937C936E93569371
:10015000B093AC93AD939493B993D693D793E8931C
:10016000E593D893C393DD93D093C893E4931A9403
:100170001494139403940794109436942B94359408
:1001800021943A944194529444945B946094629480
:100190005E946A9429927094759477947D945A949D
:1001A0007C947E9481947F94829587958A9594958A
:1001B000969598959995A095A895A795AD95BC9578
:1001C000BB95B995BE95CA95F66FC395CD95CC955F
:1001D000D595D495D695DC95E195E595E295219652
:1001E00028962E962F9642964C964F964B9677963B
:1001F0005C965E965D965F96669672966C968D9608
:10020000989695969796AA96A796B196B296B09616
:10021000B496B696B896B996CE96CB96C996CD9624
:100220004D89DC960D97D596F99604970697089711
:1002300013970E9711970F971697199724972A9748
:10024000309739973D973E974497469748974297FE
:1002500049975C976097649766976897D2526B97B7
:100260007197799785977C9781977A9786978B97DF
:100270008F9790979C97A897A697A397B397B497B3
:10028000C397C697C897CB97DC97ED974F9FF29788
:10029000DF7AF697F5970F980C983898249821985C
:1002A00037983D9846984F984B986B986F987098F0
:1002B000719874987398AA98AF98B198B698C498A2
:1002C000C398C698E998EB980399099912991499DB
:1002D000189921991D991E99249920992C992E9944
:1002E0003D993E9942994999459950994B9951990F
:1002F00052994C99559997999899A599AD99AE9914
:10030000BC99DF99DB99DD99D899D199ED99EE994E
:10031000F199F299FB99F899019A0F9A059AE29945
:10032000199A2B9A379A459A429A409A439A3E9A3A
:10033000559A4D9A5B9A579A5F9A629A659A649A0F
:10034000699A6B9A6A9AAD9AB09ABC9AC09ACF9AF7
:10035000D19AD39AD49ADE9ADF9AE29AE39AE69AED
:10036000EF9AEB9AEE9AF49AF19AF79AFB9A069B17
:10037000189B1A9B1F9B229B239B259B279B289B9B
:10038000299B2A9B2E9B2F9B329B449B439B4F9BDD
:100390004D9B4E9B519B589B749B939B839B919B26
:1003A000969B979B9F9BA09BA89BB49BC09BCA9B23
:1003B000B99BC69BCF9BD19BD29BE39BE29BE49BCB
:1003C000D49BE19B3A9CF29BF19BF09B159C149C67
:1003D000099C139C0C9C069C089C129C0A9C049CE7
:1003E0002E9C1B9C259C249C219C309C479C329CD1
:1003F000469C3E9C5A9C609C679C769C789CE79CA3
:10040000EC9CF09C099D089DEB9C039D069D2A9DFC
:10041000269DAF9D239D1F9D449D159D129D419D31
:100420003F9D3E9D469D489D5D9D5E9D649D519D69
:10043000509D599D729D899D879DAB9D6F9D7A9D15
:100440009A9DA49DA99DB29DC49DC19DBB9DB89D33
:10045000BA9DC69DCF9DC29DD99DD39DF89DE69D19
:10046000ED9DEF9DFD9D1A9E1B9E1E9E759E799E85
:100470007D9E819E889E8B9E8C9E929E959E919E37
:100480009D9EA59EA99EB89EAA9EAD9E6197CC9E5C
:10049000CE9ECF9ED09ED49EDC9EDE9EDD9EE09EB4
:1004A000E59EE89EEF9EF49EF69EF79EF99EFB9ECB
:1004B000FC9EFD9E079F089FB776159F219F2C9F4E
:1004C0003E9F4A9F529F549F639F5F9F609F619F83
:1004D000669F679F6C9F6A9F779F729F769F959F8D
:1004E0009C9FA09F2F58C76959906474DC519971E3
:1004F0009C4E1655035A3F96C0541B612863F6590B
:10050000229075841C83507AAA60E163256EED65A4
:100510006684A682F59B93682757A16571629B5BF1
:10052000D0597B86F498627DBE7D8E9B16629F7C3F
:10053000B788895BB55E096397664868C7958D97EC
:100540004F67E54E0A4F4D4F9D4F4950F256375970
:10055000D459015A095CDF600F6170611366056947
:10056000BA704F757075FB79AD7DEF7DC3800E84D9
:100570006388028B55907A903B53954EA54EDF577A
:10058000B280C190EF78004EF158A26E3890327A66
:1005900028838B822F9C41517053BD54E154E05607
:1005A000FB59155FF298EB6DE4802D85629670968D
:1005B000A096FB970B54F353875BCF70BD7FC28F20
:1005C000E8966F535C9DBA7A114E9378FC81266E43
:1005D000185604551D6B1A853B9CE559A953666D49
:1005E000DC748F954256914E4B90F2964F830C9946
:1005F000E153B655305B715F2066F3660468386C72
:10060000F36C296D5B74C8764E7A3498F1825B88FE
:10061000608AED92B26DAB75CA76C599A660018B02
:100620008A8DB2958E69AD53865112573058445910
:10063000B45BF65E2860A963F463BF6C146F8E70C0
:1006400014715971D5713F73017E7682D18297857D
:1006500060905B921B9D6958BC655A6C2575F95179
:100660002E596559805FDC5FBC62FA652A6A276B88
:10067000B46B8B73C17F56892C9D0E9DC49EA15C6B
:10068000966C7B8304514B5CB661C681766861725F
:10069000594EFA4F78536960296E4F7AF3970B4E93
:1006A0001653EE4E554F3D4FA14F734FA052EF538F
:1006B00009560F59C15AB65BE15BD17987669C67D1
:1006C000B6674C6BB36C6B70C2738D79BE793C7A34
:1006D000877BB182DB8204837783EF83D383668752
:1006E000B28A2956A88CE68F4E901E978A86C44FF0
:1006F000E85C116259723B75E581BD82FE86C08C53
:10070000C5961399D599CB4E1A4FE389DE564A58B0
:10071000CA58FB5EEB5F2A6094606260D06112622F
:10072000D0623965419B6666B068776D70704C75B4
:100730008676757DA582F9878B958E969D8CF15175
:10074000BE521659B354B35B165D68618269AF6DD2
:100750008D78CB845788728AA793B89A6C6DA899C4
:10076000D986A357FF67CE860E92835287560454CC
:10077000D35EE162B9643C683868BB6B7273BA7867
:100780006B7A9A89D2896B8D038FED90A39594969D
:100790006997665BB35C7D694D984E989B63207B3F
:1007A0002B6A7F6AB6680D9C5F6F72529D557060B0
:1007B000EC623B6D076ED16E5B841089448F144EE2
:1007C000399CF6531B693A6A84972A685C51C37A4C
:1007D000B284DC918C935B56289D2268058331841A
:1007E000A57C0852C582E6747E4E834FA051D25B31
:1007F0000A52D852E752FB5D9A552A58E6598C5B4B
:10080000985BDB5B725E795EA3601F616361BE61B2
:10081000DB636265D1675368FA683E6B536B576C54
:10082000226F976F456FB0741875E3760B77FF7A78
:10083000A17B217CE97D367FF07F9D8066829E834F
:10084000B389CC8AAB8C8490519493959195A29561
:100850006596D39728991882384E2B54B85CCC5D96
:10086000A9734C763C77A95CEB7F0B8DC1961198F0
:1008700054985898014F0E4F71539C556856FA572B
:100880004759095BC45B905C0C5E7E5ECC5FEE6397
:100890003A67D765E2651F67CB68C4685F6A305EF8
:1008A000C56B176C7D6C7F754879635B007A007D42
:1008B000BD5F8F89188AB48C778DCC8E1D8FE2989E
:1008C0000E9A3C9B804E7D50005193599C5B2F6249
:1008D0008062EC643A6BA07291754779A97FFB87BF
:1008E000BC8A708BAC63CA83A09709540354AB5580
:1008F0005468586A708A27787567CD9E7453A25BD6
:100900001A8150860690184E454EC74E114FCA5355
:100910003854AE5B135F256051653D67426C726C65
:10092000E36C78700374767AAE7A087B1A7DFE7C6D
:10093000667DE7655B72BB53455CE85DD262E06251
:100940001963206E5A86318ADD8DF892016FA6797F
:100950005A9BA84EAB4EAC4E9B4FA04FD150475127
:10096000F67A7151F651545321537F53EB53AC55E2
:100970008358E15C375F4A5F2F6050606D601F6392
:1009800059654B6AC16CC272ED72EF77F8800581D0
:1009900008824E85F790E193FF9757995A9AF04E47
:1009A000DD512D5C81666D69405CF2667569897305
:1009B0005068817CC550E4524757FE5D2693A4657C
:1009C000236B3D6B34748179BD794B7BCA7DB982D1
:1009D000CC837F885F89398BD18FD1911F548092CE
:1009E0005D4E3650E5533A53D7729673E977E682F7
:1009F000AF8EC699C899D29977511A615E86B05563
:100A00007A7A7650D35B47908596324EDB6AE791CF
:100A1000515C485C98639F7A936C7497618FAA7A53
:100A20008A718896827C1768707E51686C93F25246
:100A30001B54AB85138AA47FCD8EE19066538888C2
:100A40004179C24FBE501152445153552D57EA734C
:100A50008B575159625F845F756076616761A961E8
:100A6000B2633A646C656F664268136E66753D7A70
:100A7000FB7C4C7D997D4B7E6B7F0E834A83CD86BC
:100A8000088A638A668BFD8E1A988F9DB882CE8FF6
:100A9000E89B87521F628364C06F999641689150AA
:100AA000206B7A6C546F747A507D4088238A086773
:100AB000F64E3950265065507C5138526352A75536
:100AC0000F570558CC5AFA5EB261F861F36272634F
:100AD0001C69296A7D72AC722E7314786F78797DE7
:100AE0000C77A9808B89198BE28CD28E63907593D9
:100AF0007A965598139A789E43519F53B3537B5ED1
:100B0000265F1B6E906E8473FE73437D3782008A6E
:100B1000FA8A50964E4E0B50E4537C54FA56D159F3
:100B2000645BF15DAB5E275F38624565AF67566E0B
:100B3000D072CA7CB488A180E180F0834E86878A17
:100B4000E88D3792C7966798139F944E924E0D4F3B
:100B5000485349543E542F5A8C5FA15F9F60A76849
:100B60008E6A5A7481789E8AA48A778B90915E4EA1
:100B7000C99BA44E7C4FAF4F1950165049516C5130
:100B80009F52B952FE529A53E35311540E54895551
:100B90005157A2577D59545B5D5B8F5BE55DE75D07
:100BA000F75D785E835E9A5EB75E185F52604C6157
:100BB0009762D862A7633B6502664366F4666D6719
:100BC00021689768CB695F6C2A6D696D2F6E9D6E89
:100BD000327587766C783F7AE07C057D187D5E7D86
:100BE000B17D15800380AF80B18054818F812A82CE
:100BF00052834C8861881B8BA28CFC8CCA907591A7
:100C000071923F78FC92A4954D9605989999D89A3F
:100C10003B9D5B52AB52F7530854D558F762E06FD7
:100C20006A8C5F8FB99E4B513B524A54FD56407AB5
:100C30007791609DD29E4473096F70811175FD5F3D
:100C4000DA60A89ADB72BC8F646B0398CA4EF056C8
:100C50006457BE585A5A6860C7610F66066639689D
:100C6000B168F76DD5753A7D6E82429B9B4E504FB1
:100C7000C95306556F5DE65DEE5DFB67996C737455
:100C80000278508A9693DF885057A75E2B63B55041
:100C9000AC508D510067C9545E58BB59B05B695F59
:100CA0004D62A1633D68736B086E7D70C791807261
:100CB000157826786D798E65307DDC83C188098F43
:100CC0009B966452285750676A7FA18CB451425753
:100CD0002A963A588A69B480B2540E5DFC579578CA
:100CE000FA9D5C4F4A528B543E6428661467F56740
:100CF000847A567B227D2F935C68AD9B397B195398
:100D00008A513752DF5BF662AE64E6642D67BA6BD8
:100D1000A985D1969076D69B4C630693AB9BBF7604
:100D20005266094E9850C253715CE86092646365E4
:100D30005F68E671CA732375977B827E9586838B85
:100D4000DB8C78911099AC65AB668B6BD54ED44E2D
:100D50003A4F7F4F3A52F853F253E355DB56EB5874
:100D6000CB59C959FF59505B4D5C025E2B5ED75F72
:100D70001D6007632F655C5BAF65BD65E8659D67BA
:100D8000626B7B6B0F6C45734979C179F87C197D77
:100D90002B7DA2800281F38196895E8A698A668AA8
:100DA0008C8AEE8AC78CDC8CCC96FC986F6B8B4E51
:100DB0003C4F8D4F5051575BFA5B4861016342666F
:100DC000216BCB6EBB6C3E72BD74D475C1783A7921
:100DD0000C803380EA8194849E8F506C7F9E0F5FDD
:100DE000588B2B9DFA7AF88E8D5BEB96034EF15360
:100DF000F7573159C95AA45B89607F6E066FBE757B
:100E0000EA8C9F5B0085E07B7250F4679D82615C99
:100E10004A851E7E0E829951045C6863668D9C65CE
:100E20006E713E79177D05801D8BCA8E6E90C786C8
:100E3000AA901F50FA523A5C53677C7035724C91FD
:100E4000C8912B93E582C25B315FF9603B4ED6536C
:100E5000885B4B6231678A6BE972E0732E7A6B8133
:100E6000A38D529196991251D7536A54FF5B8863B0
:100E7000396AAC7D0097DA56CE536854975B315C83
:100E8000DE5DEE4F0161FE62326DC079CB79427D4D
:100E90004D7ED27FED811F82908446887289908B2F
:100EA000748E2F8F31904B916C91C6969C91C04E51
:100EB0004F4F45514153935F0E62D467416C0B6EA7
:100EC0006373267ECD918392D4531959BF5BD16D44
:100ED0005D792E7E9B7C7E589F71FA515388F08FEE
:100EE000CA4FFB5C2566AC77E37A1C82FF99C6513A
:100EF000AA5FEC656F69896BF36D966E646FFE7621
:100F0000147DE15D759087910698E6511D5240620F
:100F10009166D9661A6EB65ED27D727FF866AF852D
:100F2000F785F88AA952D95373598F5E905F55603F
:100F3000E4926496B7501F51DD5220534753EC534F
:100F4000E8544655315517566859BE593C5AB55B59
:100F5000065C0F5C115C1A5C845E8A5EE05E705F0A
:100F60007F628462DB628C63776307660C662D6642
:100F700076667E67A2681F6A356ABC6C886D096EEA
:100F8000586E3C7126716771C77501775D7801797C
:100F90006579F079E07A117BA77C397D9680D683DC
:100FA0008B8449855D88F3881F8A3C8A548A738ABA
:100FB000618CDE8CA49166927E9318949C9698978F
:100FC0000A4E084E1E4E574E97517052CE57345807
:100FD000CC58225B385EC560FE6461675667446D1D
:100FE000B6727375637AB884728BB8912093315658
:100FF000F457FE98ED620D69966BED71547E778023
:101000007282E689DF985587B18F3B5C384FE14F9C
:10101000B54F0755205ADD5BE95BC35F4E612F6317
:10102000B0654B66EE689B69786DF16D3375B97587
:101030001F775E79E679337DE381AF82AA85AA893D
:101040003A8AAB8E9B8F3290DD910797BA4EC14E94
:1010500003527558EC580B5C1A753D5C4E810A8A38
:10106000C58F63966D97257BCF8A08986291F3565A
:10107000A853179039548257255EA863346C8A7040
:1010800061778B7CE07F7088429054911093189325
:101090008F965E74C49A075D695D7065A267A88DBE
:1010A000DB966E6349671969C5831798C096FE88F9
:1010B000846F7A64F85B164E2C705D752F66C45190
:1010C0003652E252D359815F276010623F657465E2
:1010D0001F667466F2681668636B056E72721F7520
:1010E000DB76BE7C5680F058FD887F89A08A938A83
:1010F000CB8A1D9092915297599789650E7A0681F5
:10110000BB962D5EDC601A62A56514669067F37766
:101110004D7A4D7C3E7E0A81AC8C648DE18D5F8E74
:10112000A9780752D962A563426498622D8A837AAE
:10113000C07BAC8AEA96767D0C824987D94E4851AD
:1011400043536053A35B025C165CDD5D266247621D
:10115000B06413683468C96C456D176DD3675C6FF4
:101160004E717D71CB657F7AAD7BDA7D4A7EA87F3B
:101170007A811B823982A6856E8ACE8CF58D789015
:101180007790AD9291928395AE9B4D528455386F76
:10119000367168518579557EB381CE7C4C56515855
:1011A000A85CAA63FE66FD665A69D9728F758E7552
:1011B0000E795679DF79977C207D447D0786348AC5
:1011C0003B966190209FE7507552CC53E2530950F3
:1011D000AA55EE584F593D728B5B645C1D53E3601A
:1011E000F3605C6383633F63BB63CD64E965F96669
:1011F000E35DCD69FD69156FE571894EE975F87696
:10120000937ADF7CCF7D9C7D6180498358836C8499
:10121000BC84FB85C588708D01906D9097931C9759
:10122000129ACF5097588E61D3813585088D2090C2
:10123000C34F7450475273536F6049635F672C6E9E
:10124000B38D1F90D74F5E5CCA8CCF659A7D525389
:1012500096887651C363585B6B5B0A5C0D6451677B
:101260005C90D64E1A592A59706C518A3E551558C1
:10127000A559F0605362C167358255694096C4999B
:10128000289A534F0658FE5B1080B15C2F5E855F35
:1012900020604B613462FF66F06CDE6ECE807F8131
:1012A000D4828B88B88C00902E908A96DB9EDB9B34
:1012B000E34EF05327592C7B8D914C98F99DDD6EB0
:1012C000277053534455855B58629E62D362A26C6B
:1012D000EF6F2274178A3894C16FFE8A3883E75102
:1012E000F886EA53E953464F5490B08F6A593181DA
:1012F000FD5DEA7ABF8FDA68378CF872489C3D6AE8
:10130000B08A394E585306566657C562A263E665E1
:101310004E6BE16D5B6EAD70ED77EF7AAA7BBB7DB6
:101320003D80C680CB86958A5B93E356C7583E5F67
:10133000AD659666806AB56B3775C78A2450E577C8
:1013400030571B5F65607A66606CF4751A7A6E7F41
:10135000F48118874590B399C97B5C75F97A517B04
:10136000C4841090E979927A3683E15A40772D4E01
:10137000F24E995BE05FBD623C66F167E86C6B869C
:1013800077883B8A4E91F392D099176A26702A7318
:10139000E7825784AF8C014E4651CB518B55F55B9C
:1013A000165E335E815E145F355F6B5FB45FF26122
:1013B0001163A2661D676E6F52723A753A77748038
:1013C000398178817687BF8ADC8A858DF38D9A9200
:1013D00077950298E59CC5525763F4761567886C3B
:1013E000CD73C38CAE937396256D9C580E69CC69F2
:1013F000FD8F9A93DB751A905A580268B463FB69A3
:10140000434F2C6FD867BB8F2685B47D54933F69BB
:10141000706F6A57F7582C5B2C7D2A720A54E3913F
:10142000B49DAD4E4E4F5C50755043529E8C485407
:1014300024589A5B1D5E955EAD5EF75E1F5F8C6003
:10144000B5623A63D063AF68406C87788E790B7A67
:10145000E07D4782028AE68A448E1390B8902D91EF
:10146000D8910E9FE56C5864E2647565F46E8476DD
:101470001B7B6990D193BA6EF254B95FA4644D8F0F
:10148000ED8F449278516B582959555C975EFB6DEE
:101490008F7E1C75BC8CE28E5B98B9701D4FBF6B44
:1014A000B16F3075FB964E51105435585758AC59A2
:1014B000605C925F97655C67216E7B76DF83ED8C65
:1014C0001490FD904D9325783A78AA52A65E1F5746
:1014D0007459126012505A51AC51CD5100521055EE
:1014E000545858585759955BF65C8B5DBC609562B3
:1014F0002D6471674368BC68DF68D776D86D6F6EFE
:101500009B6D6F70C871535FD8757779497B547B39
:10151000527BD67C717D305263846985E4850E8A66
:10152000048B468C0F8E03900F90199476962D980D
:10153000309AD895CD50D5520C5402580E5CA76104
:101540009E641E6DB377E57AF4800484539085928F
:10155000E05C079D3F53975FB35F9C6D7972637743
:10156000BF79E47BD26BEC72AD8A0368616AF85193
:10157000817A34694A5CF69CEB82C55B49911E70A6
:1015800078566F5CC76066658C6C5A8C4190139876
:101590005154C7660D924859A39085514D4EEA515A
:1015A00099850E8B58707A634B936269B499047E67
:1015B000777557536069DF8EE3965D6C8C4E3C5CAB
:1015C000105FE98F0253D18C89807986FF5EE565D3
:1015D000734E655182593F5CEE97FB4E8A59CD5F41
:1015E0008D8AE16FB0796279E75B71842B73B17199
:1015F000745EF55F7B639A64C371987C434EFC5EB6
:101600004B4EDC57A256A960C36F0D7DFD80338120
:10161000BF81B28F9789A486F45D8A62AD648789A1
:101620007767E26C3E6D36743478465A757FAD82CA
:10163000AC99F34FC35EDD62926357656F67C37603
:101640004C72CC80BA80298F4D910D50F957925A27
:10165000856873696471FD72B78CF258E08C6A9684
:1016600019907F87E479E77729842F4F65525A5381
:10167000CD62CF67CA6C7D76947B957C36828485FB
:10168000EB8FDD66206F06721B7EAB83C199A69E31
:10169000FD51B17B7278B87B8780487BE86A615ED8
:1016A0008C80517560756B5162928C6E7A769791D1
:1016B000EA9A104F707F9C624F7BA595E99C7A5601
:1016C0005958E486BC96344F24524A53CD53DB53C9
:1016D000065E2C6491657F673E6C4E6C4872AF72FB
:1016E000ED735475417E2C82E985A98CC47BC6912B
:1016F00069711298EF983D6369666A75E476D078EF
:101700004385EE862A53515326548359875E7C5F66
:10171000B26049627962AB629065D46BCC6CB27591
:10172000AE769178D879CB7D777FA580AB88B98A62
:10173000BB8C7F905E97DB980B6A387C99503E5C3F
:10174000AE5F8767D86B357409778E7F3B9FCA671A
:10175000177A39538B75ED9A665F9D81F183988076
:101760003C5FC55F6275467B3C906768EB599B5A4E
:10177000107D7E762C8BF54F6A5F196A376C026F8D
:10178000E27468796888558A798CDF5ECF63C575A5
:10179000D279D7822893F2929C84ED862D9CC154F5
:1017A0006C5F8C655C6D1570A78CD38C3B984F6516
:1017B000F6740D4ED84EE0572B59665ACC5BA851A3
:1017C000035E9C5E166076627765A7656E666E6DD9
:1017D0003672267B50819A8199825C8BA08CE68C34
:1017E000748D1C964496AE4FAB64666B1E8261840A
:1017F0006A85E890015C5369A8987A8457850F4FF1
:101800006F52A95F455E0D678F7979810789868957
:10181000F56D175F5562B86CCF4E6972929B065298
:101820003B547456B358A4616E621A716E59897C28
:10183000DE7C1B7DF09687655E80194E754F755175
:101840004058635E735E0A5FC467264E3D85899586
:101850005B96737C0198FB50C1585676A778255249
:10186000A5771185867B4F5009594772C77BE87D64
:10187000BA8FD48F4D90BF4FC952295A015FAD978F
:10188000DD4F1782EA9203575563696B2B75DC882D
:10189000148F427ADF52935855610A62AE66CD6B5F
:1018A0003F7CE9832350F84F05534654315849593A
:1018B0009D5BF05CEF5C295D965EB16267633E659F
:1018C000B9650B67D56CE16CF97032782B7EDE80E0
:1018D000B3820C84EC84028712892A8A4A8CA690EF
:1018E000D292FD98F39C6C9D4F4EA14E8D50565256
:1018F0004A57A8593D5ED85FD95F3F62B4661B67FF
:10190000D067D2689251217DAA80A881008B8C8CEF
:10191000BF8C7E92329620542C981753D5505C532E
:10192000A858B264346767726677467AE691C35204
:10193000A16C866B00584C5E54592C67FB7FE151BB
:10194000C6766964E878549BBB9ECB57B959276625
:101950009A67CE6BE954D969555E9C819567AA9BBD
:10196000FE67529C5D68A64EE34FC853B9622B6771
:10197000AB6CC48FAD4F6D7EBF9E074E6261806EB3
:101980002B6F138573542A67459BF35D957BAC5C85
:10199000C65B1C874A6ED184147A088199598D7C64
:1019A000116C2077D952225921715F72DB7727970A
:1019B000619D0B697F5A185AA5510D547D540E66CE
:1019C000DF76F78F9892F49CEA595D72C56E4D519F
:1019D000C968BF7DEC7D6297BA9E7864216A0283F4
:1019E00084595F5BDB6B1B73F276B27D1780998441
:1019F00032512867D99EEE766267FF520599245CC2
:101A00003B627E7CB08C4F55B6600B7D8095015358
:101A10005F4EB6511C593A723680CE91255FE277FF
:101A20008453795F047DAC85338A8D8E5697F36736
:101A3000AE85539409610861B96C5276ED8A388F8E
:101A40002F55514F2A51C752CB53A55B7D5EA060E5
:101A50008261D6630967DA67676E8C6D3673377398
:101A600031755079D588988A4A909190F590C496AE
:101A70008D871559884E594F0E4E898A3F8F109881
:101A8000AD507C5E9659B95BB85EDA63FA63C164A7
:101A9000DC664A69D8690B6DB66E94712875AF7AA9
:101AA0008A7F00804984C9848189218B0A8E659050
:101AB0007D960A997E619162326B836C746DCC7FE6
:101AC000FC7FC06D857FBA87F8886567B1833C98D5
:101AD000F7961B6D617D3D846A91714E7553505D23
:101AE000046BEB6FCD852D86A78929520F54655C59
:101AF0004E67A86806748374E275CF88E188CC913C
:101B0000E29678968B5F8773CB7A4E84A063657577
:101B10008952416D9C6E097459756B78927C8696DA
:101B2000DC7A8D9FB64F6E61C5655C86864EAE4E83
:101B3000DA50214ECC51EE5B99658168BC6D1F7304
:101B40004276AD771C7AE77C6F82D28A7C90CF9107
:101B5000759618989B52D17D2B5098539767CB6DF3
:101B6000D0713374E8812A8FA396579C9F9E60742E
:101B70004158996D2F7D5E98E44E364F8B4FB7518B
:101B8000B152BA5D1C60B2733C79D3823492B7967D
:101B9000F6960A97979E629FA666746B1752A35299
:101BA000C870C288C95E4B609061236F49713E7CEA
:101BB000F47D6F80EE8423902C9342546F9BD36A04
:101BC0008970C28CEF8D3297B452415ACA5E045F5D
:101BD00017677C6994696A6D0F6F6272FC72ED7BA6
:101BE00001807E804B87CE906D51939E84798B804F
:101BF0003293D68A2D508C54718A6A6BC48C0781BB
:101C0000D160A067F29D994E984E109C6B8AC18559
:101C1000688500697E6E9778558100000025022551
:101C20000C251025182514251C252C2524253425A4
:101C30003C25012503250F2513251B2517252325C5
:101C400033252B253B254B2520252F2528253725DA
:101C50003F251D2530252525382542251004110452
:101C600012041304140415040104160417041804C0
:101C700019041A041B041C041D041E041F04200460
:101C80002104220423042404250426042704280410
:101C900029042A042B042C042D042E042F040000F4
:101CA0000000000000000000000000000000000034
:101CB00000000000000000000000000030043104BB
:101CC0003204330434043504510436043704380430
:101CD00039043A043B043C043D043E043F04400400
:101CE00041044204430444044504460447044804B0
:101CF00049044A044B044C044D044E044F040000B4
:101D00009103920393039403950396039703980317
:101D100099039A039B039C039D039E039F03A003C7
:101D2000A103A303A403A503A603A703A803A90370
:101D300000000000000000000000000000000000A3
:101D4000B103B203B303B403B503B603B703B803D7
:101D5000B903BA03BB03BC03BD03BE03BF03C00387
:101D6000C103C303C403C503C603C703C803C90330
:101D70000000000000000000000000000000000162
:101D8000010101010101010101000000000000004A
:101D90000101010101010101010101010101010133
:101DA0000101010101010101010100000000000029
:101DB0000001010101010101010101010101010114
:101DC000010101010101010101010100C625A12557
:101DD000A025B325B225BD25BC253B20123092217C
:101DE0009021912193211330000000000000000099
:101DF00000000000000000000000000000000822B9
:101E00000B2286228722822283222A222922000074
:101E10000000000000000000000000000000272279
:101E20002822AC00D221D421002203222922000042
:101E300000000000000000000000000000000000A2
:101E400000002022A5221223022207226122522210
:101E50006A226B221A223D221D2235222B222C229D
:101E600000000000000000000000000000002B2126
:101E700030206F266D266A2620202120B6002C22D5
:101E8000000000000000EF250030013002300CFFA0
:101E90000EFFFB301AFF1BFF1FFF01FF9B309C3022
:101EA000B40040FFA8003EFF3E203FFFFD30FE3063
:101EB0009D309E300330DD4E053006300730FC305B
:101EC000142010200FFF3CFF1C3016205CFF262042
:101ED0002520182019201C201D2008FF09FF143080
:101EE00015303BFF3DFF5BFF5DFF083009300A30D6
:101EF0000B300C300D300E300F30103011300BFF26
:101F00001222B100D700F7001DFF60221CFF1EFF48
:101F1000662267221E22342242264026B00032204A
:101F200033200321A50004FFA200A30005FF03FF47
:101F300006FF0AFF20FFA70006260526CB25CF2592
:101F4000CE25C725000000001F001C200000000057
:101F500014210000020016240000000014250000D7
:101F60000200152800000000112900000000142ABA
:101F700000000000182B00000000142C00000000DE
:101F8000102D00000000142E000001000C30000095
:101F90000900143A00000100183C00000200143F40
:101FA00000000100034100001900155B0000000063
:101FB000145C00000000115D00000000175E0000CE
:101FC00000000F5F000000001760000000000361C8
:101FD00000001900157B00000000187C00000000C4
:101FE000117D00000000187E00000000007F00004E
:101FF00020001CA00000000014A10000000016A298
:102000000000030019A60000000014A70000000053
:1020100017A80000000019A90000000006AA00008F
:10202000000013AB0000000018AC0000000001AD80
:102030000000000019AE0000000017AF0000000013
:1020400019B00000000018B1000000000EB200003E
:10205000010017B40000000003B50000000014B632
:102060000000010017B8000000000EB900000000D9
:1020700006BA0000000012BB000000000EBC000009
:10208000020014BF0000000003C00000160018D7B3
:102090000000000003D80000060004DF000000007C
:1020A00003E00000160018F70000000003F800002D
:1020B0003F00043801000000033901000F0004490B
:1020C00001000000034A01004200048D01000000ED
:1020D000038E01000C00049B01000000039C010022
:1020E0000D0004AA0100010003AC01000D0004BAB8
:1020F0000100000006BB0100000003BC010001005C
:1021000004BE0100000003BF0100000006C0010082
:10211000030003C40100000007C50100000003C65E
:102120000100010007C80100000003C9010001000F
:1021300007CB0100000003CC0100230004F00100E4
:10214000000003F10100000007F20100000003F3AA
:1021500001002D00042102000000032202001100F2
:10216000043402000500033A02001A00045502007C
:102170000000035602000100045802000000035949
:1021800002000000045A02000000035B020001008C
:10219000045D02000200036002000100046202000C
:1021A00000000363020000000464020000000365F5
:1021B000020001000467020000000368020004003E
:1021C000046D02000100036F0200000004700200B1
:1021D0000000037102000100047302000100037596
:1021E00002000000047602000600037D02000000E9
:1021F000047E02000100038002000000048102004E
:102200000000038202000100048402000200038730
:1022100002000500048D0200040003920200000089
:1022200004930200000006940200000004950200DE
:102230000700039D02000100049F0200100005B08A
:102240000200110017C20200030005C602000B00C5
:1022500017D202000D0005E00200040017E502009D
:10226000060005EC0200000017ED0200000005EE7C
:102270000200000017EF020010000B0003006F00C7
:1022800003700300030005740300000017750300CA
:102290000000037603000100057A03000000037BC1
:1022A00003000200147E03000000037F030000000F
:1022B0001784030001000386030000001487030055
:1022C0000000038803000200038C03000000038E5B
:1022D00003000100049003000000039103001000BC
:1022E00003A303000C0004B00300000003B10300CB
:1022F000200008D20300020003D50300200018F6D6
:102300000300000003F70300040004FC03000000C6
:1023100003FD030084001982040000000B83040005
:1023200004000A8804000100038A0400A5000331A8
:1023300005002500055905000000145A0500050098
:102340000460050000000361050025000487050006
:102350000100148905000000108A05000000198D95
:1023600005000100168F050000000B9105002C00F0
:1023700010BE050000000BBF0500000014C00500E2
:1023800000000BC10500010014C3050000000BC4D0
:102390000500010014C6050000000BC70500000081
:1023A00006D005001A0006EF0500030014F305002F
:1023B00001000100060005001806060002001409CD
:1023C00006000100160B06000000140C06000100B8
:1023D000190E060001000B1006000A00141B06006F
:1023E0000000011C06000000141D0600020006206B
:1023F00006001F0005400600000006410600090017
:102400000B4B060014000C6006000900146A06005D
:102410000300066E060001000B7006000000067146
:102420000600620014D40600000006D50600000075
:102430000BD60600060001DD0600000019DE0600CE
:1024400000000BDF0600050005E5060001000BE7B4
:102450000600010019E9060000000BEA060003006F
:1024600006EE060001000CF00600090006FA060060
:10247000020019FD0600010006FF0600000014001E
:1024800007000D00010F0700000006100700000004
:102490000B1107000000061207001D000B3007009B
:1024A0001A00064D070058000BA607000A0006B1E7
:1024B000070000000CC00700090006CA0700200042
:1024C0000BEB0700080005F40700010019F60700F0
:1024D000000014F70700020005FA070000000BFDDA
:1024E0000700000016FE07000100060008001500A6
:1024F0000B1608000300051A080000000B1B08005B
:1025000008000524080000000B250800020005282B
:10251000080000000B2908000400143008000E0019
:102520000640080018000B5908000200145E08005D
:102530000000066008000A000670080017001788EF
:10254000080000000689080005000190080001004D
:102550000B980800070006A00800280005C908001D
:1025600000000BCA0800170001E2080000000BE39E
:1025700008001F00090309000000060409003500D7
:102580000B3A09000000093B090000000B3C090060
:102590000000063D09000000093E090002000B4151
:1025A000090007000949090003000B4D090000005C
:1025B000094E090001000650090000000B510900F6
:1025C00006000658090009000B62090001001464A6
:1025D000090001000C6609000900147009000000E0
:1025E000057109000000067209000E000B81090048
:1025F0000000098209000100068509000700068F16
:102600000900010006930900150006AA090006004A
:1026100006B20900000006B6090003000BBC090061
:10262000000006BD0900000009BE090002000BC140
:102630000900030009C70900010009CB09000100D6
:102640000BCD0900000006CE0900000009D70900E3
:10265000000006DC0900010006DF090002000BE2B1
:10266000090001000CE60900090006F0090001005C
:1026700016F2090001000EF40900050019FA09001C
:10268000000016FB0900000006FC0900000014FD14
:10269000090000000BFE090000000B010A00010008
:1026A00009030A00000006050A000500060F0A00DB
:1026B000010006130A001500062A0A000600063269
:1026C0000A00010006350A00010006380A00010070
:1026D0000B3C0A000000093E0A0002000B410A0000
:1026E00001000B470A0001000B4B0A0002000B51CE
:1026F0000A00000006590A000300065E0A000000F6
:102700000C660A0009000B700A00010006720A003C
:1027100002000B750A00000014760A0000000B810D
:102720000A00010009830A00000006850A0008006B
:10273000068F0A00020006930A00150006AA0A0086
:10274000060006B20A00010006B50A0004000BBC30
:102750000A00000006BD0A00000009BE0A000200CF
:102760000BC10A0004000BC70A00010009C90A00D6
:10277000000009CB0A0001000BCD0A00000006D0C2
:102780000A00000006E00A0001000BE20A00010056
:102790000CE60A00090014F00A00000016F10A0015
:1027A000000006F90A0000000BFA0A0005000B0100
:1027B0000B00000009020B00010006050B000700DA
:1027C000060F0B00010006130B001500062A0B0074
:1027D000060006320B00010006350B0004000B3C1E
:1027E0000B000000063D0B000000093E0B0000003E
:1027F0000B3F0B00000009400B0000000B410B00D9
:10280000030009470B000100094B0B0001000B4DB1
:102810000B0000000B550B00010009570B000000D6
:10282000065C0B000100065F0B0002000B620B0050
:1028300001000C660B00090019700B000000067106
:102840000B0000000E720B0005000B820B00000055
:1028500006830B00000006850B000500068E0B00AA
:10286000020006920B00030006990B000100069C73
:102870000B000000069E0B00010006A30B000100E8
:1028800006A80B00020006AE0B000B0009BE0B00F1
:1028900001000BC00B00000009C10B00010009C6BC
:1028A0000B00020009CA0B0002000BCD0B00000058
:1028B00006D00B00000009D70B0000000CE60B004F
:1028C00009000EF00B00020019F30B00050016F9C9
:1028D0000B00000019FA0B0000000B000C000000B8
:1028E00009010C0002000B040C00000006050C009E
:1028F0000700060E0C00020006120C001600062A45
:102900000C000F000B3C0C000000063D0C0000000A
:102910000B3E0C00020009410C0003000B460C00AA
:1029200002000B4A0C0003000B550C000100065876
:102930000C000200065D0C00000006600C000100A7
:102940000B620C0001000C660C00090014770C00EF
:1029500000000E780C000600197F0C0000000680B5
:102960000C0000000B810C00000009820C0001002B
:1029700014840C00000006850C000700068E0C0075
:10298000020006920C00160006AA0C00090006B50B
:102990000C0004000BBC0C00000006BD0C00000085
:1029A00009BE0C0000000BBF0C00000009C00C00A9
:1029B00004000BC60C00000009C70C00010009CA86
:1029C0000C0001000BCC0C00010009D50C0001002B
:1029D00006DD0C00010006E00C0001000BE20C001B
:1029E00001000CE60C00090006F10C00010009F3DF
:1029F0000C0000000B000D00010009020D00010099
:102A000006040D000800060E0D00020006120D005F
:102A100028000B3B0D000100063D0D000000093EA3
:102A20000D0002000B410D00030009460D000200DD
:102A3000094A0D0002000B4D0D000000064E0D006E
:102A40000000194F0D00000006540D000200095748
:102A50000D0000000E580D000600065F0D0002007C
:102A60000B620D0001000C660D0009000E700D00D8
:102A7000080019790D000000067A0D0005000B8191
:102A80000D00000009820D00010006850D001100F7
:102A9000069A0D00170006B30D00080006BD0D00D4
:102AA000000006C00D0006000BCA0D00000009CF93
:102AB0000D0002000BD20D0002000BD60D0000002D
:102AC00009D80D0007000CE60D00090009F20D0001
:102AD000010014F40D00000006010E002F000B3160
:102AE0000E00000006320E0001000B340E0006003E
:102AF000163F0E00000006400E00050005460E00C1
:102B000000000B470E000700144F0E0000000C5091
:102B10000E000900145A0E00010006810E0001008B
:102B200006840E00000006860E000400068C0E00CF
:102B3000170006A50E00000006A70E0009000BB145
:102B40000E00000006B20E0001000BB40E000800DB
:102B500006BD0E00000006C00E00040005C60E00F3
:102B600000000BC80E0006000CD00E00090006DCA9
:102B70000E00030006000F00000019010F00020004
:102B800014040F000E0019130F00000014140F009E
:102B9000000019150F0002000B180F000100191A90
:102BA0000F0005000C200F0009000E2A0F0009007D
:102BB00019340F0000000B350F00000019360F000C
:102BC00000000B370F00000019380F0000000B3910
:102BD0000F000000153A0F000000113B0F0000002D
:102BE000153C0F000000113D0F000000093E0F00D2
:102BF000010006400F00070006490F0023000B717B
:102C00000F000D00097F0F0000000B800F00040073
:102C100014850F0000000B860F00010006880F00CE
:102C200004000B8D0F000A000B990F00230019BE42
:102C30000F0007000BC60F00000019C70F000500AA
:102C400019CE0F00010014D00F00040019D50F0099
:102C5000030014D90F000100060010002A00092B00
:102C6000100001000B2D10000300093110000000BE
:102C70000B32100005000938100000000B3910005D
:102C80000100093B100001000B3D10000100063F50
:102C9000100000000C4010000900144A100005004C
:102CA0000650100005000956100001000B581000D6
:102CB0000100065A100003000B5E100002000661BE
:102CC00010000000096210000200066510000100FB
:102CD000096710000600066E100002000B7110005C
:102CE0000300067510000C000B8210000000098321
:102CF000100001000B85100001000987100005007D
:102D00000B8D10000000068E10000000098F1000CF
:102D100000000C9010000900099A100002000B9DA1
:102D200010000000199E1000010003A010002500F3
:102D300003C71000000003CD1000000003D01000F6
:102D40002A0014FB1000000005FC1000000003FD29
:102D500010000200060011004801064A120003009C
:102D6000065012000600065812000000065A120013
:102D70000300066012002800068A12000300069075
:102D80001200200006B21200030006B8120006006E
:102D900006C01200000006C21200030006C812009E
:102DA0000E0006D8120038000612130003000618A1
:102DB000130042000B5D13000200146013000800B2
:102DC0000E6913001300068013000F001990130002
:102DD000090003A01300550003F8130005001000BC
:102DE00014000000060114006B02196D16000000AB
:102DF000146E16000000066F160010001C801600EE
:102E00000000068116001900159B16000000119C99
:102E10001600000006A016004A0014EB160002007F
:102E20000DEE1600020006F116000700060017005E
:102E300011000B1217000200091517000000061FF1
:102E4000170012000B3217000100093417000000B0
:102E50001435170001000640170011000B5217002F
:102E60000100066017000C00066E170002000B72CE
:102E7000170001000680170033000BB41700010093
:102E800009B6170000000BB71700060009BE1700AF
:102E900007000BC61700000009C7170001000BC987
:102EA00017000A0014D41700020005D7170000000D
:102EB00014D81700020016DB1700000006DC17000C
:102EC00000000BDD170000000CE0170009000EF0F9
:102ED0001700090014001800050010061800000073
:102EE0001407180003000B0B18000200010E180055
:102EF00000000B0F180000000C101800090006203D
:102F00001800220005431800000006441800340091
:102F10000680180004000B851800010006871800C1
:102F200021000BA91800000006AA1800000006B036
:102F300018004500060019001E000B2019000200B1
:102F40000923190003000B271900010009291900A2
:102F500002000930190001000B321900000009338A
:102F6000190005000B391900020019401900000072
:102F70001444190001000C461900090006501900FC
:102F80001D00067019000400068019002B0006B011
:102F9000190019000CD0190009000EDA1900000000
:102FA00019DE1900210006001A0016000B171A007E
:102FB000010009191A0001000B1B1A000000141E61
:102FC0001A00010006201A00340009551A000000FA
:102FD0000B561A00000009571A0000000B581A007F
:102FE00006000B601A00000009611A0000000B6265
:102FF0001A00000009631A0001000B651A0007009F
:10300000096D1A0005000B731A0009000B7F1A00E6
:1030100000000C801A0009000C901A00090014A08E
:103020001A00060005A71A00000014A81A000500DF
:103030000BB01A000D000ABE1A0000000BBF1A00E8
:103040000F000B001B00030009041B000000060515
:103050001B002E000B341B00000009351B00000074
:103060000B361B000400093B1B0000000B3C1B003F
:103070000000093D1B0004000B421B000000094337
:103080001B00010006451B0007000C501B00090037
:10309000145A1B00060019611B0009000B6B1B0072
:1030A000080019741B000800147D1B0001000B8030
:1030B0001B00010009821B00000006831B001D008D
:1030C00009A11B0000000BA21B00030009A61B00A6
:1030D00001000BA81B00010009AA1B0000000BAB9C
:1030E0001B00020006AE1B0001000CB01B00090013
:1030F00006BA1B002B000BE61B00000009E71B00B3
:1031000000000BE81B00010009EA1B0002000BEDA8
:103110001B00000009EE1B0000000BEF1B0002006B
:1031200009F21B00010014FC1B00030006001C0038
:10313000230009241C0007000B2C1C000700093485
:103140001C0001000B361C000100143B1C00040095
:103150000C401C000900064D1C0002000C501C0015
:103160000900065A1C001D0005781C000500147E8D
:103170001C00010003801C00080003901C002A00B2
:1031800003BD1C00020014C01C0007000BD01C0073
:10319000020014D31C0000000BD41C000C0009E139
:1031A0001C0000000BE21C00060006E91C000300E6
:1031B0000BED1C00000006EE1C0005000BF41C00CB
:1031C000000006F51C00010009F71C0000000BF8C8
:1031D0001C00010006FA1C00000004001D002B006A
:1031E000052C1D003E00046B1D000C0005781D0021
:1031F000000003791D000000047A1D000200037D19
:103200001D000000047E1D000F00038E1D00000045
:10321000048F1D000B00059B1D0024000BC01D002A
:103220003F0003001E00950004961E000400039B4F
:103230001E000000049C1E000100039E1E000000F2
:10324000049F1E00000003A01E00750003181F004D
:10325000050003201F00250003481F00050004503F
:103260001F00000003511F00000004521F00000057
:1032700003531F00000004541F00000003551F00EB
:10328000000004561F00000003571F0000000359F0
:103290001F000000035B1F000000035D1F00000013
:1032A000035F1F001E0003801F00070007881F0028
:1032B000070003901F00070007981F00070003A0E6
:1032C0001F00070007A81F00070003B01F00010030
:1032D00004B21F00000003B31F00000004B41F006D
:1032E000000004B61F00010003B81F00030007BC64
:1032F0001F00000017BD1F00000003BE1F000000DC
:1033000017BF1F00020004C21F00000003C31F00FC
:10331000000004C41F00000004C61F00010003C811
:103320001F00030007CC1F00000017CD1F00020084
:1033300003D01F00010004D21F00010004D61F00AB
:10334000010003D81F00030017DD1F00020003E087
:103350001F00010004E21F00020003E51F0000003F
:1033600004E61F00010003E81F00040017ED1F0022
:10337000020004F21F00000003F31F00000004F429
:103380001F00000004F61F00010003F81F000300E7
:1033900007FC1F00000017FD1F0001001C0020009B
:1033A0000A00010B20000400101020000500141674
:1033B0002000010013182000000012192000000056
:1033C000151A20000000131B20000100121D200010
:1033D0000000151E20000000131F20000000142014
:1033E000200007001A28200000001B2920000000F0
:1033F000012A200004001C2F2000000014302000AF
:103400000800133920000000123A20000000143B8D
:10341000200003000F3F20000100144120000200A3
:10342000184420000000154520000000114620002F
:103430000000144720000A00185220000000145316
:10344000200000000F542000000014552000090047
:103450001C5F2000000001602000040001662000C5
:1034600009000E70200000000571200000000E749D
:1034700020000500187A20000200157D20000000C1
:10348000117E20000000057F200000000E8020003B
:103490000900188A20000200158D20000000118EFE
:1034A00020000000059020000C0016A02000200045
:1034B0000BD020000C000ADD200003000BE12000EF
:1034C00000000AE2200002000BE520000B001900BA
:1034D000210001000802210000001903210003005F
:1034E000080721000000190821000100040A21003A
:1034F0000000080B21000200040E2100010008104A
:103500002100020004132100000019142100000012
:1035100008152100000019162100010018182100CB
:103520000000081921000400191E210005000824CC
:1035300021000000192521000000032621000000C1
:103540001927210000000828210000001929210066
:103550000000032A21000100082C21000100192E7F
:1035600021000000042F210000000830210001008C
:103570000332210000000833210000000434210040
:103580000000063521000300043921000000193A2B
:1035900021000100043C21000100083E210001003F
:1035A00018402100040008452100000004462100C5
:1035B0000300194A21000000184B21000000194C9B
:1035C00021000100034E21000000194F21000000DE
:1035D0000E5021000F000D60210022000383210006
:1035E00001000D85210003000E8921000000198AC9
:1035F0002100010018902100040019952100040009
:10360000189A21000100199C2100030018A0210034
:10361000000019A12100010018A32100000019A435
:103620002100010018A62100000019A721000600B2
:1036300018AE2100000019AF21001E0018CE210095
:10364000010019D02100010018D22100000019D377
:103650002100000018D42100000019D521001E000F
:1036600018F421000B01190023000700150823009E
:103670000000110923000000150A23000000110BAF
:1036800023000000190C2300130018202300010060
:10369000192223000600152923000000112A230007
:1036A0000000192B23005000187C23000000197D16
:1036B00023001D00189B2300180019B423002700C5
:1036C00018DC2300050019E22300440019402400FF
:1036D0000A000E6024003B00199C24004D000EEAF5
:1036E0002400150019002500B60018B725000000B9
:1036F00019B82500080018C12500000019C22500CE
:10370000350018F825000700190026006E00186F14
:103710002600000019702600F70015682700000039
:10372000116927000000156A27000000116B2700AF
:103730000000156C27000000116D27000000156EB9
:1037400027000000116F27000000157027000000FF
:103750001171270000001572270000001173270067
:1037600000001574270000001175270000000E7678
:1037700027001D00199427002B0018C02700040003
:1037800015C52700000011C62700000018C7270034
:103790001E0015E62700000011E72700000015E8CD
:1037A0002700000011E92700000015EA27000000AB
:1037B00011EB2700000015EC2700000011ED270099
:1037C000000015EE2700000011EF2700000018F0A0
:1037D00027000F0019002800FF00180029008200B0
:1037E0001583290000001184290000001585290097
:1037F00000001186290000001587290000001188AB
:1038000029000000158929000000118A2900000004
:10381000158B29000000118C29000000158D29004E
:103820000000118E29000000158F29000000119062
:1038300029000000159129000000119229000000C4
:103840001593290000001194290000001595290006
:10385000000011962900000015972900000011981A
:1038600029000000189929003E0015D82900000001
:1038700011D92900000015DA2900000011DB290008
:10388000000018DC29001F0015FC2900000011FDB4
:103890002900000018FE2900010119002B002F004B
:1038A00018302B00140019452B00010018472B007D
:1038B0000500194D2B00260019762B001F001997C3
:1038C0002B00680003002C00700004712C00000025
:1038D00003722C00010004742C00000003752C00FE
:1038E000010004772C000400057C2C000100037EFD
:1038F0002C00650004E42C00000019E52C000500F4
:1039000003EB2C0003000BEF2C00020003F22C0051
:10391000010014F92C0003000EFD2C00000014FE21
:103920002C00010003002D00250003272D000000BE
:10393000032D2D00000006302D003700056F2D00EF
:10394000000014702D0000000B7F2D000000068089
:103950002D00160006A02D00060006A82D0006006A
:1039600006B02D00060006B82D00060006C02D008A
:10397000060006C82D00060006D02D00060006D859
:103980002D0006000BE02D001F0014002E0001008A
:1039900013022E00000012032E00000013042E005C
:1039A000000012052E00000014062E00020013096C
:1039B0002E000000120A2E000000140B2E00000042
:1039C000130C2E000000120D2E000000140E2E000D
:1039D000080010172E00000014182E000100101A05
:1039E0002E000000141B2E000000131C2E000000EF
:1039F000121D2E000000141E2E00010013202E00A8
:103A0000000012212E00000015222E0000001123BC
:103A10002E00000015242E00000011252E000000AD
:103A200015262E00000011272E00000015282E005C
:103A3000000011292E000000142A2E000400052F7A
:103A40002E00000014302E000900103A2E00010054
:103A5000143C2E00030010402E00000014412E00E4
:103A6000000015422E00000014432E000C001950D7
:103A70002E00010014522E00020015552E000000E9
:103A800011562E00000015572E00000011582E0070
:103A9000000015592E000000115A2E000000155B81
:103AA0002E000000115C2E000000105D2E000000B2
:103AB00019802E001900199B2E00580019002F00A4
:103AC000D50019F02F000B001C003000000014017D
:103AD000300002001904300000000505300000002D
:103AE0000606300000000D07300000001508300009
:103AF0000000110930000000150A30000000110B11
:103B000030000000150C30000000110D30000000E6
:103B1000150E30000000110F3000000015103000AD
:103B200000001111300000001912300001001514BE
:103B300030000000111530000000151630000000A4
:103B40001117300000001518300000001119300066
:103B50000000151A30000000111B30000000101C7E
:103B600030000000151D30000000111E3000010063
:103B70001920300000000D21300008000B2A300011
:103B80000300092E30000100103030000000053124
:103B9000300004001936300001000D3830000200FA
:103BA000053B30000000063C30000000143D3000B2
:103BB0000000193E300001000641300055000B990D
:103BC00030000100179B30000100059D300001000E
:103BD000069F3000000010A03000000006A1300059
:103BE000590014FB3000000005FC3000020006FF05
:103BF00030000000060531002A00063131005D006A
:103C00001990310001000E92310003001996310025
:103C1000090006A031001F0019C03100230006F082
:103C200031000F00190032001E000E203200090082
:103C3000192A32001D000E483200070019503200C8
:103C400000000E5132000E00196032001F000E807D
:103C500032000900198A320026000EB132000E002F
:103C600019C032003F0106003400BF1919C04D00D1
:103C70003F0006004E0014520515A0000000061675
:103C8000A00076041990A400360006D0A4002700F6
:103C900005F8A400050014FEA40001000600A5001C
:103CA0000B01050CA6000000140DA6000200061072
:103CB000A6000F000C20A6000900062AA60001009D
:103CC0000340A6002D00066EA60000000B6FA600A4
:103CD00000000A70A60002001473A60000000B7416
:103CE000A6000900147EA6000000057FA6000000C3
:103CF0000380A6001B00059CA60001000B9EA600E9
:103D0000010006A0A60045000DE6A60009000BF084
:103D1000A600010014F2A60005001700A700160077
:103D20000517A70008001720A70001000322A7001D
:103D30000D000430A70001000332A7003D0005700C
:103D4000A70000000471A70007000379A7000E0078
:103D50000588A70000001789A7000100038BA700B2
:103D60000200048EA7000000068FA7000000039049
:103D7000A70004000495A70000000396A700180000
:103D800004AFA700000003B0A7001A0003D0A700EB
:103D9000010004D3A700000004D5A700000003D64B
:103DA000A700030005F2A700020003F5A700010029
:103DB00006F7A700000005F8A700010004FAA70015
:103DC000000006FBA70006000B02A8000000060387
:103DD000A80002000B06A80000000607A8000300C8
:103DE0000B0BA8000000060CA80016000923A80071
:103DF00001000B25A80001000927A80000001928D0
:103E0000A80003000B2CA80000000E30A80005003D
:103E10001936A80001001638A80000001939A800BA
:103E200000000640A80033001474A80003000980B5
:103E3000A80001000682A800310009B4A8000F0004
:103E40000BC4A800010014CEA80001000CD0A800EB
:103E500009000BE0A800110006F2A800050014F804
:103E6000A800020006FBA800000014FCA800000047
:103E700006FDA80001000BFFA80000000C00A9002F
:103E80000900060AA9001B000B26A9000700142E32
:103E9000A90001000630A90016000B47A9000A007E
:103EA0000952A9000100145FA90000000660A900E2
:103EB0001C000B80A90002000983A90000000684F1
:103EC000A9002E000BB3A900000009B4A90001004D
:103ED0000BB6A900030009BAA90001000BBCA90098
:103EE000010009BEA900020014C1A9000C0005CF01
:103EF000A90000000CD0A900090014DEA9000100EF
:103F000006E0A90004000BE5A900000005E6A900F1
:103F1000000006E7A90008000CF0A900090006FA55
:103F2000A90004000600AA0028000B29AA00050029
:103F3000092FAA0001000B31AA0001000933AA00D1
:103F400001000B35AA0001000640AA0002000B4345
:103F5000AA0000000644AA0007000B4CAA000000BB
:103F6000094DAA0000000C50AA000900145CAA0028
:103F700003000660AA000F000570AA000000067189
:103F8000AA0005001977AA000200067AAA0000001C
:103F9000097BAA0000000B7CAA000000097DAA0092
:103FA0000000067EAA0031000BB0AA00000006B196
:103FB000AA0000000BB2AA00020006B5AA00010088
:103FC0000BB7AA00010006B9AA0004000BBEAA00A4
:103FD000010006C0AA0000000BC1AA00000006C232
:103FE000AA00000006DBAA00010005DDAA0000000F
:103FF00014DEAA00010006E0AA000A0009EBAA00EC
:1040000000000BECAA00010009EEAA00010014F068
:10401000AA00010006F2AA00000005F3AA000100B0
:1040200009F5AA0000000BF6AA0000000601AB008B
:1040300005000609AB0005000611AB0005000620CF
:10404000AB0006000628AB0006000430AB002200DF
:104050000353AB0000000454AB000600175BAB0039
:104060000000055CAB0003000460AB0008000569BC
:10407000AB000000176AAB0001000370AB004F00FB
:1040800006C0AB00220009E3AB0001000BE5AB006A
:10409000000009E6AB0001000BE8AB00000009E9F5
:1040A000AB00010014EBAB00000009ECAB0000001A
:1040B0000BEDAB0000000CF0AB0009000600AC00FB
:1040C000A32B06B0D700160006CBD70030000200A5
:1040D000D800FF070600F9006D010670FA006900BC
:1040E0000400FB0006000413FB000400061DFB0097
:1040F00000000B1EFB000000061FFB000900182932
:10410000FB000000062AFB000C000638FB00040040
:10411000063EFB0000000640FB0001000643FB00DA
:1041200001000646FB006B0017B2FB00100006D32F
:10413000FB006A01113EFD000000153FFD0000007C
:104140001940FD000F000650FD003F000692FD00E3
:10415000350019CFFD00000006F0FD000B0016FC35
:10416000FD00000019FDFD0002000B00FE000F0025
:104170001410FE0006001517FE0000001118FE00C6
:1041800000001419FE0000000B20FE000F00143088
:10419000FE0000001031FE0001000F33FE000100A0
:1041A0001535FE0000001136FE0000001537FE0038
:1041B00000001138FE0000001539FE000000113A21
:1041C000FE000000153BFE000000113CFE00000058
:1041D000153DFE000000113EFE000000153FFE00F0
:1041E00000001140FE0000001541FE0000001142D9
:1041F000FE0000001543FE0000001144FE00000018
:104200001445FE0001001547FE0000001148FE00A5
:1042100000001449FE0003000F4DFE000200145080
:10422000FE0002001454FE0003001058FE000000BF
:104230001559FE000000115AFE000000155BFE003B
:104240000000115CFE000000155DFE000000115E24
:10425000FE000000145FFE0002001862FE00000075
:104260001063FE0000001864FE0002001468FE00E7
:1042700000001669FE000000146AFE0001000670CE
:10428000FE0004000676FE00860001FFFE0000002E
:104290001401FF0002001604FF0000001405FF00D7
:1042A00002001508FF0000001109FF000000140AB9
:1042B000FF000000180BFF000000140CFF000000BE
:1042C000100DFF000000140EFF0001000C10FF0095
:1042D0000900141AFF000100181CFF000200141F3F
:1042E000FF0001000321FF001900153BFF00000043
:1042F000143CFF000000113DFF000000173EFF00CE
:1043000000000F3FFF0000001740FF0000000341C6
:10431000FF001900155BFF000000185CFF000000A3
:10432000115DFF000000185EFF000000155FFF0038
:1043300000001160FF0000001461FF000000156222
:10434000FF0000001163FF0000001464FF00010083
:104350000666FF0009000570FF0000000671FF00FF
:104360002C00059EFF00010006A0FF001E0006C2F3
:10437000FF00050006CAFF00050006D2FF00050089
:1043800006DAFF00020016E0FF00010018E2FF005D
:10439000000017E3FF00000019E4FF00000016E52D
:1043A000FF00010019E8FF00000018E9FF0003000A
:1043B00019EDFF00010001F9FF00020019FCFF00E8
:1043C0000100060000010B00060D0001190006287F
:1043D00000011200063C00010100063F00010E0032
:1043E000065000010D00068000017A001400010152
:1043F00002000E0701012C001937010108000D40D1
:10440000010134000E75010103001979010110004A
:104410000E8A01010100198C0101020019900101AD
:104420000C0019A00101000019D001012C000BFDA6
:1044300001010000068002011C0006A002013000FC
:104440000BE0020100000EE102011A000600030168
:104450001F000E2003010300062D030113000D4170
:10446000030100000642030107000D4A030100009A
:104470000650030125000B760301040006800301AA
:104480001D00149F0301000006A00301230006C8BD
:104490000301070014D0030100000DD10301040043
:1044A000030004014F00065004014D000CA004015C
:1044B000090003B00401230003D80401230006000F
:1044C00005012700063005013300146F05010000C7
:1044D000037005010A00037C05010E00038C050131
:1044E0000600039405010100039705010A0003A3D8
:1044F00005010E0003B30501060003BB0501010021
:104500000600060136010640070115000660070196
:10451000070005800701050005870701290005B28E
:104520000701080006000801050006080801000050
:10453000060A08012B00063708010100063C0801A5
:104540000000063F080116001457080100000E582D
:10455000080107000660080116001977080101002C
:104560000E7908010600068008011E000EA708014A
:10457000080006E00801120006F4080101000EFB25
:10458000080104000600090115000E1609010500C6
:10459000141F09010000062009011900143F090138
:1045A00000000680090137000EBC0901010006BEAB
:1045B000090101000EC009010F000ED209012D00F2
:1045C00006000A0100000B010A0102000B050A01A6
:1045D00001000B0C0A01030006100A010300061576
:1045E0000A01020006190A011C000B380A01020028
:1045F0000B3F0A0100000E400A01080014500A0196
:10460000080006600A011C000E7D0A010100147FEB
:104610000A01000006800A011C000E9D0A0102002A
:1046200006C00A01070019C80A01000006C90A01EC
:104630001B000BE50A0101000EEB0A01040014F057
:104640000A01060006000B01350014390B010600B3
:1046500006400B0115000E580B01070006600B0108
:1046600012000E780B01070006800B01110014994F
:104670000B0103000EA90B01060006000C01480007
:1046800003800C01320003C00C0132000EFA0C0151
:10469000050006000D0123000B240D0103000C3062
:1046A0000D0109000E600E011E0006800E0129009A
:1046B0000BAB0E01010010AD0E01000006B00E01A3
:1046C00001000BFD0E01020006000F011C000E1D73
:1046D0000F01090006270F01000006300F01150029
:1046E0000B460F010A000E510F01030014550F0174
:1046F000040006700F0111000B820F0103001486E5
:104700000F01030006B00F0114000EC50F010600D3
:1047100006E00F0116000900100100000B01100156
:1047200000000902100100000603100134000B38DC
:1047300010010E001447100106000E521001130064
:104740000C66100109000B701001000006711001C9
:1047500001000B73100101000675100100000B7FB2
:1047600010010200098210010000068310012C00D4
:1047700009B0100102000BB31001030009B71001CA
:1047800001000BB91001010014BB1001010001BDB3
:104790001001000014BE100103000BC21001000044
:1047A00001CD1001000006D0100118000CF010011E
:1047B00009000B00110102000603110123000B2761
:1047C00011010400092C110100000B2D110107003B
:1047D0000C361101090014401101030006441101B7
:1047E00000000945110101000647110100000650B3
:1047F000110122000B73110100001474110101005A
:104800000676110100000B801101010009821101DF
:104810000000068311012F0009B3110102000BB63D
:104820001101080009BF1101010006C111010300B7
:1048300014C5110103000BC91101030014CD1101AE
:10484000000009CE110100000BCF110100000CD0B7
:104850001101090006DA1101000014DB110100004A
:1048600006DC1101000014DD110102000EE111014E
:104870001300060012011100061312011800092C82
:10488000120102000B2F1201020009321201010075
:104890000B34120100000935120100000B36120121
:1048A00001001438120105000B3E12010000063F02
:1048B000120101000B4112010000068012010600E6
:1048C000068812010000068A12010300068F1201F9
:1048D0000E00069F1201090014A91201000006B083
:1048E00012012E000BDF1201000009E0120102008C
:1048F0000BE3120107000CF0120109000B00130179
:104900000100090213010100060513010700060F4B
:1049100013010100061313011500062A13010600F6
:104920000632130101000635130104000B3B13018D
:104930000100063D13010000093E130101000B4078
:10494000130100000941130103000947130101008D
:10495000094B13010200065013010000095713010F
:104960000000065D130104000962130101000B66DB
:10497000130106000B70130104000600140134003B
:104980000935140102000B38140107000940140115
:1049900001000B42140102000945140100000B46FE
:1049A00014010000064714010300144B1401040015
:1049B0000C5014010900145A14010100145D140173
:1049C00000000B5E14010000065F14010200068067
:1049D00014012F0009B0140102000BB314010500EB
:1049E00009B9140100000BBA1401000009BB14013D
:1049F00003000BBF1401010009C1140100000BC228
:104A00001401010006C41401010014C614010000C1
:104A100006C7140100000CD014010900068015011E
:104A20002E0009AF150102000BB21501030009B8F1
:104A3000150103000BBC1501010009BE15010000A2
:104A40000BBF1501010014C11501160006D8150190
:104A500003000BDC15010100060016012F000930D0
:104A6000160102000B3316010700093B1601010075
:104A70000B3D16010000093E160100000B3F160118
:104A800001001441160102000644160100000C50FA
:104A900016010900146016010C00068016012A0098
:104AA0000BAB1601000009AC160100000BAD16019E
:104AB000000009AE160101000BB01601050009B691
:104AC000160100000BB71601000006B81601000021
:104AD00014B9160100000CC01601090006001701E8
:104AE0001A000B1D170102000920170101000B22FB
:104AF000170103000926170100000B271701040006
:104B00000C30170109000E3A17010100143C17017F
:104B10000200193F170100000640170106000600B9
:104B200018012B00092C180102000B2F1801080096
:104B30000938180100000B3918010100143B180155
:104B4000000003A018013F000CE0180109000EEA64
:104B50001801080006FF18010700060919010000E6
:104B6000060C1901070006151901010006181901A4
:104B700017000930190105000937190101000B3B25
:104B800019010100093D190100000B3E1901000047
:104B9000063F1901000009401901000006411901F2
:104BA00000000942190100000B43190100001444E0
:104BB000190102000C501901090006A01901070093
:104BC00006AA1901260009D1190102000BD4190106
:104BD00003000BDA1901010009DC190103000BE0E5
:104BE0001901000006E11901000014E2190100009A
:104BF00006E31901000009E41901000006001A018A
:104C000000000B011A010900060B1A0127000B33E3
:104C10001A01050009391A010000063A1A010000BC
:104C20000B3B1A010300143F1A0107000B471A013E
:104C3000000006501A0100000B511A010500095727
:104C40001A0101000B591A010200065C1A012D001D
:104C50000B8A1A010C0009971A0100000B981A011F
:104C60000100149A1A010200069D1A010000149E08
:104C70001A01040006B01A01480014001B010900C3
:104C800006001C010800060A1C012400092F1C0153
:104C900000000B301C0106000B381C010500093E0A
:104CA0001C0100000B3F1C01000006401C0100001D
:104CB00014411C0104000C501C0109000E5A1C0177
:104CC000120014701C01010006721C011D000B92E1
:104CD0001C01150009A91C0100000BAA1C010600FB
:104CE00009B11C0100000BB21C01010009B41C0138
:104CF00000000BB51C01010006001D01060006089E
:104D00001D010100060B1D0125000B311D010500D1
:104D10000B3A1D0100000B3C1D0101000B3F1D0162
:104D2000060006461D0100000B471D0100000C5047
:104D30001D01090006601D01050006671D01010037
:104D4000066A1D011F00098A1D0104000B901D0148
:104D5000010009931D0101000B951D01000009963A
:104D60001D0100000B971D01000006981D010000A9
:104D70000CA01D01090006E01E0112000BF31E012C
:104D8000010009F51E01010014F71E0101000B00CE
:104D90001F01010006021F01000009031F0100009E
:104DA00006041F010C0006121F01210009341F0117
:104DB00001000B361F010400093E1F0101000B40DA
:104DC0001F01000009411F0100000B421F010000EC
:104DD00014431F010C000C501F01090006B01F01F5
:104DE00000000EC01F01140019D51F01070016DDB9
:104DF0001F01030019E11F01100014FF1F01000033
:104E00000600200199030D0024016E001470240196
:104E1000040006802401C30006902F01600014F1F5
:104E20002F010100060030012F04013034010F0072
:104E30000B40340100000641340105000B473401EA
:104E40000E000600440146020600680138020640D2
:104E50006A011E000C606A010900146E6A010100FB
:104E600006706A014E000CC06A01090006D06A0192
:104E70001D000BF06A01040014F56A010000060031
:104E80006B012F000B306B01060014376B0104001F
:104E9000193C6B01030005406B01030014446B01D6
:104EA000000019456B0100000C506B0109000E5BFE
:104EB0006B01060006636B011400067D6B01120096
:104EC00003406E013F000E806E01160014976E01C4
:104ED000030006006F014A000B4F6F0100000650EF
:104EE0006F01000009516F0136000B8F6F01030045
:104EF00005936F010C0005E06F01010014E26F01E2
:104F0000000005E36F0100000BE46F01000009F0F1
:104F10006F01010006007001F71706008801D50433
:104F200006008D01080005F0AF01030005F5AF0193
:104F3000060005FDAF0101000600B00122010632A6
:104F4000B10100000650B10102000655B101000098
:104F50000664B10103000670B1018B010600BC01BB
:104F60006A000670BC010C000680BC0108000690B7
:104F7000BC010900199CBC0100000B9DBC01010093
:104F8000149FBC01000001A0BC0103000B00CF0175
:104F90002D000B30CF0116001950CF0173001900FE
:104FA000D001F5001900D10126001929D1013B00DB
:104FB0000965D10101000B67D1010200196AD10115
:104FC0000200096DD10105000173D10107000B7BBF
:104FD000D10107001983D10101000B85D101060021
:104FE000198CD1011D000BAAD101030019AED1010A
:104FF0003C001900D20141000B42D20102001945C8
:10500000D20100000EC0D20113000EE0D201130045
:105010001900D30156000E60D30118000800D40116
:105020001900041AD40119000834D4011900044EDF
:10503000D40106000456D40111000868D4011900F7
:105040000482D4011900089CD4010000089ED401F8
:10505000010008A2D401000008A5D401010008A99C
:10506000D401030008AED401070004B6D401030044
:1050700004BBD401000004BDD401060004C5D40162
:105080000A0008D0D401190004EAD4011900080468
:10509000D50101000807D5010300080DD50107005F
:1050A0000816D5010600041ED50119000838D501DF
:1050B0000100083BD50103000840D5010400084663
:1050C000D5010000084AD50106000452D501190097
:1050D000086CD50119000486D501190008A0D50176
:1050E000190004BAD501190008D4D501190004EE3D
:1050F000D50119000808D60119000422D6011900AB
:10510000083CD60119000456D60119000870D601D2
:105110001900048AD6011B0008A8D601180018C17E
:10512000D601000004C2D601180018DBD601000029
:1051300004DCD601050008E2D601180018FBD601F0
:10514000000004FCD60118001815D7010000041651
:10515000D7010500081CD70118001835D701000039
:105160000436D7011800184FD70100000450D701AA
:1051700005000856D7011800186FD7010000047009
:10518000D70118001889D7010000048AD70105004B
:105190000890D701180018A9D701000004AAD70168
:1051A000180018C3D701000004C4D701050008CABD
:1051B000D701000004CBD70100000CCED70131008D
:1051C0001900D801FF010B00DA0136001937DA01A6
:1051D00003000B3BDA013100196DDA0107000B7592
:1051E000DA0100001976DA010D000B84DA01000003
:1051F0001985DA0101001487DA0104000B9BDA013A
:1052000004000BA1DA010E000400DF010900060A08
:10521000DF010000040BDF0113000425DF0105009E
:105220000B00E00106000B08E00110000B1BE00181
:1052300006000B23E00101000B26E001040005300D
:10524000E0013D000B8FE00100000600E1012C00B1
:105250000B30E10106000537E10106000C40E101D9
:105260000900064EE1010000194FE101000006901F
:10527000E2011D000BAEE201000006C0E2012B00BE
:105280000BECE20103000CF0E201090016FFE20161
:10529000000006D0E4011A0005EBE40100000BEC6D
:1052A000E40103000CF0E401090006E0E701060058
:1052B00006E8E701030006EDE701010006F0E7015B
:1052C0000E000600E801C4000EC7E80108000BD07C
:1052D000E80106000300E90143000B44E901060070
:1052E000054BE90100000C50E9010900145EE901D9
:1052F00001000E71EC013A0019ACEC0100000EAD9A
:10530000EC01020016B0EC0100000EB1EC0103004C
:105310000E01ED012C00192EED0100000E2FED0104
:105320000E000600EE0103000605EE011A0006213C
:10533000EE0101000624EE0100000627EE01000048
:105340000629EE0109000634EE0103000639EE01DC
:105350000000063BEE0100000642EE010000064799
:10536000EE0100000649EE010000064BEE010000D0
:10537000064DEE0102000651EE0101000654EE0159
:1053800000000657EE0100000659EE010000065B22
:10539000EE010000065DEE010000065FEE01000078
:1053A0000661EE0101000664EE0100000667EE01F1
:1053B0000300066CEE0106000674EE010300067998
:1053C000EE010300067EEE0100000680EE010900FA
:1053D000068BEE01100006A1EE01020006A5EE010B
:1053E000040006ABEE01100018F0EE0101001900F8
:1053F000F0012B001930F001630019A0F0010E003C
:1054000019B1F0010E0019C1F0010E0019D1F0011F
:1054100024000E00F1010C00190DF101A00019E6A5
:10542000F1011C001910F2012B001940F2010800D3
:105430001950F20101001960F20105001900F30191
:10544000FA0017FBF30104001900F401D70219DC7C
:10545000F601100019F0F6010C001900F7017600B2
:10546000197BF7015E0019E0F7010B0019F0F70155
:1054700000001900F8010B001910F801370019504D
:10548000F80109001960F80127001990F8011D00C2
:1054900019B0F80101001900F90153011960FA016E
:1054A0000D001970FA010C001980FA01080019901A
:1054B000FA012D0019BFFA01060019CEFA010D00FC
:1054C00019E0FA01080019F0FA0108001900FB01BF
:1054D00092001994FB0136000CF0FB010900060054
:1054E0000002DFA60600A70239100640B702DD0061
:1054F0000620B802811606B0CE02301D0600F80262
:105500001D02060000034A13065013035F10010139
:10551000000E00000120000E5F000B00010EEF00E6
:10552000000000000000000000000000000000007B
:10553000000000000000000000000000000000006B
:10554000000000000000000000000000000000005B
:10555000101112131415161718190000000000007E
:10556000001A1B1C1D1E1F00000000000000000090
:10557000000000000000000000000000000000002B
:10558000001A1B1C1D1E1F00000000000000000070
:10559000000000000000000000000000000000000B
:1055A00000000000000000000000000000000000FB
:1055B00000000000000000000000000000000000EB
:1055C00000000000000000000000000000000000DB
:1055D00000000000000000000000000000000000CB
:1055E00000000000000000000000000000000000BB
:1055F00000000000000000000000000000000000AB
:10560000000000000000000000000000000000009A
:10561000000000000000000000000000000000008A
:1056200005000000190000007D00000000000000DF
:105630000080E03779C34143176E05B5B5B893468E
:10564000F5F93FE9034F384D321D30F94877825A5A
:105650003CBF737FDD4F1575000000000000F03F78
:10566000000000000000244000000000000059403D
:105670000000000000408F40000000000088C34090
:1056800000000000006AF8400000000080842E4105
:1056900000000000D01263410000000084D7974151
:1056A0000000000065CDCD41000000205FA0024257
:1056B000000000E876483742000000A2941A6D42CC
:1056C000000040E59C30A2420000901EC4BCD642BF
:1056D00000003426F56B0C430080E03779C341436A
:1056E00000A0D8855734764300C84E676DC1AB43E0
:1056F000003D9160E458E143408CB5781DAF1544FE
:1057000050EFE2D6E41A4B4492D54D06CFF08044D8
:10571000F64AE1C7022DB544B49DD9794378EA44ED
:1057200098DF0010A4DF0010B0DF0010BCDF001015
:10573000C8DF0010D4DF0010E0DF0010C8E2001066
:1057400003000068EFF3108C72B60268002AFCD0E8
:10575000BFF35F8F04229A56002A0BDB002900D08A
:105760000A6000201B68BFF35F8F00221A608CF371
:1057700010887047D0221206126801201A71F1E7D2
:10578000F0B5C646160000B504001F000268EFF32E
:10579000108172B61368002BFCD0BFF35F8F042317
:1057A000E3562268002B2BDBBFF35F8F00201060D5
:1057B00081F31088D02212061278002552B290464A
:1057C0009A420ED1002080BCB846F0BDBFF35F8F77
:1057D000156081F310883000390000F0E5FE0028E4
:1057E000F0D12268EFF3108172B61368002BFCD061
:1057F000BFF35F8F237922687F2BE7D9434602E00E
:10580000D0231B061B682371BFF35F8F0023136037
:1058100081F310880120D6E7F0B5C64600B50F0029
:10582000040000F0F1FEFA220E000500002338000B
:105830000021920000F0B0FE4019714106000F1ED9
:1058400002DA0126164F7642D0231B061B6800257C
:1058500098460AE0BFF35F8F156081F3108830002F
:10586000390000F0A1FE002818D12268EFF3108162
:1058700072B61368002BFCD0BFF35F8F23792268C8
:105880007F2BE7D943462371BFF35F8F002313605B
:1058900081F31088012080BCB846F0BD0020FAE7F3
:1058A000FFFFFF7F0268EFF3108172B61368002BD1
:1058B000FCD0BFF35F8FFF2303710368BFF35F8FDB
:1058C00000221A6081F3108840BF7047084B9C4645
:1058D0001B78002B0BD18023064807495B051A680B
:1058E000C25004338B42FAD10123624613707047D1
:1058F000B02A0020502400100001001010B5014B08
:10590000984710BD51240020064B5A6802609A68DF
:105910004260DA6882601A69C2605A6902619B69F2
:1059200043617047000002400268064B5A604268BB
:105930009A608268DA60C2681A6102695A614269D3
:105940009A61704700000240034B1A68C0239B0015
:105950009343024A136070470C8001400C90014051
:10596000054B1A6880239B005340C02292001340CD
:10597000024A13607047C0460C8001400C90014001
:10598000F0B5D6464F4646460023C0B5182786B028
:105990001E0081460D00988A3F493B8814009847B5
:1059A0003B8880463D49B08A984700233C49060021
:1059B000988A3B8898478246FFF788FF6846FFF73A
:1059C000A3FFC047B047FFF7CBFF211E1CD0082321
:1059D000C0209C464005163F6246836A1A401F421B
:1059E00034D0631A002926D1002A0BD1002C0BD009
:1059F000C023082202265B059B6A1A401E423DD046
:105A0000002AF5D0002C2BD1FFF79EFFD047FFF7DF
:105A100075FF6846FFF788FF06B0E0BCBA46B1469E
:105A2000A846F0BD002C2BD1C0225205966A082250
:105A30003240B6072BD50D2B19D9002AF2D1C0223E
:105A40005205966A08223240B607F4D4002A04D1DF
:105A50000B002343002BBFD1D6E70B00002CF9D05D
:105A6000036E013C2B70230001350B43F2E74B46DC
:105A70001B780139036601239944E7E70021E5E734
:105A8000C0235B051B6E013C2B700135A4E70B00A6
:105A9000A242DFD1DCE7C04649460000455800007D
:105AA000464300000022154B10B59A60DA601A6177
:105AB0005A619A61DA611A625A629A62DA621A6308
:105AC0005A639A63DA631A645A649A64DA641A65E8
:105AD0005A659A65DA651A665A669A66DA661A67C8
:105AE0005A679A67DA67F03292000021044800F0A2
:105AF00073FD044B044A1A6010BDC04600001050EC
:105B000088260020502A002080011050F0B547461A
:105B1000CE4680B51C4B00249F6D012685B0002F1A
:105B20001BD01A4B98461A4B994604E00134E4B254
:105B30007600202C11D03E42F8D043469E650123CA
:105B400065086D00A343ED186D014D44280000F079
:105B500013FC002806D1B743E8D105B0C0BCB94654
:105B6000B046F0BDEB8AE0210393002301A8AA7898
:105B7000C900018001210271437100F01DFC280061
:105B800000F098FBE7E7C0460000115000301150CC
:105B9000482600209823C64AF0B5D55880232E0009
:105BA0009B02102485B01E401D4274D0C14BC24CD4
:105BB0009A6AC24B00261A603B23E35C022B00D199
:105BC0004BE17B23E35C022B00D1EFE0BB23E35CE2
:105BD000022B00D1F6E0FB23E35C022B00D1FDE0B9
:105BE0003C23FF33E35C022B00D129E17C23FF330C
:105BF000E35C022B00D10AE1BC23FF33E35C022B00
:105C000000D13BE1FC23FF33E35C022B00D1F1E048
:105C1000AB4BE35C022B00D170E1AA4BE35C022B9F
:105C200000D101E1A84BE35C022B00D171E1A74B4D
:105C3000E35C022B00D12EE1A54BE35C022B00D1EB
:105C40009CE1A44BE35C022B00D16DE1A24BE35C31
:105C5000022B00D19DE1A14BE35C022B00D17BE143
:105C6000002E08D19E4B1B78002B04D180219D4A29
:105C700090338902D150C02269468D4B92009B6CB3
:105C800080265B058A805B0D012101A8029300F04C
:105C900093FB954CB602EB0600D57BE080235B02BC
:105CA0001D422FD00224844F1E43BB7E002B14D0F4
:105CB00000F09AFC012800D970E0C02200213800D1
:105CC000920100F0FDFA380000F0F4FA00F08CFCCC
:105CD000012802D9834B5C661C660123FB702037C8
:105CE000012C20D1C0236A46DB0093807F4A02AB9F
:105CF00003CA03C3012101A800F05EFB8022794B97
:105D000092021A6580235B011D420ED18023DB01C4
:105D10001D4221D180231B021D422DD1AE4200D055
:105D2000BEE105B0F0BD0124BFE700241E43604B77
:105D30001C60FFF7B7FE80236A465B0093801472F5
:105D4000012101A800F038FB8022664B12031A657E
:105D50008023DB011D42DDD01E4380236A46DB0029
:105D60009380012101A800F027FB10225D4B1A65EA
:105D700080231B021D42D1D01E43A0236A46DB00B4
:105D80009380012101A800F017FB8022554B1201DE
:105D90001A65C3E7FFF7BAFE26007FE7544B444A73
:105DA0001C66536E2340A342FBD186E77833E75C41
:105DB000002F00D10AE70233E25C002A00D00DE197
:105DC0003E0003E7B833E75C002F00D103E702335E
:105DD000E25C002A00D0F9E03E00FCE6F833E75C24
:105DE000002F00D1FCE60233E25C002A00D041E142
:105DF0003E00F5E6F933FF33E75C002F00D107E7FB
:105E00000233E25C002A00D02BE13E0000E7793348
:105E1000FF33E75C002F00D1EEE60233E25C002A9C
:105E200000D015E13E00E7E6324BE75C002F00D1E1
:105E3000F8E60233E25C002A00D001E13E00F1E620
:105E40003933FF33E75C002F00D1CFE60233E25C49
:105E5000002A00D0EBE03E00C8E63833E65C002EB6
:105E600000D1AEE60233E25C002A00D1A9E62000B0
:105E700000222030E25400F04BFAA2E6B933FF339F
:105E8000E75C002F00D1BDE60233E25C002A00D0BF
:105E9000C4E03E00B6E6184BE75C002F00D1CBE62D
:105EA0000233E25C002A00D0B0E03E00C4E6C04607
:105EB00000001150004005404826002038260020F0
:105EC0003B0200007B020000BB020000FB0200005E
:105ED0003B0300007B030000BB030000FB0300004A
:105EE000AE2A0020003011501000020000001050B7
:105EF000002011507A020000FA0200006B4BE75CB0
:105F0000002F00D189E60233E25C002A76D13E0000
:105F100083E6674BE75C002F00D188E60233E25C42
:105F2000002A63D13E0082E6624BE75C002F00D17D
:105F30008CE60233E25C002A00D0A3E05E4BE35C17
:105F4000022B30D15D4BE35C002B27D15C4BE35C33
:105F5000022B00D08FE63E005A4BE35C002B00D1B1
:105F60007EE6FF239B00E25C002A00D183E600224C
:105F7000E2541C3BE01800F0CBF97CE6524BE75CA6
:105F8000002F00D15DE60233E25C002A16D13E000C
:105F900057E64A4BE35C002B00D15CE6EF239B0005
:105FA000E25C002A75D1464BE35C022B00D062E62E
:105FB000444BE35C002B00D15DE6D2E70022E254C3
:105FC0001C3BE01800F0A4F93E003AE62000002255
:105FD000A030E2543E0000F09BF9FCE520000022D6
:105FE0006030E2543E0000F093F9EFE50022E25405
:105FF0001C3BE01800F08CF93E0018E60022E25449
:106000001C3BE01800F084F93E0006E60022E25452
:106010001C3BE01800F07CF93E000DE62000002259
:10602000A130FF30E2543E0000F072F9EAE52000B2
:1060300000222130FF30E2543E0000F069F9D5E53E
:106040000022E2541C3BE01800F062F93E00E9E552
:10605000200000226130FF30E2543E0000F058F989
:10606000CAE520000022E130FF30E2543E0000F09B
:106070004FF9CDE520000022E030E2543E0000F070
:1060800047F9ADE50022E2541C3BE01800F040F96E
:1060900054E70022E2541C3BE01800F039F982E793
:1060A00031000A48694000F08FFAC0463A02000009
:1060B000BA0200007A030000BB030000BA0300002C
:1060C000FB030000FA0300003A030000C4DC0010E8
:1060D000F0B58C46838A018B020083B00E1C994276
:1060E00000D91E1CB6B29B1B9CB2D378802118002D
:1060F000451EA841C90031434003084301214B40DC
:10610000D37053789482002B32D11169002E2AD09B
:106110006346D4689B01E418731E0193062B32D9A1
:1061200023000B439B072ED1631A013B022B2AD974
:106130000023B708BF00CD58E5500433BB42FAD165
:106140009E420ED0019DE418EF1ACD18C95C217053
:106150000199994205D06B786370012F01D0AB781B
:10616000A3701169948A802389191B021161184355
:10617000002C02D18023DB0118436346002B00D0A2
:10618000000403B0F0BD0023CD5CE55401339E4212
:10619000FAD1E6E78368F0B51A68002900D0120C3E
:1061A00043789205950D002B09D1C38AEB18C38261
:1061B000038BAB4201D9002383822800F0BD046920
:1061C000002D28D0C36889016F1EBC465E18062FBB
:1061D00027D901315B18E31A022B22D9230033435C
:1061E0009B071ED10023120E9200F158E150043398
:1061F0009A42FAD195420DD063469F1AA318B45C17
:10620000B1181C70944505D04A785A70012F01D0FE
:106210008A789A700469C38A6419EB18C38204618E
:10622000C6E70022B35CA35401329542FAD1046957
:10623000F1E7C04610B50400836800211B68FFF732
:10624000A9FF63681B685B0002D5238B834200D0E3
:1062500010BD01212000FFF79DFFF9E7084B1A6CE4
:106260000023920703D48278D209012A01D01800B2
:106270007047C37E023B5A425341DBB2F7E7C04648
:106280000000115010B5FFF7E9FF00280AD0064BB7
:10629000064A9B6A064912685B189B1A0020C622B0
:1062A0009A42404110BDC0460040054038260020BB
:1062B000E0FCFFFF00238376436103617047C04623
:1062C00010B58368002901D01C682140002A12D033
:1062D0008024E400114322420DD01A6822420CD1DE
:1062E000084A0A401A60084A126C920703D40C2329
:1062F000033BFDD28368196010BD8178034800F02C
:1063000063F9C046FFFBFFFF00001150D8DC00100E
:10631000436870B50021802504001E68FFF7D8FE91
:10632000124B6D011A6C0543A37892070ED55B06DC
:106330000ED00F4B1E4080239B0533436268002123
:10634000136020002A00FFF7BBFF70BDDB09F0D00F
:10635000A38A002BEDD001212000FFF7B9FEA02376
:10636000044ADB05324005431343E7E700001150C0
:10637000FFFFFFAFFFFFFFDF70B5857E0400002D3C
:1063800014D0FFF757FFA38A002B01D1280070BD5E
:106390002000FFF777FF002803D001230025237793
:1063A000F4E72000FFF7B4FF0025EFE7817801480C
:1063B00000F00AF9F8DC0010F0B54746CE4680B58B
:1063C000437805000F0085B0062B07D8694A9B006B
:1063D000D3589F46684A137801331370674B1C6883
:1063E0006269EFF3108172B61368002BFCD0BFF323
:1063F0005F8FA1612000290000F0FEF86269A369A7
:10640000BFF35F8F0021116083F31088002804D14F
:1064100005B0C0BCB946B046F0BD3A0069782878EE
:1064200000F0CAF8F4E70121554B1A788A431A7034
:106430001A7801318A431A7000225A701A78023190
:106440008A431A70CAE74F494F4B88464F491E008E
:106450001A7800240023894612E04B461B6861012C
:106460005B18002B06D0DB69002B03D06968287805
:10647000984732780134E4B2511C2300A14217DB63
:10648000A242EAD89B1A5B014344ECE73C4B1A78E2
:10649000D207BDD504211A780A431A709EE7384BFB
:1064A0001A78D207B4D504211A788A431A7095E76E
:1064B000334A1378904611005B0728D513780422DD
:1064C00001AC93430B7020000021083200F084F8E7
:1064D0002B78237005236370284B1B6818005A69BA
:1064E000EFF3108172B61368002BFCD0BFF35F8FFF
:1064F00006008161210000F07FF87269B369BFF383
:106500005F8F0021116083F3108800282CD143464F
:10651000DB78DB0700D47BE72B7801AC2370032307
:1065200063706B686360154B1D686A69EFF31081D7
:1065300072B61368002BFCD0BFF35F8FA9612800EF
:10654000210000F059F86A69AB69BFF35F8F002141
:10655000116083F31088002800D159E73A00617870
:10656000207800F029F853E73A006178207800F0AD
:1065700023F8CCE7E0E30010AF2A0020C020002081
:1065800068200020FCE30010AD2A0020801F0020BE
:106590007047C0460000000001B40248844601BCB8
:1065A000604700BF292B001001B40248844601BC9B
:1065B000604700BFBD14001001B40248844601BC0E
:1065C000604700BFCD55001001B40248844601BCAD
:1065D000604700BF0508001001B40248844601BCB2
:1065E000604700BFE12D001001B40248844601BCA1
:1065F000604700BFF907001001B40248844601BC9F
:10660000604700BFFD6F001001B40248844601BC22
:10661000604700BF1516001008DA0010D502001000
:1066200010DA001038DA0010F10200103CDA001025
:106630004CDA00100503001050DA001060DA001088
:106640001903001068DA001084DA00102D0300101E
:1066500090DA0010ACDA0010C9030010B8DA0010AC
:10666000D4DA00101D040010E0DA0010F4DA001093
:106670003104001000DB001014DB00104504001092
:106680001CDB001034DB00105904001030DB00105C
:1066900040DB0010750400103CDB00104CDB0010E8
:1066A0009104001048DB0010000000000000000012
:1066B0000000000020A10700100000000000000002
:1066C00000000100000000000000000000000200C7
:1066D00000000000000000000000030000000000B7
:1066E000000000000000FF000000000001B5486845
:1066F00001318E460047704609380149884701BD7F
:10670000350C001000000000000000000000000038
:106710000000000000000000481A002000000000F7
:10672000503300004C33000054330000523300005B
:106730004D5300004D43000053340000433400002B
:106740006D4D0010214D0010954C00100D4C0010A7
:106750000000000000010000C420002010000C0018
:106760000000000000000000000000000000000029
:1067700000000000FF000000008004400000000056
:106780000040044000000000FFFFFFFF0000020087
:106790000000000000000000101100201011002077
:1067A00018110020181100202011002020110020B5
:1067B0002811002028110020301100203011002065
:1067C0003811002038110020401100204011002015
:1067D00048110020481100205011002050110020C5
:1067E0005811002058110020601100206011002075
:1067F0006811002068110020701100207011002025
:1068000078110020781100208011002080110020D4
:106810008811002088110020901100209011002084
:106820009811002098110020A0110020A011002034
:10683000A8110020A8110020B0110020B0110020E4
:10684000B8110020B8110020C0110020C011002094
:10685000C8110020C8110020D0110020D011002044
:10686000D8110020D8110020E0110020E0110020F4
:10687000E8110020E8110020F0110020F0110020A4
:10688000F8110020F8110020001200200012002052
:106890000812002008120020101200201012002000
:1068A00018120020181200202012002020120020B0
:1068B0002812002028120020301200203012002060
:1068C0003812002038120020401200204012002010
:1068D00048120020481200205012002050120020C0
:1068E0005812002058120020601200206012002070
:1068F0006812002068120020701200207012002020
:1069000078120020781200208012002080120020CF
:10691000881200208812002090120020901200207F
:106920009812002098120020A0120020A01200202F
:10693000A8120020A8120020B0120020B0120020DF
:10694000B8120020B8120020C0120020C01200208F
:10695000C8120020C8120020D0120020D01200203F
:10696000D8120020D8120020E0120020E0120020EF
:10697000E8120020E8120020F0120020F01200209F
:10698000F8120020F812002000130020001300204D
:1069900008130020081300201013002010130020FB
:1069A00018130020181300202013002020130020AB
:1069B000281300202813002030130020301300205B
:1069C000381300203813002040130020401300200B
:1069D00048130020481300205013002050130020BB
:1069E000581300205813002060130020601300206B
:1069F000681300206813002070130020701300201B
:106A000078130020781300208013002080130020CA
:106A1000881300208813002090130020901300207A
:106A20009813002098130020A0130020A01300202A
:106A3000A8130020A8130020B0130020B0130020DA
:106A4000B8130020B8130020C0130020C01300208A
:106A5000C8130020C8130020D0130020D01300203A
:106A6000D8130020D8130020E0130020E0130020EA
:106A7000E8130020E8130020F0130020F01300209A
:106A8000F8130020F8130020001400200014002048
:106A900008140020081400201014002010140020F6
:106AA00018140020181400202014002020140020A6
:106AB0002814002028140020301400203014002056
:106AC0003814002038140020401400204014002006
:106AD00048140020481400205014002050140020B6
:106AE0005814002058140020601400206014002066
:106AF0006814002068140020701400207014002016
:106B000078140020781400208014002080140020C5
:106B10008814002088140020901400209014002075
:106B20009814002098140020A0140020A014002025
:106B3000A8140020A8140020B0140020B0140020D5
:106B4000B8140020B8140020C0140020C014002085
:106B5000C8140020C8140020D0140020D014002035
:106B6000D8140020D8140020E0140020E0140020E5
:106B7000E8140020E8140020F0140020F014002095
:106B8000F8140020F8140020001500200015002043
:106B90000815002008150020201500200000000026
:106BA00000000000481E0020B01E0020181F00201A
:106BB00000000000000000000000000000000000D5
:106BC00000000000000000000000000000000000C5
:106BD00000000000000000000000000000000000B5
:106BE00000000000000000000000000000000000A5
:106BF0000000000000000000000000000000000095
:106C00000000000000000000000000000000000084
:106C10000000000000000000000000000000000074
:106C20000000000000000000000000000000000064
:106C30000000000000000000010000000000000053
:106C40000E33CDAB34126DE6ECDE05000B00000018
:106C50000000000000000000000000000000000034
:106C60000000000000000000000000000000000024
:106C70000000000000000000000000000000000014
:106C80000000000000000000000000000000000004
:106C900000000000000000000000000000000000F4
:106CA00000000000000000000000000000000000E4
:106CB00000000000000000000000000000000000D4
:106CC00000000000000000000000000000000000C4
:106CD00000000000000000000000000000000000B4
:106CE00000000000000000000000000000000000A4
:106CF0000000000000000000000000000000000094
:106D00000000000000000000000000000000000083
:106D10000000000000000000000000000000000073
:106D20000000000000000000000000000000000063
:106D30000000000000000000000000000000000053
:106D40000000000000000000000000000000000043
:106D50000000000000000000000000000000000033
:106D60000000000000000000000000000000000023
:106D70000000000000000000000000000000000013
:106D80000000000000000000000000000000000003
:106D900000000000000000000000000000000000F3
:106DA00043000000000000000000000000000000A0
:106DB00000000000000000000000000000000000D3
:106DC0004300000000000000000000000000000080
:106DD00000000000000000000000000000000000B3
:106DE0004300000000000000000000000000000060
:106DF0000000000000000000000000000000000093
:106E0000430000000000000000000000000000003F
:106E10000000000000000000000000000000000072
:106E2000430000000000000000000000000000001F
:106E30000000000000000000000000000000000052
:106E400043000000000000000000000000000000FF
:106E50000000000000000000000000000000000032
:106E600043000000000000000000000000000000DF
:106E70000000000000000000000000000000000012
:106E800043000000000000000000000000000000BF
:106E900000000000000000000000000000000000F2
:106EA00000000000000000000000000000000000E2
:106EB00000000000000000000000000000000000D2
:106EC00000000000000000000000000000000000C2
:106ED00000000000000000000000000000000000B2
:106EE00000000000000000000000000000000000A2
:106EF0000000000000000000000000000000000092
:106F00000000000000000000000000000000000081
:106F10000000000000000000000000000000000071
:106F20000000000000000000000000000000000061
:106F30000000000000000000000000000000000051
:106F40000000000000000000000000000000000041
:106F50000000000000000000000000000000000031
:106F6000000000000000000059D60010F1CA001017
:106F70000000000050E9001048DE001080D9001029
:106F800080D9001080D9001080D9001080D900105D
:106F900080D9001080D9001080D9001080D900104D
:106FA000FFFFFFFFFFFFFFFFFFFFFFFFFFFF0000EF
:106FB0000100415343494900000000000000000067
:106FC00000000000000000000000000000000000C1
:106FD0000000415343494900000000000000000048
:106FE00000000000000000000000000000000000A1
:0C6FF00000000000000000000000000095
:04000005100001E9FD
:00000001FF
