
/Users/milanatroanova/Repositories/pico/mcu/03-adc/build/02_control.elf:     file format elf32-littlearm

Sections:
Idx Name          Size      VMA       LMA       File off  Algn
  0 .boot2        00000100  10000000  10000000  00001000  2**0
                  CONTENTS, ALLOC, LOAD, READONLY, CODE
  1 .text         0000718c  10000100  10000100  00001100  2**3
                  CONTENTS, ALLOC, LOAD, READONLY, CODE
  2 .rodata       0000083c  10007290  10007290  00008290  2**3
                  CONTENTS, ALLOC, LOAD, READONLY, DATA
  3 .binary_info  00000020  10007acc  10007acc  00008acc  2**2
                  CONTENTS, ALLOC, LOAD, READONLY, DATA
  4 .ram_vector_table 000000c0  20000000  20000000  0000b000  2**2
                  ALLOC
  5 .uninitialized_data 00000000  200000c0  200000c0  0000a0d0  2**0
                  CONTENTS
  6 .data         00001010  200000c0  10007aec  000090c0  2**4
                  CONTENTS, ALLOC, LOAD, READONLY, CODE
  7 .tdata        00000000  200010d0  200010d0  0000a0d0  2**0
                  CONTENTS, ALLOC, LOAD, DATA, THREAD_LOCAL
  8 .tbss         00000000  200010d0  200010d0  00000000  2**0
                  ALLOC, THREAD_LOCAL
  9 .bss          00000fa4  200010d0  10008afc  0000a0d0  2**3
                  ALLOC
 10 .heap         00000800  20002074  10008afc  0000b074  2**2
                  ALLOC, READONLY
 11 .scratch_x    00000000  20040000  20040000  0000a0d0  2**0
                  CONTENTS
 12 .scratch_y    00000000  20041000  20041000  0000a0d0  2**0
                  CONTENTS
 13 .stack_dummy  00000800  20041000  20041000  0000b000  2**5
                  ALLOC, READONLY
 14 .ARM.attributes 00000028  00000000  00000000  0000a0d0  2**0
                  CONTENTS, READONLY
 15 .comment      00000045  00000000  00000000  0000a0f8  2**0
                  CONTENTS, READONLY
 16 .debug_info   000327e7  00000000  00000000  0000a13d  2**0
                  CONTENTS, READONLY, DEBUGGING, OCTETS
 17 .debug_abbrev 00009285  00000000  00000000  0003c924  2**0
                  CONTENTS, READONLY, DEBUGGING, OCTETS
 18 .debug_loclists 0001aa06  00000000  00000000  00045ba9  2**0
                  CONTENTS, READONLY, DEBUGGING, OCTETS
 19 .debug_aranges 00001798  00000000  00000000  000605b0  2**3
                  CONTENTS, READONLY, DEBUGGING, OCTETS
 20 .debug_rnglists 0000469f  00000000  00000000  00061d48  2**0
                  CONTENTS, READONLY, DEBUGGING, OCTETS
 21 .debug_line   0002655f  00000000  00000000  000663e7  2**0
                  CONTENTS, READONLY, DEBUGGING, OCTETS
 22 .debug_str    00009055  00000000  00000000  0008c946  2**0
                  CONTENTS, READONLY, DEBUGGING, OCTETS
 23 .debug_frame  000030b0  00000000  00000000  0009599c  2**2
                  CONTENTS, READONLY, DEBUGGING, OCTETS
 24 .debug_line_str 000004bd  00000000  00000000  00098a4c  2**0
                  CONTENTS, READONLY, DEBUGGING, OCTETS

/Users/milanatroanova/Repositories/pico/mcu/03-adc/build/02_control.elf:     file format elf32-littlearm


Disassembly of section .boot2:

10000000 <__boot2_start__>:
10000000:	4b32b500 	.word	0x4b32b500
10000004:	60582021 	.word	0x60582021
10000008:	21026898 	.word	0x21026898
1000000c:	60984388 	.word	0x60984388
10000010:	611860d8 	.word	0x611860d8
10000014:	4b2e6158 	.word	0x4b2e6158
10000018:	60992100 	.word	0x60992100
1000001c:	61592102 	.word	0x61592102
10000020:	22f02101 	.word	0x22f02101
10000024:	492b5099 	.word	0x492b5099
10000028:	21016019 	.word	0x21016019
1000002c:	20356099 	.word	0x20356099
10000030:	f844f000 	.word	0xf844f000
10000034:	42902202 	.word	0x42902202
10000038:	2106d014 	.word	0x2106d014
1000003c:	f0006619 	.word	0xf0006619
10000040:	6e19f834 	.word	0x6e19f834
10000044:	66192101 	.word	0x66192101
10000048:	66182000 	.word	0x66182000
1000004c:	f000661a 	.word	0xf000661a
10000050:	6e19f82c 	.word	0x6e19f82c
10000054:	6e196e19 	.word	0x6e196e19
10000058:	f0002005 	.word	0xf0002005
1000005c:	2101f82f 	.word	0x2101f82f
10000060:	d1f94208 	.word	0xd1f94208
10000064:	60992100 	.word	0x60992100
10000068:	6019491b 	.word	0x6019491b
1000006c:	60592100 	.word	0x60592100
10000070:	481b491a 	.word	0x481b491a
10000074:	21016001 	.word	0x21016001
10000078:	21eb6099 	.word	0x21eb6099
1000007c:	21a06619 	.word	0x21a06619
10000080:	f0006619 	.word	0xf0006619
10000084:	2100f812 	.word	0x2100f812
10000088:	49166099 	.word	0x49166099
1000008c:	60014814 	.word	0x60014814
10000090:	60992101 	.word	0x60992101
10000094:	2800bc01 	.word	0x2800bc01
10000098:	4700d000 	.word	0x4700d000
1000009c:	49134812 	.word	0x49134812
100000a0:	c8036008 	.word	0xc8036008
100000a4:	8808f380 	.word	0x8808f380
100000a8:	b5034708 	.word	0xb5034708
100000ac:	20046a99 	.word	0x20046a99
100000b0:	d0fb4201 	.word	0xd0fb4201
100000b4:	42012001 	.word	0x42012001
100000b8:	bd03d1f8 	.word	0xbd03d1f8
100000bc:	6618b502 	.word	0x6618b502
100000c0:	f7ff6618 	.word	0xf7ff6618
100000c4:	6e18fff2 	.word	0x6e18fff2
100000c8:	bd026e18 	.word	0xbd026e18
100000cc:	40020000 	.word	0x40020000
100000d0:	18000000 	.word	0x18000000
100000d4:	00070000 	.word	0x00070000
100000d8:	005f0300 	.word	0x005f0300
100000dc:	00002221 	.word	0x00002221
100000e0:	180000f4 	.word	0x180000f4
100000e4:	a0002022 	.word	0xa0002022
100000e8:	10000100 	.word	0x10000100
100000ec:	e000ed08 	.word	0xe000ed08
	...
100000fc:	7a4eb274 	.word	0x7a4eb274

Disassembly of section .text:

10000100 <__VECTOR_TABLE>:
10000100:	20042000 	.word	0x20042000
10000104:	100001f7 	.word	0x100001f7
10000108:	100001cb 	.word	0x100001cb
1000010c:	100001cd 	.word	0x100001cd
10000110:	100001c9 	.word	0x100001c9
10000114:	100001c9 	.word	0x100001c9
10000118:	100001c9 	.word	0x100001c9
1000011c:	100001c9 	.word	0x100001c9
10000120:	100001c9 	.word	0x100001c9
10000124:	100001c9 	.word	0x100001c9
10000128:	100001c9 	.word	0x100001c9
1000012c:	100001cf 	.word	0x100001cf
10000130:	100001c9 	.word	0x100001c9
10000134:	100001c9 	.word	0x100001c9
10000138:	100001d1 	.word	0x100001d1
1000013c:	100001d3 	.word	0x100001d3
10000140:	100001c1 	.word	0x100001c1
10000144:	100001c1 	.word	0x100001c1
10000148:	100001c1 	.word	0x100001c1
1000014c:	100001c1 	.word	0x100001c1
10000150:	100001c1 	.word	0x100001c1
10000154:	100001c1 	.word	0x100001c1
10000158:	100001c1 	.word	0x100001c1
1000015c:	100001c1 	.word	0x100001c1
10000160:	100001c1 	.word	0x100001c1
10000164:	100001c1 	.word	0x100001c1
10000168:	100001c1 	.word	0x100001c1
1000016c:	100001c1 	.word	0x100001c1
10000170:	100001c1 	.word	0x100001c1
10000174:	100001c1 	.word	0x100001c1
10000178:	100001c1 	.word	0x100001c1
1000017c:	100001c1 	.word	0x100001c1
10000180:	100001c1 	.word	0x100001c1
10000184:	100001c1 	.word	0x100001c1
10000188:	100001c1 	.word	0x100001c1
1000018c:	100001c1 	.word	0x100001c1
10000190:	100001c1 	.word	0x100001c1
10000194:	100001c1 	.word	0x100001c1
10000198:	100001c1 	.word	0x100001c1
1000019c:	100001c1 	.word	0x100001c1
100001a0:	100001c1 	.word	0x100001c1
100001a4:	100001c1 	.word	0x100001c1
100001a8:	100001c1 	.word	0x100001c1
100001ac:	100001c1 	.word	0x100001c1
100001b0:	100001c1 	.word	0x100001c1
100001b4:	100001c1 	.word	0x100001c1
100001b8:	100001c1 	.word	0x100001c1
100001bc:	100001c1 	.word	0x100001c1

100001c0 <__unhandled_user_irq>:
100001c0:	f3ef 8005 	mrs	r0, IPSR
100001c4:	3810      	subs	r0, #16

100001c6 <unhandled_user_irq_num_in_r0>:
100001c6:	be00      	bkpt	0x0000

100001c8 <isr_invalid>:
100001c8:	be00      	bkpt	0x0000

100001ca <isr_nmi>:
100001ca:	be00      	bkpt	0x0000

100001cc <isr_hardfault>:
100001cc:	be00      	bkpt	0x0000

100001ce <isr_svcall>:
100001ce:	be00      	bkpt	0x0000

100001d0 <isr_pendsv>:
100001d0:	be00      	bkpt	0x0000

100001d2 <isr_systick>:
100001d2:	be00      	bkpt	0x0000

100001d4 <__default_isrs_end>:
100001d4:	7188ebf2 	.word	0x7188ebf2
100001d8:	10007acc 	.word	0x10007acc
100001dc:	10007aec 	.word	0x10007aec
100001e0:	10000238 	.word	0x10000238
100001e4:	e71aa390 	.word	0xe71aa390

100001e8 <_entry_point>:
100001e8:	481e      	ldr	r0, [pc, #120]	@ (10000264 <data_cpy_table+0x2c>)

100001ea <_enter_vtable_in_r0>:
100001ea:	491f      	ldr	r1, [pc, #124]	@ (10000268 <data_cpy_table+0x30>)
100001ec:	6008      	str	r0, [r1, #0]
100001ee:	c806      	ldmia	r0!, {r1, r2}
100001f0:	f381 8808 	msr	MSP, r1
100001f4:	4710      	bx	r2

100001f6 <_reset_handler>:
100001f6:	481d      	ldr	r0, [pc, #116]	@ (1000026c <data_cpy_table+0x34>)
100001f8:	6800      	ldr	r0, [r0, #0]
100001fa:	2800      	cmp	r0, #0
100001fc:	d001      	beq.n	10000202 <hold_non_core0_in_bootrom+0x4>

100001fe <hold_non_core0_in_bootrom>:
100001fe:	4819      	ldr	r0, [pc, #100]	@ (10000264 <data_cpy_table+0x2c>)
10000200:	e7f3      	b.n	100001ea <_enter_vtable_in_r0>
10000202:	a40d      	add	r4, pc, #52	@ (adr r4, 10000238 <data_cpy_table>)
10000204:	cc0e      	ldmia	r4!, {r1, r2, r3}
10000206:	2900      	cmp	r1, #0
10000208:	d002      	beq.n	10000210 <hold_non_core0_in_bootrom+0x12>
1000020a:	f000 f812 	bl	10000232 <data_cpy>
1000020e:	e7f9      	b.n	10000204 <hold_non_core0_in_bootrom+0x6>
10000210:	4917      	ldr	r1, [pc, #92]	@ (10000270 <data_cpy_table+0x38>)
10000212:	4a18      	ldr	r2, [pc, #96]	@ (10000274 <data_cpy_table+0x3c>)
10000214:	2000      	movs	r0, #0
10000216:	e000      	b.n	1000021a <bss_fill_test>

10000218 <bss_fill_loop>:
10000218:	c101      	stmia	r1!, {r0}

1000021a <bss_fill_test>:
1000021a:	4291      	cmp	r1, r2
1000021c:	d1fc      	bne.n	10000218 <bss_fill_loop>

1000021e <platform_entry>:
1000021e:	4916      	ldr	r1, [pc, #88]	@ (10000278 <data_cpy_table+0x40>)
10000220:	4788      	blx	r1
10000222:	4916      	ldr	r1, [pc, #88]	@ (1000027c <data_cpy_table+0x44>)
10000224:	4788      	blx	r1
10000226:	4916      	ldr	r1, [pc, #88]	@ (10000280 <data_cpy_table+0x48>)
10000228:	4788      	blx	r1
1000022a:	be00      	bkpt	0x0000
1000022c:	e7fd      	b.n	1000022a <platform_entry+0xc>

1000022e <data_cpy_loop>:
1000022e:	c901      	ldmia	r1!, {r0}
10000230:	c201      	stmia	r2!, {r0}

10000232 <data_cpy>:
10000232:	429a      	cmp	r2, r3
10000234:	d3fb      	bcc.n	1000022e <data_cpy_loop>
10000236:	4770      	bx	lr

10000238 <data_cpy_table>:
10000238:	10007aec 	.word	0x10007aec
1000023c:	200000c0 	.word	0x200000c0
10000240:	200010d0 	.word	0x200010d0
10000244:	10008afc 	.word	0x10008afc
10000248:	20040000 	.word	0x20040000
1000024c:	20040000 	.word	0x20040000
10000250:	10008afc 	.word	0x10008afc
10000254:	20041000 	.word	0x20041000
10000258:	20041000 	.word	0x20041000
1000025c:	00000000 	.word	0x00000000
10000260:	4770      	bx	lr
10000262:	0000      	.short	0x0000
10000264:	00000000 	.word	0x00000000
10000268:	e000ed08 	.word	0xe000ed08
1000026c:	d0000000 	.word	0xd0000000
10000270:	200010d0 	.word	0x200010d0
10000274:	20002074 	.word	0x20002074
10000278:	10004381 	.word	0x10004381
1000027c:	1000038d 	.word	0x1000038d
10000280:	10004379 	.word	0x10004379

10000284 <_init>:
10000284:	b5f8      	push	{r3, r4, r5, r6, r7, lr}
10000286:	46c0      	nop			@ (mov r8, r8)

10000288 <register_tm_clones>:
10000288:	4806      	ldr	r0, [pc, #24]	@ (100002a4 <register_tm_clones+0x1c>)
1000028a:	4907      	ldr	r1, [pc, #28]	@ (100002a8 <register_tm_clones+0x20>)
1000028c:	1a09      	subs	r1, r1, r0
1000028e:	108b      	asrs	r3, r1, #2
10000290:	0fc9      	lsrs	r1, r1, #31
10000292:	18c9      	adds	r1, r1, r3
10000294:	b510      	push	{r4, lr}
10000296:	1049      	asrs	r1, r1, #1
10000298:	d003      	beq.n	100002a2 <register_tm_clones+0x1a>
1000029a:	4b04      	ldr	r3, [pc, #16]	@ (100002ac <register_tm_clones+0x24>)
1000029c:	2b00      	cmp	r3, #0
1000029e:	d000      	beq.n	100002a2 <register_tm_clones+0x1a>
100002a0:	4798      	blx	r3
100002a2:	bd10      	pop	{r4, pc}
100002a4:	200010d0 	.word	0x200010d0
100002a8:	200010d0 	.word	0x200010d0
100002ac:	00000000 	.word	0x00000000

100002b0 <frame_dummy>:
100002b0:	4b05      	ldr	r3, [pc, #20]	@ (100002c8 <frame_dummy+0x18>)
100002b2:	b510      	push	{r4, lr}
100002b4:	2b00      	cmp	r3, #0
100002b6:	d003      	beq.n	100002c0 <frame_dummy+0x10>
100002b8:	4904      	ldr	r1, [pc, #16]	@ (100002cc <frame_dummy+0x1c>)
100002ba:	4805      	ldr	r0, [pc, #20]	@ (100002d0 <frame_dummy+0x20>)
100002bc:	e000      	b.n	100002c0 <frame_dummy+0x10>
100002be:	bf00      	nop
100002c0:	f7ff ffe2 	bl	10000288 <register_tm_clones>
100002c4:	bd10      	pop	{r4, pc}
100002c6:	46c0      	nop			@ (mov r8, r8)
100002c8:	00000000 	.word	0x00000000
100002cc:	20002004 	.word	0x20002004
100002d0:	1000728c 	.word	0x1000728c

100002d4 <version_callback>:
100002d4:	b510      	push	{r4, lr}
100002d6:	4a03      	ldr	r2, [pc, #12]	@ (100002e4 <version_callback+0x10>)
100002d8:	4903      	ldr	r1, [pc, #12]	@ (100002e8 <version_callback+0x14>)
100002da:	4804      	ldr	r0, [pc, #16]	@ (100002ec <version_callback+0x18>)
100002dc:	f004 fa96 	bl	1000480c <__wrap_printf>
100002e0:	bd10      	pop	{r4, pc}
100002e2:	46c0      	nop			@ (mov r8, r8)
100002e4:	10007290 	.word	0x10007290
100002e8:	10007298 	.word	0x10007298
100002ec:	100072a8 	.word	0x100072a8

100002f0 <led_on_callback>:
100002f0:	b510      	push	{r4, lr}
100002f2:	4803      	ldr	r0, [pc, #12]	@ (10000300 <led_on_callback+0x10>)
100002f4:	f004 fa08 	bl	10004708 <__wrap_puts>
100002f8:	2001      	movs	r0, #1
100002fa:	f000 f955 	bl	100005a8 <led_task_state_set>
100002fe:	bd10      	pop	{r4, pc}
10000300:	100072d4 	.word	0x100072d4

10000304 <led_off_callback>:
10000304:	b510      	push	{r4, lr}
10000306:	4803      	ldr	r0, [pc, #12]	@ (10000314 <led_off_callback+0x10>)
10000308:	f004 f9fe 	bl	10004708 <__wrap_puts>
1000030c:	2000      	movs	r0, #0
1000030e:	f000 f94b 	bl	100005a8 <led_task_state_set>
10000312:	bd10      	pop	{r4, pc}
10000314:	100072dc 	.word	0x100072dc

10000318 <led_blink_callback>:
10000318:	b510      	push	{r4, lr}
1000031a:	4803      	ldr	r0, [pc, #12]	@ (10000328 <led_blink_callback+0x10>)
1000031c:	f004 f9f4 	bl	10004708 <__wrap_puts>
10000320:	2002      	movs	r0, #2
10000322:	f000 f941 	bl	100005a8 <led_task_state_set>
10000326:	bd10      	pop	{r4, pc}
10000328:	100072e8 	.word	0x100072e8

1000032c <adc_callback>:
1000032c:	b510      	push	{r4, lr}
1000032e:	f000 f957 	bl	100005e0 <adc_task_getV>
10000332:	f002 fbdf 	bl	10002af4 <__wrap___aeabi_f2d>
10000336:	0002      	movs	r2, r0
10000338:	000b      	movs	r3, r1
1000033a:	4802      	ldr	r0, [pc, #8]	@ (10000344 <adc_callback+0x18>)
1000033c:	f004 fa66 	bl	1000480c <__wrap_printf>
10000340:	bd10      	pop	{r4, pc}
10000342:	46c0      	nop			@ (mov r8, r8)
10000344:	100072f4 	.word	0x100072f4

10000348 <adc_t_callback>:
10000348:	b510      	push	{r4, lr}
1000034a:	f000 f973 	bl	10000634 <adc_task_getT>
1000034e:	f002 fbd1 	bl	10002af4 <__wrap___aeabi_f2d>
10000352:	0002      	movs	r2, r0
10000354:	000b      	movs	r3, r1
10000356:	4802      	ldr	r0, [pc, #8]	@ (10000360 <adc_t_callback+0x18>)
10000358:	f004 fa58 	bl	1000480c <__wrap_printf>
1000035c:	bd10      	pop	{r4, pc}
1000035e:	46c0      	nop			@ (mov r8, r8)
10000360:	100072f4 	.word	0x100072f4

10000364 <tm_start_callback>:
10000364:	b510      	push	{r4, lr}
10000366:	2001      	movs	r0, #1
10000368:	f000 f9a4 	bl	100006b4 <adc_task_set_state>
1000036c:	4801      	ldr	r0, [pc, #4]	@ (10000374 <tm_start_callback+0x10>)
1000036e:	f004 f9cb 	bl	10004708 <__wrap_puts>
10000372:	bd10      	pop	{r4, pc}
10000374:	100072f8 	.word	0x100072f8

10000378 <tm_stop_callback>:
10000378:	b510      	push	{r4, lr}
1000037a:	2000      	movs	r0, #0
1000037c:	f000 f99a 	bl	100006b4 <adc_task_set_state>
10000380:	4801      	ldr	r0, [pc, #4]	@ (10000388 <tm_stop_callback+0x10>)
10000382:	f004 f9c1 	bl	10004708 <__wrap_puts>
10000386:	bd10      	pop	{r4, pc}
10000388:	1000730c 	.word	0x1000730c

1000038c <main>:
1000038c:	b510      	push	{r4, lr}
1000038e:	f000 f819 	bl	100003c4 <stdio_task_init>
10000392:	f004 f91f 	bl	100045d4 <stdio_init_all>
10000396:	480a      	ldr	r0, [pc, #40]	@ (100003c0 <main+0x34>)
10000398:	f000 f844 	bl	10000424 <protocol_task_init>
1000039c:	f000 f8a8 	bl	100004f0 <led_task_init>
100003a0:	f000 f908 	bl	100005b4 <adc_task_init>
100003a4:	f000 f8ba 	bl	1000051c <led_task_handle>
100003a8:	f000 f812 	bl	100003d0 <stdio_task_handle>
100003ac:	0004      	movs	r4, r0
100003ae:	f000 f991 	bl	100006d4 <adc_task_handle>
100003b2:	2c00      	cmp	r4, #0
100003b4:	d0f6      	beq.n	100003a4 <main+0x18>
100003b6:	0020      	movs	r0, r4
100003b8:	f000 f850 	bl	1000045c <protocol_task_handle>
100003bc:	e7f2      	b.n	100003a4 <main+0x18>
100003be:	46c0      	nop			@ (mov r8, r8)
100003c0:	20000f98 	.word	0x20000f98

100003c4 <stdio_task_init>:
100003c4:	2200      	movs	r2, #0
100003c6:	4b01      	ldr	r3, [pc, #4]	@ (100003cc <stdio_task_init+0x8>)
100003c8:	601a      	str	r2, [r3, #0]
100003ca:	4770      	bx	lr
100003cc:	20001b94 	.word	0x20001b94

100003d0 <stdio_task_handle>:
100003d0:	b510      	push	{r4, lr}
100003d2:	2000      	movs	r0, #0
100003d4:	f004 f902 	bl	100045dc <stdio_getchar_timeout_us>
100003d8:	0004      	movs	r4, r0
100003da:	1c83      	adds	r3, r0, #2
100003dc:	d00d      	beq.n	100003fa <stdio_task_handle+0x2a>
100003de:	f004 f949 	bl	10004674 <__wrap_putchar>
100003e2:	4a0d      	ldr	r2, [pc, #52]	@ (10000418 <stdio_task_handle+0x48>)
100003e4:	6813      	ldr	r3, [r2, #0]
100003e6:	2c0d      	cmp	r4, #13
100003e8:	d009      	beq.n	100003fe <stdio_task_handle+0x2e>
100003ea:	2c0a      	cmp	r4, #10
100003ec:	d007      	beq.n	100003fe <stdio_task_handle+0x2e>
100003ee:	2b7e      	cmp	r3, #126	@ 0x7e
100003f0:	dc0f      	bgt.n	10000412 <stdio_task_handle+0x42>
100003f2:	490a      	ldr	r1, [pc, #40]	@ (1000041c <stdio_task_handle+0x4c>)
100003f4:	54cc      	strb	r4, [r1, r3]
100003f6:	3301      	adds	r3, #1
100003f8:	6013      	str	r3, [r2, #0]
100003fa:	2000      	movs	r0, #0
100003fc:	bd10      	pop	{r4, pc}
100003fe:	2100      	movs	r1, #0
10000400:	4c06      	ldr	r4, [pc, #24]	@ (1000041c <stdio_task_handle+0x4c>)
10000402:	6011      	str	r1, [r2, #0]
10000404:	54e1      	strb	r1, [r4, r3]
10000406:	4806      	ldr	r0, [pc, #24]	@ (10000420 <stdio_task_handle+0x50>)
10000408:	0021      	movs	r1, r4
1000040a:	f004 f9ff 	bl	1000480c <__wrap_printf>
1000040e:	0020      	movs	r0, r4
10000410:	e7f4      	b.n	100003fc <stdio_task_handle+0x2c>
10000412:	2300      	movs	r3, #0
10000414:	6013      	str	r3, [r2, #0]
10000416:	e7f0      	b.n	100003fa <stdio_task_handle+0x2a>
10000418:	20001b94 	.word	0x20001b94
1000041c:	20001b14 	.word	0x20001b14
10000420:	10007418 	.word	0x10007418

10000424 <protocol_task_init>:
10000424:	4b0b      	ldr	r3, [pc, #44]	@ (10000454 <protocol_task_init+0x30>)
10000426:	6018      	str	r0, [r3, #0]
10000428:	4b0b      	ldr	r3, [pc, #44]	@ (10000458 <protocol_task_init+0x34>)
1000042a:	469c      	mov	ip, r3
1000042c:	2300      	movs	r3, #0
1000042e:	4662      	mov	r2, ip
10000430:	6013      	str	r3, [r2, #0]
10000432:	2800      	cmp	r0, #0
10000434:	d00c      	beq.n	10000450 <protocol_task_init+0x2c>
10000436:	6803      	ldr	r3, [r0, #0]
10000438:	2b00      	cmp	r3, #0
1000043a:	d009      	beq.n	10000450 <protocol_task_init+0x2c>
1000043c:	2301      	movs	r3, #1
1000043e:	300c      	adds	r0, #12
10000440:	6802      	ldr	r2, [r0, #0]
10000442:	0019      	movs	r1, r3
10000444:	300c      	adds	r0, #12
10000446:	3301      	adds	r3, #1
10000448:	2a00      	cmp	r2, #0
1000044a:	d1f9      	bne.n	10000440 <protocol_task_init+0x1c>
1000044c:	4663      	mov	r3, ip
1000044e:	6019      	str	r1, [r3, #0]
10000450:	4770      	bx	lr
10000452:	46c0      	nop			@ (mov r8, r8)
10000454:	20001a00 	.word	0x20001a00
10000458:	20001b98 	.word	0x20001b98

1000045c <protocol_task_handle>:
1000045c:	b5f0      	push	{r4, r5, r6, r7, lr}
1000045e:	46c6      	mov	lr, r8
10000460:	0006      	movs	r6, r0
10000462:	b500      	push	{lr}
10000464:	2800      	cmp	r0, #0
10000466:	d025      	beq.n	100004b4 <protocol_task_handle+0x58>
10000468:	2120      	movs	r1, #32
1000046a:	f006 fdbd 	bl	10006fe8 <strchr>
1000046e:	2800      	cmp	r0, #0
10000470:	d02c      	beq.n	100004cc <protocol_task_handle+0x70>
10000472:	2300      	movs	r3, #0
10000474:	7003      	strb	r3, [r0, #0]
10000476:	1c43      	adds	r3, r0, #1
10000478:	4698      	mov	r8, r3
1000047a:	0031      	movs	r1, r6
1000047c:	4815      	ldr	r0, [pc, #84]	@ (100004d4 <protocol_task_handle+0x78>)
1000047e:	f004 f9c5 	bl	1000480c <__wrap_printf>
10000482:	4641      	mov	r1, r8
10000484:	4814      	ldr	r0, [pc, #80]	@ (100004d8 <protocol_task_handle+0x7c>)
10000486:	f004 f9c1 	bl	1000480c <__wrap_printf>
1000048a:	4b14      	ldr	r3, [pc, #80]	@ (100004dc <protocol_task_handle+0x80>)
1000048c:	681f      	ldr	r7, [r3, #0]
1000048e:	2f00      	cmp	r7, #0
10000490:	dd13      	ble.n	100004ba <protocol_task_handle+0x5e>
10000492:	4b13      	ldr	r3, [pc, #76]	@ (100004e0 <protocol_task_handle+0x84>)
10000494:	2500      	movs	r5, #0
10000496:	681c      	ldr	r4, [r3, #0]
10000498:	e003      	b.n	100004a2 <protocol_task_handle+0x46>
1000049a:	3501      	adds	r5, #1
1000049c:	340c      	adds	r4, #12
1000049e:	42bd      	cmp	r5, r7
100004a0:	d00b      	beq.n	100004ba <protocol_task_handle+0x5e>
100004a2:	0030      	movs	r0, r6
100004a4:	6821      	ldr	r1, [r4, #0]
100004a6:	f006 fdf9 	bl	1000709c <strcmp>
100004aa:	2800      	cmp	r0, #0
100004ac:	d1f5      	bne.n	1000049a <protocol_task_handle+0x3e>
100004ae:	4640      	mov	r0, r8
100004b0:	6863      	ldr	r3, [r4, #4]
100004b2:	4798      	blx	r3
100004b4:	bc80      	pop	{r7}
100004b6:	46b8      	mov	r8, r7
100004b8:	bdf0      	pop	{r4, r5, r6, r7, pc}
100004ba:	2164      	movs	r1, #100	@ 0x64
100004bc:	4809      	ldr	r0, [pc, #36]	@ (100004e4 <protocol_task_handle+0x88>)
100004be:	f004 f9a5 	bl	1000480c <__wrap_printf>
100004c2:	0031      	movs	r1, r6
100004c4:	4808      	ldr	r0, [pc, #32]	@ (100004e8 <protocol_task_handle+0x8c>)
100004c6:	f004 f9a1 	bl	1000480c <__wrap_printf>
100004ca:	e7f3      	b.n	100004b4 <protocol_task_handle+0x58>
100004cc:	4b07      	ldr	r3, [pc, #28]	@ (100004ec <protocol_task_handle+0x90>)
100004ce:	4698      	mov	r8, r3
100004d0:	e7d3      	b.n	1000047a <protocol_task_handle+0x1e>
100004d2:	46c0      	nop			@ (mov r8, r8)
100004d4:	10007430 	.word	0x10007430
100004d8:	10007458 	.word	0x10007458
100004dc:	20001b98 	.word	0x20001b98
100004e0:	20001a00 	.word	0x20001a00
100004e4:	10007474 	.word	0x10007474
100004e8:	10007478 	.word	0x10007478
100004ec:	100072d0 	.word	0x100072d0

100004f0 <led_task_init>:
100004f0:	2200      	movs	r2, #0
100004f2:	2000      	movs	r0, #0
100004f4:	2100      	movs	r1, #0
100004f6:	4b07      	ldr	r3, [pc, #28]	@ (10000514 <led_task_init+0x24>)
100004f8:	b510      	push	{r4, lr}
100004fa:	701a      	strb	r2, [r3, #0]
100004fc:	4b06      	ldr	r3, [pc, #24]	@ (10000518 <led_task_init+0x28>)
100004fe:	c303      	stmia	r3!, {r0, r1}
10000500:	3019      	adds	r0, #25
10000502:	f000 f9b1 	bl	10000868 <gpio_init>
10000506:	23d0      	movs	r3, #208	@ 0xd0
10000508:	2280      	movs	r2, #128	@ 0x80
1000050a:	061b      	lsls	r3, r3, #24
1000050c:	0492      	lsls	r2, r2, #18
1000050e:	625a      	str	r2, [r3, #36]	@ 0x24
10000510:	bd10      	pop	{r4, pc}
10000512:	46c0      	nop			@ (mov r8, r8)
10000514:	2000206f 	.word	0x2000206f
10000518:	20001328 	.word	0x20001328

1000051c <led_task_handle>:
1000051c:	b570      	push	{r4, r5, r6, lr}
1000051e:	4b1e      	ldr	r3, [pc, #120]	@ (10000598 <led_task_handle+0x7c>)
10000520:	781b      	ldrb	r3, [r3, #0]
10000522:	2b01      	cmp	r3, #1
10000524:	d02d      	beq.n	10000582 <led_task_handle+0x66>
10000526:	2b02      	cmp	r3, #2
10000528:	d00a      	beq.n	10000540 <led_task_handle+0x24>
1000052a:	2b00      	cmp	r3, #0
1000052c:	d107      	bne.n	1000053e <led_task_handle+0x22>
1000052e:	23d0      	movs	r3, #208	@ 0xd0
10000530:	2280      	movs	r2, #128	@ 0x80
10000532:	061b      	lsls	r3, r3, #24
10000534:	0492      	lsls	r2, r2, #18
10000536:	2032      	movs	r0, #50	@ 0x32
10000538:	619a      	str	r2, [r3, #24]
1000053a:	f000 ff97 	bl	1000146c <sleep_ms>
1000053e:	bd70      	pop	{r4, r5, r6, pc}
10000540:	f001 f8a4 	bl	1000168c <time_us_64>
10000544:	4b15      	ldr	r3, [pc, #84]	@ (1000059c <led_task_handle+0x80>)
10000546:	001d      	movs	r5, r3
10000548:	685b      	ldr	r3, [r3, #4]
1000054a:	428b      	cmp	r3, r1
1000054c:	d303      	bcc.n	10000556 <led_task_handle+0x3a>
1000054e:	d1f6      	bne.n	1000053e <led_task_handle+0x22>
10000550:	682b      	ldr	r3, [r5, #0]
10000552:	4283      	cmp	r3, r0
10000554:	d2f3      	bcs.n	1000053e <led_task_handle+0x22>
10000556:	f001 f899 	bl	1000168c <time_us_64>
1000055a:	4b11      	ldr	r3, [pc, #68]	@ (100005a0 <led_task_handle+0x84>)
1000055c:	681b      	ldr	r3, [r3, #0]
1000055e:	085a      	lsrs	r2, r3, #1
10000560:	2300      	movs	r3, #0
10000562:	1812      	adds	r2, r2, r0
10000564:	414b      	adcs	r3, r1
10000566:	21d0      	movs	r1, #208	@ 0xd0
10000568:	2080      	movs	r0, #128	@ 0x80
1000056a:	c50c      	stmia	r5!, {r2, r3}
1000056c:	4a0d      	ldr	r2, [pc, #52]	@ (100005a4 <led_task_handle+0x88>)
1000056e:	0609      	lsls	r1, r1, #24
10000570:	7813      	ldrb	r3, [r2, #0]
10000572:	0480      	lsls	r0, r0, #18
10000574:	2b00      	cmp	r3, #0
10000576:	d10d      	bne.n	10000594 <led_task_handle+0x78>
10000578:	6188      	str	r0, [r1, #24]
1000057a:	2101      	movs	r1, #1
1000057c:	404b      	eors	r3, r1
1000057e:	7013      	strb	r3, [r2, #0]
10000580:	e7dd      	b.n	1000053e <led_task_handle+0x22>
10000582:	23d0      	movs	r3, #208	@ 0xd0
10000584:	2280      	movs	r2, #128	@ 0x80
10000586:	061b      	lsls	r3, r3, #24
10000588:	0492      	lsls	r2, r2, #18
1000058a:	2032      	movs	r0, #50	@ 0x32
1000058c:	615a      	str	r2, [r3, #20]
1000058e:	f000 ff6d 	bl	1000146c <sleep_ms>
10000592:	e7d4      	b.n	1000053e <led_task_handle+0x22>
10000594:	6148      	str	r0, [r1, #20]
10000596:	e7f0      	b.n	1000057a <led_task_handle+0x5e>
10000598:	2000206f 	.word	0x2000206f
1000059c:	20001328 	.word	0x20001328
100005a0:	20001004 	.word	0x20001004
100005a4:	20002072 	.word	0x20002072

100005a8 <led_task_state_set>:
100005a8:	4b01      	ldr	r3, [pc, #4]	@ (100005b0 <led_task_state_set+0x8>)
100005aa:	7018      	strb	r0, [r3, #0]
100005ac:	4770      	bx	lr
100005ae:	46c0      	nop			@ (mov r8, r8)
100005b0:	2000206f 	.word	0x2000206f

100005b4 <adc_task_init>:
100005b4:	b510      	push	{r4, lr}
100005b6:	f006 fcfb 	bl	10006fb0 <adc_init>
100005ba:	211f      	movs	r1, #31
100005bc:	201a      	movs	r0, #26
100005be:	f000 f917 	bl	100007f0 <gpio_set_function>
100005c2:	2200      	movs	r2, #0
100005c4:	2100      	movs	r1, #0
100005c6:	201a      	movs	r0, #26
100005c8:	f000 f92a 	bl	10000820 <gpio_set_pulls>
100005cc:	2100      	movs	r1, #0
100005ce:	201a      	movs	r0, #26
100005d0:	f000 f938 	bl	10000844 <gpio_set_input_enabled>
100005d4:	2202      	movs	r2, #2
100005d6:	4b01      	ldr	r3, [pc, #4]	@ (100005dc <adc_task_init+0x28>)
100005d8:	601a      	str	r2, [r3, #0]
100005da:	bd10      	pop	{r4, pc}
100005dc:	4004e000 	.word	0x4004e000

100005e0 <adc_task_getV>:
100005e0:	21e0      	movs	r1, #224	@ 0xe0
100005e2:	4a0e      	ldr	r2, [pc, #56]	@ (1000061c <adc_task_getV+0x3c>)
100005e4:	01c9      	lsls	r1, r1, #7
100005e6:	6813      	ldr	r3, [r2, #0]
100005e8:	b510      	push	{r4, lr}
100005ea:	400b      	ands	r3, r1
100005ec:	490c      	ldr	r1, [pc, #48]	@ (10000620 <adc_task_getV+0x40>)
100005ee:	600b      	str	r3, [r1, #0]
100005f0:	2104      	movs	r1, #4
100005f2:	4b0c      	ldr	r3, [pc, #48]	@ (10000624 <adc_task_getV+0x44>)
100005f4:	6019      	str	r1, [r3, #0]
100005f6:	31fc      	adds	r1, #252	@ 0xfc
100005f8:	6813      	ldr	r3, [r2, #0]
100005fa:	420b      	tst	r3, r1
100005fc:	d0fc      	beq.n	100005f8 <adc_task_getV+0x18>
100005fe:	6850      	ldr	r0, [r2, #4]
10000600:	0400      	lsls	r0, r0, #16
10000602:	0c00      	lsrs	r0, r0, #16
10000604:	f001 feb4 	bl	10002370 <__wrap___aeabi_i2d>
10000608:	4b07      	ldr	r3, [pc, #28]	@ (10000628 <adc_task_getV+0x48>)
1000060a:	4a08      	ldr	r2, [pc, #32]	@ (1000062c <adc_task_getV+0x4c>)
1000060c:	f001 fe41 	bl	10002292 <__wrap___aeabi_dmul>
10000610:	f001 fef6 	bl	10002400 <__wrap___aeabi_d2f>
10000614:	4b06      	ldr	r3, [pc, #24]	@ (10000630 <adc_task_getV+0x50>)
10000616:	6018      	str	r0, [r3, #0]
10000618:	bd10      	pop	{r4, pc}
1000061a:	46c0      	nop			@ (mov r8, r8)
1000061c:	4004c000 	.word	0x4004c000
10000620:	4004d000 	.word	0x4004d000
10000624:	4004e000 	.word	0x4004e000
10000628:	3f4a6666 	.word	0x3f4a6666
1000062c:	66666666 	.word	0x66666666
10000630:	20002064 	.word	0x20002064

10000634 <adc_task_getT>:
10000634:	2380      	movs	r3, #128	@ 0x80
10000636:	4a15      	ldr	r2, [pc, #84]	@ (1000068c <adc_task_getT+0x58>)
10000638:	01db      	lsls	r3, r3, #7
1000063a:	6811      	ldr	r1, [r2, #0]
1000063c:	b510      	push	{r4, lr}
1000063e:	404b      	eors	r3, r1
10000640:	21e0      	movs	r1, #224	@ 0xe0
10000642:	01c9      	lsls	r1, r1, #7
10000644:	400b      	ands	r3, r1
10000646:	4912      	ldr	r1, [pc, #72]	@ (10000690 <adc_task_getT+0x5c>)
10000648:	600b      	str	r3, [r1, #0]
1000064a:	2104      	movs	r1, #4
1000064c:	4b11      	ldr	r3, [pc, #68]	@ (10000694 <adc_task_getT+0x60>)
1000064e:	6019      	str	r1, [r3, #0]
10000650:	31fc      	adds	r1, #252	@ 0xfc
10000652:	6813      	ldr	r3, [r2, #0]
10000654:	420b      	tst	r3, r1
10000656:	d0fc      	beq.n	10000652 <adc_task_getT+0x1e>
10000658:	6850      	ldr	r0, [r2, #4]
1000065a:	0400      	lsls	r0, r0, #16
1000065c:	0c00      	lsrs	r0, r0, #16
1000065e:	f001 fe87 	bl	10002370 <__wrap___aeabi_i2d>
10000662:	4a0d      	ldr	r2, [pc, #52]	@ (10000698 <adc_task_getT+0x64>)
10000664:	4b0d      	ldr	r3, [pc, #52]	@ (1000069c <adc_task_getT+0x68>)
10000666:	f001 fe14 	bl	10002292 <__wrap___aeabi_dmul>
1000066a:	f001 fec9 	bl	10002400 <__wrap___aeabi_d2f>
1000066e:	4b0c      	ldr	r3, [pc, #48]	@ (100006a0 <adc_task_getT+0x6c>)
10000670:	490c      	ldr	r1, [pc, #48]	@ (100006a4 <adc_task_getT+0x70>)
10000672:	6018      	str	r0, [r3, #0]
10000674:	f002 fa1d 	bl	10002ab2 <__wrap___aeabi_fsub>
10000678:	490b      	ldr	r1, [pc, #44]	@ (100006a8 <adc_task_getT+0x74>)
1000067a:	f002 fa20 	bl	10002abe <__wrap___aeabi_fdiv>
1000067e:	1c01      	adds	r1, r0, #0
10000680:	480a      	ldr	r0, [pc, #40]	@ (100006ac <adc_task_getT+0x78>)
10000682:	f002 fa16 	bl	10002ab2 <__wrap___aeabi_fsub>
10000686:	4b0a      	ldr	r3, [pc, #40]	@ (100006b0 <adc_task_getT+0x7c>)
10000688:	6018      	str	r0, [r3, #0]
1000068a:	bd10      	pop	{r4, pc}
1000068c:	4004c000 	.word	0x4004c000
10000690:	4004d000 	.word	0x4004d000
10000694:	4004e000 	.word	0x4004e000
10000698:	66666666 	.word	0x66666666
1000069c:	3f4a6666 	.word	0x3f4a6666
100006a0:	20002064 	.word	0x20002064
100006a4:	3f34bc6a 	.word	0x3f34bc6a
100006a8:	3ae1932d 	.word	0x3ae1932d
100006ac:	41d80000 	.word	0x41d80000
100006b0:	2000204c 	.word	0x2000204c

100006b4 <adc_task_set_state>:
100006b4:	4b05      	ldr	r3, [pc, #20]	@ (100006cc <adc_task_set_state+0x18>)
100006b6:	b510      	push	{r4, lr}
100006b8:	7018      	strb	r0, [r3, #0]
100006ba:	2801      	cmp	r0, #1
100006bc:	d000      	beq.n	100006c0 <adc_task_set_state+0xc>
100006be:	bd10      	pop	{r4, pc}
100006c0:	f000 ffe4 	bl	1000168c <time_us_64>
100006c4:	4b02      	ldr	r3, [pc, #8]	@ (100006d0 <adc_task_set_state+0x1c>)
100006c6:	c303      	stmia	r3!, {r0, r1}
100006c8:	e7f9      	b.n	100006be <adc_task_set_state+0xa>
100006ca:	46c0      	nop			@ (mov r8, r8)
100006cc:	2000206b 	.word	0x2000206b
100006d0:	20001320 	.word	0x20001320

100006d4 <adc_task_handle>:
100006d4:	b5f0      	push	{r4, r5, r6, r7, lr}
100006d6:	4b38      	ldr	r3, [pc, #224]	@ (100007b8 <adc_task_handle+0xe4>)
100006d8:	b083      	sub	sp, #12
100006da:	781b      	ldrb	r3, [r3, #0]
100006dc:	2b01      	cmp	r3, #1
100006de:	d001      	beq.n	100006e4 <adc_task_handle+0x10>
100006e0:	b003      	add	sp, #12
100006e2:	bdf0      	pop	{r4, r5, r6, r7, pc}
100006e4:	f000 ffd2 	bl	1000168c <time_us_64>
100006e8:	4b34      	ldr	r3, [pc, #208]	@ (100007bc <adc_task_handle+0xe8>)
100006ea:	681a      	ldr	r2, [r3, #0]
100006ec:	4b34      	ldr	r3, [pc, #208]	@ (100007c0 <adc_task_handle+0xec>)
100006ee:	681c      	ldr	r4, [r3, #0]
100006f0:	685d      	ldr	r5, [r3, #4]
100006f2:	0026      	movs	r6, r4
100006f4:	002f      	movs	r7, r5
100006f6:	0004      	movs	r4, r0
100006f8:	000d      	movs	r5, r1
100006fa:	1ba4      	subs	r4, r4, r6
100006fc:	41bd      	sbcs	r5, r7
100006fe:	2d00      	cmp	r5, #0
10000700:	d056      	beq.n	100007b0 <adc_task_handle+0xdc>
10000702:	22e0      	movs	r2, #224	@ 0xe0
10000704:	4c2f      	ldr	r4, [pc, #188]	@ (100007c4 <adc_task_handle+0xf0>)
10000706:	c303      	stmia	r3!, {r0, r1}
10000708:	6823      	ldr	r3, [r4, #0]
1000070a:	01d2      	lsls	r2, r2, #7
1000070c:	4013      	ands	r3, r2
1000070e:	4a2e      	ldr	r2, [pc, #184]	@ (100007c8 <adc_task_handle+0xf4>)
10000710:	6013      	str	r3, [r2, #0]
10000712:	2204      	movs	r2, #4
10000714:	4b2d      	ldr	r3, [pc, #180]	@ (100007cc <adc_task_handle+0xf8>)
10000716:	601a      	str	r2, [r3, #0]
10000718:	32fc      	adds	r2, #252	@ 0xfc
1000071a:	6823      	ldr	r3, [r4, #0]
1000071c:	4213      	tst	r3, r2
1000071e:	d0fc      	beq.n	1000071a <adc_task_handle+0x46>
10000720:	6860      	ldr	r0, [r4, #4]
10000722:	0400      	lsls	r0, r0, #16
10000724:	0c00      	lsrs	r0, r0, #16
10000726:	f001 fe23 	bl	10002370 <__wrap___aeabi_i2d>
1000072a:	4a29      	ldr	r2, [pc, #164]	@ (100007d0 <adc_task_handle+0xfc>)
1000072c:	4b29      	ldr	r3, [pc, #164]	@ (100007d4 <adc_task_handle+0x100>)
1000072e:	f001 fdb0 	bl	10002292 <__wrap___aeabi_dmul>
10000732:	f001 fe65 	bl	10002400 <__wrap___aeabi_d2f>
10000736:	2380      	movs	r3, #128	@ 0x80
10000738:	6822      	ldr	r2, [r4, #0]
1000073a:	01db      	lsls	r3, r3, #7
1000073c:	4053      	eors	r3, r2
1000073e:	22e0      	movs	r2, #224	@ 0xe0
10000740:	01d2      	lsls	r2, r2, #7
10000742:	4013      	ands	r3, r2
10000744:	4a20      	ldr	r2, [pc, #128]	@ (100007c8 <adc_task_handle+0xf4>)
10000746:	2180      	movs	r1, #128	@ 0x80
10000748:	6013      	str	r3, [r2, #0]
1000074a:	2204      	movs	r2, #4
1000074c:	4b1f      	ldr	r3, [pc, #124]	@ (100007cc <adc_task_handle+0xf8>)
1000074e:	1c05      	adds	r5, r0, #0
10000750:	601a      	str	r2, [r3, #0]
10000752:	4a1c      	ldr	r2, [pc, #112]	@ (100007c4 <adc_task_handle+0xf0>)
10000754:	0049      	lsls	r1, r1, #1
10000756:	6813      	ldr	r3, [r2, #0]
10000758:	420b      	tst	r3, r1
1000075a:	d0fc      	beq.n	10000756 <adc_task_handle+0x82>
1000075c:	6850      	ldr	r0, [r2, #4]
1000075e:	0400      	lsls	r0, r0, #16
10000760:	0c00      	lsrs	r0, r0, #16
10000762:	f001 fe05 	bl	10002370 <__wrap___aeabi_i2d>
10000766:	4a1a      	ldr	r2, [pc, #104]	@ (100007d0 <adc_task_handle+0xfc>)
10000768:	4b1a      	ldr	r3, [pc, #104]	@ (100007d4 <adc_task_handle+0x100>)
1000076a:	f001 fd92 	bl	10002292 <__wrap___aeabi_dmul>
1000076e:	f001 fe47 	bl	10002400 <__wrap___aeabi_d2f>
10000772:	4b19      	ldr	r3, [pc, #100]	@ (100007d8 <adc_task_handle+0x104>)
10000774:	4919      	ldr	r1, [pc, #100]	@ (100007dc <adc_task_handle+0x108>)
10000776:	6018      	str	r0, [r3, #0]
10000778:	f002 f99b 	bl	10002ab2 <__wrap___aeabi_fsub>
1000077c:	4918      	ldr	r1, [pc, #96]	@ (100007e0 <adc_task_handle+0x10c>)
1000077e:	f002 f99e 	bl	10002abe <__wrap___aeabi_fdiv>
10000782:	1c01      	adds	r1, r0, #0
10000784:	4817      	ldr	r0, [pc, #92]	@ (100007e4 <adc_task_handle+0x110>)
10000786:	f002 f994 	bl	10002ab2 <__wrap___aeabi_fsub>
1000078a:	4b17      	ldr	r3, [pc, #92]	@ (100007e8 <adc_task_handle+0x114>)
1000078c:	1c04      	adds	r4, r0, #0
1000078e:	6018      	str	r0, [r3, #0]
10000790:	1c28      	adds	r0, r5, #0
10000792:	f002 f9af 	bl	10002af4 <__wrap___aeabi_f2d>
10000796:	0005      	movs	r5, r0
10000798:	1c20      	adds	r0, r4, #0
1000079a:	000e      	movs	r6, r1
1000079c:	f002 f9aa 	bl	10002af4 <__wrap___aeabi_f2d>
100007a0:	002a      	movs	r2, r5
100007a2:	9000      	str	r0, [sp, #0]
100007a4:	9101      	str	r1, [sp, #4]
100007a6:	0033      	movs	r3, r6
100007a8:	4810      	ldr	r0, [pc, #64]	@ (100007ec <adc_task_handle+0x118>)
100007aa:	f004 f82f 	bl	1000480c <__wrap_printf>
100007ae:	e797      	b.n	100006e0 <adc_task_handle+0xc>
100007b0:	42a2      	cmp	r2, r4
100007b2:	d9a6      	bls.n	10000702 <adc_task_handle+0x2e>
100007b4:	e794      	b.n	100006e0 <adc_task_handle+0xc>
100007b6:	46c0      	nop			@ (mov r8, r8)
100007b8:	2000206b 	.word	0x2000206b
100007bc:	20001008 	.word	0x20001008
100007c0:	20001320 	.word	0x20001320
100007c4:	4004c000 	.word	0x4004c000
100007c8:	4004d000 	.word	0x4004d000
100007cc:	4004e000 	.word	0x4004e000
100007d0:	66666666 	.word	0x66666666
100007d4:	3f4a6666 	.word	0x3f4a6666
100007d8:	20002064 	.word	0x20002064
100007dc:	3f34bc6a 	.word	0x3f34bc6a
100007e0:	3ae1932d 	.word	0x3ae1932d
100007e4:	41d80000 	.word	0x41d80000
100007e8:	2000204c 	.word	0x2000204c
100007ec:	100074b4 	.word	0x100074b4

100007f0 <gpio_set_function>:
100007f0:	b510      	push	{r4, lr}
100007f2:	2440      	movs	r4, #64	@ 0x40
100007f4:	4a07      	ldr	r2, [pc, #28]	@ (10000814 <gpio_set_function+0x24>)
100007f6:	0083      	lsls	r3, r0, #2
100007f8:	189a      	adds	r2, r3, r2
100007fa:	6812      	ldr	r2, [r2, #0]
100007fc:	00c0      	lsls	r0, r0, #3
100007fe:	4054      	eors	r4, r2
10000800:	22c0      	movs	r2, #192	@ 0xc0
10000802:	4022      	ands	r2, r4
10000804:	4c04      	ldr	r4, [pc, #16]	@ (10000818 <gpio_set_function+0x28>)
10000806:	191b      	adds	r3, r3, r4
10000808:	601a      	str	r2, [r3, #0]
1000080a:	4b04      	ldr	r3, [pc, #16]	@ (1000081c <gpio_set_function+0x2c>)
1000080c:	18c0      	adds	r0, r0, r3
1000080e:	6041      	str	r1, [r0, #4]
10000810:	bd10      	pop	{r4, pc}
10000812:	46c0      	nop			@ (mov r8, r8)
10000814:	4001c004 	.word	0x4001c004
10000818:	4001d004 	.word	0x4001d004
1000081c:	40014000 	.word	0x40014000

10000820 <gpio_set_pulls>:
10000820:	4b06      	ldr	r3, [pc, #24]	@ (1000083c <gpio_set_pulls+0x1c>)
10000822:	0080      	lsls	r0, r0, #2
10000824:	18c3      	adds	r3, r0, r3
10000826:	681b      	ldr	r3, [r3, #0]
10000828:	00c9      	lsls	r1, r1, #3
1000082a:	0092      	lsls	r2, r2, #2
1000082c:	430a      	orrs	r2, r1
1000082e:	405a      	eors	r2, r3
10000830:	230c      	movs	r3, #12
10000832:	4013      	ands	r3, r2
10000834:	4a02      	ldr	r2, [pc, #8]	@ (10000840 <gpio_set_pulls+0x20>)
10000836:	1880      	adds	r0, r0, r2
10000838:	6003      	str	r3, [r0, #0]
1000083a:	4770      	bx	lr
1000083c:	4001c004 	.word	0x4001c004
10000840:	4001d004 	.word	0x4001d004

10000844 <gpio_set_input_enabled>:
10000844:	0080      	lsls	r0, r0, #2
10000846:	2900      	cmp	r1, #0
10000848:	d004      	beq.n	10000854 <gpio_set_input_enabled+0x10>
1000084a:	4b05      	ldr	r3, [pc, #20]	@ (10000860 <gpio_set_input_enabled+0x1c>)
1000084c:	18c0      	adds	r0, r0, r3
1000084e:	2340      	movs	r3, #64	@ 0x40
10000850:	6003      	str	r3, [r0, #0]
10000852:	4770      	bx	lr
10000854:	4b03      	ldr	r3, [pc, #12]	@ (10000864 <gpio_set_input_enabled+0x20>)
10000856:	18c0      	adds	r0, r0, r3
10000858:	2340      	movs	r3, #64	@ 0x40
1000085a:	6003      	str	r3, [r0, #0]
1000085c:	e7f9      	b.n	10000852 <gpio_set_input_enabled+0xe>
1000085e:	46c0      	nop			@ (mov r8, r8)
10000860:	4001e004 	.word	0x4001e004
10000864:	4001f004 	.word	0x4001f004

10000868 <gpio_init>:
10000868:	2301      	movs	r3, #1
1000086a:	22d0      	movs	r2, #208	@ 0xd0
1000086c:	4083      	lsls	r3, r0
1000086e:	0612      	lsls	r2, r2, #24
10000870:	6293      	str	r3, [r2, #40]	@ 0x28
10000872:	6193      	str	r3, [r2, #24]
10000874:	4a08      	ldr	r2, [pc, #32]	@ (10000898 <gpio_init+0x30>)
10000876:	0083      	lsls	r3, r0, #2
10000878:	189a      	adds	r2, r3, r2
1000087a:	6811      	ldr	r1, [r2, #0]
1000087c:	2240      	movs	r2, #64	@ 0x40
1000087e:	4051      	eors	r1, r2
10000880:	3280      	adds	r2, #128	@ 0x80
10000882:	400a      	ands	r2, r1
10000884:	4905      	ldr	r1, [pc, #20]	@ (1000089c <gpio_init+0x34>)
10000886:	00c0      	lsls	r0, r0, #3
10000888:	185b      	adds	r3, r3, r1
1000088a:	601a      	str	r2, [r3, #0]
1000088c:	4b04      	ldr	r3, [pc, #16]	@ (100008a0 <gpio_init+0x38>)
1000088e:	18c0      	adds	r0, r0, r3
10000890:	2305      	movs	r3, #5
10000892:	6043      	str	r3, [r0, #4]
10000894:	4770      	bx	lr
10000896:	46c0      	nop			@ (mov r8, r8)
10000898:	4001c004 	.word	0x4001c004
1000089c:	4001d004 	.word	0x4001d004
100008a0:	40014000 	.word	0x40014000

100008a4 <rp2040_chip_version>:
100008a4:	2380      	movs	r3, #128	@ 0x80
100008a6:	05db      	lsls	r3, r3, #23
100008a8:	6818      	ldr	r0, [r3, #0]
100008aa:	0f00      	lsrs	r0, r0, #28
100008ac:	4770      	bx	lr
100008ae:	46c0      	nop			@ (mov r8, r8)

100008b0 <panic>:
100008b0:	b40f      	push	{r0, r1, r2, r3}
100008b2:	b500      	push	{lr}
100008b4:	4808      	ldr	r0, [pc, #32]	@ (100008d8 <panic+0x28>)
100008b6:	b083      	sub	sp, #12
100008b8:	f003 ff26 	bl	10004708 <__wrap_puts>
100008bc:	9b04      	ldr	r3, [sp, #16]
100008be:	2b00      	cmp	r3, #0
100008c0:	d007      	beq.n	100008d2 <panic+0x22>
100008c2:	a905      	add	r1, sp, #20
100008c4:	0018      	movs	r0, r3
100008c6:	9101      	str	r1, [sp, #4]
100008c8:	f003 fd3c 	bl	10004344 <weak_raw_vprintf>
100008cc:	4803      	ldr	r0, [pc, #12]	@ (100008dc <panic+0x2c>)
100008ce:	f003 ff1b 	bl	10004708 <__wrap_puts>
100008d2:	2001      	movs	r0, #1
100008d4:	f003 fd4e 	bl	10004374 <_exit>
100008d8:	100074bc 	.word	0x100074bc
100008dc:	10007470 	.word	0x10007470

100008e0 <hw_claim_or_assert>:
100008e0:	b570      	push	{r4, r5, r6, lr}
100008e2:	468c      	mov	ip, r1
100008e4:	0016      	movs	r6, r2
100008e6:	f3ef 8410 	mrs	r4, PRIMASK
100008ea:	b672      	cpsid	i
100008ec:	490f      	ldr	r1, [pc, #60]	@ (1000092c <hw_claim_or_assert+0x4c>)
100008ee:	680b      	ldr	r3, [r1, #0]
100008f0:	2b00      	cmp	r3, #0
100008f2:	d0fc      	beq.n	100008ee <hw_claim_or_assert+0xe>
100008f4:	f3bf 8f5f 	dmb	sy
100008f8:	4663      	mov	r3, ip
100008fa:	08db      	lsrs	r3, r3, #3
100008fc:	18c5      	adds	r5, r0, r3
100008fe:	2207      	movs	r2, #7
10000900:	5cc0      	ldrb	r0, [r0, r3]
10000902:	4663      	mov	r3, ip
10000904:	401a      	ands	r2, r3
10000906:	2301      	movs	r3, #1
10000908:	4093      	lsls	r3, r2
1000090a:	001a      	movs	r2, r3
1000090c:	4002      	ands	r2, r0
1000090e:	4203      	tst	r3, r0
10000910:	d107      	bne.n	10000922 <hw_claim_or_assert+0x42>
10000912:	4318      	orrs	r0, r3
10000914:	7028      	strb	r0, [r5, #0]
10000916:	f3bf 8f5f 	dmb	sy
1000091a:	600a      	str	r2, [r1, #0]
1000091c:	f384 8810 	msr	PRIMASK, r4
10000920:	bd70      	pop	{r4, r5, r6, pc}
10000922:	4661      	mov	r1, ip
10000924:	0030      	movs	r0, r6
10000926:	f7ff ffc3 	bl	100008b0 <panic>
1000092a:	46c0      	nop			@ (mov r8, r8)
1000092c:	d000012c 	.word	0xd000012c

10000930 <hw_claim_unused_from_range>:
10000930:	b5f8      	push	{r3, r4, r5, r6, r7, lr}
10000932:	46ce      	mov	lr, r9
10000934:	4647      	mov	r7, r8
10000936:	468c      	mov	ip, r1
10000938:	b580      	push	{r7, lr}
1000093a:	001c      	movs	r4, r3
1000093c:	f3ef 8810 	mrs	r8, PRIMASK
10000940:	b672      	cpsid	i
10000942:	491c      	ldr	r1, [pc, #112]	@ (100009b4 <hw_claim_unused_from_range+0x84>)
10000944:	680b      	ldr	r3, [r1, #0]
10000946:	2b00      	cmp	r3, #0
10000948:	d0fc      	beq.n	10000944 <hw_claim_unused_from_range+0x14>
1000094a:	f3bf 8f5f 	dmb	sy
1000094e:	42a2      	cmp	r2, r4
10000950:	d821      	bhi.n	10000996 <hw_claim_unused_from_range+0x66>
10000952:	2307      	movs	r3, #7
10000954:	4699      	mov	r9, r3
10000956:	e002      	b.n	1000095e <hw_claim_unused_from_range+0x2e>
10000958:	3201      	adds	r2, #1
1000095a:	4294      	cmp	r4, r2
1000095c:	d318      	bcc.n	10000990 <hw_claim_unused_from_range+0x60>
1000095e:	4649      	mov	r1, r9
10000960:	2601      	movs	r6, #1
10000962:	4011      	ands	r1, r2
10000964:	408e      	lsls	r6, r1
10000966:	08d3      	lsrs	r3, r2, #3
10000968:	18c7      	adds	r7, r0, r3
1000096a:	5cc3      	ldrb	r3, [r0, r3]
1000096c:	421e      	tst	r6, r3
1000096e:	d1f3      	bne.n	10000958 <hw_claim_unused_from_range+0x28>
10000970:	0010      	movs	r0, r2
10000972:	4333      	orrs	r3, r6
10000974:	703b      	strb	r3, [r7, #0]
10000976:	f3bf 8f5f 	dmb	sy
1000097a:	2200      	movs	r2, #0
1000097c:	4b0d      	ldr	r3, [pc, #52]	@ (100009b4 <hw_claim_unused_from_range+0x84>)
1000097e:	601a      	str	r2, [r3, #0]
10000980:	f388 8810 	msr	PRIMASK, r8
10000984:	2800      	cmp	r0, #0
10000986:	db0e      	blt.n	100009a6 <hw_claim_unused_from_range+0x76>
10000988:	bcc0      	pop	{r6, r7}
1000098a:	46b9      	mov	r9, r7
1000098c:	46b0      	mov	r8, r6
1000098e:	bdf8      	pop	{r3, r4, r5, r6, r7, pc}
10000990:	2001      	movs	r0, #1
10000992:	4240      	negs	r0, r0
10000994:	e7ef      	b.n	10000976 <hw_claim_unused_from_range+0x46>
10000996:	f3bf 8f5f 	dmb	sy
1000099a:	2300      	movs	r3, #0
1000099c:	600b      	str	r3, [r1, #0]
1000099e:	f388 8810 	msr	PRIMASK, r8
100009a2:	2001      	movs	r0, #1
100009a4:	4240      	negs	r0, r0
100009a6:	4663      	mov	r3, ip
100009a8:	2b00      	cmp	r3, #0
100009aa:	d0ed      	beq.n	10000988 <hw_claim_unused_from_range+0x58>
100009ac:	9808      	ldr	r0, [sp, #32]
100009ae:	f7ff ff7f 	bl	100008b0 <panic>
100009b2:	46c0      	nop			@ (mov r8, r8)
100009b4:	d000012c 	.word	0xd000012c

100009b8 <next_striped_spin_lock_num>:
100009b8:	4a04      	ldr	r2, [pc, #16]	@ (100009cc <next_striped_spin_lock_num+0x14>)
100009ba:	7810      	ldrb	r0, [r2, #0]
100009bc:	1c43      	adds	r3, r0, #1
100009be:	b2db      	uxtb	r3, r3
100009c0:	2b17      	cmp	r3, #23
100009c2:	d900      	bls.n	100009c6 <next_striped_spin_lock_num+0xe>
100009c4:	2310      	movs	r3, #16
100009c6:	7013      	strb	r3, [r2, #0]
100009c8:	4770      	bx	lr
100009ca:	46c0      	nop			@ (mov r8, r8)
100009cc:	2000100c 	.word	0x2000100c

100009d0 <spin_lock_claim_unused>:
100009d0:	b500      	push	{lr}
100009d2:	4b05      	ldr	r3, [pc, #20]	@ (100009e8 <spin_lock_claim_unused+0x18>)
100009d4:	b083      	sub	sp, #12
100009d6:	0001      	movs	r1, r0
100009d8:	9300      	str	r3, [sp, #0]
100009da:	2218      	movs	r2, #24
100009dc:	231f      	movs	r3, #31
100009de:	4803      	ldr	r0, [pc, #12]	@ (100009ec <spin_lock_claim_unused+0x1c>)
100009e0:	f7ff ffa6 	bl	10000930 <hw_claim_unused_from_range>
100009e4:	b003      	add	sp, #12
100009e6:	bd00      	pop	{pc}
100009e8:	100074cc 	.word	0x100074cc
100009ec:	20001b0c 	.word	0x20001b0c

100009f0 <spin_locks_reset>:
100009f0:	2100      	movs	r1, #0
100009f2:	4b04      	ldr	r3, [pc, #16]	@ (10000a04 <spin_locks_reset+0x14>)
100009f4:	4a04      	ldr	r2, [pc, #16]	@ (10000a08 <spin_locks_reset+0x18>)
100009f6:	f3bf 8f5f 	dmb	sy
100009fa:	c302      	stmia	r3!, {r1}
100009fc:	4293      	cmp	r3, r2
100009fe:	d1fa      	bne.n	100009f6 <spin_locks_reset+0x6>
10000a00:	4770      	bx	lr
10000a02:	46c0      	nop			@ (mov r8, r8)
10000a04:	d0000100 	.word	0xd0000100
10000a08:	d0000180 	.word	0xd0000180

10000a0c <runtime_init_per_core_irq_priorities>:
10000a0c:	4b08      	ldr	r3, [pc, #32]	@ (10000a30 <runtime_init_per_core_irq_priorities+0x24>)
10000a0e:	4a09      	ldr	r2, [pc, #36]	@ (10000a34 <runtime_init_per_core_irq_priorities+0x28>)
10000a10:	6013      	str	r3, [r2, #0]
10000a12:	4a09      	ldr	r2, [pc, #36]	@ (10000a38 <runtime_init_per_core_irq_priorities+0x2c>)
10000a14:	6013      	str	r3, [r2, #0]
10000a16:	4a09      	ldr	r2, [pc, #36]	@ (10000a3c <runtime_init_per_core_irq_priorities+0x30>)
10000a18:	6013      	str	r3, [r2, #0]
10000a1a:	4a09      	ldr	r2, [pc, #36]	@ (10000a40 <runtime_init_per_core_irq_priorities+0x34>)
10000a1c:	6013      	str	r3, [r2, #0]
10000a1e:	4a09      	ldr	r2, [pc, #36]	@ (10000a44 <runtime_init_per_core_irq_priorities+0x38>)
10000a20:	6013      	str	r3, [r2, #0]
10000a22:	4a09      	ldr	r2, [pc, #36]	@ (10000a48 <runtime_init_per_core_irq_priorities+0x3c>)
10000a24:	6013      	str	r3, [r2, #0]
10000a26:	4a09      	ldr	r2, [pc, #36]	@ (10000a4c <runtime_init_per_core_irq_priorities+0x40>)
10000a28:	6013      	str	r3, [r2, #0]
10000a2a:	4a09      	ldr	r2, [pc, #36]	@ (10000a50 <runtime_init_per_core_irq_priorities+0x44>)
10000a2c:	6013      	str	r3, [r2, #0]
10000a2e:	4770      	bx	lr
10000a30:	80808080 	.word	0x80808080
10000a34:	e000e400 	.word	0xe000e400
10000a38:	e000e404 	.word	0xe000e404
10000a3c:	e000e408 	.word	0xe000e408
10000a40:	e000e40c 	.word	0xe000e40c
10000a44:	e000e410 	.word	0xe000e410
10000a48:	e000e414 	.word	0xe000e414
10000a4c:	e000e418 	.word	0xe000e418
10000a50:	e000e41c 	.word	0xe000e41c

10000a54 <irq_set_enabled>:
10000a54:	231f      	movs	r3, #31
10000a56:	4018      	ands	r0, r3
10000a58:	3b1e      	subs	r3, #30
10000a5a:	4083      	lsls	r3, r0
10000a5c:	2900      	cmp	r1, #0
10000a5e:	d005      	beq.n	10000a6c <irq_set_enabled+0x18>
10000a60:	21c0      	movs	r1, #192	@ 0xc0
10000a62:	4a04      	ldr	r2, [pc, #16]	@ (10000a74 <irq_set_enabled+0x20>)
10000a64:	0049      	lsls	r1, r1, #1
10000a66:	5053      	str	r3, [r2, r1]
10000a68:	6013      	str	r3, [r2, #0]
10000a6a:	4770      	bx	lr
10000a6c:	2280      	movs	r2, #128	@ 0x80
10000a6e:	4901      	ldr	r1, [pc, #4]	@ (10000a74 <irq_set_enabled+0x20>)
10000a70:	508b      	str	r3, [r1, r2]
10000a72:	e7fa      	b.n	10000a6a <irq_set_enabled+0x16>
10000a74:	e000e100 	.word	0xe000e100

10000a78 <irq_is_enabled>:
10000a78:	2201      	movs	r2, #1
10000a7a:	4082      	lsls	r2, r0
10000a7c:	4b03      	ldr	r3, [pc, #12]	@ (10000a8c <irq_is_enabled+0x14>)
10000a7e:	681b      	ldr	r3, [r3, #0]
10000a80:	4013      	ands	r3, r2
10000a82:	1e5a      	subs	r2, r3, #1
10000a84:	4193      	sbcs	r3, r2
10000a86:	b2d8      	uxtb	r0, r3
10000a88:	4770      	bx	lr
10000a8a:	46c0      	nop			@ (mov r8, r8)
10000a8c:	e000e100 	.word	0xe000e100

10000a90 <irq_set_pending>:
10000a90:	2301      	movs	r3, #1
10000a92:	4083      	lsls	r3, r0
10000a94:	4a01      	ldr	r2, [pc, #4]	@ (10000a9c <irq_set_pending+0xc>)
10000a96:	6013      	str	r3, [r2, #0]
10000a98:	4770      	bx	lr
10000a9a:	46c0      	nop			@ (mov r8, r8)
10000a9c:	e000e200 	.word	0xe000e200

10000aa0 <irq_has_shared_handler>:
10000aa0:	4b05      	ldr	r3, [pc, #20]	@ (10000ab8 <irq_has_shared_handler+0x18>)
10000aa2:	3010      	adds	r0, #16
10000aa4:	689b      	ldr	r3, [r3, #8]
10000aa6:	0080      	lsls	r0, r0, #2
10000aa8:	58c3      	ldr	r3, [r0, r3]
10000aaa:	4a04      	ldr	r2, [pc, #16]	@ (10000abc <irq_has_shared_handler+0x1c>)
10000aac:	2000      	movs	r0, #0
10000aae:	1a9b      	subs	r3, r3, r2
10000ab0:	222f      	movs	r2, #47	@ 0x2f
10000ab2:	429a      	cmp	r2, r3
10000ab4:	4140      	adcs	r0, r0
10000ab6:	4770      	bx	lr
10000ab8:	e000ed00 	.word	0xe000ed00
10000abc:	20001010 	.word	0x20001010

10000ac0 <irq_set_exclusive_handler>:
10000ac0:	b570      	push	{r4, r5, r6, lr}
10000ac2:	000d      	movs	r5, r1
10000ac4:	f3ef 8610 	mrs	r6, PRIMASK
10000ac8:	b672      	cpsid	i
10000aca:	4a0f      	ldr	r2, [pc, #60]	@ (10000b08 <irq_set_exclusive_handler+0x48>)
10000acc:	6813      	ldr	r3, [r2, #0]
10000ace:	2b00      	cmp	r3, #0
10000ad0:	d0fc      	beq.n	10000acc <irq_set_exclusive_handler+0xc>
10000ad2:	f3bf 8f5f 	dmb	sy
10000ad6:	4b0d      	ldr	r3, [pc, #52]	@ (10000b0c <irq_set_exclusive_handler+0x4c>)
10000ad8:	3010      	adds	r0, #16
10000ada:	689b      	ldr	r3, [r3, #8]
10000adc:	0084      	lsls	r4, r0, #2
10000ade:	591b      	ldr	r3, [r3, r4]
10000ae0:	4a0b      	ldr	r2, [pc, #44]	@ (10000b10 <irq_set_exclusive_handler+0x50>)
10000ae2:	4293      	cmp	r3, r2
10000ae4:	d003      	beq.n	10000aee <irq_set_exclusive_handler+0x2e>
10000ae6:	429d      	cmp	r5, r3
10000ae8:	d001      	beq.n	10000aee <irq_set_exclusive_handler+0x2e>
10000aea:	f001 f813 	bl	10001b14 <hard_assertion_failure>
10000aee:	4b07      	ldr	r3, [pc, #28]	@ (10000b0c <irq_set_exclusive_handler+0x4c>)
10000af0:	689b      	ldr	r3, [r3, #8]
10000af2:	511d      	str	r5, [r3, r4]
10000af4:	f3bf 8f5f 	dmb	sy
10000af8:	f3bf 8f5f 	dmb	sy
10000afc:	2200      	movs	r2, #0
10000afe:	4b02      	ldr	r3, [pc, #8]	@ (10000b08 <irq_set_exclusive_handler+0x48>)
10000b00:	601a      	str	r2, [r3, #0]
10000b02:	f386 8810 	msr	PRIMASK, r6
10000b06:	bd70      	pop	{r4, r5, r6, pc}
10000b08:	d0000124 	.word	0xd0000124
10000b0c:	e000ed00 	.word	0xe000ed00
10000b10:	100001c1 	.word	0x100001c1

10000b14 <irq_add_shared_handler>:
10000b14:	b5f0      	push	{r4, r5, r6, r7, lr}
10000b16:	46de      	mov	lr, fp
10000b18:	4657      	mov	r7, sl
10000b1a:	464e      	mov	r6, r9
10000b1c:	4645      	mov	r5, r8
10000b1e:	b5e0      	push	{r5, r6, r7, lr}
10000b20:	4682      	mov	sl, r0
10000b22:	b083      	sub	sp, #12
10000b24:	468b      	mov	fp, r1
10000b26:	0017      	movs	r7, r2
10000b28:	f3ef 8810 	mrs	r8, PRIMASK
10000b2c:	b672      	cpsid	i
10000b2e:	4a60      	ldr	r2, [pc, #384]	@ (10000cb0 <irq_add_shared_handler+0x19c>)
10000b30:	6813      	ldr	r3, [r2, #0]
10000b32:	2b00      	cmp	r3, #0
10000b34:	d0fc      	beq.n	10000b30 <irq_add_shared_handler+0x1c>
10000b36:	f3bf 8f5f 	dmb	sy
10000b3a:	2500      	movs	r5, #0
10000b3c:	4b5d      	ldr	r3, [pc, #372]	@ (10000cb4 <irq_add_shared_handler+0x1a0>)
10000b3e:	575d      	ldrsb	r5, [r3, r5]
10000b40:	4699      	mov	r9, r3
10000b42:	2d00      	cmp	r5, #0
10000b44:	da00      	bge.n	10000b48 <irq_add_shared_handler+0x34>
10000b46:	e09a      	b.n	10000c7e <irq_add_shared_handler+0x16a>
10000b48:	464a      	mov	r2, r9
10000b4a:	006b      	lsls	r3, r5, #1
10000b4c:	4c5a      	ldr	r4, [pc, #360]	@ (10000cb8 <irq_add_shared_handler+0x1a4>)
10000b4e:	195e      	adds	r6, r3, r5
10000b50:	00b6      	lsls	r6, r6, #2
10000b52:	9301      	str	r3, [sp, #4]
10000b54:	19a3      	adds	r3, r4, r6
10000b56:	9300      	str	r3, [sp, #0]
10000b58:	799b      	ldrb	r3, [r3, #6]
10000b5a:	7013      	strb	r3, [r2, #0]
10000b5c:	4b57      	ldr	r3, [pc, #348]	@ (10000cbc <irq_add_shared_handler+0x1a8>)
10000b5e:	689a      	ldr	r2, [r3, #8]
10000b60:	4653      	mov	r3, sl
10000b62:	3310      	adds	r3, #16
10000b64:	009b      	lsls	r3, r3, #2
10000b66:	58d1      	ldr	r1, [r2, r3]
10000b68:	4699      	mov	r9, r3
10000b6a:	1b0b      	subs	r3, r1, r4
10000b6c:	2b2f      	cmp	r3, #47	@ 0x2f
10000b6e:	d932      	bls.n	10000bd6 <irq_add_shared_handler+0xc2>
10000b70:	4b53      	ldr	r3, [pc, #332]	@ (10000cc0 <irq_add_shared_handler+0x1ac>)
10000b72:	4299      	cmp	r1, r3
10000b74:	d000      	beq.n	10000b78 <irq_add_shared_handler+0x64>
10000b76:	e098      	b.n	10000caa <irq_add_shared_handler+0x196>
10000b78:	9b01      	ldr	r3, [sp, #4]
10000b7a:	3602      	adds	r6, #2
10000b7c:	18ed      	adds	r5, r5, r3
10000b7e:	4b51      	ldr	r3, [pc, #324]	@ (10000cc4 <irq_add_shared_handler+0x1b0>)
10000b80:	00ad      	lsls	r5, r5, #2
10000b82:	5363      	strh	r3, [r4, r5]
10000b84:	4b50      	ldr	r3, [pc, #320]	@ (10000cc8 <irq_add_shared_handler+0x1b4>)
10000b86:	19a6      	adds	r6, r4, r6
10000b88:	3b04      	subs	r3, #4
10000b8a:	1b9b      	subs	r3, r3, r6
10000b8c:	4a4f      	ldr	r2, [pc, #316]	@ (10000ccc <irq_add_shared_handler+0x1b8>)
10000b8e:	051b      	lsls	r3, r3, #20
10000b90:	0d5b      	lsrs	r3, r3, #21
10000b92:	1965      	adds	r5, r4, r5
10000b94:	4313      	orrs	r3, r2
10000b96:	806b      	strh	r3, [r5, #2]
10000b98:	4b4d      	ldr	r3, [pc, #308]	@ (10000cd0 <irq_add_shared_handler+0x1bc>)
10000b9a:	2101      	movs	r1, #1
10000b9c:	80ab      	strh	r3, [r5, #4]
10000b9e:	23ff      	movs	r3, #255	@ 0xff
10000ba0:	71ab      	strb	r3, [r5, #6]
10000ba2:	465b      	mov	r3, fp
10000ba4:	60ab      	str	r3, [r5, #8]
10000ba6:	9b00      	ldr	r3, [sp, #0]
10000ba8:	71ef      	strb	r7, [r5, #7]
10000baa:	430b      	orrs	r3, r1
10000bac:	0019      	movs	r1, r3
10000bae:	464a      	mov	r2, r9
10000bb0:	4b42      	ldr	r3, [pc, #264]	@ (10000cbc <irq_add_shared_handler+0x1a8>)
10000bb2:	689b      	ldr	r3, [r3, #8]
10000bb4:	5099      	str	r1, [r3, r2]
10000bb6:	f3bf 8f5f 	dmb	sy
10000bba:	f3bf 8f5f 	dmb	sy
10000bbe:	2200      	movs	r2, #0
10000bc0:	4b3b      	ldr	r3, [pc, #236]	@ (10000cb0 <irq_add_shared_handler+0x19c>)
10000bc2:	601a      	str	r2, [r3, #0]
10000bc4:	f388 8810 	msr	PRIMASK, r8
10000bc8:	b003      	add	sp, #12
10000bca:	bcf0      	pop	{r4, r5, r6, r7}
10000bcc:	46bb      	mov	fp, r7
10000bce:	46b2      	mov	sl, r6
10000bd0:	46a9      	mov	r9, r5
10000bd2:	46a0      	mov	r8, r4
10000bd4:	bdf0      	pop	{r4, r5, r6, r7, pc}
10000bd6:	2001      	movs	r0, #1
10000bd8:	000a      	movs	r2, r1
10000bda:	4382      	bics	r2, r0
10000bdc:	79d3      	ldrb	r3, [r2, #7]
10000bde:	46b4      	mov	ip, r6
10000be0:	42bb      	cmp	r3, r7
10000be2:	d82d      	bhi.n	10000c40 <irq_add_shared_handler+0x12c>
10000be4:	4b3b      	ldr	r3, [pc, #236]	@ (10000cd4 <irq_add_shared_handler+0x1c0>)
10000be6:	1cb5      	adds	r5, r6, #2
10000be8:	0019      	movs	r1, r3
10000bea:	0013      	movs	r3, r2
10000bec:	1b1b      	subs	r3, r3, r4
10000bee:	415b      	adcs	r3, r3
10000bf0:	4359      	muls	r1, r3
10000bf2:	0d09      	lsrs	r1, r1, #20
10000bf4:	468c      	mov	ip, r1
10000bf6:	4b33      	ldr	r3, [pc, #204]	@ (10000cc4 <irq_add_shared_handler+0x1b0>)
10000bf8:	1965      	adds	r5, r4, r5
10000bfa:	53a3      	strh	r3, [r4, r6]
10000bfc:	4b32      	ldr	r3, [pc, #200]	@ (10000cc8 <irq_add_shared_handler+0x1b4>)
10000bfe:	9900      	ldr	r1, [sp, #0]
10000c00:	3b04      	subs	r3, #4
10000c02:	1b5b      	subs	r3, r3, r5
10000c04:	051b      	lsls	r3, r3, #20
10000c06:	4d31      	ldr	r5, [pc, #196]	@ (10000ccc <irq_add_shared_handler+0x1b8>)
10000c08:	0d5b      	lsrs	r3, r3, #21
10000c0a:	432b      	orrs	r3, r5
10000c0c:	3604      	adds	r6, #4
10000c0e:	804b      	strh	r3, [r1, #2]
10000c10:	19a6      	adds	r6, r4, r6
10000c12:	1f13      	subs	r3, r2, #4
10000c14:	1b9b      	subs	r3, r3, r6
10000c16:	051b      	lsls	r3, r3, #20
10000c18:	0d5b      	lsrs	r3, r3, #21
10000c1a:	431d      	orrs	r5, r3
10000c1c:	4663      	mov	r3, ip
10000c1e:	718b      	strb	r3, [r1, #6]
10000c20:	465b      	mov	r3, fp
10000c22:	608b      	str	r3, [r1, #8]
10000c24:	4b2c      	ldr	r3, [pc, #176]	@ (10000cd8 <irq_add_shared_handler+0x1c4>)
10000c26:	808d      	strh	r5, [r1, #4]
10000c28:	71cf      	strb	r7, [r1, #7]
10000c2a:	6013      	str	r3, [r2, #0]
10000c2c:	4301      	orrs	r1, r0
10000c2e:	e7be      	b.n	10000bae <irq_add_shared_handler+0x9a>
10000c30:	0058      	lsls	r0, r3, #1
10000c32:	18c0      	adds	r0, r0, r3
10000c34:	0080      	lsls	r0, r0, #2
10000c36:	1820      	adds	r0, r4, r0
10000c38:	79c6      	ldrb	r6, [r0, #7]
10000c3a:	42be      	cmp	r6, r7
10000c3c:	d925      	bls.n	10000c8a <irq_add_shared_handler+0x176>
10000c3e:	0002      	movs	r2, r0
10000c40:	2306      	movs	r3, #6
10000c42:	56d3      	ldrsb	r3, [r2, r3]
10000c44:	2b00      	cmp	r3, #0
10000c46:	daf3      	bge.n	10000c30 <irq_add_shared_handler+0x11c>
10000c48:	469a      	mov	sl, r3
10000c4a:	1d13      	adds	r3, r2, #4
10000c4c:	469c      	mov	ip, r3
10000c4e:	4823      	ldr	r0, [pc, #140]	@ (10000cdc <irq_add_shared_handler+0x1c8>)
10000c50:	4663      	mov	r3, ip
10000c52:	9e00      	ldr	r6, [sp, #0]
10000c54:	7195      	strb	r5, [r2, #6]
10000c56:	3e04      	subs	r6, #4
10000c58:	1af6      	subs	r6, r6, r3
10000c5a:	0536      	lsls	r6, r6, #20
10000c5c:	4b1b      	ldr	r3, [pc, #108]	@ (10000ccc <irq_add_shared_handler+0x1b8>)
10000c5e:	0d76      	lsrs	r6, r6, #21
10000c60:	431e      	orrs	r6, r3
10000c62:	9b01      	ldr	r3, [sp, #4]
10000c64:	8096      	strh	r6, [r2, #4]
10000c66:	195a      	adds	r2, r3, r5
10000c68:	4653      	mov	r3, sl
10000c6a:	0092      	lsls	r2, r2, #2
10000c6c:	18a4      	adds	r4, r4, r2
10000c6e:	71a3      	strb	r3, [r4, #6]
10000c70:	465b      	mov	r3, fp
10000c72:	4a19      	ldr	r2, [pc, #100]	@ (10000cd8 <irq_add_shared_handler+0x1c4>)
10000c74:	80a0      	strh	r0, [r4, #4]
10000c76:	6022      	str	r2, [r4, #0]
10000c78:	71e7      	strb	r7, [r4, #7]
10000c7a:	60a3      	str	r3, [r4, #8]
10000c7c:	e797      	b.n	10000bae <irq_add_shared_handler+0x9a>
10000c7e:	f000 ff49 	bl	10001b14 <hard_assertion_failure>
10000c82:	2500      	movs	r5, #0
10000c84:	464b      	mov	r3, r9
10000c86:	575d      	ldrsb	r5, [r3, r5]
10000c88:	e75e      	b.n	10000b48 <irq_add_shared_handler+0x34>
10000c8a:	4666      	mov	r6, ip
10000c8c:	469a      	mov	sl, r3
10000c8e:	1d13      	adds	r3, r2, #4
10000c90:	469c      	mov	ip, r3
10000c92:	8890      	ldrh	r0, [r2, #4]
10000c94:	3604      	adds	r6, #4
10000c96:	0540      	lsls	r0, r0, #21
10000c98:	1500      	asrs	r0, r0, #20
10000c9a:	19a6      	adds	r6, r4, r6
10000c9c:	4460      	add	r0, ip
10000c9e:	1b80      	subs	r0, r0, r6
10000ca0:	0500      	lsls	r0, r0, #20
10000ca2:	4e0a      	ldr	r6, [pc, #40]	@ (10000ccc <irq_add_shared_handler+0x1b8>)
10000ca4:	0d40      	lsrs	r0, r0, #21
10000ca6:	4330      	orrs	r0, r6
10000ca8:	e7d2      	b.n	10000c50 <irq_add_shared_handler+0x13c>
10000caa:	f000 ff33 	bl	10001b14 <hard_assertion_failure>
10000cae:	e763      	b.n	10000b78 <irq_add_shared_handler+0x64>
10000cb0:	d0000124 	.word	0xd0000124
10000cb4:	2000206d 	.word	0x2000206d
10000cb8:	20001010 	.word	0x20001010
10000cbc:	e000ed00 	.word	0xe000ed00
10000cc0:	100001c1 	.word	0x100001c1
10000cc4:	ffffa100 	.word	0xffffa100
10000cc8:	20001040 	.word	0x20001040
10000ccc:	ffffe000 	.word	0xffffe000
10000cd0:	ffffbd01 	.word	0xffffbd01
10000cd4:	0000aaaa 	.word	0x0000aaaa
10000cd8:	47804801 	.word	0x47804801
10000cdc:	0000bd01 	.word	0x0000bd01

10000ce0 <irq_add_tail_to_free_list>:
10000ce0:	2301      	movs	r3, #1
10000ce2:	4303      	orrs	r3, r0
10000ce4:	b570      	push	{r4, r5, r6, lr}
10000ce6:	469c      	mov	ip, r3
10000ce8:	f3ef 8105 	mrs	r1, IPSR
10000cec:	f3ef 8510 	mrs	r5, PRIMASK
10000cf0:	b672      	cpsid	i
10000cf2:	4a21      	ldr	r2, [pc, #132]	@ (10000d78 <irq_add_tail_to_free_list+0x98>)
10000cf4:	6813      	ldr	r3, [r2, #0]
10000cf6:	2b00      	cmp	r3, #0
10000cf8:	d0fc      	beq.n	10000cf4 <irq_add_tail_to_free_list+0x14>
10000cfa:	f3bf 8f5f 	dmb	sy
10000cfe:	4b1f      	ldr	r3, [pc, #124]	@ (10000d7c <irq_add_tail_to_free_list+0x9c>)
10000d00:	0004      	movs	r4, r0
10000d02:	4a1f      	ldr	r2, [pc, #124]	@ (10000d80 <irq_add_tail_to_free_list+0xa0>)
10000d04:	1ae4      	subs	r4, r4, r3
10000d06:	4164      	adcs	r4, r4
10000d08:	4362      	muls	r2, r4
10000d0a:	0d12      	lsrs	r2, r2, #20
10000d0c:	4c1d      	ldr	r4, [pc, #116]	@ (10000d84 <irq_add_tail_to_free_list+0xa4>)
10000d0e:	0089      	lsls	r1, r1, #2
10000d10:	68a6      	ldr	r6, [r4, #8]
10000d12:	b252      	sxtb	r2, r2
10000d14:	5876      	ldr	r6, [r6, r1]
10000d16:	4566      	cmp	r6, ip
10000d18:	d01c      	beq.n	10000d54 <irq_add_tail_to_free_list+0x74>
10000d1a:	2106      	movs	r1, #6
10000d1c:	5659      	ldrsb	r1, [r3, r1]
10000d1e:	4291      	cmp	r1, r2
10000d20:	d01c      	beq.n	10000d5c <irq_add_tail_to_free_list+0x7c>
10000d22:	2112      	movs	r1, #18
10000d24:	5659      	ldrsb	r1, [r3, r1]
10000d26:	4291      	cmp	r1, r2
10000d28:	d022      	beq.n	10000d70 <irq_add_tail_to_free_list+0x90>
10000d2a:	211e      	movs	r1, #30
10000d2c:	5659      	ldrsb	r1, [r3, r1]
10000d2e:	4291      	cmp	r1, r2
10000d30:	d020      	beq.n	10000d74 <irq_add_tail_to_free_list+0x94>
10000d32:	212a      	movs	r1, #42	@ 0x2a
10000d34:	5659      	ldrsb	r1, [r3, r1]
10000d36:	2403      	movs	r4, #3
10000d38:	4291      	cmp	r1, r2
10000d3a:	d010      	beq.n	10000d5e <irq_add_tail_to_free_list+0x7e>
10000d3c:	4b12      	ldr	r3, [pc, #72]	@ (10000d88 <irq_add_tail_to_free_list+0xa8>)
10000d3e:	7819      	ldrb	r1, [r3, #0]
10000d40:	701a      	strb	r2, [r3, #0]
10000d42:	7181      	strb	r1, [r0, #6]
10000d44:	f3bf 8f5f 	dmb	sy
10000d48:	2200      	movs	r2, #0
10000d4a:	4b0b      	ldr	r3, [pc, #44]	@ (10000d78 <irq_add_tail_to_free_list+0x98>)
10000d4c:	601a      	str	r2, [r3, #0]
10000d4e:	f385 8810 	msr	PRIMASK, r5
10000d52:	bd70      	pop	{r4, r5, r6, pc}
10000d54:	68a3      	ldr	r3, [r4, #8]
10000d56:	4c0d      	ldr	r4, [pc, #52]	@ (10000d8c <irq_add_tail_to_free_list+0xac>)
10000d58:	505c      	str	r4, [r3, r1]
10000d5a:	e7ef      	b.n	10000d3c <irq_add_tail_to_free_list+0x5c>
10000d5c:	2400      	movs	r4, #0
10000d5e:	0061      	lsls	r1, r4, #1
10000d60:	1909      	adds	r1, r1, r4
10000d62:	0089      	lsls	r1, r1, #2
10000d64:	185b      	adds	r3, r3, r1
10000d66:	21ff      	movs	r1, #255	@ 0xff
10000d68:	7199      	strb	r1, [r3, #6]
10000d6a:	4909      	ldr	r1, [pc, #36]	@ (10000d90 <irq_add_tail_to_free_list+0xb0>)
10000d6c:	8099      	strh	r1, [r3, #4]
10000d6e:	e7e5      	b.n	10000d3c <irq_add_tail_to_free_list+0x5c>
10000d70:	2401      	movs	r4, #1
10000d72:	e7f4      	b.n	10000d5e <irq_add_tail_to_free_list+0x7e>
10000d74:	2402      	movs	r4, #2
10000d76:	e7f2      	b.n	10000d5e <irq_add_tail_to_free_list+0x7e>
10000d78:	d0000124 	.word	0xd0000124
10000d7c:	20001010 	.word	0x20001010
10000d80:	0000aaaa 	.word	0x0000aaaa
10000d84:	e000ed00 	.word	0xe000ed00
10000d88:	2000206d 	.word	0x2000206d
10000d8c:	100001c1 	.word	0x100001c1
10000d90:	ffffbd01 	.word	0xffffbd01

10000d94 <user_irq_claim_unused>:
10000d94:	b500      	push	{lr}
10000d96:	4b07      	ldr	r3, [pc, #28]	@ (10000db4 <user_irq_claim_unused+0x20>)
10000d98:	b083      	sub	sp, #12
10000d9a:	0001      	movs	r1, r0
10000d9c:	9300      	str	r3, [sp, #0]
10000d9e:	2200      	movs	r2, #0
10000da0:	2305      	movs	r3, #5
10000da2:	4805      	ldr	r0, [pc, #20]	@ (10000db8 <user_irq_claim_unused+0x24>)
10000da4:	f7ff fdc4 	bl	10000930 <hw_claim_unused_from_range>
10000da8:	2800      	cmp	r0, #0
10000daa:	db01      	blt.n	10000db0 <user_irq_claim_unused+0x1c>
10000dac:	231f      	movs	r3, #31
10000dae:	1a18      	subs	r0, r3, r0
10000db0:	b003      	add	sp, #12
10000db2:	bd00      	pop	{pc}
10000db4:	100074e8 	.word	0x100074e8
10000db8:	20002073 	.word	0x20002073

10000dbc <lock_init>:
10000dbc:	4b02      	ldr	r3, [pc, #8]	@ (10000dc8 <lock_init+0xc>)
10000dbe:	18c9      	adds	r1, r1, r3
10000dc0:	0089      	lsls	r1, r1, #2
10000dc2:	6001      	str	r1, [r0, #0]
10000dc4:	4770      	bx	lr
10000dc6:	46c0      	nop			@ (mov r8, r8)
10000dc8:	34000040 	.word	0x34000040

10000dcc <runtime_init_mutex>:
10000dcc:	b570      	push	{r4, r5, r6, lr}
10000dce:	4c11      	ldr	r4, [pc, #68]	@ (10000e14 <runtime_init_mutex+0x48>)
10000dd0:	4d11      	ldr	r5, [pc, #68]	@ (10000e18 <runtime_init_mutex+0x4c>)
10000dd2:	42ac      	cmp	r4, r5
10000dd4:	d20f      	bcs.n	10000df6 <runtime_init_mutex+0x2a>
10000dd6:	26ff      	movs	r6, #255	@ 0xff
10000dd8:	6823      	ldr	r3, [r4, #0]
10000dda:	2b00      	cmp	r3, #0
10000ddc:	d00c      	beq.n	10000df8 <runtime_init_mutex+0x2c>
10000dde:	f7ff fdeb 	bl	100009b8 <next_striped_spin_lock_num>
10000de2:	0001      	movs	r1, r0
10000de4:	0020      	movs	r0, r4
10000de6:	f7ff ffe9 	bl	10000dbc <lock_init>
10000dea:	80a6      	strh	r6, [r4, #4]
10000dec:	f3bf 8f5f 	dmb	sy
10000df0:	3408      	adds	r4, #8
10000df2:	42ac      	cmp	r4, r5
10000df4:	d3f0      	bcc.n	10000dd8 <runtime_init_mutex+0xc>
10000df6:	bd70      	pop	{r4, r5, r6, pc}
10000df8:	f7ff fdde 	bl	100009b8 <next_striped_spin_lock_num>
10000dfc:	0001      	movs	r1, r0
10000dfe:	0020      	movs	r0, r4
10000e00:	f7ff ffdc 	bl	10000dbc <lock_init>
10000e04:	7126      	strb	r6, [r4, #4]
10000e06:	f3bf 8f5f 	dmb	sy
10000e0a:	3408      	adds	r4, #8
10000e0c:	42ac      	cmp	r4, r5
10000e0e:	d3e3      	bcc.n	10000dd8 <runtime_init_mutex+0xc>
10000e10:	e7f1      	b.n	10000df6 <runtime_init_mutex+0x2a>
10000e12:	46c0      	nop			@ (mov r8, r8)
10000e14:	200010c8 	.word	0x200010c8
10000e18:	200010d0 	.word	0x200010d0

10000e1c <mutex_init>:
10000e1c:	b510      	push	{r4, lr}
10000e1e:	0004      	movs	r4, r0
10000e20:	f7ff fdca 	bl	100009b8 <next_striped_spin_lock_num>
10000e24:	0001      	movs	r1, r0
10000e26:	0020      	movs	r0, r4
10000e28:	f7ff ffc8 	bl	10000dbc <lock_init>
10000e2c:	23ff      	movs	r3, #255	@ 0xff
10000e2e:	7123      	strb	r3, [r4, #4]
10000e30:	f3bf 8f5f 	dmb	sy
10000e34:	bd10      	pop	{r4, pc}
10000e36:	46c0      	nop			@ (mov r8, r8)

10000e38 <critical_section_init>:
10000e38:	b510      	push	{r4, lr}
10000e3a:	0004      	movs	r4, r0
10000e3c:	2001      	movs	r0, #1
10000e3e:	f7ff fdc7 	bl	100009d0 <spin_lock_claim_unused>
10000e42:	4b03      	ldr	r3, [pc, #12]	@ (10000e50 <critical_section_init+0x18>)
10000e44:	18c0      	adds	r0, r0, r3
10000e46:	0080      	lsls	r0, r0, #2
10000e48:	6020      	str	r0, [r4, #0]
10000e4a:	f3bf 8f5f 	dmb	sy
10000e4e:	bd10      	pop	{r4, pc}
10000e50:	34000040 	.word	0x34000040

10000e54 <critical_section_init_with_lock_num>:
10000e54:	4b03      	ldr	r3, [pc, #12]	@ (10000e64 <critical_section_init_with_lock_num+0x10>)
10000e56:	18c9      	adds	r1, r1, r3
10000e58:	0089      	lsls	r1, r1, #2
10000e5a:	6001      	str	r1, [r0, #0]
10000e5c:	f3bf 8f5f 	dmb	sy
10000e60:	4770      	bx	lr
10000e62:	46c0      	nop			@ (mov r8, r8)
10000e64:	34000040 	.word	0x34000040

10000e68 <sleep_until_callback>:
10000e68:	4b0a      	ldr	r3, [pc, #40]	@ (10000e94 <sleep_until_callback+0x2c>)
10000e6a:	6819      	ldr	r1, [r3, #0]
10000e6c:	f3ef 8010 	mrs	r0, PRIMASK
10000e70:	b672      	cpsid	i
10000e72:	680a      	ldr	r2, [r1, #0]
10000e74:	2a00      	cmp	r2, #0
10000e76:	d0fc      	beq.n	10000e72 <sleep_until_callback+0xa>
10000e78:	f3bf 8f5f 	dmb	sy
10000e7c:	681b      	ldr	r3, [r3, #0]
10000e7e:	f3bf 8f5f 	dmb	sy
10000e82:	2200      	movs	r2, #0
10000e84:	601a      	str	r2, [r3, #0]
10000e86:	f380 8810 	msr	PRIMASK, r0
10000e8a:	bf40      	sev
10000e8c:	2000      	movs	r0, #0
10000e8e:	2100      	movs	r1, #0
10000e90:	4770      	bx	lr
10000e92:	46c0      	nop			@ (mov r8, r8)
10000e94:	20002040 	.word	0x20002040

10000e98 <alarm_pool_irq_handler>:
10000e98:	b5f0      	push	{r4, r5, r6, r7, lr}
10000e9a:	46de      	mov	lr, fp
10000e9c:	4657      	mov	r7, sl
10000e9e:	464e      	mov	r6, r9
10000ea0:	4645      	mov	r5, r8
10000ea2:	b5e0      	push	{r5, r6, r7, lr}
10000ea4:	b085      	sub	sp, #20
10000ea6:	f3ef 8305 	mrs	r3, IPSR
10000eaa:	2203      	movs	r2, #3
10000eac:	401a      	ands	r2, r3
10000eae:	4bb3      	ldr	r3, [pc, #716]	@ (1000117c <alarm_pool_irq_handler+0x2e4>)
10000eb0:	0091      	lsls	r1, r2, #2
10000eb2:	585f      	ldr	r7, [r3, r1]
10000eb4:	2301      	movs	r3, #1
10000eb6:	4093      	lsls	r3, r2
10000eb8:	469b      	mov	fp, r3
10000eba:	9202      	str	r2, [sp, #8]
10000ebc:	465a      	mov	r2, fp
10000ebe:	4688      	mov	r8, r1
10000ec0:	4baf      	ldr	r3, [pc, #700]	@ (10001180 <alarm_pool_irq_handler+0x2e8>)
10000ec2:	601a      	str	r2, [r3, #0]
10000ec4:	4baf      	ldr	r3, [pc, #700]	@ (10001184 <alarm_pool_irq_handler+0x2ec>)
10000ec6:	9303      	str	r3, [sp, #12]
10000ec8:	465b      	mov	r3, fp
10000eca:	48af      	ldr	r0, [pc, #700]	@ (10001188 <alarm_pool_irq_handler+0x2f0>)
10000ecc:	6343      	str	r3, [r0, #52]	@ 0x34
10000ece:	2308      	movs	r3, #8
10000ed0:	5efe      	ldrsh	r6, [r7, r3]
10000ed2:	2e00      	cmp	r6, #0
10000ed4:	da37      	bge.n	10000f46 <alarm_pool_irq_handler+0xae>
10000ed6:	88bb      	ldrh	r3, [r7, #4]
10000ed8:	b21b      	sxth	r3, r3
10000eda:	2b00      	cmp	r3, #0
10000edc:	db00      	blt.n	10000ee0 <alarm_pool_irq_handler+0x48>
10000ede:	e0a4      	b.n	1000102a <alarm_pool_irq_handler+0x192>
10000ee0:	79bb      	ldrb	r3, [r7, #6]
10000ee2:	2b00      	cmp	r3, #0
10000ee4:	d000      	beq.n	10000ee8 <alarm_pool_irq_handler+0x50>
10000ee6:	e0e5      	b.n	100010b4 <alarm_pool_irq_handler+0x21c>
10000ee8:	2308      	movs	r3, #8
10000eea:	5ef9      	ldrsh	r1, [r7, r3]
10000eec:	2900      	cmp	r1, #0
10000eee:	db20      	blt.n	10000f32 <alarm_pool_irq_handler+0x9a>
10000ef0:	004b      	lsls	r3, r1, #1
10000ef2:	697a      	ldr	r2, [r7, #20]
10000ef4:	185b      	adds	r3, r3, r1
10000ef6:	00db      	lsls	r3, r3, #3
10000ef8:	18d3      	adds	r3, r2, r3
10000efa:	689d      	ldr	r5, [r3, #8]
10000efc:	68dc      	ldr	r4, [r3, #12]
10000efe:	1c6b      	adds	r3, r5, #1
10000f00:	d100      	bne.n	10000f04 <alarm_pool_irq_handler+0x6c>
10000f02:	e104      	b.n	1000110e <alarm_pool_irq_handler+0x276>
10000f04:	48a0      	ldr	r0, [pc, #640]	@ (10001188 <alarm_pool_irq_handler+0x2f0>)
10000f06:	0001      	movs	r1, r0
10000f08:	4441      	add	r1, r8
10000f0a:	6a82      	ldr	r2, [r0, #40]	@ 0x28
10000f0c:	690b      	ldr	r3, [r1, #16]
10000f0e:	1aae      	subs	r6, r5, r2
10000f10:	1a9b      	subs	r3, r3, r2
10000f12:	429e      	cmp	r6, r3
10000f14:	d315      	bcc.n	10000f42 <alarm_pool_irq_handler+0xaa>
10000f16:	2301      	movs	r3, #1
10000f18:	6a02      	ldr	r2, [r0, #32]
10000f1a:	9802      	ldr	r0, [sp, #8]
10000f1c:	4083      	lsls	r3, r0
10000f1e:	421a      	tst	r2, r3
10000f20:	d00f      	beq.n	10000f42 <alarm_pool_irq_handler+0xaa>
10000f22:	4899      	ldr	r0, [pc, #612]	@ (10001188 <alarm_pool_irq_handler+0x2f0>)
10000f24:	f000 fbaa 	bl	1000167c <timer_time_us_64>
10000f28:	428c      	cmp	r4, r1
10000f2a:	dc02      	bgt.n	10000f32 <alarm_pool_irq_handler+0x9a>
10000f2c:	d1cc      	bne.n	10000ec8 <alarm_pool_irq_handler+0x30>
10000f2e:	4285      	cmp	r5, r0
10000f30:	d9ca      	bls.n	10000ec8 <alarm_pool_irq_handler+0x30>
10000f32:	bf40      	sev
10000f34:	b005      	add	sp, #20
10000f36:	bcf0      	pop	{r4, r5, r6, r7}
10000f38:	46bb      	mov	fp, r7
10000f3a:	46b2      	mov	sl, r6
10000f3c:	46a9      	mov	r9, r5
10000f3e:	46a0      	mov	r8, r4
10000f40:	bdf0      	pop	{r4, r5, r6, r7, pc}
10000f42:	610d      	str	r5, [r1, #16]
10000f44:	e7ed      	b.n	10000f22 <alarm_pool_irq_handler+0x8a>
10000f46:	697a      	ldr	r2, [r7, #20]
10000f48:	0073      	lsls	r3, r6, #1
10000f4a:	4691      	mov	r9, r2
10000f4c:	199b      	adds	r3, r3, r6
10000f4e:	00db      	lsls	r3, r3, #3
10000f50:	4499      	add	r9, r3
10000f52:	464b      	mov	r3, r9
10000f54:	689c      	ldr	r4, [r3, #8]
10000f56:	68dd      	ldr	r5, [r3, #12]
10000f58:	f000 fb90 	bl	1000167c <timer_time_us_64>
10000f5c:	428d      	cmp	r5, r1
10000f5e:	dcba      	bgt.n	10000ed6 <alarm_pool_irq_handler+0x3e>
10000f60:	d100      	bne.n	10000f64 <alarm_pool_irq_handler+0xcc>
10000f62:	e0f6      	b.n	10001152 <alarm_pool_irq_handler+0x2ba>
10000f64:	2d00      	cmp	r5, #0
10000f66:	da00      	bge.n	10000f6a <alarm_pool_irq_handler+0xd2>
10000f68:	e0db      	b.n	10001122 <alarm_pool_irq_handler+0x28a>
10000f6a:	464a      	mov	r2, r9
10000f6c:	464b      	mov	r3, r9
10000f6e:	6952      	ldr	r2, [r2, #20]
10000f70:	691b      	ldr	r3, [r3, #16]
10000f72:	4692      	mov	sl, r2
10000f74:	9a03      	ldr	r2, [sp, #12]
10000f76:	4293      	cmp	r3, r2
10000f78:	d100      	bne.n	10000f7c <alarm_pool_irq_handler+0xe4>
10000f7a:	e0cc      	b.n	10001116 <alarm_pool_irq_handler+0x27e>
10000f7c:	464a      	mov	r2, r9
10000f7e:	2108      	movs	r1, #8
10000f80:	5e78      	ldrsh	r0, [r7, r1]
10000f82:	8852      	ldrh	r2, [r2, #2]
10000f84:	0400      	lsls	r0, r0, #16
10000f86:	4651      	mov	r1, sl
10000f88:	4310      	orrs	r0, r2
10000f8a:	4798      	blx	r3
10000f8c:	9000      	str	r0, [sp, #0]
10000f8e:	9101      	str	r1, [sp, #4]
10000f90:	9900      	ldr	r1, [sp, #0]
10000f92:	9a01      	ldr	r2, [sp, #4]
10000f94:	000b      	movs	r3, r1
10000f96:	4313      	orrs	r3, r2
10000f98:	d100      	bne.n	10000f9c <alarm_pool_irq_handler+0x104>
10000f9a:	e0c2      	b.n	10001122 <alarm_pool_irq_handler+0x28a>
10000f9c:	0013      	movs	r3, r2
10000f9e:	000a      	movs	r2, r1
10000fa0:	2b00      	cmp	r3, #0
10000fa2:	db00      	blt.n	10000fa6 <alarm_pool_irq_handler+0x10e>
10000fa4:	e0d9      	b.n	1000115a <alarm_pool_irq_handler+0x2c2>
10000fa6:	0020      	movs	r0, r4
10000fa8:	0029      	movs	r1, r5
10000faa:	1a80      	subs	r0, r0, r2
10000fac:	4199      	sbcs	r1, r3
10000fae:	464b      	mov	r3, r9
10000fb0:	6098      	str	r0, [r3, #8]
10000fb2:	60d9      	str	r1, [r3, #12]
10000fb4:	2200      	movs	r2, #0
10000fb6:	5e9b      	ldrsh	r3, [r3, r2]
10000fb8:	2b00      	cmp	r3, #0
10000fba:	da00      	bge.n	10000fbe <alarm_pool_irq_handler+0x126>
10000fbc:	e78b      	b.n	10000ed6 <alarm_pool_irq_handler+0x3e>
10000fbe:	005d      	lsls	r5, r3, #1
10000fc0:	697c      	ldr	r4, [r7, #20]
10000fc2:	18ea      	adds	r2, r5, r3
10000fc4:	00d2      	lsls	r2, r2, #3
10000fc6:	18a2      	adds	r2, r4, r2
10000fc8:	9400      	str	r4, [sp, #0]
10000fca:	6894      	ldr	r4, [r2, #8]
10000fcc:	68d2      	ldr	r2, [r2, #12]
10000fce:	46a2      	mov	sl, r4
10000fd0:	428a      	cmp	r2, r1
10000fd2:	dd00      	ble.n	10000fd6 <alarm_pool_irq_handler+0x13e>
10000fd4:	e77f      	b.n	10000ed6 <alarm_pool_irq_handler+0x3e>
10000fd6:	d102      	bne.n	10000fde <alarm_pool_irq_handler+0x146>
10000fd8:	4284      	cmp	r4, r0
10000fda:	d900      	bls.n	10000fde <alarm_pool_irq_handler+0x146>
10000fdc:	e77b      	b.n	10000ed6 <alarm_pool_irq_handler+0x3e>
10000fde:	2408      	movs	r4, #8
10000fe0:	46a4      	mov	ip, r4
10000fe2:	813b      	strh	r3, [r7, #8]
10000fe4:	44bc      	add	ip, r7
10000fe6:	9c00      	ldr	r4, [sp, #0]
10000fe8:	9700      	str	r7, [sp, #0]
10000fea:	002f      	movs	r7, r5
10000fec:	4665      	mov	r5, ip
10000fee:	46b4      	mov	ip, r6
10000ff0:	003e      	movs	r6, r7
10000ff2:	e006      	b.n	10001002 <alarm_pool_irq_handler+0x16a>
10000ff4:	005e      	lsls	r6, r3, #1
10000ff6:	18f2      	adds	r2, r6, r3
10000ff8:	00d2      	lsls	r2, r2, #3
10000ffa:	18a2      	adds	r2, r4, r2
10000ffc:	6897      	ldr	r7, [r2, #8]
10000ffe:	68d2      	ldr	r2, [r2, #12]
10001000:	46ba      	mov	sl, r7
10001002:	428a      	cmp	r2, r1
10001004:	dc07      	bgt.n	10001016 <alarm_pool_irq_handler+0x17e>
10001006:	d100      	bne.n	1000100a <alarm_pool_irq_handler+0x172>
10001008:	e0b4      	b.n	10001174 <alarm_pool_irq_handler+0x2dc>
1000100a:	18f3      	adds	r3, r6, r3
1000100c:	00db      	lsls	r3, r3, #3
1000100e:	18e5      	adds	r5, r4, r3
10001010:	5ee3      	ldrsh	r3, [r4, r3]
10001012:	2b00      	cmp	r3, #0
10001014:	daee      	bge.n	10000ff4 <alarm_pool_irq_handler+0x15c>
10001016:	4666      	mov	r6, ip
10001018:	464a      	mov	r2, r9
1000101a:	9f00      	ldr	r7, [sp, #0]
1000101c:	8013      	strh	r3, [r2, #0]
1000101e:	802e      	strh	r6, [r5, #0]
10001020:	88bb      	ldrh	r3, [r7, #4]
10001022:	b21b      	sxth	r3, r3
10001024:	2b00      	cmp	r3, #0
10001026:	da00      	bge.n	1000102a <alarm_pool_irq_handler+0x192>
10001028:	e75a      	b.n	10000ee0 <alarm_pool_irq_handler+0x48>
1000102a:	693a      	ldr	r2, [r7, #16]
1000102c:	f3ef 8110 	mrs	r1, PRIMASK
10001030:	b672      	cpsid	i
10001032:	6813      	ldr	r3, [r2, #0]
10001034:	2b00      	cmp	r3, #0
10001036:	d0fc      	beq.n	10001032 <alarm_pool_irq_handler+0x19a>
10001038:	f3bf 8f5f 	dmb	sy
1000103c:	2301      	movs	r3, #1
1000103e:	88be      	ldrh	r6, [r7, #4]
10001040:	425b      	negs	r3, r3
10001042:	80bb      	strh	r3, [r7, #4]
10001044:	b236      	sxth	r6, r6
10001046:	693b      	ldr	r3, [r7, #16]
10001048:	f3bf 8f5f 	dmb	sy
1000104c:	2200      	movs	r2, #0
1000104e:	601a      	str	r2, [r3, #0]
10001050:	f381 8810 	msr	PRIMASK, r1
10001054:	2e00      	cmp	r6, #0
10001056:	da00      	bge.n	1000105a <alarm_pool_irq_handler+0x1c2>
10001058:	e742      	b.n	10000ee0 <alarm_pool_irq_handler+0x48>
1000105a:	003b      	movs	r3, r7
1000105c:	3308      	adds	r3, #8
1000105e:	003a      	movs	r2, r7
10001060:	4699      	mov	r9, r3
10001062:	697d      	ldr	r5, [r7, #20]
10001064:	0073      	lsls	r3, r6, #1
10001066:	199b      	adds	r3, r3, r6
10001068:	2408      	movs	r4, #8
1000106a:	5f11      	ldrsh	r1, [r2, r4]
1000106c:	00db      	lsls	r3, r3, #3
1000106e:	4648      	mov	r0, r9
10001070:	18eb      	adds	r3, r5, r3
10001072:	2900      	cmp	r1, #0
10001074:	db13      	blt.n	1000109e <alarm_pool_irq_handler+0x206>
10001076:	689c      	ldr	r4, [r3, #8]
10001078:	9300      	str	r3, [sp, #0]
1000107a:	46a4      	mov	ip, r4
1000107c:	68dc      	ldr	r4, [r3, #12]
1000107e:	e006      	b.n	1000108e <alarm_pool_irq_handler+0x1f6>
10001080:	42a3      	cmp	r3, r4
10001082:	d040      	beq.n	10001106 <alarm_pool_irq_handler+0x26e>
10001084:	2300      	movs	r3, #0
10001086:	5ef9      	ldrsh	r1, [r7, r3]
10001088:	0038      	movs	r0, r7
1000108a:	2900      	cmp	r1, #0
1000108c:	db06      	blt.n	1000109c <alarm_pool_irq_handler+0x204>
1000108e:	004f      	lsls	r7, r1, #1
10001090:	187f      	adds	r7, r7, r1
10001092:	00ff      	lsls	r7, r7, #3
10001094:	19ef      	adds	r7, r5, r7
10001096:	68fb      	ldr	r3, [r7, #12]
10001098:	42a3      	cmp	r3, r4
1000109a:	ddf1      	ble.n	10001080 <alarm_pool_irq_handler+0x1e8>
1000109c:	9b00      	ldr	r3, [sp, #0]
1000109e:	8006      	strh	r6, [r0, #0]
100010a0:	2000      	movs	r0, #0
100010a2:	5e1e      	ldrsh	r6, [r3, r0]
100010a4:	8019      	strh	r1, [r3, #0]
100010a6:	2e00      	cmp	r6, #0
100010a8:	dadc      	bge.n	10001064 <alarm_pool_irq_handler+0x1cc>
100010aa:	0017      	movs	r7, r2
100010ac:	79bb      	ldrb	r3, [r7, #6]
100010ae:	2b00      	cmp	r3, #0
100010b0:	d100      	bne.n	100010b4 <alarm_pool_irq_handler+0x21c>
100010b2:	e719      	b.n	10000ee8 <alarm_pool_irq_handler+0x50>
100010b4:	2300      	movs	r3, #0
100010b6:	71bb      	strb	r3, [r7, #6]
100010b8:	2308      	movs	r3, #8
100010ba:	5ef9      	ldrsh	r1, [r7, r3]
100010bc:	1c4b      	adds	r3, r1, #1
100010be:	d100      	bne.n	100010c2 <alarm_pool_irq_handler+0x22a>
100010c0:	e737      	b.n	10000f32 <alarm_pool_irq_handler+0x9a>
100010c2:	003d      	movs	r5, r7
100010c4:	3508      	adds	r5, #8
100010c6:	46ac      	mov	ip, r5
100010c8:	697c      	ldr	r4, [r7, #20]
100010ca:	e003      	b.n	100010d4 <alarm_pool_irq_handler+0x23c>
100010cc:	4684      	mov	ip, r0
100010ce:	1c4b      	adds	r3, r1, #1
100010d0:	d100      	bne.n	100010d4 <alarm_pool_irq_handler+0x23c>
100010d2:	e709      	b.n	10000ee8 <alarm_pool_irq_handler+0x50>
100010d4:	004b      	lsls	r3, r1, #1
100010d6:	185b      	adds	r3, r3, r1
100010d8:	00db      	lsls	r3, r3, #3
100010da:	18e0      	adds	r0, r4, r3
100010dc:	000a      	movs	r2, r1
100010de:	5ee1      	ldrsh	r1, [r4, r3]
100010e0:	8843      	ldrh	r3, [r0, #2]
100010e2:	b21b      	sxth	r3, r3
100010e4:	2b00      	cmp	r3, #0
100010e6:	daf1      	bge.n	100010cc <alarm_pool_irq_handler+0x234>
100010e8:	2501      	movs	r5, #1
100010ea:	426d      	negs	r5, r5
100010ec:	17ee      	asrs	r6, r5, #31
100010ee:	6085      	str	r5, [r0, #8]
100010f0:	60c6      	str	r6, [r0, #12]
100010f2:	2508      	movs	r5, #8
100010f4:	5f7b      	ldrsh	r3, [r7, r5]
100010f6:	4293      	cmp	r3, r2
100010f8:	d0e9      	beq.n	100010ce <alarm_pool_irq_handler+0x236>
100010fa:	4663      	mov	r3, ip
100010fc:	8019      	strh	r1, [r3, #0]
100010fe:	893b      	ldrh	r3, [r7, #8]
10001100:	8003      	strh	r3, [r0, #0]
10001102:	813a      	strh	r2, [r7, #8]
10001104:	e7e3      	b.n	100010ce <alarm_pool_irq_handler+0x236>
10001106:	68bb      	ldr	r3, [r7, #8]
10001108:	4563      	cmp	r3, ip
1000110a:	d9bb      	bls.n	10001084 <alarm_pool_irq_handler+0x1ec>
1000110c:	e7c6      	b.n	1000109c <alarm_pool_irq_handler+0x204>
1000110e:	1c63      	adds	r3, r4, #1
10001110:	d000      	beq.n	10001114 <alarm_pool_irq_handler+0x27c>
10001112:	e6f7      	b.n	10000f04 <alarm_pool_irq_handler+0x6c>
10001114:	e705      	b.n	10000f22 <alarm_pool_irq_handler+0x8a>
10001116:	4653      	mov	r3, sl
10001118:	4650      	mov	r0, sl
1000111a:	691b      	ldr	r3, [r3, #16]
1000111c:	4798      	blx	r3
1000111e:	2800      	cmp	r0, #0
10001120:	d123      	bne.n	1000116a <alarm_pool_irq_handler+0x2d2>
10001122:	464b      	mov	r3, r9
10001124:	881b      	ldrh	r3, [r3, #0]
10001126:	693a      	ldr	r2, [r7, #16]
10001128:	813b      	strh	r3, [r7, #8]
1000112a:	f3ef 8310 	mrs	r3, PRIMASK
1000112e:	b672      	cpsid	i
10001130:	6811      	ldr	r1, [r2, #0]
10001132:	2900      	cmp	r1, #0
10001134:	d0fc      	beq.n	10001130 <alarm_pool_irq_handler+0x298>
10001136:	f3bf 8f5f 	dmb	sy
1000113a:	4649      	mov	r1, r9
1000113c:	887a      	ldrh	r2, [r7, #2]
1000113e:	800a      	strh	r2, [r1, #0]
10001140:	693a      	ldr	r2, [r7, #16]
10001142:	807e      	strh	r6, [r7, #2]
10001144:	f3bf 8f5f 	dmb	sy
10001148:	2100      	movs	r1, #0
1000114a:	6011      	str	r1, [r2, #0]
1000114c:	f383 8810 	msr	PRIMASK, r3
10001150:	e6c1      	b.n	10000ed6 <alarm_pool_irq_handler+0x3e>
10001152:	4284      	cmp	r4, r0
10001154:	d800      	bhi.n	10001158 <alarm_pool_irq_handler+0x2c0>
10001156:	e705      	b.n	10000f64 <alarm_pool_irq_handler+0xcc>
10001158:	e6bd      	b.n	10000ed6 <alarm_pool_irq_handler+0x3e>
1000115a:	480b      	ldr	r0, [pc, #44]	@ (10001188 <alarm_pool_irq_handler+0x2f0>)
1000115c:	f000 fa8e 	bl	1000167c <timer_time_us_64>
10001160:	9b00      	ldr	r3, [sp, #0]
10001162:	9c01      	ldr	r4, [sp, #4]
10001164:	18c0      	adds	r0, r0, r3
10001166:	4161      	adcs	r1, r4
10001168:	e721      	b.n	10000fae <alarm_pool_irq_handler+0x116>
1000116a:	4653      	mov	r3, sl
1000116c:	cb0c      	ldmia	r3, {r2, r3}
1000116e:	9200      	str	r2, [sp, #0]
10001170:	9301      	str	r3, [sp, #4]
10001172:	e70d      	b.n	10000f90 <alarm_pool_irq_handler+0xf8>
10001174:	4582      	cmp	sl, r0
10001176:	d800      	bhi.n	1000117a <alarm_pool_irq_handler+0x2e2>
10001178:	e747      	b.n	1000100a <alarm_pool_irq_handler+0x172>
1000117a:	e74c      	b.n	10001016 <alarm_pool_irq_handler+0x17e>
1000117c:	20002024 	.word	0x20002024
10001180:	4005703c 	.word	0x4005703c
10001184:	10000e99 	.word	0x10000e99
10001188:	40054000 	.word	0x40054000

1000118c <runtime_init_default_alarm_pool>:
1000118c:	b570      	push	{r4, r5, r6, lr}
1000118e:	4c2d      	ldr	r4, [pc, #180]	@ (10001244 <runtime_init_default_alarm_pool+0xb8>)
10001190:	6925      	ldr	r5, [r4, #16]
10001192:	2d00      	cmp	r5, #0
10001194:	d004      	beq.n	100011a0 <runtime_init_default_alarm_pool+0x14>
10001196:	210a      	movs	r1, #10
10001198:	482b      	ldr	r0, [pc, #172]	@ (10001248 <runtime_init_default_alarm_pool+0xbc>)
1000119a:	f7ff fe0f 	bl	10000dbc <lock_init>
1000119e:	bd70      	pop	{r4, r5, r6, pc}
100011a0:	4e2a      	ldr	r6, [pc, #168]	@ (1000124c <runtime_init_default_alarm_pool+0xc0>)
100011a2:	2103      	movs	r1, #3
100011a4:	4829      	ldr	r0, [pc, #164]	@ (1000124c <runtime_init_default_alarm_pool+0xc0>)
100011a6:	f000 fa5f 	bl	10001668 <timer_hardware_alarm_claim>
100011aa:	60e6      	str	r6, [r4, #12]
100011ac:	f7ff fc04 	bl	100009b8 <next_striped_spin_lock_num>
100011b0:	4b27      	ldr	r3, [pc, #156]	@ (10001250 <runtime_init_default_alarm_pool+0xc4>)
100011b2:	2203      	movs	r2, #3
100011b4:	18c0      	adds	r0, r0, r3
100011b6:	23d0      	movs	r3, #208	@ 0xd0
100011b8:	7022      	strb	r2, [r4, #0]
100011ba:	061b      	lsls	r3, r3, #24
100011bc:	681b      	ldr	r3, [r3, #0]
100011be:	2101      	movs	r1, #1
100011c0:	7063      	strb	r3, [r4, #1]
100011c2:	4b24      	ldr	r3, [pc, #144]	@ (10001254 <runtime_init_default_alarm_pool+0xc8>)
100011c4:	0080      	lsls	r0, r0, #2
100011c6:	60a3      	str	r3, [r4, #8]
100011c8:	230f      	movs	r3, #15
100011ca:	6120      	str	r0, [r4, #16]
100011cc:	2002      	movs	r0, #2
100011ce:	8063      	strh	r3, [r4, #2]
100011d0:	6963      	ldr	r3, [r4, #20]
100011d2:	4249      	negs	r1, r1
100011d4:	80a1      	strh	r1, [r4, #4]
100011d6:	8019      	strh	r1, [r3, #0]
100011d8:	3102      	adds	r1, #2
100011da:	8619      	strh	r1, [r3, #48]	@ 0x30
100011dc:	3147      	adds	r1, #71	@ 0x47
100011de:	831d      	strh	r5, [r3, #24]
100011e0:	5258      	strh	r0, [r3, r1]
100011e2:	3118      	adds	r1, #24
100011e4:	525a      	strh	r2, [r3, r1]
100011e6:	3275      	adds	r2, #117	@ 0x75
100011e8:	395c      	subs	r1, #92	@ 0x5c
100011ea:	5299      	strh	r1, [r3, r2]
100011ec:	3218      	adds	r2, #24
100011ee:	3101      	adds	r1, #1
100011f0:	5299      	strh	r1, [r3, r2]
100011f2:	3218      	adds	r2, #24
100011f4:	3101      	adds	r1, #1
100011f6:	5299      	strh	r1, [r3, r2]
100011f8:	3218      	adds	r2, #24
100011fa:	3101      	adds	r1, #1
100011fc:	5299      	strh	r1, [r3, r2]
100011fe:	3508      	adds	r5, #8
10001200:	3218      	adds	r2, #24
10001202:	529d      	strh	r5, [r3, r2]
10001204:	3102      	adds	r1, #2
10001206:	3218      	adds	r2, #24
10001208:	5299      	strh	r1, [r3, r2]
1000120a:	3218      	adds	r2, #24
1000120c:	3101      	adds	r1, #1
1000120e:	5299      	strh	r1, [r3, r2]
10001210:	3218      	adds	r2, #24
10001212:	3101      	adds	r1, #1
10001214:	5299      	strh	r1, [r3, r2]
10001216:	3218      	adds	r2, #24
10001218:	3101      	adds	r1, #1
1000121a:	5299      	strh	r1, [r3, r2]
1000121c:	3218      	adds	r2, #24
1000121e:	3101      	adds	r1, #1
10001220:	5299      	strh	r1, [r3, r2]
10001222:	3218      	adds	r2, #24
10001224:	3101      	adds	r1, #1
10001226:	5299      	strh	r1, [r3, r2]
10001228:	4b0b      	ldr	r3, [pc, #44]	@ (10001258 <runtime_init_default_alarm_pool+0xcc>)
1000122a:	490c      	ldr	r1, [pc, #48]	@ (1000125c <runtime_init_default_alarm_pool+0xd0>)
1000122c:	60dc      	str	r4, [r3, #12]
1000122e:	3001      	adds	r0, #1
10001230:	6235      	str	r5, [r6, #32]
10001232:	f7ff fc45 	bl	10000ac0 <irq_set_exclusive_handler>
10001236:	2101      	movs	r1, #1
10001238:	2003      	movs	r0, #3
1000123a:	f7ff fc0b 	bl	10000a54 <irq_set_enabled>
1000123e:	4b08      	ldr	r3, [pc, #32]	@ (10001260 <runtime_init_default_alarm_pool+0xd4>)
10001240:	601d      	str	r5, [r3, #0]
10001242:	e7a8      	b.n	10001196 <runtime_init_default_alarm_pool+0xa>
10001244:	20001058 	.word	0x20001058
10001248:	20002040 	.word	0x20002040
1000124c:	40054000 	.word	0x40054000
10001250:	34000040 	.word	0x34000040
10001254:	0010ffff 	.word	0x0010ffff
10001258:	20002024 	.word	0x20002024
1000125c:	10000e99 	.word	0x10000e99
10001260:	40056038 	.word	0x40056038

10001264 <alarm_pool_get_default>:
10001264:	4800      	ldr	r0, [pc, #0]	@ (10001268 <alarm_pool_get_default+0x4>)
10001266:	4770      	bx	lr
10001268:	20001058 	.word	0x20001058

1000126c <alarm_pool_add_alarm_at>:
1000126c:	b5f8      	push	{r3, r4, r5, r6, r7, lr}
1000126e:	001f      	movs	r7, r3
10001270:	ab08      	add	r3, sp, #32
10001272:	781b      	ldrb	r3, [r3, #0]
10001274:	0004      	movs	r4, r0
10001276:	0016      	movs	r6, r2
10001278:	2b00      	cmp	r3, #0
1000127a:	d107      	bne.n	1000128c <alarm_pool_add_alarm_at+0x20>
1000127c:	f000 fa06 	bl	1000168c <time_us_64>
10001280:	0032      	movs	r2, r6
10001282:	003b      	movs	r3, r7
10001284:	1a12      	subs	r2, r2, r0
10001286:	418b      	sbcs	r3, r1
10001288:	2b00      	cmp	r3, #0
1000128a:	db51      	blt.n	10001330 <alarm_pool_add_alarm_at+0xc4>
1000128c:	6922      	ldr	r2, [r4, #16]
1000128e:	f3ef 8c10 	mrs	ip, PRIMASK
10001292:	b672      	cpsid	i
10001294:	6813      	ldr	r3, [r2, #0]
10001296:	2b00      	cmp	r3, #0
10001298:	d0fc      	beq.n	10001294 <alarm_pool_add_alarm_at+0x28>
1000129a:	f3bf 8f5f 	dmb	sy
1000129e:	2302      	movs	r3, #2
100012a0:	5ee1      	ldrsh	r1, [r4, r3]
100012a2:	6925      	ldr	r5, [r4, #16]
100012a4:	2900      	cmp	r1, #0
100012a6:	db3a      	blt.n	1000131e <alarm_pool_add_alarm_at+0xb2>
100012a8:	004b      	lsls	r3, r1, #1
100012aa:	6960      	ldr	r0, [r4, #20]
100012ac:	185b      	adds	r3, r3, r1
100012ae:	00db      	lsls	r3, r3, #3
100012b0:	18c2      	adds	r2, r0, r3
100012b2:	5ac3      	ldrh	r3, [r0, r3]
100012b4:	8063      	strh	r3, [r4, #2]
100012b6:	f3bf 8f5f 	dmb	sy
100012ba:	2300      	movs	r3, #0
100012bc:	602b      	str	r3, [r5, #0]
100012be:	f38c 8810 	msr	PRIMASK, ip
100012c2:	9b06      	ldr	r3, [sp, #24]
100012c4:	6096      	str	r6, [r2, #8]
100012c6:	60d7      	str	r7, [r2, #12]
100012c8:	6113      	str	r3, [r2, #16]
100012ca:	9b07      	ldr	r3, [sp, #28]
100012cc:	6153      	str	r3, [r2, #20]
100012ce:	8853      	ldrh	r3, [r2, #2]
100012d0:	3301      	adds	r3, #1
100012d2:	045b      	lsls	r3, r3, #17
100012d4:	0c5b      	lsrs	r3, r3, #17
100012d6:	1c18      	adds	r0, r3, #0
100012d8:	2b00      	cmp	r3, #0
100012da:	d01e      	beq.n	1000131a <alarm_pool_add_alarm_at+0xae>
100012dc:	b283      	uxth	r3, r0
100012de:	8050      	strh	r0, [r2, #2]
100012e0:	0408      	lsls	r0, r1, #16
100012e2:	4318      	orrs	r0, r3
100012e4:	6925      	ldr	r5, [r4, #16]
100012e6:	f3ef 8610 	mrs	r6, PRIMASK
100012ea:	b672      	cpsid	i
100012ec:	682b      	ldr	r3, [r5, #0]
100012ee:	2b00      	cmp	r3, #0
100012f0:	d0fc      	beq.n	100012ec <alarm_pool_add_alarm_at+0x80>
100012f2:	f3bf 8f5f 	dmb	sy
100012f6:	88a3      	ldrh	r3, [r4, #4]
100012f8:	8013      	strh	r3, [r2, #0]
100012fa:	80a1      	strh	r1, [r4, #4]
100012fc:	6923      	ldr	r3, [r4, #16]
100012fe:	f3bf 8f5f 	dmb	sy
10001302:	2200      	movs	r2, #0
10001304:	601a      	str	r2, [r3, #0]
10001306:	f386 8810 	msr	PRIMASK, r6
1000130a:	7823      	ldrb	r3, [r4, #0]
1000130c:	3201      	adds	r2, #1
1000130e:	409a      	lsls	r2, r3
10001310:	4908      	ldr	r1, [pc, #32]	@ (10001334 <alarm_pool_add_alarm_at+0xc8>)
10001312:	68e3      	ldr	r3, [r4, #12]
10001314:	185b      	adds	r3, r3, r1
10001316:	601a      	str	r2, [r3, #0]
10001318:	bdf8      	pop	{r3, r4, r5, r6, r7, pc}
1000131a:	2001      	movs	r0, #1
1000131c:	e7de      	b.n	100012dc <alarm_pool_add_alarm_at+0x70>
1000131e:	f3bf 8f5f 	dmb	sy
10001322:	2300      	movs	r3, #0
10001324:	602b      	str	r3, [r5, #0]
10001326:	f38c 8810 	msr	PRIMASK, ip
1000132a:	2001      	movs	r0, #1
1000132c:	4240      	negs	r0, r0
1000132e:	e7f3      	b.n	10001318 <alarm_pool_add_alarm_at+0xac>
10001330:	2000      	movs	r0, #0
10001332:	e7f1      	b.n	10001318 <alarm_pool_add_alarm_at+0xac>
10001334:	0000203c 	.word	0x0000203c

10001338 <alarm_pool_add_alarm_at_force_in_context>:
10001338:	b570      	push	{r4, r5, r6, lr}
1000133a:	b082      	sub	sp, #8
1000133c:	9200      	str	r2, [sp, #0]
1000133e:	9301      	str	r3, [sp, #4]
10001340:	0001      	movs	r1, r0
10001342:	6902      	ldr	r2, [r0, #16]
10001344:	f3ef 8410 	mrs	r4, PRIMASK
10001348:	b672      	cpsid	i
1000134a:	6813      	ldr	r3, [r2, #0]
1000134c:	2b00      	cmp	r3, #0
1000134e:	d0fc      	beq.n	1000134a <alarm_pool_add_alarm_at_force_in_context+0x12>
10001350:	f3bf 8f5f 	dmb	sy
10001354:	2302      	movs	r3, #2
10001356:	5ec8      	ldrsh	r0, [r1, r3]
10001358:	690d      	ldr	r5, [r1, #16]
1000135a:	2800      	cmp	r0, #0
1000135c:	db3f      	blt.n	100013de <alarm_pool_add_alarm_at_force_in_context+0xa6>
1000135e:	694a      	ldr	r2, [r1, #20]
10001360:	0043      	lsls	r3, r0, #1
10001362:	0016      	movs	r6, r2
10001364:	181b      	adds	r3, r3, r0
10001366:	00db      	lsls	r3, r3, #3
10001368:	18d2      	adds	r2, r2, r3
1000136a:	5af3      	ldrh	r3, [r6, r3]
1000136c:	804b      	strh	r3, [r1, #2]
1000136e:	f3bf 8f5f 	dmb	sy
10001372:	2300      	movs	r3, #0
10001374:	602b      	str	r3, [r5, #0]
10001376:	f384 8810 	msr	PRIMASK, r4
1000137a:	9b06      	ldr	r3, [sp, #24]
1000137c:	6113      	str	r3, [r2, #16]
1000137e:	9b07      	ldr	r3, [sp, #28]
10001380:	6153      	str	r3, [r2, #20]
10001382:	9b00      	ldr	r3, [sp, #0]
10001384:	9c01      	ldr	r4, [sp, #4]
10001386:	6093      	str	r3, [r2, #8]
10001388:	60d4      	str	r4, [r2, #12]
1000138a:	8853      	ldrh	r3, [r2, #2]
1000138c:	3301      	adds	r3, #1
1000138e:	045b      	lsls	r3, r3, #17
10001390:	0c5b      	lsrs	r3, r3, #17
10001392:	1c1d      	adds	r5, r3, #0
10001394:	2b00      	cmp	r3, #0
10001396:	d020      	beq.n	100013da <alarm_pool_add_alarm_at_force_in_context+0xa2>
10001398:	b2ac      	uxth	r4, r5
1000139a:	0403      	lsls	r3, r0, #16
1000139c:	8055      	strh	r5, [r2, #2]
1000139e:	4323      	orrs	r3, r4
100013a0:	690d      	ldr	r5, [r1, #16]
100013a2:	f3ef 8c10 	mrs	ip, PRIMASK
100013a6:	b672      	cpsid	i
100013a8:	682c      	ldr	r4, [r5, #0]
100013aa:	2c00      	cmp	r4, #0
100013ac:	d0fc      	beq.n	100013a8 <alarm_pool_add_alarm_at_force_in_context+0x70>
100013ae:	f3bf 8f5f 	dmb	sy
100013b2:	888c      	ldrh	r4, [r1, #4]
100013b4:	8014      	strh	r4, [r2, #0]
100013b6:	8088      	strh	r0, [r1, #4]
100013b8:	690a      	ldr	r2, [r1, #16]
100013ba:	f3bf 8f5f 	dmb	sy
100013be:	2000      	movs	r0, #0
100013c0:	6010      	str	r0, [r2, #0]
100013c2:	f38c 8810 	msr	PRIMASK, ip
100013c6:	780a      	ldrb	r2, [r1, #0]
100013c8:	3001      	adds	r0, #1
100013ca:	4090      	lsls	r0, r2
100013cc:	68ca      	ldr	r2, [r1, #12]
100013ce:	4908      	ldr	r1, [pc, #32]	@ (100013f0 <alarm_pool_add_alarm_at_force_in_context+0xb8>)
100013d0:	1852      	adds	r2, r2, r1
100013d2:	6010      	str	r0, [r2, #0]
100013d4:	0018      	movs	r0, r3
100013d6:	b002      	add	sp, #8
100013d8:	bd70      	pop	{r4, r5, r6, pc}
100013da:	2501      	movs	r5, #1
100013dc:	e7dc      	b.n	10001398 <alarm_pool_add_alarm_at_force_in_context+0x60>
100013de:	f3bf 8f5f 	dmb	sy
100013e2:	2300      	movs	r3, #0
100013e4:	602b      	str	r3, [r5, #0]
100013e6:	f384 8810 	msr	PRIMASK, r4
100013ea:	3b01      	subs	r3, #1
100013ec:	e7f2      	b.n	100013d4 <alarm_pool_add_alarm_at_force_in_context+0x9c>
100013ee:	46c0      	nop			@ (mov r8, r8)
100013f0:	0000203c 	.word	0x0000203c

100013f4 <alarm_pool_cancel_alarm>:
100013f4:	b510      	push	{r4, lr}
100013f6:	8943      	ldrh	r3, [r0, #10]
100013f8:	140a      	asrs	r2, r1, #16
100013fa:	4293      	cmp	r3, r2
100013fc:	dd1a      	ble.n	10001434 <alarm_pool_cancel_alarm+0x40>
100013fe:	0053      	lsls	r3, r2, #1
10001400:	189b      	adds	r3, r3, r2
10001402:	6942      	ldr	r2, [r0, #20]
10001404:	00db      	lsls	r3, r3, #3
10001406:	18d3      	adds	r3, r2, r3
10001408:	6904      	ldr	r4, [r0, #16]
1000140a:	f3ef 8c10 	mrs	ip, PRIMASK
1000140e:	b672      	cpsid	i
10001410:	6822      	ldr	r2, [r4, #0]
10001412:	2a00      	cmp	r2, #0
10001414:	d0fc      	beq.n	10001410 <alarm_pool_cancel_alarm+0x1c>
10001416:	f3bf 8f5f 	dmb	sy
1000141a:	885a      	ldrh	r2, [r3, #2]
1000141c:	0409      	lsls	r1, r1, #16
1000141e:	b294      	uxth	r4, r2
10001420:	0c09      	lsrs	r1, r1, #16
10001422:	428a      	cmp	r2, r1
10001424:	d008      	beq.n	10001438 <alarm_pool_cancel_alarm+0x44>
10001426:	6903      	ldr	r3, [r0, #16]
10001428:	f3bf 8f5f 	dmb	sy
1000142c:	2200      	movs	r2, #0
1000142e:	601a      	str	r2, [r3, #0]
10001430:	f38c 8810 	msr	PRIMASK, ip
10001434:	2000      	movs	r0, #0
10001436:	bd10      	pop	{r4, pc}
10001438:	4a09      	ldr	r2, [pc, #36]	@ (10001460 <alarm_pool_cancel_alarm+0x6c>)
1000143a:	4322      	orrs	r2, r4
1000143c:	805a      	strh	r2, [r3, #2]
1000143e:	2301      	movs	r3, #1
10001440:	6902      	ldr	r2, [r0, #16]
10001442:	7183      	strb	r3, [r0, #6]
10001444:	f3bf 8f5f 	dmb	sy
10001448:	2100      	movs	r1, #0
1000144a:	6011      	str	r1, [r2, #0]
1000144c:	f38c 8810 	msr	PRIMASK, ip
10001450:	7802      	ldrb	r2, [r0, #0]
10001452:	4904      	ldr	r1, [pc, #16]	@ (10001464 <alarm_pool_cancel_alarm+0x70>)
10001454:	4093      	lsls	r3, r2
10001456:	68c2      	ldr	r2, [r0, #12]
10001458:	2001      	movs	r0, #1
1000145a:	1852      	adds	r2, r2, r1
1000145c:	6013      	str	r3, [r2, #0]
1000145e:	e7ea      	b.n	10001436 <alarm_pool_cancel_alarm+0x42>
10001460:	ffff8000 	.word	0xffff8000
10001464:	0000203c 	.word	0x0000203c

10001468 <alarm_pool_core_num>:
10001468:	7840      	ldrb	r0, [r0, #1]
1000146a:	4770      	bx	lr

1000146c <sleep_ms>:
1000146c:	b5f0      	push	{r4, r5, r6, r7, lr}
1000146e:	46c6      	mov	lr, r8
10001470:	b500      	push	{lr}
10001472:	b082      	sub	sp, #8
10001474:	0004      	movs	r4, r0
10001476:	f000 f909 	bl	1000168c <time_us_64>
1000147a:	22fa      	movs	r2, #250	@ 0xfa
1000147c:	0006      	movs	r6, r0
1000147e:	000f      	movs	r7, r1
10001480:	0020      	movs	r0, r4
10001482:	2300      	movs	r3, #0
10001484:	2100      	movs	r1, #0
10001486:	0092      	lsls	r2, r2, #2
10001488:	f001 faf6 	bl	10002a78 <__wrap___aeabi_lmul>
1000148c:	1980      	adds	r0, r0, r6
1000148e:	4179      	adcs	r1, r7
10001490:	0004      	movs	r4, r0
10001492:	1e0d      	subs	r5, r1, #0
10001494:	da02      	bge.n	1000149c <sleep_ms+0x30>
10001496:	2401      	movs	r4, #1
10001498:	4d2e      	ldr	r5, [pc, #184]	@ (10001554 <sleep_ms+0xe8>)
1000149a:	4264      	negs	r4, r4
1000149c:	2606      	movs	r6, #6
1000149e:	4276      	negs	r6, r6
100014a0:	17f7      	asrs	r7, r6, #31
100014a2:	1936      	adds	r6, r6, r4
100014a4:	416f      	adcs	r7, r5
100014a6:	42af      	cmp	r7, r5
100014a8:	d814      	bhi.n	100014d4 <sleep_ms+0x68>
100014aa:	d011      	beq.n	100014d0 <sleep_ms+0x64>
100014ac:	f000 f8ee 	bl	1000168c <time_us_64>
100014b0:	0032      	movs	r2, r6
100014b2:	003b      	movs	r3, r7
100014b4:	1a12      	subs	r2, r2, r0
100014b6:	418b      	sbcs	r3, r1
100014b8:	2b00      	cmp	r3, #0
100014ba:	dc15      	bgt.n	100014e8 <sleep_ms+0x7c>
100014bc:	2b00      	cmp	r3, #0
100014be:	d046      	beq.n	1000154e <sleep_ms+0xe2>
100014c0:	0020      	movs	r0, r4
100014c2:	0029      	movs	r1, r5
100014c4:	f000 f922 	bl	1000170c <busy_wait_until>
100014c8:	b002      	add	sp, #8
100014ca:	bc80      	pop	{r7}
100014cc:	46b8      	mov	r8, r7
100014ce:	bdf0      	pop	{r4, r5, r6, r7, pc}
100014d0:	42a6      	cmp	r6, r4
100014d2:	d9eb      	bls.n	100014ac <sleep_ms+0x40>
100014d4:	2600      	movs	r6, #0
100014d6:	2700      	movs	r7, #0
100014d8:	f000 f8d8 	bl	1000168c <time_us_64>
100014dc:	0032      	movs	r2, r6
100014de:	003b      	movs	r3, r7
100014e0:	1a12      	subs	r2, r2, r0
100014e2:	418b      	sbcs	r3, r1
100014e4:	2b00      	cmp	r3, #0
100014e6:	dde9      	ble.n	100014bc <sleep_ms+0x50>
100014e8:	f000 f8d0 	bl	1000168c <time_us_64>
100014ec:	0032      	movs	r2, r6
100014ee:	003b      	movs	r3, r7
100014f0:	1a12      	subs	r2, r2, r0
100014f2:	418b      	sbcs	r3, r1
100014f4:	2b00      	cmp	r3, #0
100014f6:	db0a      	blt.n	1000150e <sleep_ms+0xa2>
100014f8:	2300      	movs	r3, #0
100014fa:	9301      	str	r3, [sp, #4]
100014fc:	4b16      	ldr	r3, [pc, #88]	@ (10001558 <sleep_ms+0xec>)
100014fe:	0032      	movs	r2, r6
10001500:	9300      	str	r3, [sp, #0]
10001502:	4816      	ldr	r0, [pc, #88]	@ (1000155c <sleep_ms+0xf0>)
10001504:	003b      	movs	r3, r7
10001506:	f7ff ff17 	bl	10001338 <alarm_pool_add_alarm_at_force_in_context>
1000150a:	3001      	adds	r0, #1
1000150c:	d0d8      	beq.n	100014c0 <sleep_ms+0x54>
1000150e:	2300      	movs	r3, #0
10001510:	0039      	movs	r1, r7
10001512:	46b0      	mov	r8, r6
10001514:	469c      	mov	ip, r3
10001516:	4a12      	ldr	r2, [pc, #72]	@ (10001560 <sleep_ms+0xf4>)
10001518:	4812      	ldr	r0, [pc, #72]	@ (10001564 <sleep_ms+0xf8>)
1000151a:	6a53      	ldr	r3, [r2, #36]	@ 0x24
1000151c:	4299      	cmp	r1, r3
1000151e:	d804      	bhi.n	1000152a <sleep_ms+0xbe>
10001520:	6a96      	ldr	r6, [r2, #40]	@ 0x28
10001522:	4546      	cmp	r6, r8
10001524:	d2cc      	bcs.n	100014c0 <sleep_ms+0x54>
10001526:	4299      	cmp	r1, r3
10001528:	d1ca      	bne.n	100014c0 <sleep_ms+0x54>
1000152a:	6806      	ldr	r6, [r0, #0]
1000152c:	f3ef 8710 	mrs	r7, PRIMASK
10001530:	b672      	cpsid	i
10001532:	6833      	ldr	r3, [r6, #0]
10001534:	2b00      	cmp	r3, #0
10001536:	d0fc      	beq.n	10001532 <sleep_ms+0xc6>
10001538:	f3bf 8f5f 	dmb	sy
1000153c:	6803      	ldr	r3, [r0, #0]
1000153e:	f3bf 8f5f 	dmb	sy
10001542:	4666      	mov	r6, ip
10001544:	601e      	str	r6, [r3, #0]
10001546:	f387 8810 	msr	PRIMASK, r7
1000154a:	bf20      	wfe
1000154c:	e7e5      	b.n	1000151a <sleep_ms+0xae>
1000154e:	2a00      	cmp	r2, #0
10001550:	d0b6      	beq.n	100014c0 <sleep_ms+0x54>
10001552:	e7c9      	b.n	100014e8 <sleep_ms+0x7c>
10001554:	7fffffff 	.word	0x7fffffff
10001558:	10000e69 	.word	0x10000e69
1000155c:	20001058 	.word	0x20001058
10001560:	40054000 	.word	0x40054000
10001564:	20002040 	.word	0x20002040

10001568 <best_effort_wfe_or_timeout>:
10001568:	b5f0      	push	{r4, r5, r6, r7, lr}
1000156a:	46ce      	mov	lr, r9
1000156c:	4647      	mov	r7, r8
1000156e:	b580      	push	{r7, lr}
10001570:	0004      	movs	r4, r0
10001572:	000d      	movs	r5, r1
10001574:	b085      	sub	sp, #20
10001576:	f3ef 8605 	mrs	r6, IPSR
1000157a:	4689      	mov	r9, r1
1000157c:	2e00      	cmp	r6, #0
1000157e:	d010      	beq.n	100015a2 <best_effort_wfe_or_timeout+0x3a>
10001580:	4936      	ldr	r1, [pc, #216]	@ (1000165c <best_effort_wfe_or_timeout+0xf4>)
10001582:	2000      	movs	r0, #0
10001584:	6a4b      	ldr	r3, [r1, #36]	@ 0x24
10001586:	42ab      	cmp	r3, r5
10001588:	d306      	bcc.n	10001598 <best_effort_wfe_or_timeout+0x30>
1000158a:	6a8a      	ldr	r2, [r1, #40]	@ 0x28
1000158c:	1b5b      	subs	r3, r3, r5
1000158e:	1e59      	subs	r1, r3, #1
10001590:	418b      	sbcs	r3, r1
10001592:	42a2      	cmp	r2, r4
10001594:	4140      	adcs	r0, r0
10001596:	4318      	orrs	r0, r3
10001598:	b005      	add	sp, #20
1000159a:	bcc0      	pop	{r6, r7}
1000159c:	46b9      	mov	r9, r7
1000159e:	46b0      	mov	r8, r6
100015a0:	bdf0      	pop	{r4, r5, r6, r7, pc}
100015a2:	4f2f      	ldr	r7, [pc, #188]	@ (10001660 <best_effort_wfe_or_timeout+0xf8>)
100015a4:	68fb      	ldr	r3, [r7, #12]
100015a6:	783a      	ldrb	r2, [r7, #0]
100015a8:	4698      	mov	r8, r3
100015aa:	0018      	movs	r0, r3
100015ac:	9203      	str	r2, [sp, #12]
100015ae:	f000 f865 	bl	1000167c <timer_time_us_64>
100015b2:	9a03      	ldr	r2, [sp, #12]
100015b4:	1d13      	adds	r3, r2, #4
100015b6:	4642      	mov	r2, r8
100015b8:	009b      	lsls	r3, r3, #2
100015ba:	589b      	ldr	r3, [r3, r2]
100015bc:	0022      	movs	r2, r4
100015be:	1a1b      	subs	r3, r3, r0
100015c0:	469c      	mov	ip, r3
100015c2:	002b      	movs	r3, r5
100015c4:	1a12      	subs	r2, r2, r0
100015c6:	418b      	sbcs	r3, r1
100015c8:	429e      	cmp	r6, r3
100015ca:	dc10      	bgt.n	100015ee <best_effort_wfe_or_timeout+0x86>
100015cc:	d00d      	beq.n	100015ea <best_effort_wfe_or_timeout+0x82>
100015ce:	bf20      	wfe
100015d0:	4a22      	ldr	r2, [pc, #136]	@ (1000165c <best_effort_wfe_or_timeout+0xf4>)
100015d2:	2000      	movs	r0, #0
100015d4:	6a53      	ldr	r3, [r2, #36]	@ 0x24
100015d6:	454b      	cmp	r3, r9
100015d8:	d3de      	bcc.n	10001598 <best_effort_wfe_or_timeout+0x30>
100015da:	6a92      	ldr	r2, [r2, #40]	@ 0x28
100015dc:	1b5b      	subs	r3, r3, r5
100015de:	1e59      	subs	r1, r3, #1
100015e0:	418b      	sbcs	r3, r1
100015e2:	42a2      	cmp	r2, r4
100015e4:	4140      	adcs	r0, r0
100015e6:	4318      	orrs	r0, r3
100015e8:	e7d6      	b.n	10001598 <best_effort_wfe_or_timeout+0x30>
100015ea:	4594      	cmp	ip, r2
100015ec:	d9ef      	bls.n	100015ce <best_effort_wfe_or_timeout+0x66>
100015ee:	f000 f84d 	bl	1000168c <time_us_64>
100015f2:	0022      	movs	r2, r4
100015f4:	002b      	movs	r3, r5
100015f6:	1a12      	subs	r2, r2, r0
100015f8:	418b      	sbcs	r3, r1
100015fa:	2b00      	cmp	r3, #0
100015fc:	db1b      	blt.n	10001636 <best_effort_wfe_or_timeout+0xce>
100015fe:	2300      	movs	r3, #0
10001600:	9301      	str	r3, [sp, #4]
10001602:	4b18      	ldr	r3, [pc, #96]	@ (10001664 <best_effort_wfe_or_timeout+0xfc>)
10001604:	0022      	movs	r2, r4
10001606:	9300      	str	r3, [sp, #0]
10001608:	0038      	movs	r0, r7
1000160a:	002b      	movs	r3, r5
1000160c:	f7ff fe94 	bl	10001338 <alarm_pool_add_alarm_at_force_in_context>
10001610:	2800      	cmp	r0, #0
10001612:	dd10      	ble.n	10001636 <best_effort_wfe_or_timeout+0xce>
10001614:	4b11      	ldr	r3, [pc, #68]	@ (1000165c <best_effort_wfe_or_timeout+0xf4>)
10001616:	6a5a      	ldr	r2, [r3, #36]	@ 0x24
10001618:	454a      	cmp	r2, r9
1000161a:	d31c      	bcc.n	10001656 <best_effort_wfe_or_timeout+0xee>
1000161c:	6a9b      	ldr	r3, [r3, #40]	@ 0x28
1000161e:	42a3      	cmp	r3, r4
10001620:	d317      	bcc.n	10001652 <best_effort_wfe_or_timeout+0xea>
10001622:	0001      	movs	r1, r0
10001624:	0038      	movs	r0, r7
10001626:	f7ff fee5 	bl	100013f4 <alarm_pool_cancel_alarm>
1000162a:	4a0c      	ldr	r2, [pc, #48]	@ (1000165c <best_effort_wfe_or_timeout+0xf4>)
1000162c:	2000      	movs	r0, #0
1000162e:	6a53      	ldr	r3, [r2, #36]	@ 0x24
10001630:	454b      	cmp	r3, r9
10001632:	d3b1      	bcc.n	10001598 <best_effort_wfe_or_timeout+0x30>
10001634:	e7d1      	b.n	100015da <best_effort_wfe_or_timeout+0x72>
10001636:	4a09      	ldr	r2, [pc, #36]	@ (1000165c <best_effort_wfe_or_timeout+0xf4>)
10001638:	2000      	movs	r0, #0
1000163a:	6a53      	ldr	r3, [r2, #36]	@ 0x24
1000163c:	454b      	cmp	r3, r9
1000163e:	d3ab      	bcc.n	10001598 <best_effort_wfe_or_timeout+0x30>
10001640:	2000      	movs	r0, #0
10001642:	6a92      	ldr	r2, [r2, #40]	@ 0x28
10001644:	1b5b      	subs	r3, r3, r5
10001646:	42a2      	cmp	r2, r4
10001648:	4140      	adcs	r0, r0
1000164a:	1e5a      	subs	r2, r3, #1
1000164c:	4193      	sbcs	r3, r2
1000164e:	4318      	orrs	r0, r3
10001650:	e7a2      	b.n	10001598 <best_effort_wfe_or_timeout+0x30>
10001652:	454a      	cmp	r2, r9
10001654:	d1e5      	bne.n	10001622 <best_effort_wfe_or_timeout+0xba>
10001656:	bf20      	wfe
10001658:	e7e3      	b.n	10001622 <best_effort_wfe_or_timeout+0xba>
1000165a:	46c0      	nop			@ (mov r8, r8)
1000165c:	40054000 	.word	0x40054000
10001660:	20001058 	.word	0x20001058
10001664:	10000e69 	.word	0x10000e69

10001668 <timer_hardware_alarm_claim>:
10001668:	b510      	push	{r4, lr}
1000166a:	4a02      	ldr	r2, [pc, #8]	@ (10001674 <timer_hardware_alarm_claim+0xc>)
1000166c:	4802      	ldr	r0, [pc, #8]	@ (10001678 <timer_hardware_alarm_claim+0x10>)
1000166e:	f7ff f937 	bl	100008e0 <hw_claim_or_assert>
10001672:	bd10      	pop	{r4, pc}
10001674:	10007504 	.word	0x10007504
10001678:	20001b10 	.word	0x20001b10

1000167c <timer_time_us_64>:
1000167c:	0003      	movs	r3, r0
1000167e:	6a41      	ldr	r1, [r0, #36]	@ 0x24
10001680:	000a      	movs	r2, r1
10001682:	6a98      	ldr	r0, [r3, #40]	@ 0x28
10001684:	6a59      	ldr	r1, [r3, #36]	@ 0x24
10001686:	428a      	cmp	r2, r1
10001688:	d1fa      	bne.n	10001680 <timer_time_us_64+0x4>
1000168a:	4770      	bx	lr

1000168c <time_us_64>:
1000168c:	4b03      	ldr	r3, [pc, #12]	@ (1000169c <time_us_64+0x10>)
1000168e:	6a59      	ldr	r1, [r3, #36]	@ 0x24
10001690:	000a      	movs	r2, r1
10001692:	6a98      	ldr	r0, [r3, #40]	@ 0x28
10001694:	6a59      	ldr	r1, [r3, #36]	@ 0x24
10001696:	4291      	cmp	r1, r2
10001698:	d1fa      	bne.n	10001690 <time_us_64+0x4>
1000169a:	4770      	bx	lr
1000169c:	40054000 	.word	0x40054000

100016a0 <busy_wait_us>:
100016a0:	b570      	push	{r4, r5, r6, lr}
100016a2:	0005      	movs	r5, r0
100016a4:	000e      	movs	r6, r1
100016a6:	4a18      	ldr	r2, [pc, #96]	@ (10001708 <busy_wait_us+0x68>)
100016a8:	6a53      	ldr	r3, [r2, #36]	@ 0x24
100016aa:	0019      	movs	r1, r3
100016ac:	6a94      	ldr	r4, [r2, #40]	@ 0x28
100016ae:	6a53      	ldr	r3, [r2, #36]	@ 0x24
100016b0:	428b      	cmp	r3, r1
100016b2:	d1fa      	bne.n	100016aa <busy_wait_us+0xa>
100016b4:	0020      	movs	r0, r4
100016b6:	0019      	movs	r1, r3
100016b8:	002c      	movs	r4, r5
100016ba:	0035      	movs	r5, r6
100016bc:	1824      	adds	r4, r4, r0
100016be:	414d      	adcs	r5, r1
100016c0:	42ab      	cmp	r3, r5
100016c2:	d816      	bhi.n	100016f2 <busy_wait_us+0x52>
100016c4:	d013      	beq.n	100016ee <busy_wait_us+0x4e>
100016c6:	4b10      	ldr	r3, [pc, #64]	@ (10001708 <busy_wait_us+0x68>)
100016c8:	002a      	movs	r2, r5
100016ca:	6a5b      	ldr	r3, [r3, #36]	@ 0x24
100016cc:	429d      	cmp	r5, r3
100016ce:	d903      	bls.n	100016d8 <busy_wait_us+0x38>
100016d0:	490d      	ldr	r1, [pc, #52]	@ (10001708 <busy_wait_us+0x68>)
100016d2:	6a4b      	ldr	r3, [r1, #36]	@ 0x24
100016d4:	4293      	cmp	r3, r2
100016d6:	d3fc      	bcc.n	100016d2 <busy_wait_us+0x32>
100016d8:	4293      	cmp	r3, r2
100016da:	d107      	bne.n	100016ec <busy_wait_us+0x4c>
100016dc:	4a0a      	ldr	r2, [pc, #40]	@ (10001708 <busy_wait_us+0x68>)
100016de:	e002      	b.n	100016e6 <busy_wait_us+0x46>
100016e0:	6a51      	ldr	r1, [r2, #36]	@ 0x24
100016e2:	4299      	cmp	r1, r3
100016e4:	d102      	bne.n	100016ec <busy_wait_us+0x4c>
100016e6:	6a91      	ldr	r1, [r2, #40]	@ 0x28
100016e8:	42a1      	cmp	r1, r4
100016ea:	d3f9      	bcc.n	100016e0 <busy_wait_us+0x40>
100016ec:	bd70      	pop	{r4, r5, r6, pc}
100016ee:	42a0      	cmp	r0, r4
100016f0:	d9e9      	bls.n	100016c6 <busy_wait_us+0x26>
100016f2:	4b05      	ldr	r3, [pc, #20]	@ (10001708 <busy_wait_us+0x68>)
100016f4:	6a5b      	ldr	r3, [r3, #36]	@ 0x24
100016f6:	001c      	movs	r4, r3
100016f8:	1c5a      	adds	r2, r3, #1
100016fa:	d0ef      	beq.n	100016dc <busy_wait_us+0x3c>
100016fc:	2201      	movs	r2, #1
100016fe:	2401      	movs	r4, #1
10001700:	4264      	negs	r4, r4
10001702:	17e5      	asrs	r5, r4, #31
10001704:	4252      	negs	r2, r2
10001706:	e7e3      	b.n	100016d0 <busy_wait_us+0x30>
10001708:	40054000 	.word	0x40054000

1000170c <busy_wait_until>:
1000170c:	4a06      	ldr	r2, [pc, #24]	@ (10001728 <busy_wait_until+0x1c>)
1000170e:	6a53      	ldr	r3, [r2, #36]	@ 0x24
10001710:	4299      	cmp	r1, r3
10001712:	d8fc      	bhi.n	1000170e <busy_wait_until+0x2>
10001714:	d107      	bne.n	10001726 <busy_wait_until+0x1a>
10001716:	4b04      	ldr	r3, [pc, #16]	@ (10001728 <busy_wait_until+0x1c>)
10001718:	e002      	b.n	10001720 <busy_wait_until+0x14>
1000171a:	6a5a      	ldr	r2, [r3, #36]	@ 0x24
1000171c:	4291      	cmp	r1, r2
1000171e:	d102      	bne.n	10001726 <busy_wait_until+0x1a>
10001720:	6a9a      	ldr	r2, [r3, #40]	@ 0x28
10001722:	4290      	cmp	r0, r2
10001724:	d8f9      	bhi.n	1000171a <busy_wait_until+0xe>
10001726:	4770      	bx	lr
10001728:	40054000 	.word	0x40054000

1000172c <clock_configure_int_divider>:
1000172c:	b5f8      	push	{r3, r4, r5, r6, r7, lr}
1000172e:	46de      	mov	lr, fp
10001730:	464e      	mov	r6, r9
10001732:	4645      	mov	r5, r8
10001734:	4657      	mov	r7, sl
10001736:	b5e0      	push	{r5, r6, r7, lr}
10001738:	0005      	movs	r5, r0
1000173a:	468b      	mov	fp, r1
1000173c:	0018      	movs	r0, r3
1000173e:	990a      	ldr	r1, [sp, #40]	@ 0x28
10001740:	4691      	mov	r9, r2
10001742:	f000 fb3b 	bl	10001dbc <__wrap___aeabi_uidiv>
10001746:	9b0a      	ldr	r3, [sp, #40]	@ 0x28
10001748:	006c      	lsls	r4, r5, #1
1000174a:	021e      	lsls	r6, r3, #8
1000174c:	1964      	adds	r4, r4, r5
1000174e:	4b30      	ldr	r3, [pc, #192]	@ (10001810 <clock_configure_int_divider+0xe4>)
10001750:	00a4      	lsls	r4, r4, #2
10001752:	18e4      	adds	r4, r4, r3
10001754:	6863      	ldr	r3, [r4, #4]
10001756:	4680      	mov	r8, r0
10001758:	429e      	cmp	r6, r3
1000175a:	d900      	bls.n	1000175e <clock_configure_int_divider+0x32>
1000175c:	6066      	str	r6, [r4, #4]
1000175e:	1f2f      	subs	r7, r5, #4
10001760:	b2fb      	uxtb	r3, r7
10001762:	469a      	mov	sl, r3
10001764:	2b01      	cmp	r3, #1
10001766:	d92f      	bls.n	100017c8 <clock_configure_int_divider+0x9c>
10001768:	23c0      	movs	r3, #192	@ 0xc0
1000176a:	2280      	movs	r2, #128	@ 0x80
1000176c:	4f29      	ldr	r7, [pc, #164]	@ (10001814 <clock_configure_int_divider+0xe8>)
1000176e:	00ad      	lsls	r5, r5, #2
10001770:	019b      	lsls	r3, r3, #6
10001772:	5979      	ldr	r1, [r7, r5]
10001774:	0112      	lsls	r2, r2, #4
10001776:	18e3      	adds	r3, r4, r3
10001778:	601a      	str	r2, [r3, #0]
1000177a:	2900      	cmp	r1, #0
1000177c:	d11b      	bne.n	100017b6 <clock_configure_int_divider+0x8a>
1000177e:	464b      	mov	r3, r9
10001780:	6822      	ldr	r2, [r4, #0]
10001782:	015b      	lsls	r3, r3, #5
10001784:	4053      	eors	r3, r2
10001786:	22e0      	movs	r2, #224	@ 0xe0
10001788:	4013      	ands	r3, r2
1000178a:	2280      	movs	r2, #128	@ 0x80
1000178c:	0152      	lsls	r2, r2, #5
1000178e:	18a2      	adds	r2, r4, r2
10001790:	6013      	str	r3, [r2, #0]
10001792:	4653      	mov	r3, sl
10001794:	2b01      	cmp	r3, #1
10001796:	d92f      	bls.n	100017f8 <clock_configure_int_divider+0xcc>
10001798:	2380      	movs	r3, #128	@ 0x80
1000179a:	2280      	movs	r2, #128	@ 0x80
1000179c:	019b      	lsls	r3, r3, #6
1000179e:	18e3      	adds	r3, r4, r3
100017a0:	0112      	lsls	r2, r2, #4
100017a2:	601a      	str	r2, [r3, #0]
100017a4:	4643      	mov	r3, r8
100017a6:	6066      	str	r6, [r4, #4]
100017a8:	517b      	str	r3, [r7, r5]
100017aa:	bcf0      	pop	{r4, r5, r6, r7}
100017ac:	46bb      	mov	fp, r7
100017ae:	46b2      	mov	sl, r6
100017b0:	46a9      	mov	r9, r5
100017b2:	46a0      	mov	r8, r4
100017b4:	bdf8      	pop	{r3, r4, r5, r6, r7, pc}
100017b6:	6978      	ldr	r0, [r7, #20]
100017b8:	f000 fb00 	bl	10001dbc <__wrap___aeabi_uidiv>
100017bc:	3001      	adds	r0, #1
100017be:	0043      	lsls	r3, r0, #1
100017c0:	181b      	adds	r3, r3, r0
100017c2:	3b03      	subs	r3, #3
100017c4:	d2fd      	bcs.n	100017c2 <clock_configure_int_divider+0x96>
100017c6:	e7da      	b.n	1000177e <clock_configure_int_divider+0x52>
100017c8:	465b      	mov	r3, fp
100017ca:	2b01      	cmp	r3, #1
100017cc:	d1cc      	bne.n	10001768 <clock_configure_int_divider+0x3c>
100017ce:	23c0      	movs	r3, #192	@ 0xc0
100017d0:	2203      	movs	r2, #3
100017d2:	019b      	lsls	r3, r3, #6
100017d4:	18e3      	adds	r3, r4, r3
100017d6:	601a      	str	r2, [r3, #0]
100017d8:	3a02      	subs	r2, #2
100017da:	68a3      	ldr	r3, [r4, #8]
100017dc:	421a      	tst	r2, r3
100017de:	d0fc      	beq.n	100017da <clock_configure_int_divider+0xae>
100017e0:	464a      	mov	r2, r9
100017e2:	6823      	ldr	r3, [r4, #0]
100017e4:	0152      	lsls	r2, r2, #5
100017e6:	405a      	eors	r2, r3
100017e8:	23e0      	movs	r3, #224	@ 0xe0
100017ea:	4013      	ands	r3, r2
100017ec:	2280      	movs	r2, #128	@ 0x80
100017ee:	0152      	lsls	r2, r2, #5
100017f0:	18a2      	adds	r2, r4, r2
100017f2:	4f08      	ldr	r7, [pc, #32]	@ (10001814 <clock_configure_int_divider+0xe8>)
100017f4:	6013      	str	r3, [r2, #0]
100017f6:	00ad      	lsls	r5, r5, #2
100017f8:	4658      	mov	r0, fp
100017fa:	2303      	movs	r3, #3
100017fc:	6821      	ldr	r1, [r4, #0]
100017fe:	4041      	eors	r1, r0
10001800:	400b      	ands	r3, r1
10001802:	6013      	str	r3, [r2, #0]
10001804:	2201      	movs	r2, #1
10001806:	4082      	lsls	r2, r0
10001808:	68a3      	ldr	r3, [r4, #8]
1000180a:	421a      	tst	r2, r3
1000180c:	d0fc      	beq.n	10001808 <clock_configure_int_divider+0xdc>
1000180e:	e7c3      	b.n	10001798 <clock_configure_int_divider+0x6c>
10001810:	40008000 	.word	0x40008000
10001814:	20001b9c 	.word	0x20001b9c

10001818 <clock_configure_undivided>:
10001818:	b5f0      	push	{r4, r5, r6, r7, lr}
1000181a:	46d6      	mov	lr, sl
1000181c:	464f      	mov	r7, r9
1000181e:	4646      	mov	r6, r8
10001820:	0044      	lsls	r4, r0, #1
10001822:	4698      	mov	r8, r3
10001824:	1824      	adds	r4, r4, r0
10001826:	4b32      	ldr	r3, [pc, #200]	@ (100018f0 <clock_configure_undivided+0xd8>)
10001828:	00a4      	lsls	r4, r4, #2
1000182a:	18e4      	adds	r4, r4, r3
1000182c:	6863      	ldr	r3, [r4, #4]
1000182e:	468a      	mov	sl, r1
10001830:	4691      	mov	r9, r2
10001832:	b5c0      	push	{r6, r7, lr}
10001834:	2bff      	cmp	r3, #255	@ 0xff
10001836:	d802      	bhi.n	1000183e <clock_configure_undivided+0x26>
10001838:	2380      	movs	r3, #128	@ 0x80
1000183a:	005b      	lsls	r3, r3, #1
1000183c:	6063      	str	r3, [r4, #4]
1000183e:	1f06      	subs	r6, r0, #4
10001840:	b2f6      	uxtb	r6, r6
10001842:	2e01      	cmp	r6, #1
10001844:	d92f      	bls.n	100018a6 <clock_configure_undivided+0x8e>
10001846:	23c0      	movs	r3, #192	@ 0xc0
10001848:	2280      	movs	r2, #128	@ 0x80
1000184a:	4f2a      	ldr	r7, [pc, #168]	@ (100018f4 <clock_configure_undivided+0xdc>)
1000184c:	0085      	lsls	r5, r0, #2
1000184e:	019b      	lsls	r3, r3, #6
10001850:	5979      	ldr	r1, [r7, r5]
10001852:	0112      	lsls	r2, r2, #4
10001854:	18e3      	adds	r3, r4, r3
10001856:	601a      	str	r2, [r3, #0]
10001858:	2900      	cmp	r1, #0
1000185a:	d11b      	bne.n	10001894 <clock_configure_undivided+0x7c>
1000185c:	464b      	mov	r3, r9
1000185e:	6822      	ldr	r2, [r4, #0]
10001860:	015b      	lsls	r3, r3, #5
10001862:	4053      	eors	r3, r2
10001864:	22e0      	movs	r2, #224	@ 0xe0
10001866:	4013      	ands	r3, r2
10001868:	2280      	movs	r2, #128	@ 0x80
1000186a:	0152      	lsls	r2, r2, #5
1000186c:	18a2      	adds	r2, r4, r2
1000186e:	6013      	str	r3, [r2, #0]
10001870:	2e01      	cmp	r6, #1
10001872:	d930      	bls.n	100018d6 <clock_configure_undivided+0xbe>
10001874:	2380      	movs	r3, #128	@ 0x80
10001876:	2280      	movs	r2, #128	@ 0x80
10001878:	019b      	lsls	r3, r3, #6
1000187a:	18e3      	adds	r3, r4, r3
1000187c:	0112      	lsls	r2, r2, #4
1000187e:	601a      	str	r2, [r3, #0]
10001880:	2380      	movs	r3, #128	@ 0x80
10001882:	005b      	lsls	r3, r3, #1
10001884:	6063      	str	r3, [r4, #4]
10001886:	4643      	mov	r3, r8
10001888:	517b      	str	r3, [r7, r5]
1000188a:	bce0      	pop	{r5, r6, r7}
1000188c:	46ba      	mov	sl, r7
1000188e:	46b1      	mov	r9, r6
10001890:	46a8      	mov	r8, r5
10001892:	bdf0      	pop	{r4, r5, r6, r7, pc}
10001894:	6978      	ldr	r0, [r7, #20]
10001896:	f000 fa91 	bl	10001dbc <__wrap___aeabi_uidiv>
1000189a:	3001      	adds	r0, #1
1000189c:	0043      	lsls	r3, r0, #1
1000189e:	181b      	adds	r3, r3, r0
100018a0:	3b03      	subs	r3, #3
100018a2:	d2fd      	bcs.n	100018a0 <clock_configure_undivided+0x88>
100018a4:	e7da      	b.n	1000185c <clock_configure_undivided+0x44>
100018a6:	4653      	mov	r3, sl
100018a8:	2b01      	cmp	r3, #1
100018aa:	d1cc      	bne.n	10001846 <clock_configure_undivided+0x2e>
100018ac:	23c0      	movs	r3, #192	@ 0xc0
100018ae:	2203      	movs	r2, #3
100018b0:	019b      	lsls	r3, r3, #6
100018b2:	18e3      	adds	r3, r4, r3
100018b4:	601a      	str	r2, [r3, #0]
100018b6:	3a02      	subs	r2, #2
100018b8:	68a3      	ldr	r3, [r4, #8]
100018ba:	421a      	tst	r2, r3
100018bc:	d0fc      	beq.n	100018b8 <clock_configure_undivided+0xa0>
100018be:	464a      	mov	r2, r9
100018c0:	6823      	ldr	r3, [r4, #0]
100018c2:	0152      	lsls	r2, r2, #5
100018c4:	405a      	eors	r2, r3
100018c6:	23e0      	movs	r3, #224	@ 0xe0
100018c8:	4013      	ands	r3, r2
100018ca:	2280      	movs	r2, #128	@ 0x80
100018cc:	0152      	lsls	r2, r2, #5
100018ce:	18a2      	adds	r2, r4, r2
100018d0:	4f08      	ldr	r7, [pc, #32]	@ (100018f4 <clock_configure_undivided+0xdc>)
100018d2:	6013      	str	r3, [r2, #0]
100018d4:	0085      	lsls	r5, r0, #2
100018d6:	4650      	mov	r0, sl
100018d8:	2303      	movs	r3, #3
100018da:	6821      	ldr	r1, [r4, #0]
100018dc:	4041      	eors	r1, r0
100018de:	400b      	ands	r3, r1
100018e0:	6013      	str	r3, [r2, #0]
100018e2:	2201      	movs	r2, #1
100018e4:	4082      	lsls	r2, r0
100018e6:	68a3      	ldr	r3, [r4, #8]
100018e8:	421a      	tst	r2, r3
100018ea:	d0fc      	beq.n	100018e6 <clock_configure_undivided+0xce>
100018ec:	e7c2      	b.n	10001874 <clock_configure_undivided+0x5c>
100018ee:	46c0      	nop			@ (mov r8, r8)
100018f0:	40008000 	.word	0x40008000
100018f4:	20001b9c 	.word	0x20001b9c

100018f8 <clock_get_hz>:
100018f8:	4b01      	ldr	r3, [pc, #4]	@ (10001900 <clock_get_hz+0x8>)
100018fa:	0080      	lsls	r0, r0, #2
100018fc:	58c0      	ldr	r0, [r0, r3]
100018fe:	4770      	bx	lr
10001900:	20001b9c 	.word	0x20001b9c

10001904 <pll_init>:
10001904:	b5f0      	push	{r4, r5, r6, r7, lr}
10001906:	46c6      	mov	lr, r8
10001908:	0004      	movs	r4, r0
1000190a:	b500      	push	{lr}
1000190c:	4823      	ldr	r0, [pc, #140]	@ (1000199c <pll_init+0x98>)
1000190e:	0016      	movs	r6, r2
10001910:	4698      	mov	r8, r3
10001912:	000d      	movs	r5, r1
10001914:	f000 fa52 	bl	10001dbc <__wrap___aeabi_uidiv>
10001918:	0001      	movs	r1, r0
1000191a:	0030      	movs	r0, r6
1000191c:	f000 fa4e 	bl	10001dbc <__wrap___aeabi_uidiv>
10001920:	4643      	mov	r3, r8
10001922:	9a06      	ldr	r2, [sp, #24]
10001924:	041b      	lsls	r3, r3, #16
10001926:	0312      	lsls	r2, r2, #12
10001928:	4313      	orrs	r3, r2
1000192a:	469c      	mov	ip, r3
1000192c:	6823      	ldr	r3, [r4, #0]
1000192e:	0006      	movs	r6, r0
10001930:	2b00      	cmp	r3, #0
10001932:	db22      	blt.n	1000197a <pll_init+0x76>
10001934:	4b1a      	ldr	r3, [pc, #104]	@ (100019a0 <pll_init+0x9c>)
10001936:	481b      	ldr	r0, [pc, #108]	@ (100019a4 <pll_init+0xa0>)
10001938:	18e2      	adds	r2, r4, r3
1000193a:	1e53      	subs	r3, r2, #1
1000193c:	419a      	sbcs	r2, r3
1000193e:	2380      	movs	r3, #128	@ 0x80
10001940:	4252      	negs	r2, r2
10001942:	0b12      	lsrs	r2, r2, #12
10001944:	019b      	lsls	r3, r3, #6
10001946:	0312      	lsls	r2, r2, #12
10001948:	18d2      	adds	r2, r2, r3
1000194a:	4b17      	ldr	r3, [pc, #92]	@ (100019a8 <pll_init+0xa4>)
1000194c:	601a      	str	r2, [r3, #0]
1000194e:	4b17      	ldr	r3, [pc, #92]	@ (100019ac <pll_init+0xa8>)
10001950:	601a      	str	r2, [r3, #0]
10001952:	0013      	movs	r3, r2
10001954:	6801      	ldr	r1, [r0, #0]
10001956:	438b      	bics	r3, r1
10001958:	d1fb      	bne.n	10001952 <pll_init+0x4e>
1000195a:	2221      	movs	r2, #33	@ 0x21
1000195c:	4b14      	ldr	r3, [pc, #80]	@ (100019b0 <pll_init+0xac>)
1000195e:	6025      	str	r5, [r4, #0]
10001960:	18e3      	adds	r3, r4, r3
10001962:	60a6      	str	r6, [r4, #8]
10001964:	601a      	str	r2, [r3, #0]
10001966:	6822      	ldr	r2, [r4, #0]
10001968:	2a00      	cmp	r2, #0
1000196a:	dafc      	bge.n	10001966 <pll_init+0x62>
1000196c:	4662      	mov	r2, ip
1000196e:	60e2      	str	r2, [r4, #12]
10001970:	2208      	movs	r2, #8
10001972:	601a      	str	r2, [r3, #0]
10001974:	bc80      	pop	{r7}
10001976:	46b8      	mov	r8, r7
10001978:	bdf0      	pop	{r4, r5, r6, r7, pc}
1000197a:	233f      	movs	r3, #63	@ 0x3f
1000197c:	6822      	ldr	r2, [r4, #0]
1000197e:	4013      	ands	r3, r2
10001980:	42ab      	cmp	r3, r5
10001982:	d1d7      	bne.n	10001934 <pll_init+0x30>
10001984:	68a3      	ldr	r3, [r4, #8]
10001986:	051b      	lsls	r3, r3, #20
10001988:	0d1b      	lsrs	r3, r3, #20
1000198a:	4283      	cmp	r3, r0
1000198c:	d1d2      	bne.n	10001934 <pll_init+0x30>
1000198e:	22ee      	movs	r2, #238	@ 0xee
10001990:	68e3      	ldr	r3, [r4, #12]
10001992:	02d2      	lsls	r2, r2, #11
10001994:	4013      	ands	r3, r2
10001996:	4563      	cmp	r3, ip
10001998:	d1cc      	bne.n	10001934 <pll_init+0x30>
1000199a:	e7eb      	b.n	10001974 <pll_init+0x70>
1000199c:	00b71b00 	.word	0x00b71b00
100019a0:	bffd4000 	.word	0xbffd4000
100019a4:	4000c008 	.word	0x4000c008
100019a8:	4000e000 	.word	0x4000e000
100019ac:	4000f000 	.word	0x4000f000
100019b0:	00003004 	.word	0x00003004

100019b4 <watchdog_reboot>:
100019b4:	b510      	push	{r4, lr}
100019b6:	2480      	movs	r4, #128	@ 0x80
100019b8:	4b1c      	ldr	r3, [pc, #112]	@ (10001a2c <watchdog_reboot+0x78>)
100019ba:	05e4      	lsls	r4, r4, #23
100019bc:	601c      	str	r4, [r3, #0]
100019be:	2800      	cmp	r0, #0
100019c0:	d01a      	beq.n	100019f8 <watchdog_reboot+0x44>
100019c2:	2301      	movs	r3, #1
100019c4:	4c1a      	ldr	r4, [pc, #104]	@ (10001a30 <watchdog_reboot+0x7c>)
100019c6:	4318      	orrs	r0, r3
100019c8:	4b1a      	ldr	r3, [pc, #104]	@ (10001a34 <watchdog_reboot+0x80>)
100019ca:	61dc      	str	r4, [r3, #28]
100019cc:	4c1a      	ldr	r4, [pc, #104]	@ (10001a38 <watchdog_reboot+0x84>)
100019ce:	4044      	eors	r4, r0
100019d0:	621c      	str	r4, [r3, #32]
100019d2:	6259      	str	r1, [r3, #36]	@ 0x24
100019d4:	6298      	str	r0, [r3, #40]	@ 0x28
100019d6:	2180      	movs	r1, #128	@ 0x80
100019d8:	4b14      	ldr	r3, [pc, #80]	@ (10001a2c <watchdog_reboot+0x78>)
100019da:	05c9      	lsls	r1, r1, #23
100019dc:	6019      	str	r1, [r3, #0]
100019de:	4817      	ldr	r0, [pc, #92]	@ (10001a3c <watchdog_reboot+0x88>)
100019e0:	4917      	ldr	r1, [pc, #92]	@ (10001a40 <watchdog_reboot+0x8c>)
100019e2:	6008      	str	r0, [r1, #0]
100019e4:	21e0      	movs	r1, #224	@ 0xe0
100019e6:	04c9      	lsls	r1, r1, #19
100019e8:	6019      	str	r1, [r3, #0]
100019ea:	2a00      	cmp	r2, #0
100019ec:	d107      	bne.n	100019fe <watchdog_reboot+0x4a>
100019ee:	2280      	movs	r2, #128	@ 0x80
100019f0:	4b14      	ldr	r3, [pc, #80]	@ (10001a44 <watchdog_reboot+0x90>)
100019f2:	0612      	lsls	r2, r2, #24
100019f4:	601a      	str	r2, [r3, #0]
100019f6:	bd10      	pop	{r4, pc}
100019f8:	4b0e      	ldr	r3, [pc, #56]	@ (10001a34 <watchdog_reboot+0x80>)
100019fa:	61d8      	str	r0, [r3, #28]
100019fc:	e7eb      	b.n	100019d6 <watchdog_reboot+0x22>
100019fe:	0153      	lsls	r3, r2, #5
10001a00:	1a9b      	subs	r3, r3, r2
10001a02:	009b      	lsls	r3, r3, #2
10001a04:	189a      	adds	r2, r3, r2
10001a06:	2380      	movs	r3, #128	@ 0x80
10001a08:	0112      	lsls	r2, r2, #4
10001a0a:	045b      	lsls	r3, r3, #17
10001a0c:	429a      	cmp	r2, r3
10001a0e:	d209      	bcs.n	10001a24 <watchdog_reboot+0x70>
10001a10:	0013      	movs	r3, r2
10001a12:	490d      	ldr	r1, [pc, #52]	@ (10001a48 <watchdog_reboot+0x94>)
10001a14:	600b      	str	r3, [r1, #0]
10001a16:	4b07      	ldr	r3, [pc, #28]	@ (10001a34 <watchdog_reboot+0x80>)
10001a18:	605a      	str	r2, [r3, #4]
10001a1a:	2280      	movs	r2, #128	@ 0x80
10001a1c:	4b09      	ldr	r3, [pc, #36]	@ (10001a44 <watchdog_reboot+0x90>)
10001a1e:	05d2      	lsls	r2, r2, #23
10001a20:	601a      	str	r2, [r3, #0]
10001a22:	e7e8      	b.n	100019f6 <watchdog_reboot+0x42>
10001a24:	4b09      	ldr	r3, [pc, #36]	@ (10001a4c <watchdog_reboot+0x98>)
10001a26:	001a      	movs	r2, r3
10001a28:	e7f3      	b.n	10001a12 <watchdog_reboot+0x5e>
10001a2a:	46c0      	nop			@ (mov r8, r8)
10001a2c:	4005b000 	.word	0x4005b000
10001a30:	b007c0d3 	.word	0xb007c0d3
10001a34:	40058000 	.word	0x40058000
10001a38:	4ff83f2d 	.word	0x4ff83f2d
10001a3c:	0001fffc 	.word	0x0001fffc
10001a40:	40012008 	.word	0x40012008
10001a44:	4005a000 	.word	0x4005a000
10001a48:	20001ffc 	.word	0x20001ffc
10001a4c:	00ffffff 	.word	0x00ffffff

10001a50 <tick_start>:
10001a50:	2380      	movs	r3, #128	@ 0x80
10001a52:	4a02      	ldr	r2, [pc, #8]	@ (10001a5c <tick_start+0xc>)
10001a54:	009b      	lsls	r3, r3, #2
10001a56:	430b      	orrs	r3, r1
10001a58:	62d3      	str	r3, [r2, #44]	@ 0x2c
10001a5a:	4770      	bx	lr
10001a5c:	40058000 	.word	0x40058000

10001a60 <rom_func_lookup>:
10001a60:	2300      	movs	r3, #0
10001a62:	b510      	push	{r4, lr}
10001a64:	0001      	movs	r1, r0
10001a66:	8a98      	ldrh	r0, [r3, #20]
10001a68:	8b1b      	ldrh	r3, [r3, #24]
10001a6a:	4798      	blx	r3
10001a6c:	bd10      	pop	{r4, pc}
10001a6e:	46c0      	nop			@ (mov r8, r8)

10001a70 <rom_data_lookup>:
10001a70:	2316      	movs	r3, #22
10001a72:	b510      	push	{r4, lr}
10001a74:	0001      	movs	r1, r0
10001a76:	8818      	ldrh	r0, [r3, #0]
10001a78:	885b      	ldrh	r3, [r3, #2]
10001a7a:	4798      	blx	r3
10001a7c:	bd10      	pop	{r4, pc}
10001a7e:	46c0      	nop			@ (mov r8, r8)

10001a80 <rom_funcs_lookup>:
10001a80:	b5f8      	push	{r3, r4, r5, r6, r7, lr}
10001a82:	4647      	mov	r7, r8
10001a84:	46ce      	mov	lr, r9
10001a86:	b580      	push	{r7, lr}
10001a88:	1e0f      	subs	r7, r1, #0
10001a8a:	d018      	beq.n	10001abe <rom_funcs_lookup+0x3e>
10001a8c:	2314      	movs	r3, #20
10001a8e:	4699      	mov	r9, r3
10001a90:	3304      	adds	r3, #4
10001a92:	0004      	movs	r4, r0
10001a94:	2500      	movs	r5, #0
10001a96:	2601      	movs	r6, #1
10001a98:	4698      	mov	r8, r3
10001a9a:	464b      	mov	r3, r9
10001a9c:	8818      	ldrh	r0, [r3, #0]
10001a9e:	4643      	mov	r3, r8
10001aa0:	6821      	ldr	r1, [r4, #0]
10001aa2:	881b      	ldrh	r3, [r3, #0]
10001aa4:	4798      	blx	r3
10001aa6:	c401      	stmia	r4!, {r0}
10001aa8:	1e43      	subs	r3, r0, #1
10001aaa:	4198      	sbcs	r0, r3
10001aac:	3501      	adds	r5, #1
10001aae:	4006      	ands	r6, r0
10001ab0:	42af      	cmp	r7, r5
10001ab2:	d1f2      	bne.n	10001a9a <rom_funcs_lookup+0x1a>
10001ab4:	0030      	movs	r0, r6
10001ab6:	bcc0      	pop	{r6, r7}
10001ab8:	46b9      	mov	r9, r7
10001aba:	46b0      	mov	r8, r6
10001abc:	bdf8      	pop	{r3, r4, r5, r6, r7, pc}
10001abe:	2601      	movs	r6, #1
10001ac0:	e7f8      	b.n	10001ab4 <rom_funcs_lookup+0x34>
10001ac2:	46c0      	nop			@ (mov r8, r8)

10001ac4 <rom_reset_usb_boot_extra>:
10001ac4:	2300      	movs	r3, #0
10001ac6:	b570      	push	{r4, r5, r6, lr}
10001ac8:	0004      	movs	r4, r0
10001aca:	000d      	movs	r5, r1
10001acc:	8a98      	ldrh	r0, [r3, #20]
10001ace:	4905      	ldr	r1, [pc, #20]	@ (10001ae4 <rom_reset_usb_boot_extra+0x20>)
10001ad0:	8b1b      	ldrh	r3, [r3, #24]
10001ad2:	4798      	blx	r3
10001ad4:	0003      	movs	r3, r0
10001ad6:	2000      	movs	r0, #0
10001ad8:	2c00      	cmp	r4, #0
10001ada:	db01      	blt.n	10001ae0 <rom_reset_usb_boot_extra+0x1c>
10001adc:	3001      	adds	r0, #1
10001ade:	40a0      	lsls	r0, r4
10001ae0:	0029      	movs	r1, r5
10001ae2:	4798      	blx	r3
10001ae4:	00004255 	.word	0x00004255

10001ae8 <xosc_init>:
10001ae8:	23aa      	movs	r3, #170	@ 0xaa
10001aea:	4a06      	ldr	r2, [pc, #24]	@ (10001b04 <xosc_init+0x1c>)
10001aec:	011b      	lsls	r3, r3, #4
10001aee:	6013      	str	r3, [r2, #0]
10001af0:	238d      	movs	r3, #141	@ 0x8d
10001af2:	005b      	lsls	r3, r3, #1
10001af4:	60d3      	str	r3, [r2, #12]
10001af6:	4904      	ldr	r1, [pc, #16]	@ (10001b08 <xosc_init+0x20>)
10001af8:	4b04      	ldr	r3, [pc, #16]	@ (10001b0c <xosc_init+0x24>)
10001afa:	6019      	str	r1, [r3, #0]
10001afc:	6853      	ldr	r3, [r2, #4]
10001afe:	2b00      	cmp	r3, #0
10001b00:	dafc      	bge.n	10001afc <xosc_init+0x14>
10001b02:	4770      	bx	lr
10001b04:	40024000 	.word	0x40024000
10001b08:	00fab000 	.word	0x00fab000
10001b0c:	40026000 	.word	0x40026000

10001b10 <first_per_core_initializer>:
10001b10:	4770      	bx	lr
10001b12:	46c0      	nop			@ (mov r8, r8)

10001b14 <hard_assertion_failure>:
10001b14:	b510      	push	{r4, lr}
10001b16:	4801      	ldr	r0, [pc, #4]	@ (10001b1c <hard_assertion_failure+0x8>)
10001b18:	f7fe feca 	bl	100008b0 <panic>
10001b1c:	10007528 	.word	0x10007528

10001b20 <runtime_run_initializers>:
10001b20:	b570      	push	{r4, r5, r6, lr}
10001b22:	4d07      	ldr	r5, [pc, #28]	@ (10001b40 <runtime_run_initializers+0x20>)
10001b24:	4e07      	ldr	r6, [pc, #28]	@ (10001b44 <runtime_run_initializers+0x24>)
10001b26:	42b5      	cmp	r5, r6
10001b28:	d209      	bcs.n	10001b3e <runtime_run_initializers+0x1e>
10001b2a:	2400      	movs	r4, #0
10001b2c:	3e01      	subs	r6, #1
10001b2e:	1b76      	subs	r6, r6, r5
10001b30:	08b6      	lsrs	r6, r6, #2
10001b32:	3601      	adds	r6, #1
10001b34:	cd08      	ldmia	r5!, {r3}
10001b36:	3401      	adds	r4, #1
10001b38:	4798      	blx	r3
10001b3a:	42b4      	cmp	r4, r6
10001b3c:	d1fa      	bne.n	10001b34 <runtime_run_initializers+0x14>
10001b3e:	bd70      	pop	{r4, r5, r6, pc}
10001b40:	10007248 	.word	0x10007248
10001b44:	10007284 	.word	0x10007284

10001b48 <runtime_init_early_resets>:
10001b48:	4b05      	ldr	r3, [pc, #20]	@ (10001b60 <runtime_init_early_resets+0x18>)
10001b4a:	4a06      	ldr	r2, [pc, #24]	@ (10001b64 <runtime_init_early_resets+0x1c>)
10001b4c:	4906      	ldr	r1, [pc, #24]	@ (10001b68 <runtime_init_early_resets+0x20>)
10001b4e:	601a      	str	r2, [r3, #0]
10001b50:	4a06      	ldr	r2, [pc, #24]	@ (10001b6c <runtime_init_early_resets+0x24>)
10001b52:	4b07      	ldr	r3, [pc, #28]	@ (10001b70 <runtime_init_early_resets+0x28>)
10001b54:	601a      	str	r2, [r3, #0]
10001b56:	0010      	movs	r0, r2
10001b58:	680b      	ldr	r3, [r1, #0]
10001b5a:	4398      	bics	r0, r3
10001b5c:	d1fb      	bne.n	10001b56 <runtime_init_early_resets+0xe>
10001b5e:	4770      	bx	lr
10001b60:	4000e000 	.word	0x4000e000
10001b64:	fefbcdbf 	.word	0xfefbcdbf
10001b68:	4000c008 	.word	0x4000c008
10001b6c:	003c7ffe 	.word	0x003c7ffe
10001b70:	4000f000 	.word	0x4000f000

10001b74 <runtime_init_usb_power_down>:
10001b74:	4b04      	ldr	r3, [pc, #16]	@ (10001b88 <runtime_init_usb_power_down+0x14>)
10001b76:	6cdb      	ldr	r3, [r3, #76]	@ 0x4c
10001b78:	2b00      	cmp	r3, #0
10001b7a:	d103      	bne.n	10001b84 <runtime_init_usb_power_down+0x10>
10001b7c:	2280      	movs	r2, #128	@ 0x80
10001b7e:	4b03      	ldr	r3, [pc, #12]	@ (10001b8c <runtime_init_usb_power_down+0x18>)
10001b80:	02d2      	lsls	r2, r2, #11
10001b82:	601a      	str	r2, [r3, #0]
10001b84:	4770      	bx	lr
10001b86:	46c0      	nop			@ (mov r8, r8)
10001b88:	50110000 	.word	0x50110000
10001b8c:	5011204c 	.word	0x5011204c

10001b90 <runtime_init_post_clock_resets>:
10001b90:	4a04      	ldr	r2, [pc, #16]	@ (10001ba4 <runtime_init_post_clock_resets+0x14>)
10001b92:	4b05      	ldr	r3, [pc, #20]	@ (10001ba8 <runtime_init_post_clock_resets+0x18>)
10001b94:	601a      	str	r2, [r3, #0]
10001b96:	4a05      	ldr	r2, [pc, #20]	@ (10001bac <runtime_init_post_clock_resets+0x1c>)
10001b98:	6813      	ldr	r3, [r2, #0]
10001b9a:	01db      	lsls	r3, r3, #7
10001b9c:	3380      	adds	r3, #128	@ 0x80
10001b9e:	d1fb      	bne.n	10001b98 <runtime_init_post_clock_resets+0x8>
10001ba0:	4770      	bx	lr
10001ba2:	46c0      	nop			@ (mov r8, r8)
10001ba4:	01ffffff 	.word	0x01ffffff
10001ba8:	4000f000 	.word	0x4000f000
10001bac:	4000c008 	.word	0x4000c008

10001bb0 <runtime_init_rp2040_gpio_ie_disable>:
10001bb0:	2240      	movs	r2, #64	@ 0x40
10001bb2:	4b03      	ldr	r3, [pc, #12]	@ (10001bc0 <runtime_init_rp2040_gpio_ie_disable+0x10>)
10001bb4:	679a      	str	r2, [r3, #120]	@ 0x78
10001bb6:	675a      	str	r2, [r3, #116]	@ 0x74
10001bb8:	671a      	str	r2, [r3, #112]	@ 0x70
10001bba:	66da      	str	r2, [r3, #108]	@ 0x6c
10001bbc:	4770      	bx	lr
10001bbe:	46c0      	nop			@ (mov r8, r8)
10001bc0:	4001f000 	.word	0x4001f000

10001bc4 <runtime_init_spin_locks_reset>:
10001bc4:	b510      	push	{r4, lr}
10001bc6:	f7fe ff13 	bl	100009f0 <spin_locks_reset>
10001bca:	bd10      	pop	{r4, pc}

10001bcc <runtime_init_install_ram_vector_table>:
10001bcc:	b570      	push	{r4, r5, r6, lr}
10001bce:	4928      	ldr	r1, [pc, #160]	@ (10001c70 <runtime_init_install_ram_vector_table+0xa4>)
10001bd0:	4d28      	ldr	r5, [pc, #160]	@ (10001c74 <runtime_init_install_ram_vector_table+0xa8>)
10001bd2:	4e29      	ldr	r6, [pc, #164]	@ (10001c78 <runtime_init_install_ram_vector_table+0xac>)
10001bd4:	1a6d      	subs	r5, r5, r1
10001bd6:	10ac      	asrs	r4, r5, #2
10001bd8:	0022      	movs	r2, r4
10001bda:	2c30      	cmp	r4, #48	@ 0x30
10001bdc:	d900      	bls.n	10001be0 <runtime_init_install_ram_vector_table+0x14>
10001bde:	2230      	movs	r2, #48	@ 0x30
10001be0:	0030      	movs	r0, r6
10001be2:	0092      	lsls	r2, r2, #2
10001be4:	f001 f800 	bl	10002be8 <__wrap___aeabi_memcpy>
10001be8:	2dbc      	cmp	r5, #188	@ 0xbc
10001bea:	d83d      	bhi.n	10001c68 <runtime_init_install_ram_vector_table+0x9c>
10001bec:	0023      	movs	r3, r4
10001bee:	3b2a      	subs	r3, #42	@ 0x2a
10001bf0:	4a22      	ldr	r2, [pc, #136]	@ (10001c7c <runtime_init_install_ram_vector_table+0xb0>)
10001bf2:	2b05      	cmp	r3, #5
10001bf4:	d91d      	bls.n	10001c32 <runtime_init_install_ram_vector_table+0x66>
10001bf6:	2030      	movs	r0, #48	@ 0x30
10001bf8:	1975      	adds	r5, r6, r5
10001bfa:	076d      	lsls	r5, r5, #29
10001bfc:	46a4      	mov	ip, r4
10001bfe:	1b00      	subs	r0, r0, r4
10001c00:	0feb      	lsrs	r3, r5, #31
10001c02:	2d00      	cmp	r5, #0
10001c04:	da03      	bge.n	10001c0e <runtime_init_install_ram_vector_table+0x42>
10001c06:	1c61      	adds	r1, r4, #1
10001c08:	468c      	mov	ip, r1
10001c0a:	00a1      	lsls	r1, r4, #2
10001c0c:	5072      	str	r2, [r6, r1]
10001c0e:	1ac0      	subs	r0, r0, r3
10001c10:	18e3      	adds	r3, r4, r3
10001c12:	009b      	lsls	r3, r3, #2
10001c14:	0841      	lsrs	r1, r0, #1
10001c16:	18f3      	adds	r3, r6, r3
10001c18:	00c9      	lsls	r1, r1, #3
10001c1a:	18c9      	adds	r1, r1, r3
10001c1c:	601a      	str	r2, [r3, #0]
10001c1e:	605a      	str	r2, [r3, #4]
10001c20:	3308      	adds	r3, #8
10001c22:	4299      	cmp	r1, r3
10001c24:	d1fa      	bne.n	10001c1c <runtime_init_install_ram_vector_table+0x50>
10001c26:	2301      	movs	r3, #1
10001c28:	4203      	tst	r3, r0
10001c2a:	d01d      	beq.n	10001c68 <runtime_init_install_ram_vector_table+0x9c>
10001c2c:	4398      	bics	r0, r3
10001c2e:	4460      	add	r0, ip
10001c30:	0004      	movs	r4, r0
10001c32:	00a3      	lsls	r3, r4, #2
10001c34:	50f2      	str	r2, [r6, r3]
10001c36:	1c63      	adds	r3, r4, #1
10001c38:	2c2f      	cmp	r4, #47	@ 0x2f
10001c3a:	d015      	beq.n	10001c68 <runtime_init_install_ram_vector_table+0x9c>
10001c3c:	009b      	lsls	r3, r3, #2
10001c3e:	50f2      	str	r2, [r6, r3]
10001c40:	1ca3      	adds	r3, r4, #2
10001c42:	2c2e      	cmp	r4, #46	@ 0x2e
10001c44:	d010      	beq.n	10001c68 <runtime_init_install_ram_vector_table+0x9c>
10001c46:	009b      	lsls	r3, r3, #2
10001c48:	50f2      	str	r2, [r6, r3]
10001c4a:	1ce3      	adds	r3, r4, #3
10001c4c:	2c2d      	cmp	r4, #45	@ 0x2d
10001c4e:	d00b      	beq.n	10001c68 <runtime_init_install_ram_vector_table+0x9c>
10001c50:	009b      	lsls	r3, r3, #2
10001c52:	50f2      	str	r2, [r6, r3]
10001c54:	1d23      	adds	r3, r4, #4
10001c56:	2c2c      	cmp	r4, #44	@ 0x2c
10001c58:	d006      	beq.n	10001c68 <runtime_init_install_ram_vector_table+0x9c>
10001c5a:	009b      	lsls	r3, r3, #2
10001c5c:	50f2      	str	r2, [r6, r3]
10001c5e:	1d63      	adds	r3, r4, #5
10001c60:	2c2b      	cmp	r4, #43	@ 0x2b
10001c62:	d001      	beq.n	10001c68 <runtime_init_install_ram_vector_table+0x9c>
10001c64:	009b      	lsls	r3, r3, #2
10001c66:	50f2      	str	r2, [r6, r3]
10001c68:	4b05      	ldr	r3, [pc, #20]	@ (10001c80 <runtime_init_install_ram_vector_table+0xb4>)
10001c6a:	609e      	str	r6, [r3, #8]
10001c6c:	bd70      	pop	{r4, r5, r6, pc}
10001c6e:	46c0      	nop			@ (mov r8, r8)
10001c70:	10000100 	.word	0x10000100
10001c74:	100001c0 	.word	0x100001c0
10001c78:	20000000 	.word	0x20000000
10001c7c:	100001c1 	.word	0x100001c1
10001c80:	e000ed00 	.word	0xe000ed00

10001c84 <runtime_init_clocks>:
10001c84:	2300      	movs	r3, #0
10001c86:	b510      	push	{r4, lr}
10001c88:	4c29      	ldr	r4, [pc, #164]	@ (10001d30 <runtime_init_clocks+0xac>)
10001c8a:	b082      	sub	sp, #8
10001c8c:	67a3      	str	r3, [r4, #120]	@ 0x78
10001c8e:	f7ff ff2b 	bl	10001ae8 <xosc_init>
10001c92:	2201      	movs	r2, #1
10001c94:	4b27      	ldr	r3, [pc, #156]	@ (10001d34 <runtime_init_clocks+0xb0>)
10001c96:	601a      	str	r2, [r3, #0]
10001c98:	6c63      	ldr	r3, [r4, #68]	@ 0x44
10001c9a:	2b01      	cmp	r3, #1
10001c9c:	d1fc      	bne.n	10001c98 <runtime_init_clocks+0x14>
10001c9e:	2203      	movs	r2, #3
10001ca0:	4b25      	ldr	r3, [pc, #148]	@ (10001d38 <runtime_init_clocks+0xb4>)
10001ca2:	601a      	str	r2, [r3, #0]
10001ca4:	4a22      	ldr	r2, [pc, #136]	@ (10001d30 <runtime_init_clocks+0xac>)
10001ca6:	6b93      	ldr	r3, [r2, #56]	@ 0x38
10001ca8:	2b01      	cmp	r3, #1
10001caa:	d1fc      	bne.n	10001ca6 <runtime_init_clocks+0x22>
10001cac:	3301      	adds	r3, #1
10001cae:	9300      	str	r3, [sp, #0]
10001cb0:	2101      	movs	r1, #1
10001cb2:	4a22      	ldr	r2, [pc, #136]	@ (10001d3c <runtime_init_clocks+0xb8>)
10001cb4:	4822      	ldr	r0, [pc, #136]	@ (10001d40 <runtime_init_clocks+0xbc>)
10001cb6:	3304      	adds	r3, #4
10001cb8:	f7ff fe24 	bl	10001904 <pll_init>
10001cbc:	2305      	movs	r3, #5
10001cbe:	2101      	movs	r1, #1
10001cc0:	9300      	str	r3, [sp, #0]
10001cc2:	4a20      	ldr	r2, [pc, #128]	@ (10001d44 <runtime_init_clocks+0xc0>)
10001cc4:	4820      	ldr	r0, [pc, #128]	@ (10001d48 <runtime_init_clocks+0xc4>)
10001cc6:	f7ff fe1d 	bl	10001904 <pll_init>
10001cca:	2200      	movs	r2, #0
10001ccc:	2102      	movs	r1, #2
10001cce:	2004      	movs	r0, #4
10001cd0:	4b1e      	ldr	r3, [pc, #120]	@ (10001d4c <runtime_init_clocks+0xc8>)
10001cd2:	f7ff fda1 	bl	10001818 <clock_configure_undivided>
10001cd6:	2200      	movs	r2, #0
10001cd8:	2101      	movs	r1, #1
10001cda:	2005      	movs	r0, #5
10001cdc:	4b1c      	ldr	r3, [pc, #112]	@ (10001d50 <runtime_init_clocks+0xcc>)
10001cde:	f7ff fd9b 	bl	10001818 <clock_configure_undivided>
10001ce2:	2200      	movs	r2, #0
10001ce4:	2100      	movs	r1, #0
10001ce6:	2007      	movs	r0, #7
10001ce8:	4b1a      	ldr	r3, [pc, #104]	@ (10001d54 <runtime_init_clocks+0xd0>)
10001cea:	f7ff fd95 	bl	10001818 <clock_configure_undivided>
10001cee:	2200      	movs	r2, #0
10001cf0:	2100      	movs	r1, #0
10001cf2:	2008      	movs	r0, #8
10001cf4:	4b17      	ldr	r3, [pc, #92]	@ (10001d54 <runtime_init_clocks+0xd0>)
10001cf6:	f7ff fd8f 	bl	10001818 <clock_configure_undivided>
10001cfa:	2380      	movs	r3, #128	@ 0x80
10001cfc:	00db      	lsls	r3, r3, #3
10001cfe:	9300      	str	r3, [sp, #0]
10001d00:	2200      	movs	r2, #0
10001d02:	2100      	movs	r1, #0
10001d04:	2009      	movs	r0, #9
10001d06:	4b13      	ldr	r3, [pc, #76]	@ (10001d54 <runtime_init_clocks+0xd0>)
10001d08:	f7ff fd10 	bl	1000172c <clock_configure_int_divider>
10001d0c:	2200      	movs	r2, #0
10001d0e:	4b10      	ldr	r3, [pc, #64]	@ (10001d50 <runtime_init_clocks+0xcc>)
10001d10:	2100      	movs	r1, #0
10001d12:	2006      	movs	r0, #6
10001d14:	f7ff fd80 	bl	10001818 <clock_configure_undivided>
10001d18:	2004      	movs	r0, #4
10001d1a:	f7ff fded 	bl	100018f8 <clock_get_hz>
10001d1e:	490e      	ldr	r1, [pc, #56]	@ (10001d58 <runtime_init_clocks+0xd4>)
10001d20:	f000 f84c 	bl	10001dbc <__wrap___aeabi_uidiv>
10001d24:	0001      	movs	r1, r0
10001d26:	2000      	movs	r0, #0
10001d28:	f7ff fe92 	bl	10001a50 <tick_start>
10001d2c:	b002      	add	sp, #8
10001d2e:	bd10      	pop	{r4, pc}
10001d30:	40008000 	.word	0x40008000
10001d34:	4000b03c 	.word	0x4000b03c
10001d38:	4000b030 	.word	0x4000b030
10001d3c:	59682f00 	.word	0x59682f00
10001d40:	40028000 	.word	0x40028000
10001d44:	47868c00 	.word	0x47868c00
10001d48:	4002c000 	.word	0x4002c000
10001d4c:	00b71b00 	.word	0x00b71b00
10001d50:	07735940 	.word	0x07735940
10001d54:	02dc6c00 	.word	0x02dc6c00
10001d58:	000f4240 	.word	0x000f4240

10001d5c <__aeabi_bits_init>:
10001d5c:	4801      	ldr	r0, [pc, #4]	@ (10001d64 <__aeabi_bits_init+0x8>)
10001d5e:	2104      	movs	r1, #4
10001d60:	4b01      	ldr	r3, [pc, #4]	@ (10001d68 <__aeabi_bits_init+0xc>)
10001d62:	4718      	bx	r3
10001d64:	20001070 	.word	0x20001070
10001d68:	10001a81 	.word	0x10001a81

10001d6c <__wrap___aeabi_idiv>:
10001d6c:	4a12      	ldr	r2, [pc, #72]	@ (10001db8 <divmod_s32s32_savestate+0x18>)
10001d6e:	6f93      	ldr	r3, [r2, #120]	@ 0x78
10001d70:	089b      	lsrs	r3, r3, #2
10001d72:	d215      	bcs.n	10001da0 <divmod_s32s32_savestate>

10001d74 <divmod_s32s32_unsafe>:
10001d74:	6690      	str	r0, [r2, #104]	@ 0x68
10001d76:	66d1      	str	r1, [r2, #108]	@ 0x6c
10001d78:	2900      	cmp	r1, #0
10001d7a:	d005      	beq.n	10001d88 <divmod_s32s32_unsafe+0x14>
10001d7c:	e7ff      	b.n	10001d7e <divmod_s32s32_unsafe+0xa>
10001d7e:	e7ff      	b.n	10001d80 <divmod_s32s32_unsafe+0xc>
10001d80:	e7ff      	b.n	10001d82 <divmod_s32s32_unsafe+0xe>
10001d82:	6f51      	ldr	r1, [r2, #116]	@ 0x74
10001d84:	6f10      	ldr	r0, [r2, #112]	@ 0x70
10001d86:	4770      	bx	lr
10001d88:	b504      	push	{r2, lr}
10001d8a:	2180      	movs	r1, #128	@ 0x80
10001d8c:	0609      	lsls	r1, r1, #24
10001d8e:	17c2      	asrs	r2, r0, #31
10001d90:	4051      	eors	r1, r2
10001d92:	2800      	cmp	r0, #0
10001d94:	d000      	beq.n	10001d98 <divmod_s32s32_unsafe+0x24>
10001d96:	43c8      	mvns	r0, r1
10001d98:	f005 fa16 	bl	100071c8 <____aeabi_idiv0_veneer>
10001d9c:	2100      	movs	r1, #0
10001d9e:	bd04      	pop	{r2, pc}

10001da0 <divmod_s32s32_savestate>:
10001da0:	b5f0      	push	{r4, r5, r6, r7, lr}
10001da2:	6e14      	ldr	r4, [r2, #96]	@ 0x60
10001da4:	6e55      	ldr	r5, [r2, #100]	@ 0x64
10001da6:	6f57      	ldr	r7, [r2, #116]	@ 0x74
10001da8:	6f16      	ldr	r6, [r2, #112]	@ 0x70
10001daa:	f7ff ffe3 	bl	10001d74 <divmod_s32s32_unsafe>
10001dae:	6614      	str	r4, [r2, #96]	@ 0x60
10001db0:	6655      	str	r5, [r2, #100]	@ 0x64
10001db2:	6757      	str	r7, [r2, #116]	@ 0x74
10001db4:	6716      	str	r6, [r2, #112]	@ 0x70
10001db6:	bdf0      	pop	{r4, r5, r6, r7, pc}
10001db8:	d0000000 	.word	0xd0000000

10001dbc <__wrap___aeabi_uidiv>:
10001dbc:	4a11      	ldr	r2, [pc, #68]	@ (10001e04 <divmod_u32u32_savestate+0x18>)
10001dbe:	6f93      	ldr	r3, [r2, #120]	@ 0x78
10001dc0:	089b      	lsrs	r3, r3, #2
10001dc2:	d213      	bcs.n	10001dec <divmod_u32u32_savestate>

10001dc4 <divmod_u32u32_unsafe>:
10001dc4:	6610      	str	r0, [r2, #96]	@ 0x60
10001dc6:	6651      	str	r1, [r2, #100]	@ 0x64
10001dc8:	2900      	cmp	r1, #0
10001dca:	d005      	beq.n	10001dd8 <divmod_u32u32_unsafe+0x14>
10001dcc:	e7ff      	b.n	10001dce <divmod_u32u32_unsafe+0xa>
10001dce:	e7ff      	b.n	10001dd0 <divmod_u32u32_unsafe+0xc>
10001dd0:	e7ff      	b.n	10001dd2 <divmod_u32u32_unsafe+0xe>
10001dd2:	6f51      	ldr	r1, [r2, #116]	@ 0x74
10001dd4:	6f10      	ldr	r0, [r2, #112]	@ 0x70
10001dd6:	4770      	bx	lr
10001dd8:	b504      	push	{r2, lr}
10001dda:	2800      	cmp	r0, #0
10001ddc:	d001      	beq.n	10001de2 <divmod_u32u32_unsafe+0x1e>
10001dde:	2000      	movs	r0, #0
10001de0:	43c0      	mvns	r0, r0
10001de2:	f005 f9f1 	bl	100071c8 <____aeabi_idiv0_veneer>
10001de6:	2100      	movs	r1, #0
10001de8:	bd04      	pop	{r2, pc}
10001dea:	46c0      	nop			@ (mov r8, r8)

10001dec <divmod_u32u32_savestate>:
10001dec:	b5f0      	push	{r4, r5, r6, r7, lr}
10001dee:	6e14      	ldr	r4, [r2, #96]	@ 0x60
10001df0:	6e55      	ldr	r5, [r2, #100]	@ 0x64
10001df2:	6f57      	ldr	r7, [r2, #116]	@ 0x74
10001df4:	6f16      	ldr	r6, [r2, #112]	@ 0x70
10001df6:	f7ff ffe5 	bl	10001dc4 <divmod_u32u32_unsafe>
10001dfa:	6614      	str	r4, [r2, #96]	@ 0x60
10001dfc:	6655      	str	r5, [r2, #100]	@ 0x64
10001dfe:	6757      	str	r7, [r2, #116]	@ 0x74
10001e00:	6716      	str	r6, [r2, #112]	@ 0x70
10001e02:	bdf0      	pop	{r4, r5, r6, r7, pc}
10001e04:	d0000000 	.word	0xd0000000

10001e08 <__wrap___aeabi_ldivmod>:
10001e08:	4694      	mov	ip, r2
10001e0a:	4a4a      	ldr	r2, [pc, #296]	@ (10001f34 <udiv0+0x1a>)
10001e0c:	6f92      	ldr	r2, [r2, #120]	@ 0x78
10001e0e:	0892      	lsrs	r2, r2, #2
10001e10:	4662      	mov	r2, ip
10001e12:	d201      	bcs.n	10001e18 <divmod_s64s64_savestate>
10001e14:	e028      	b.n	10001e68 <divmod_s64s64_unsafe>
10001e16:	46c0      	nop			@ (mov r8, r8)

10001e18 <divmod_s64s64_savestate>:
10001e18:	b5f0      	push	{r4, r5, r6, r7, lr}
10001e1a:	4e46      	ldr	r6, [pc, #280]	@ (10001f34 <udiv0+0x1a>)
10001e1c:	6e34      	ldr	r4, [r6, #96]	@ 0x60
10001e1e:	6e75      	ldr	r5, [r6, #100]	@ 0x64
10001e20:	6f77      	ldr	r7, [r6, #116]	@ 0x74
10001e22:	6f36      	ldr	r6, [r6, #112]	@ 0x70
10001e24:	f000 f820 	bl	10001e68 <divmod_s64s64_unsafe>
10001e28:	4694      	mov	ip, r2
10001e2a:	4a42      	ldr	r2, [pc, #264]	@ (10001f34 <udiv0+0x1a>)
10001e2c:	6614      	str	r4, [r2, #96]	@ 0x60
10001e2e:	6655      	str	r5, [r2, #100]	@ 0x64
10001e30:	6757      	str	r7, [r2, #116]	@ 0x74
10001e32:	6716      	str	r6, [r2, #112]	@ 0x70
10001e34:	4662      	mov	r2, ip
10001e36:	bdf0      	pop	{r4, r5, r6, r7, pc}

10001e38 <__wrap___aeabi_uldivmod>:
10001e38:	4694      	mov	ip, r2
10001e3a:	4a3e      	ldr	r2, [pc, #248]	@ (10001f34 <udiv0+0x1a>)
10001e3c:	6f92      	ldr	r2, [r2, #120]	@ 0x78
10001e3e:	0892      	lsrs	r2, r2, #2
10001e40:	4662      	mov	r2, ip
10001e42:	d201      	bcs.n	10001e48 <divmod_u64u64_savestate>
10001e44:	e054      	b.n	10001ef0 <divmod_u64u64_unsafe>
10001e46:	46c0      	nop			@ (mov r8, r8)

10001e48 <divmod_u64u64_savestate>:
10001e48:	b5f0      	push	{r4, r5, r6, r7, lr}
10001e4a:	4e3a      	ldr	r6, [pc, #232]	@ (10001f34 <udiv0+0x1a>)
10001e4c:	6e34      	ldr	r4, [r6, #96]	@ 0x60
10001e4e:	6e75      	ldr	r5, [r6, #100]	@ 0x64
10001e50:	6f77      	ldr	r7, [r6, #116]	@ 0x74
10001e52:	6f36      	ldr	r6, [r6, #112]	@ 0x70
10001e54:	f000 f84c 	bl	10001ef0 <divmod_u64u64_unsafe>
10001e58:	4694      	mov	ip, r2
10001e5a:	4a36      	ldr	r2, [pc, #216]	@ (10001f34 <udiv0+0x1a>)
10001e5c:	6614      	str	r4, [r2, #96]	@ 0x60
10001e5e:	6655      	str	r5, [r2, #100]	@ 0x64
10001e60:	6757      	str	r7, [r2, #116]	@ 0x74
10001e62:	6716      	str	r6, [r2, #112]	@ 0x70
10001e64:	4662      	mov	r2, ip
10001e66:	bdf0      	pop	{r4, r5, r6, r7, pc}

10001e68 <divmod_s64s64_unsafe>:
10001e68:	2b00      	cmp	r3, #0
10001e6a:	db24      	blt.n	10001eb6 <l42_1+0x26>
10001e6c:	d011      	beq.n	10001e92 <l42_1+0x2>
10001e6e:	2900      	cmp	r1, #0
10001e70:	da3e      	bge.n	10001ef0 <divmod_u64u64_unsafe>
10001e72:	b500      	push	{lr}
10001e74:	43c9      	mvns	r1, r1
10001e76:	4240      	negs	r0, r0
10001e78:	d100      	bne.n	10001e7c <l40_1>
10001e7a:	3101      	adds	r1, #1

10001e7c <l40_1>:
10001e7c:	f000 f838 	bl	10001ef0 <divmod_u64u64_unsafe>
10001e80:	43c9      	mvns	r1, r1
10001e82:	4240      	negs	r0, r0
10001e84:	d100      	bne.n	10001e88 <l41_1>
10001e86:	3101      	adds	r1, #1

10001e88 <l41_1>:
10001e88:	43db      	mvns	r3, r3
10001e8a:	4252      	negs	r2, r2
10001e8c:	d100      	bne.n	10001e90 <l42_1>
10001e8e:	3301      	adds	r3, #1

10001e90 <l42_1>:
10001e90:	bd00      	pop	{pc}
10001e92:	2a00      	cmp	r2, #0
10001e94:	d1eb      	bne.n	10001e6e <divmod_s64s64_unsafe+0x6>
10001e96:	2800      	cmp	r0, #0
10001e98:	d101      	bne.n	10001e9e <l42_1+0xe>
10001e9a:	2900      	cmp	r1, #0
10001e9c:	d005      	beq.n	10001eaa <l42_1+0x1a>
10001e9e:	2000      	movs	r0, #0
10001ea0:	0fc9      	lsrs	r1, r1, #31
10001ea2:	07c9      	lsls	r1, r1, #31
10001ea4:	d101      	bne.n	10001eaa <l42_1+0x1a>
10001ea6:	43c0      	mvns	r0, r0
10001ea8:	0841      	lsrs	r1, r0, #1
10001eaa:	b500      	push	{lr}
10001eac:	f005 f984 	bl	100071b8 <____aeabi_ldiv0_veneer>
10001eb0:	2200      	movs	r2, #0
10001eb2:	2300      	movs	r3, #0
10001eb4:	bd00      	pop	{pc}
10001eb6:	b500      	push	{lr}
10001eb8:	2900      	cmp	r1, #0
10001eba:	db0a      	blt.n	10001ed2 <l44_1+0x2>
10001ebc:	43db      	mvns	r3, r3
10001ebe:	4252      	negs	r2, r2
10001ec0:	d100      	bne.n	10001ec4 <l43_1>
10001ec2:	3301      	adds	r3, #1

10001ec4 <l43_1>:
10001ec4:	f000 f814 	bl	10001ef0 <divmod_u64u64_unsafe>
10001ec8:	43c9      	mvns	r1, r1
10001eca:	4240      	negs	r0, r0
10001ecc:	d100      	bne.n	10001ed0 <l44_1>
10001ece:	3101      	adds	r1, #1

10001ed0 <l44_1>:
10001ed0:	bd00      	pop	{pc}
10001ed2:	43c9      	mvns	r1, r1
10001ed4:	4240      	negs	r0, r0
10001ed6:	d100      	bne.n	10001eda <l45_1>
10001ed8:	3101      	adds	r1, #1

10001eda <l45_1>:
10001eda:	43db      	mvns	r3, r3
10001edc:	4252      	negs	r2, r2
10001ede:	d100      	bne.n	10001ee2 <l46_1>
10001ee0:	3301      	adds	r3, #1

10001ee2 <l46_1>:
10001ee2:	f000 f805 	bl	10001ef0 <divmod_u64u64_unsafe>
10001ee6:	43db      	mvns	r3, r3
10001ee8:	4252      	negs	r2, r2
10001eea:	d100      	bne.n	10001eee <l47_1>
10001eec:	3301      	adds	r3, #1

10001eee <l47_1>:
10001eee:	bd00      	pop	{pc}

10001ef0 <divmod_u64u64_unsafe>:
10001ef0:	2900      	cmp	r1, #0
10001ef2:	d123      	bne.n	10001f3c <y64>
10001ef4:	2b00      	cmp	r3, #0
10001ef6:	d118      	bne.n	10001f2a <udiv0+0x10>
10001ef8:	2a00      	cmp	r2, #0
10001efa:	d00c      	beq.n	10001f16 <divmod_u64u64_unsafe+0x26>
10001efc:	46bc      	mov	ip, r7
10001efe:	4f0d      	ldr	r7, [pc, #52]	@ (10001f34 <udiv0+0x1a>)
10001f00:	6638      	str	r0, [r7, #96]	@ 0x60
10001f02:	667a      	str	r2, [r7, #100]	@ 0x64
10001f04:	2100      	movs	r1, #0
10001f06:	2300      	movs	r3, #0
10001f08:	e7ff      	b.n	10001f0a <divmod_u64u64_unsafe+0x1a>
10001f0a:	e7ff      	b.n	10001f0c <divmod_u64u64_unsafe+0x1c>
10001f0c:	e7ff      	b.n	10001f0e <divmod_u64u64_unsafe+0x1e>
10001f0e:	6f7a      	ldr	r2, [r7, #116]	@ 0x74
10001f10:	6f38      	ldr	r0, [r7, #112]	@ 0x70
10001f12:	4667      	mov	r7, ip
10001f14:	4770      	bx	lr
10001f16:	2800      	cmp	r0, #0
10001f18:	d001      	beq.n	10001f1e <udiv0+0x4>

10001f1a <udiv0>:
10001f1a:	4807      	ldr	r0, [pc, #28]	@ (10001f38 <udiv0+0x1e>)
10001f1c:	0001      	movs	r1, r0
10001f1e:	b500      	push	{lr}
10001f20:	f005 f94a 	bl	100071b8 <____aeabi_ldiv0_veneer>
10001f24:	2200      	movs	r2, #0
10001f26:	2300      	movs	r3, #0
10001f28:	bd00      	pop	{pc}
10001f2a:	0002      	movs	r2, r0
10001f2c:	000b      	movs	r3, r1
10001f2e:	2000      	movs	r0, #0
10001f30:	2100      	movs	r1, #0
10001f32:	4770      	bx	lr
10001f34:	d0000000 	.word	0xd0000000
10001f38:	ffffffff 	.word	0xffffffff

10001f3c <y64>:
10001f3c:	2b00      	cmp	r3, #0
10001f3e:	d000      	beq.n	10001f42 <y64+0x6>
10001f40:	e0bf      	b.n	100020c2 <y64_x48>
10001f42:	0c13      	lsrs	r3, r2, #16
10001f44:	d128      	bne.n	10001f98 <y64_x32>
10001f46:	2a00      	cmp	r2, #0
10001f48:	d0e7      	beq.n	10001f1a <udiv0>
10001f4a:	b480      	push	{r7}
10001f4c:	4f11      	ldr	r7, [pc, #68]	@ (10001f94 <y64+0x58>)
10001f4e:	6639      	str	r1, [r7, #96]	@ 0x60
10001f50:	667a      	str	r2, [r7, #100]	@ 0x64
10001f52:	e7ff      	b.n	10001f54 <y64+0x18>
10001f54:	e7ff      	b.n	10001f56 <y64+0x1a>
10001f56:	b430      	push	{r4, r5}
10001f58:	0c04      	lsrs	r4, r0, #16
10001f5a:	6f7b      	ldr	r3, [r7, #116]	@ 0x74
10001f5c:	6f39      	ldr	r1, [r7, #112]	@ 0x70
10001f5e:	041b      	lsls	r3, r3, #16
10001f60:	4323      	orrs	r3, r4
10001f62:	663b      	str	r3, [r7, #96]	@ 0x60
10001f64:	667a      	str	r2, [r7, #100]	@ 0x64
10001f66:	e7ff      	b.n	10001f68 <y64+0x2c>
10001f68:	e7ff      	b.n	10001f6a <y64+0x2e>
10001f6a:	e7ff      	b.n	10001f6c <y64+0x30>
10001f6c:	46c0      	nop			@ (mov r8, r8)
10001f6e:	b284      	uxth	r4, r0
10001f70:	6f7b      	ldr	r3, [r7, #116]	@ 0x74
10001f72:	6f3d      	ldr	r5, [r7, #112]	@ 0x70
10001f74:	041b      	lsls	r3, r3, #16
10001f76:	4323      	orrs	r3, r4
10001f78:	663b      	str	r3, [r7, #96]	@ 0x60
10001f7a:	667a      	str	r2, [r7, #100]	@ 0x64
10001f7c:	e7ff      	b.n	10001f7e <y64+0x42>
10001f7e:	e7ff      	b.n	10001f80 <y64+0x44>
10001f80:	46c0      	nop			@ (mov r8, r8)
10001f82:	2300      	movs	r3, #0
10001f84:	042c      	lsls	r4, r5, #16
10001f86:	0c2d      	lsrs	r5, r5, #16
10001f88:	6f7a      	ldr	r2, [r7, #116]	@ 0x74
10001f8a:	6f38      	ldr	r0, [r7, #112]	@ 0x70
10001f8c:	1900      	adds	r0, r0, r4
10001f8e:	4169      	adcs	r1, r5
10001f90:	bcb0      	pop	{r4, r5, r7}
10001f92:	4770      	bx	lr
10001f94:	d0000000 	.word	0xd0000000

10001f98 <y64_x32>:
10001f98:	b5f0      	push	{r4, r5, r6, r7, lr}
10001f9a:	4694      	mov	ip, r2
10001f9c:	2500      	movs	r5, #0
10001f9e:	0e14      	lsrs	r4, r2, #24
10001fa0:	d101      	bne.n	10001fa6 <y64_x32+0xe>
10001fa2:	0212      	lsls	r2, r2, #8
10001fa4:	3508      	adds	r5, #8
10001fa6:	0f14      	lsrs	r4, r2, #28
10001fa8:	d101      	bne.n	10001fae <y64_x32+0x16>
10001faa:	0112      	lsls	r2, r2, #4
10001fac:	3504      	adds	r5, #4
10001fae:	0f94      	lsrs	r4, r2, #30
10001fb0:	d101      	bne.n	10001fb6 <y64_x32+0x1e>
10001fb2:	0092      	lsls	r2, r2, #2
10001fb4:	3502      	adds	r5, #2
10001fb6:	0fd4      	lsrs	r4, r2, #31
10001fb8:	d101      	bne.n	10001fbe <y64_x32+0x26>
10001fba:	0052      	lsls	r2, r2, #1
10001fbc:	3501      	adds	r5, #1
10001fbe:	0bd4      	lsrs	r4, r2, #15
10001fc0:	3401      	adds	r4, #1
10001fc2:	4f25      	ldr	r7, [pc, #148]	@ (10002058 <y64_x32+0xc0>)
10001fc4:	667c      	str	r4, [r7, #100]	@ 0x64
10001fc6:	4c25      	ldr	r4, [pc, #148]	@ (1000205c <y64_x32+0xc4>)
10001fc8:	663c      	str	r4, [r7, #96]	@ 0x60
10001fca:	0c0e      	lsrs	r6, r1, #16
10001fcc:	b293      	uxth	r3, r2
10001fce:	e7ff      	b.n	10001fd0 <y64_x32+0x38>
10001fd0:	e7ff      	b.n	10001fd2 <y64_x32+0x3a>
10001fd2:	e7ff      	b.n	10001fd4 <y64_x32+0x3c>
10001fd4:	6f3c      	ldr	r4, [r7, #112]	@ 0x70
10001fd6:	4366      	muls	r6, r4
10001fd8:	0c36      	lsrs	r6, r6, #16
10001fda:	0377      	lsls	r7, r6, #13
10001fdc:	46be      	mov	lr, r7
10001fde:	4373      	muls	r3, r6
10001fe0:	0bdf      	lsrs	r7, r3, #15
10001fe2:	045b      	lsls	r3, r3, #17
10001fe4:	1ac0      	subs	r0, r0, r3
10001fe6:	41b9      	sbcs	r1, r7
10001fe8:	0c13      	lsrs	r3, r2, #16
10001fea:	4373      	muls	r3, r6
10001fec:	18db      	adds	r3, r3, r3
10001fee:	1ac9      	subs	r1, r1, r3
10001ff0:	08ce      	lsrs	r6, r1, #3
10001ff2:	4366      	muls	r6, r4
10001ff4:	0c36      	lsrs	r6, r6, #16
10001ff6:	44b6      	add	lr, r6
10001ff8:	b293      	uxth	r3, r2
10001ffa:	4373      	muls	r3, r6
10001ffc:	0f1f      	lsrs	r7, r3, #28
10001ffe:	011b      	lsls	r3, r3, #4
10002000:	1ac0      	subs	r0, r0, r3
10002002:	41b9      	sbcs	r1, r7
10002004:	0c13      	lsrs	r3, r2, #16
10002006:	4373      	muls	r3, r6
10002008:	0b1f      	lsrs	r7, r3, #12
1000200a:	051b      	lsls	r3, r3, #20
1000200c:	1ac0      	subs	r0, r0, r3
1000200e:	41b9      	sbcs	r1, r7
10002010:	0d86      	lsrs	r6, r0, #22
10002012:	028f      	lsls	r7, r1, #10
10002014:	433e      	orrs	r6, r7
10002016:	4366      	muls	r6, r4
10002018:	0c36      	lsrs	r6, r6, #16
1000201a:	2d09      	cmp	r5, #9
1000201c:	db24      	blt.n	10002068 <last0>
1000201e:	0a52      	lsrs	r2, r2, #9
10002020:	4372      	muls	r2, r6
10002022:	1a80      	subs	r0, r0, r2
10002024:	0377      	lsls	r7, r6, #13
10002026:	0a46      	lsrs	r6, r0, #9
10002028:	4366      	muls	r6, r4
1000202a:	0c36      	lsrs	r6, r6, #16
1000202c:	2316      	movs	r3, #22
1000202e:	1b5b      	subs	r3, r3, r5
10002030:	40de      	lsrs	r6, r3
10002032:	40df      	lsrs	r7, r3
10002034:	19bf      	adds	r7, r7, r6
10002036:	4664      	mov	r4, ip
10002038:	4366      	muls	r6, r4
1000203a:	1b82      	subs	r2, r0, r6
1000203c:	4670      	mov	r0, lr
1000203e:	3504      	adds	r5, #4
10002040:	3306      	adds	r3, #6
10002042:	0001      	movs	r1, r0
10002044:	40d9      	lsrs	r1, r3
10002046:	40a8      	lsls	r0, r5
10002048:	19c0      	adds	r0, r0, r7
1000204a:	d300      	bcc.n	1000204e <y64_x32+0xb6>
1000204c:	3101      	adds	r1, #1
1000204e:	42a2      	cmp	r2, r4
10002050:	d206      	bcs.n	10002060 <y64_x32+0xc8>
10002052:	2300      	movs	r3, #0
10002054:	bdf0      	pop	{r4, r5, r6, r7, pc}
10002056:	0000      	.short	0x0000
10002058:	d0000000 	.word	0xd0000000
1000205c:	ffffffff 	.word	0xffffffff
10002060:	1b12      	subs	r2, r2, r4
10002062:	3001      	adds	r0, #1
10002064:	d3f3      	bcc.n	1000204e <y64_x32+0xb6>
10002066:	e7f1      	b.n	1000204c <y64_x32+0xb4>

10002068 <last0>:
10002068:	2709      	movs	r7, #9
1000206a:	1b7f      	subs	r7, r7, r5
1000206c:	40fe      	lsrs	r6, r7
1000206e:	4664      	mov	r4, ip
10002070:	b2a2      	uxth	r2, r4
10002072:	4372      	muls	r2, r6
10002074:	1a80      	subs	r0, r0, r2
10002076:	d200      	bcs.n	1000207a <last0+0x12>
10002078:	3901      	subs	r1, #1
1000207a:	0c22      	lsrs	r2, r4, #16
1000207c:	4372      	muls	r2, r6
1000207e:	0c13      	lsrs	r3, r2, #16
10002080:	0412      	lsls	r2, r2, #16
10002082:	1a82      	subs	r2, r0, r2
10002084:	4199      	sbcs	r1, r3
10002086:	000b      	movs	r3, r1
10002088:	4670      	mov	r0, lr
1000208a:	3504      	adds	r5, #4
1000208c:	3713      	adds	r7, #19
1000208e:	0001      	movs	r1, r0
10002090:	40f9      	lsrs	r1, r7
10002092:	40a8      	lsls	r0, r5
10002094:	1980      	adds	r0, r0, r6
10002096:	d300      	bcc.n	1000209a <last0+0x32>
10002098:	3101      	adds	r1, #1
1000209a:	2b00      	cmp	r3, #0
1000209c:	d102      	bne.n	100020a4 <last0+0x3c>
1000209e:	42a2      	cmp	r2, r4
100020a0:	d20a      	bcs.n	100020b8 <last0+0x50>
100020a2:	bdf0      	pop	{r4, r5, r6, r7, pc}
100020a4:	3001      	adds	r0, #1
100020a6:	d300      	bcc.n	100020aa <last0+0x42>
100020a8:	3101      	adds	r1, #1
100020aa:	1b12      	subs	r2, r2, r4
100020ac:	d2fa      	bcs.n	100020a4 <last0+0x3c>
100020ae:	3b01      	subs	r3, #1
100020b0:	d1f8      	bne.n	100020a4 <last0+0x3c>
100020b2:	42a2      	cmp	r2, r4
100020b4:	d200      	bcs.n	100020b8 <last0+0x50>
100020b6:	bdf0      	pop	{r4, r5, r6, r7, pc}
100020b8:	3001      	adds	r0, #1
100020ba:	d300      	bcc.n	100020be <last0+0x56>
100020bc:	3101      	adds	r1, #1
100020be:	1b12      	subs	r2, r2, r4
100020c0:	e7f7      	b.n	100020b2 <last0+0x4a>

100020c2 <y64_x48>:
100020c2:	b5f0      	push	{r4, r5, r6, r7, lr}
100020c4:	0c1c      	lsrs	r4, r3, #16
100020c6:	d000      	beq.n	100020ca <y64_x48+0x8>
100020c8:	e080      	b.n	100021cc <y64_x64>
100020ca:	b40c      	push	{r2, r3}
100020cc:	2500      	movs	r5, #0
100020ce:	0a1c      	lsrs	r4, r3, #8
100020d0:	d104      	bne.n	100020dc <y64_x48+0x1a>
100020d2:	021b      	lsls	r3, r3, #8
100020d4:	0e16      	lsrs	r6, r2, #24
100020d6:	4333      	orrs	r3, r6
100020d8:	0212      	lsls	r2, r2, #8
100020da:	3508      	adds	r5, #8
100020dc:	0b1c      	lsrs	r4, r3, #12
100020de:	d104      	bne.n	100020ea <y64_x48+0x28>
100020e0:	011b      	lsls	r3, r3, #4
100020e2:	0f16      	lsrs	r6, r2, #28
100020e4:	4333      	orrs	r3, r6
100020e6:	0112      	lsls	r2, r2, #4
100020e8:	3504      	adds	r5, #4
100020ea:	0b9c      	lsrs	r4, r3, #14
100020ec:	d104      	bne.n	100020f8 <y64_x48+0x36>
100020ee:	009b      	lsls	r3, r3, #2
100020f0:	0f96      	lsrs	r6, r2, #30
100020f2:	4333      	orrs	r3, r6
100020f4:	0092      	lsls	r2, r2, #2
100020f6:	3502      	adds	r5, #2
100020f8:	0bdc      	lsrs	r4, r3, #15
100020fa:	d102      	bne.n	10002102 <y64_x48+0x40>
100020fc:	1892      	adds	r2, r2, r2
100020fe:	415b      	adcs	r3, r3
10002100:	3501      	adds	r5, #1
10002102:	001c      	movs	r4, r3
10002104:	1897      	adds	r7, r2, r2
10002106:	4164      	adcs	r4, r4
10002108:	3401      	adds	r4, #1
1000210a:	4f46      	ldr	r7, [pc, #280]	@ (10002224 <y64_x64+0x58>)
1000210c:	667c      	str	r4, [r7, #100]	@ 0x64
1000210e:	4c46      	ldr	r4, [pc, #280]	@ (10002228 <y64_x64+0x5c>)
10002110:	663c      	str	r4, [r7, #96]	@ 0x60
10002112:	0c0e      	lsrs	r6, r1, #16
10002114:	e7ff      	b.n	10002116 <y64_x48+0x54>
10002116:	e7ff      	b.n	10002118 <y64_x48+0x56>
10002118:	e7ff      	b.n	1000211a <y64_x48+0x58>
1000211a:	46c0      	nop			@ (mov r8, r8)
1000211c:	6f3c      	ldr	r4, [r7, #112]	@ 0x70
1000211e:	4366      	muls	r6, r4
10002120:	0c36      	lsrs	r6, r6, #16
10002122:	0377      	lsls	r7, r6, #13
10002124:	46be      	mov	lr, r7
10002126:	b297      	uxth	r7, r2
10002128:	4377      	muls	r7, r6
1000212a:	1bc0      	subs	r0, r0, r7
1000212c:	d200      	bcs.n	10002130 <y64_x48+0x6e>
1000212e:	3901      	subs	r1, #1
10002130:	1bc0      	subs	r0, r0, r7
10002132:	d200      	bcs.n	10002136 <y64_x48+0x74>
10002134:	3901      	subs	r1, #1
10002136:	b29f      	uxth	r7, r3
10002138:	4377      	muls	r7, r6
1000213a:	1bc9      	subs	r1, r1, r7
1000213c:	1bc9      	subs	r1, r1, r7
1000213e:	0c17      	lsrs	r7, r2, #16
10002140:	4377      	muls	r7, r6
10002142:	047e      	lsls	r6, r7, #17
10002144:	0bff      	lsrs	r7, r7, #15
10002146:	1b80      	subs	r0, r0, r6
10002148:	41b9      	sbcs	r1, r7
1000214a:	08ce      	lsrs	r6, r1, #3
1000214c:	4366      	muls	r6, r4
1000214e:	0c36      	lsrs	r6, r6, #16
10002150:	2d0c      	cmp	r5, #12
10002152:	db33      	blt.n	100021bc <last1>
10002154:	44b6      	add	lr, r6
10002156:	0b12      	lsrs	r2, r2, #12
10002158:	051f      	lsls	r7, r3, #20
1000215a:	433a      	orrs	r2, r7
1000215c:	0b1b      	lsrs	r3, r3, #12
1000215e:	b297      	uxth	r7, r2
10002160:	4377      	muls	r7, r6
10002162:	1bc0      	subs	r0, r0, r7
10002164:	d200      	bcs.n	10002168 <y64_x48+0xa6>
10002166:	3901      	subs	r1, #1
10002168:	b29f      	uxth	r7, r3
1000216a:	4377      	muls	r7, r6
1000216c:	1bc9      	subs	r1, r1, r7
1000216e:	0c17      	lsrs	r7, r2, #16
10002170:	4377      	muls	r7, r6
10002172:	043e      	lsls	r6, r7, #16
10002174:	0c3f      	lsrs	r7, r7, #16
10002176:	1b80      	subs	r0, r0, r6
10002178:	41b9      	sbcs	r1, r7
1000217a:	0d86      	lsrs	r6, r0, #22
1000217c:	028f      	lsls	r7, r1, #10
1000217e:	433e      	orrs	r6, r7
10002180:	4366      	muls	r6, r4
10002182:	2729      	movs	r7, #41	@ 0x29
10002184:	1b7f      	subs	r7, r7, r5
10002186:	40fe      	lsrs	r6, r7
10002188:	3d0c      	subs	r5, #12
1000218a:	4677      	mov	r7, lr
1000218c:	40af      	lsls	r7, r5
1000218e:	19bf      	adds	r7, r7, r6
10002190:	bc30      	pop	{r4, r5}
10002192:	b2a2      	uxth	r2, r4
10002194:	b2ab      	uxth	r3, r5
10002196:	4372      	muls	r2, r6
10002198:	4373      	muls	r3, r6
1000219a:	1a80      	subs	r0, r0, r2
1000219c:	4199      	sbcs	r1, r3
1000219e:	0c22      	lsrs	r2, r4, #16
100021a0:	4372      	muls	r2, r6
100021a2:	0c13      	lsrs	r3, r2, #16
100021a4:	0412      	lsls	r2, r2, #16
100021a6:	1a80      	subs	r0, r0, r2
100021a8:	4199      	sbcs	r1, r3
100021aa:	0002      	movs	r2, r0
100021ac:	000b      	movs	r3, r1
100021ae:	3701      	adds	r7, #1
100021b0:	1b00      	subs	r0, r0, r4
100021b2:	41a9      	sbcs	r1, r5
100021b4:	d2f9      	bcs.n	100021aa <y64_x48+0xe8>
100021b6:	1e78      	subs	r0, r7, #1
100021b8:	2100      	movs	r1, #0
100021ba:	bdf0      	pop	{r4, r5, r6, r7, pc}

100021bc <last1>:
100021bc:	270c      	movs	r7, #12
100021be:	1b7f      	subs	r7, r7, r5
100021c0:	40fe      	lsrs	r6, r7
100021c2:	4677      	mov	r7, lr
100021c4:	0b7f      	lsrs	r7, r7, #13
100021c6:	40af      	lsls	r7, r5
100021c8:	19ff      	adds	r7, r7, r7
100021ca:	e7e0      	b.n	1000218e <y64_x48+0xcc>

100021cc <y64_x64>:
100021cc:	2400      	movs	r4, #0
100021ce:	1c5d      	adds	r5, r3, #1
100021d0:	d007      	beq.n	100021e2 <y64_x64+0x16>
100021d2:	4f14      	ldr	r7, [pc, #80]	@ (10002224 <y64_x64+0x58>)
100021d4:	667d      	str	r5, [r7, #100]	@ 0x64
100021d6:	6639      	str	r1, [r7, #96]	@ 0x60
100021d8:	e7ff      	b.n	100021da <y64_x64+0xe>
100021da:	e7ff      	b.n	100021dc <y64_x64+0x10>
100021dc:	e7ff      	b.n	100021de <y64_x64+0x12>
100021de:	e7ff      	b.n	100021e0 <y64_x64+0x14>
100021e0:	6f3c      	ldr	r4, [r7, #112]	@ 0x70
100021e2:	b295      	uxth	r5, r2
100021e4:	b29e      	uxth	r6, r3
100021e6:	4365      	muls	r5, r4
100021e8:	4366      	muls	r6, r4
100021ea:	1b40      	subs	r0, r0, r5
100021ec:	41b1      	sbcs	r1, r6
100021ee:	0c15      	lsrs	r5, r2, #16
100021f0:	0c1e      	lsrs	r6, r3, #16
100021f2:	4365      	muls	r5, r4
100021f4:	4366      	muls	r6, r4
100021f6:	0436      	lsls	r6, r6, #16
100021f8:	0c2f      	lsrs	r7, r5, #16
100021fa:	433e      	orrs	r6, r7
100021fc:	042d      	lsls	r5, r5, #16
100021fe:	1b40      	subs	r0, r0, r5
10002200:	41b1      	sbcs	r1, r6
10002202:	4299      	cmp	r1, r3
10002204:	d204      	bcs.n	10002210 <y64_x64+0x44>
10002206:	0002      	movs	r2, r0
10002208:	000b      	movs	r3, r1
1000220a:	0020      	movs	r0, r4
1000220c:	2100      	movs	r1, #0
1000220e:	bdf0      	pop	{r4, r5, r6, r7, pc}
10002210:	d101      	bne.n	10002216 <y64_x64+0x4a>
10002212:	4290      	cmp	r0, r2
10002214:	d3f7      	bcc.n	10002206 <y64_x64+0x3a>
10002216:	1a80      	subs	r0, r0, r2
10002218:	4199      	sbcs	r1, r3
1000221a:	3401      	adds	r4, #1
1000221c:	4299      	cmp	r1, r3
1000221e:	d3f2      	bcc.n	10002206 <y64_x64+0x3a>
10002220:	e7f6      	b.n	10002210 <y64_x64+0x44>
10002222:	0000      	.short	0x0000
10002224:	d0000000 	.word	0xd0000000
10002228:	ffffffff 	.word	0xffffffff

1000222c <__wrap___aeabi_drsub>:
1000222c:	4048      	eors	r0, r1
1000222e:	4041      	eors	r1, r0
10002230:	4048      	eors	r0, r1

10002232 <__wrap___aeabi_dsub>:
10002232:	b418      	push	{r3, r4}
10002234:	4b1b      	ldr	r3, [pc, #108]	@ (100022a4 <__wrap___aeabi_dmul+0x12>)
10002236:	685b      	ldr	r3, [r3, #4]
10002238:	46fc      	mov	ip, pc
1000223a:	9301      	str	r3, [sp, #4]
1000223c:	bd08      	pop	{r3, pc}
1000223e:	df04      	.short	0xdf04
10002240:	100024ef 	.word	0x100024ef

10002244 <__wrap___aeabi_dadd>:
10002244:	b418      	push	{r3, r4}
10002246:	4b17      	ldr	r3, [pc, #92]	@ (100022a4 <__wrap___aeabi_dmul+0x12>)
10002248:	681b      	ldr	r3, [r3, #0]
1000224a:	46fc      	mov	ip, pc
1000224c:	9301      	str	r3, [sp, #4]
1000224e:	bd08      	pop	{r3, pc}
10002250:	24f9df00 	.word	0x24f9df00
10002254:	1000      	.short	0x1000

10002256 <__wrap___aeabi_ddiv>:
10002256:	4694      	mov	ip, r2
10002258:	4a13      	ldr	r2, [pc, #76]	@ (100022a8 <__wrap___aeabi_dmul+0x16>)
1000225a:	6f92      	ldr	r2, [r2, #120]	@ 0x78
1000225c:	0892      	lsrs	r2, r2, #2
1000225e:	d209      	bcs.n	10002274 <ddiv_save_state>
10002260:	4662      	mov	r2, ip

10002262 <ddiv_shim_call>:
10002262:	b418      	push	{r3, r4}
10002264:	4b0f      	ldr	r3, [pc, #60]	@ (100022a4 <__wrap___aeabi_dmul+0x12>)
10002266:	68db      	ldr	r3, [r3, #12]
10002268:	46fc      	mov	ip, pc
1000226a:	9301      	str	r3, [sp, #4]
1000226c:	bd08      	pop	{r3, pc}
1000226e:	df0c      	.short	0xdf0c
10002270:	100027b1 	.word	0x100027b1

10002274 <ddiv_save_state>:
10002274:	4a0c      	ldr	r2, [pc, #48]	@ (100022a8 <__wrap___aeabi_dmul+0x16>)
10002276:	b5f0      	push	{r4, r5, r6, r7, lr}
10002278:	6e14      	ldr	r4, [r2, #96]	@ 0x60
1000227a:	6e55      	ldr	r5, [r2, #100]	@ 0x64
1000227c:	6f57      	ldr	r7, [r2, #116]	@ 0x74
1000227e:	6f16      	ldr	r6, [r2, #112]	@ 0x70
10002280:	4662      	mov	r2, ip
10002282:	f7ff ffee 	bl	10002262 <ddiv_shim_call>
10002286:	4a08      	ldr	r2, [pc, #32]	@ (100022a8 <__wrap___aeabi_dmul+0x16>)
10002288:	6614      	str	r4, [r2, #96]	@ 0x60
1000228a:	6655      	str	r5, [r2, #100]	@ 0x64
1000228c:	6757      	str	r7, [r2, #116]	@ 0x74
1000228e:	6716      	str	r6, [r2, #112]	@ 0x70
10002290:	bdf0      	pop	{r4, r5, r6, r7, pc}

10002292 <__wrap___aeabi_dmul>:
10002292:	b418      	push	{r3, r4}
10002294:	4b03      	ldr	r3, [pc, #12]	@ (100022a4 <__wrap___aeabi_dmul+0x12>)
10002296:	689b      	ldr	r3, [r3, #8]
10002298:	46fc      	mov	ip, pc
1000229a:	9301      	str	r3, [sp, #4]
1000229c:	bd08      	pop	{r3, pc}
1000229e:	df08      	.short	0xdf08
100022a0:	10002655 	.word	0x10002655
100022a4:	20001330 	.word	0x20001330
100022a8:	d0000000 	.word	0xd0000000

100022ac <__wrap___aeabi_cdrcmple>:
100022ac:	b5ff      	push	{r0, r1, r2, r3, r4, r5, r6, r7, lr}
100022ae:	4050      	eors	r0, r2
100022b0:	4042      	eors	r2, r0
100022b2:	4050      	eors	r0, r2
100022b4:	4059      	eors	r1, r3
100022b6:	404b      	eors	r3, r1
100022b8:	4059      	eors	r1, r3
100022ba:	e000      	b.n	100022be <__aeabi_dfcmple_guts>

100022bc <__wrap___aeabi_cdcmpeq>:
100022bc:	b5ff      	push	{r0, r1, r2, r3, r4, r5, r6, r7, lr}

100022be <__aeabi_dfcmple_guts>:
100022be:	4f15      	ldr	r7, [pc, #84]	@ (10002314 <__aeabi_dfcmple_guts+0x56>)
100022c0:	004c      	lsls	r4, r1, #1
100022c2:	0d64      	lsrs	r4, r4, #21
100022c4:	d003      	beq.n	100022ce <__aeabi_dfcmple_guts+0x10>
100022c6:	42bc      	cmp	r4, r7
100022c8:	d104      	bne.n	100022d4 <__aeabi_dfcmple_guts+0x16>
100022ca:	030c      	lsls	r4, r1, #12
100022cc:	d814      	bhi.n	100022f8 <__aeabi_dfcmple_guts+0x3a>
100022ce:	2000      	movs	r0, #0
100022d0:	0d09      	lsrs	r1, r1, #20
100022d2:	0509      	lsls	r1, r1, #20
100022d4:	005c      	lsls	r4, r3, #1
100022d6:	0d64      	lsrs	r4, r4, #21
100022d8:	d003      	beq.n	100022e2 <__aeabi_dfcmple_guts+0x24>
100022da:	42bc      	cmp	r4, r7
100022dc:	d104      	bne.n	100022e8 <__aeabi_dfcmple_guts+0x2a>
100022de:	031c      	lsls	r4, r3, #12
100022e0:	d80a      	bhi.n	100022f8 <__aeabi_dfcmple_guts+0x3a>
100022e2:	2200      	movs	r2, #0
100022e4:	0d1b      	lsrs	r3, r3, #20
100022e6:	051b      	lsls	r3, r3, #20
100022e8:	2601      	movs	r6, #1
100022ea:	404b      	eors	r3, r1
100022ec:	d409      	bmi.n	10002302 <__aeabi_dfcmple_guts+0x44>
100022ee:	404b      	eors	r3, r1
100022f0:	d503      	bpl.n	100022fa <__aeabi_dfcmple_guts+0x3c>
100022f2:	428b      	cmp	r3, r1
100022f4:	d100      	bne.n	100022f8 <__aeabi_dfcmple_guts+0x3a>
100022f6:	4282      	cmp	r2, r0
100022f8:	bdff      	pop	{r0, r1, r2, r3, r4, r5, r6, r7, pc}
100022fa:	4299      	cmp	r1, r3
100022fc:	d1fc      	bne.n	100022f8 <__aeabi_dfcmple_guts+0x3a>
100022fe:	4290      	cmp	r0, r2
10002300:	bdff      	pop	{r0, r1, r2, r3, r4, r5, r6, r7, pc}
10002302:	430b      	orrs	r3, r1
10002304:	18db      	adds	r3, r3, r3
10002306:	4303      	orrs	r3, r0
10002308:	4313      	orrs	r3, r2
1000230a:	d0f5      	beq.n	100022f8 <__aeabi_dfcmple_guts+0x3a>
1000230c:	43c9      	mvns	r1, r1
1000230e:	1849      	adds	r1, r1, r1
10002310:	bdff      	pop	{r0, r1, r2, r3, r4, r5, r6, r7, pc}
10002312:	0000      	.short	0x0000
10002314:	000007ff 	.word	0x000007ff

10002318 <__wrap___aeabi_dcmplt>:
10002318:	b500      	push	{lr}
1000231a:	f7ff ffcf 	bl	100022bc <__wrap___aeabi_cdcmpeq>
1000231e:	4180      	sbcs	r0, r0
10002320:	bd00      	pop	{pc}
10002322:	46c0      	nop			@ (mov r8, r8)

10002324 <__wrap___aeabi_dcmple>:
10002324:	b500      	push	{lr}
10002326:	f7ff ffc9 	bl	100022bc <__wrap___aeabi_cdcmpeq>
1000232a:	d901      	bls.n	10002330 <__wrap___aeabi_dcmple+0xc>
1000232c:	2000      	movs	r0, #0
1000232e:	bd00      	pop	{pc}
10002330:	2001      	movs	r0, #1
10002332:	bd00      	pop	{pc}

10002334 <__wrap___aeabi_dcmpge>:
10002334:	b500      	push	{lr}
10002336:	f7ff ffb9 	bl	100022ac <__wrap___aeabi_cdrcmple>
1000233a:	d901      	bls.n	10002340 <__wrap___aeabi_dcmpge+0xc>
1000233c:	2000      	movs	r0, #0
1000233e:	bd00      	pop	{pc}
10002340:	2001      	movs	r0, #1
10002342:	bd00      	pop	{pc}

10002344 <__wrap___aeabi_dcmpgt>:
10002344:	b500      	push	{lr}
10002346:	f7ff ffb1 	bl	100022ac <__wrap___aeabi_cdrcmple>
1000234a:	4180      	sbcs	r0, r0
1000234c:	bd00      	pop	{pc}

1000234e <__wrap___aeabi_dcmpun>:
1000234e:	2001      	movs	r0, #1
10002350:	0540      	lsls	r0, r0, #21
10002352:	004a      	lsls	r2, r1, #1
10002354:	1812      	adds	r2, r2, r0
10002356:	d804      	bhi.n	10002362 <__wrap___aeabi_dcmpun+0x14>
10002358:	005a      	lsls	r2, r3, #1
1000235a:	1812      	adds	r2, r2, r0
1000235c:	d801      	bhi.n	10002362 <__wrap___aeabi_dcmpun+0x14>
1000235e:	2000      	movs	r0, #0
10002360:	4770      	bx	lr
10002362:	2001      	movs	r0, #1
10002364:	4770      	bx	lr
	...

10002368 <__wrap___aeabi_ui2d>:
10002368:	2100      	movs	r1, #0
1000236a:	2800      	cmp	r0, #0
1000236c:	d105      	bne.n	1000237a <__wrap___aeabi_i2d+0xa>
1000236e:	4770      	bx	lr

10002370 <__wrap___aeabi_i2d>:
10002370:	17c1      	asrs	r1, r0, #31
10002372:	4048      	eors	r0, r1
10002374:	1a40      	subs	r0, r0, r1
10002376:	d0fa      	beq.n	1000236e <__wrap___aeabi_ui2d+0x6>
10002378:	07c9      	lsls	r1, r1, #31
1000237a:	b513      	push	{r0, r1, r4, lr}
1000237c:	4b06      	ldr	r3, [pc, #24]	@ (10002398 <__wrap___aeabi_i2d+0x28>)
1000237e:	681b      	ldr	r3, [r3, #0]
10002380:	4798      	blx	r3
10002382:	bc0c      	pop	{r2, r3}
10002384:	1c44      	adds	r4, r0, #1
10002386:	40a2      	lsls	r2, r4
10002388:	0510      	lsls	r0, r2, #20
1000238a:	0b12      	lsrs	r2, r2, #12
1000238c:	4903      	ldr	r1, [pc, #12]	@ (1000239c <__wrap___aeabi_i2d+0x2c>)
1000238e:	1b09      	subs	r1, r1, r4
10002390:	0509      	lsls	r1, r1, #20
10002392:	4319      	orrs	r1, r3
10002394:	4311      	orrs	r1, r2
10002396:	bd10      	pop	{r4, pc}
10002398:	2000203c 	.word	0x2000203c
1000239c:	0000041f 	.word	0x0000041f

100023a0 <__wrap___aeabi_d2iz>:
100023a0:	b510      	push	{r4, lr}
100023a2:	004c      	lsls	r4, r1, #1
100023a4:	0d62      	lsrs	r2, r4, #21
100023a6:	2380      	movs	r3, #128	@ 0x80
100023a8:	18d2      	adds	r2, r2, r3
100023aa:	00db      	lsls	r3, r3, #3
100023ac:	1ad2      	subs	r2, r2, r3
100023ae:	055b      	lsls	r3, r3, #21
100023b0:	2a7e      	cmp	r2, #126	@ 0x7e
100023b2:	dd10      	ble.n	100023d6 <__wrap___aeabi_d2iz+0x36>
100023b4:	3a9e      	subs	r2, #158	@ 0x9e
100023b6:	da13      	bge.n	100023e0 <__wrap___aeabi_d2iz+0x40>
100023b8:	17cc      	asrs	r4, r1, #31
100023ba:	0309      	lsls	r1, r1, #12
100023bc:	0849      	lsrs	r1, r1, #1
100023be:	4319      	orrs	r1, r3
100023c0:	4252      	negs	r2, r2
100023c2:	40d1      	lsrs	r1, r2
100023c4:	0064      	lsls	r4, r4, #1
100023c6:	3401      	adds	r4, #1
100023c8:	3215      	adds	r2, #21
100023ca:	2a20      	cmp	r2, #32
100023cc:	da05      	bge.n	100023da <__wrap___aeabi_d2iz+0x3a>
100023ce:	40d0      	lsrs	r0, r2
100023d0:	4308      	orrs	r0, r1
100023d2:	4360      	muls	r0, r4
100023d4:	bd10      	pop	{r4, pc}
100023d6:	2000      	movs	r0, #0
100023d8:	bd10      	pop	{r4, pc}
100023da:	4608      	mov	r0, r1
100023dc:	4360      	muls	r0, r4
100023de:	bd10      	pop	{r4, pc}
100023e0:	0fc8      	lsrs	r0, r1, #31
100023e2:	18c0      	adds	r0, r0, r3
100023e4:	3801      	subs	r0, #1
100023e6:	bd10      	pop	{r4, pc}

100023e8 <__wrap___aeabi_d2uiz>:
100023e8:	b418      	push	{r3, r4}
100023ea:	4b04      	ldr	r3, [pc, #16]	@ (100023fc <__wrap___aeabi_d2uiz+0x14>)
100023ec:	6a5b      	ldr	r3, [r3, #36]	@ 0x24
100023ee:	46fc      	mov	ip, pc
100023f0:	9301      	str	r3, [sp, #4]
100023f2:	bd08      	pop	{r3, pc}
100023f4:	2961df24 	.word	0x2961df24
100023f8:	00001000 	.word	0x00001000
100023fc:	20001330 	.word	0x20001330

10002400 <__wrap___aeabi_d2f>:
10002400:	b418      	push	{r3, r4}
10002402:	4b04      	ldr	r3, [pc, #16]	@ (10002414 <__wrap___aeabi_d2f+0x14>)
10002404:	6fdb      	ldr	r3, [r3, #124]	@ 0x7c
10002406:	46fc      	mov	ip, pc
10002408:	9301      	str	r3, [sp, #4]
1000240a:	bd08      	pop	{r3, pc}
1000240c:	29e1df7c 	.word	0x29e1df7c
10002410:	00001000 	.word	0x00001000
10002414:	20001330 	.word	0x20001330

10002418 <__aeabi_double_init>:
10002418:	2313      	movs	r3, #19
1000241a:	b570      	push	{r4, r5, r6, lr}
1000241c:	781d      	ldrb	r5, [r3, #0]
1000241e:	2d01      	cmp	r5, #1
10002420:	d019      	beq.n	10002456 <__aeabi_double_init+0x3e>
10002422:	dd14      	ble.n	1000244e <__aeabi_double_init+0x36>
10002424:	481f      	ldr	r0, [pc, #124]	@ (100024a4 <__aeabi_double_init+0x8c>)
10002426:	f7ff fb23 	bl	10001a70 <rom_data_lookup>
1000242a:	0006      	movs	r6, r0
1000242c:	481e      	ldr	r0, [pc, #120]	@ (100024a8 <__aeabi_double_init+0x90>)
1000242e:	f7ff fb1f 	bl	10001a70 <rom_data_lookup>
10002432:	4c1e      	ldr	r4, [pc, #120]	@ (100024ac <__aeabi_double_init+0x94>)
10002434:	2280      	movs	r2, #128	@ 0x80
10002436:	0031      	movs	r1, r6
10002438:	0020      	movs	r0, r4
1000243a:	f000 fbd5 	bl	10002be8 <__wrap___aeabi_memcpy>
1000243e:	2d02      	cmp	r5, #2
10002440:	d02d      	beq.n	1000249e <__aeabi_double_init+0x86>
10002442:	481b      	ldr	r0, [pc, #108]	@ (100024b0 <__aeabi_double_init+0x98>)
10002444:	f7ff fb0c 	bl	10001a60 <rom_func_lookup>
10002448:	4b1a      	ldr	r3, [pc, #104]	@ (100024b4 <__aeabi_double_init+0x9c>)
1000244a:	6018      	str	r0, [r3, #0]
1000244c:	bd70      	pop	{r4, r5, r6, pc}
1000244e:	4b1a      	ldr	r3, [pc, #104]	@ (100024b8 <__aeabi_double_init+0xa0>)
10002450:	4c16      	ldr	r4, [pc, #88]	@ (100024ac <__aeabi_double_init+0x94>)
10002452:	64a3      	str	r3, [r4, #72]	@ 0x48
10002454:	e7f5      	b.n	10002442 <__aeabi_double_init+0x2a>
10002456:	4b18      	ldr	r3, [pc, #96]	@ (100024b8 <__aeabi_double_init+0xa0>)
10002458:	4c14      	ldr	r4, [pc, #80]	@ (100024ac <__aeabi_double_init+0x94>)
1000245a:	6023      	str	r3, [r4, #0]
1000245c:	6063      	str	r3, [r4, #4]
1000245e:	60a3      	str	r3, [r4, #8]
10002460:	60e3      	str	r3, [r4, #12]
10002462:	6123      	str	r3, [r4, #16]
10002464:	6163      	str	r3, [r4, #20]
10002466:	61a3      	str	r3, [r4, #24]
10002468:	61e3      	str	r3, [r4, #28]
1000246a:	6223      	str	r3, [r4, #32]
1000246c:	6263      	str	r3, [r4, #36]	@ 0x24
1000246e:	62a3      	str	r3, [r4, #40]	@ 0x28
10002470:	62e3      	str	r3, [r4, #44]	@ 0x2c
10002472:	6323      	str	r3, [r4, #48]	@ 0x30
10002474:	6363      	str	r3, [r4, #52]	@ 0x34
10002476:	63a3      	str	r3, [r4, #56]	@ 0x38
10002478:	63e3      	str	r3, [r4, #60]	@ 0x3c
1000247a:	6423      	str	r3, [r4, #64]	@ 0x40
1000247c:	6463      	str	r3, [r4, #68]	@ 0x44
1000247e:	64a3      	str	r3, [r4, #72]	@ 0x48
10002480:	64e3      	str	r3, [r4, #76]	@ 0x4c
10002482:	6523      	str	r3, [r4, #80]	@ 0x50
10002484:	6563      	str	r3, [r4, #84]	@ 0x54
10002486:	65a3      	str	r3, [r4, #88]	@ 0x58
10002488:	65e3      	str	r3, [r4, #92]	@ 0x5c
1000248a:	6623      	str	r3, [r4, #96]	@ 0x60
1000248c:	6663      	str	r3, [r4, #100]	@ 0x64
1000248e:	66a3      	str	r3, [r4, #104]	@ 0x68
10002490:	66e3      	str	r3, [r4, #108]	@ 0x6c
10002492:	6723      	str	r3, [r4, #112]	@ 0x70
10002494:	6763      	str	r3, [r4, #116]	@ 0x74
10002496:	67a3      	str	r3, [r4, #120]	@ 0x78
10002498:	67e3      	str	r3, [r4, #124]	@ 0x7c
1000249a:	64a3      	str	r3, [r4, #72]	@ 0x48
1000249c:	e7d1      	b.n	10002442 <__aeabi_double_init+0x2a>
1000249e:	4b06      	ldr	r3, [pc, #24]	@ (100024b8 <__aeabi_double_init+0xa0>)
100024a0:	64a3      	str	r3, [r4, #72]	@ 0x48
100024a2:	e7ce      	b.n	10002442 <__aeabi_double_init+0x2a>
100024a4:	00004453 	.word	0x00004453
100024a8:	00004653 	.word	0x00004653
100024ac:	20001330 	.word	0x20001330
100024b0:	0000334c 	.word	0x0000334c
100024b4:	2000203c 	.word	0x2000203c
100024b8:	100024bd 	.word	0x100024bd

100024bc <double_table_shim_on_use_helper>:
100024bc:	b507      	push	{r0, r1, r2, lr}
100024be:	4660      	mov	r0, ip
100024c0:	8801      	ldrh	r1, [r0, #0]
100024c2:	0a0a      	lsrs	r2, r1, #8
100024c4:	3002      	adds	r0, #2
100024c6:	2adf      	cmp	r2, #223	@ 0xdf
100024c8:	d1fa      	bne.n	100024c0 <double_table_shim_on_use_helper+0x4>
100024ca:	b2c9      	uxtb	r1, r1
100024cc:	0882      	lsrs	r2, r0, #2
100024ce:	d304      	bcc.n	100024da <double_table_shim_on_use_helper+0x1e>
100024d0:	8802      	ldrh	r2, [r0, #0]
100024d2:	8840      	ldrh	r0, [r0, #2]
100024d4:	0400      	lsls	r0, r0, #16
100024d6:	4310      	orrs	r0, r2
100024d8:	e000      	b.n	100024dc <double_table_shim_on_use_helper+0x20>
100024da:	6800      	ldr	r0, [r0, #0]
100024dc:	4a01      	ldr	r2, [pc, #4]	@ (100024e4 <double_table_shim_on_use_helper+0x28>)
100024de:	5050      	str	r0, [r2, r1]
100024e0:	9003      	str	r0, [sp, #12]
100024e2:	bd07      	pop	{r0, r1, r2, pc}
100024e4:	20001330 	.word	0x20001330

100024e8 <drsub_shim>:
100024e8:	b40f      	push	{r0, r1, r2, r3}
100024ea:	bc03      	pop	{r0, r1}
100024ec:	bc0c      	pop	{r2, r3}

100024ee <dsub_shim>:
100024ee:	b5f0      	push	{r4, r5, r6, r7, lr}
100024f0:	2401      	movs	r4, #1
100024f2:	07e4      	lsls	r4, r4, #31
100024f4:	4063      	eors	r3, r4
100024f6:	e000      	b.n	100024fa <da_entry>

100024f8 <dadd_shim>:
100024f8:	b5f0      	push	{r4, r5, r6, r7, lr}

100024fa <da_entry>:
100024fa:	0d0c      	lsrs	r4, r1, #20
100024fc:	0fcf      	lsrs	r7, r1, #31
100024fe:	1e66      	subs	r6, r4, #1
10002500:	0536      	lsls	r6, r6, #20
10002502:	1b89      	subs	r1, r1, r6
10002504:	0564      	lsls	r4, r4, #21
10002506:	d303      	bcc.n	10002510 <l8_1>
10002508:	43c9      	mvns	r1, r1
1000250a:	4240      	negs	r0, r0
1000250c:	d300      	bcc.n	10002510 <l8_1>
1000250e:	3101      	adds	r1, #1

10002510 <l8_1>:
10002510:	0d64      	lsrs	r4, r4, #21
10002512:	d003      	beq.n	1000251c <l8_2>
10002514:	1c66      	adds	r6, r4, #1
10002516:	0af6      	lsrs	r6, r6, #11
10002518:	d007      	beq.n	1000252a <l8_3>
1000251a:	1be4      	subs	r4, r4, r7

1000251c <l8_2>:
1000251c:	2000      	movs	r0, #0
1000251e:	007f      	lsls	r7, r7, #1
10002520:	1c79      	adds	r1, r7, #1
10002522:	0789      	lsls	r1, r1, #30
10002524:	1289      	asrs	r1, r1, #10
10002526:	3c80      	subs	r4, #128	@ 0x80
10002528:	0324      	lsls	r4, r4, #12

1000252a <l8_3>:
1000252a:	0d1d      	lsrs	r5, r3, #20
1000252c:	0fdf      	lsrs	r7, r3, #31
1000252e:	1e6e      	subs	r6, r5, #1
10002530:	0536      	lsls	r6, r6, #20
10002532:	1b9b      	subs	r3, r3, r6
10002534:	056d      	lsls	r5, r5, #21
10002536:	d303      	bcc.n	10002540 <l9_1>
10002538:	43db      	mvns	r3, r3
1000253a:	4252      	negs	r2, r2
1000253c:	d300      	bcc.n	10002540 <l9_1>
1000253e:	3301      	adds	r3, #1

10002540 <l9_1>:
10002540:	0d6d      	lsrs	r5, r5, #21
10002542:	d003      	beq.n	1000254c <l9_2>
10002544:	1c6e      	adds	r6, r5, #1
10002546:	0af6      	lsrs	r6, r6, #11
10002548:	d007      	beq.n	1000255a <l9_3>
1000254a:	1bed      	subs	r5, r5, r7

1000254c <l9_2>:
1000254c:	2200      	movs	r2, #0
1000254e:	007f      	lsls	r7, r7, #1
10002550:	1c7b      	adds	r3, r7, #1
10002552:	079b      	lsls	r3, r3, #30
10002554:	129b      	asrs	r3, r3, #10
10002556:	3d80      	subs	r5, #128	@ 0x80
10002558:	032d      	lsls	r5, r5, #12

1000255a <l9_3>:
1000255a:	1b2f      	subs	r7, r5, r4
1000255c:	1b66      	subs	r6, r4, r5
1000255e:	d458      	bmi.n	10002612 <da_ygtx>
10002560:	46a4      	mov	ip, r4
10002562:	2e20      	cmp	r6, #32
10002564:	da46      	bge.n	100025f4 <da_xrgty>
10002566:	3720      	adds	r7, #32
10002568:	0014      	movs	r4, r2
1000256a:	40bc      	lsls	r4, r7

1000256c <da_xgty0>:
1000256c:	001d      	movs	r5, r3
1000256e:	40bd      	lsls	r5, r7
10002570:	40f2      	lsrs	r2, r6
10002572:	4133      	asrs	r3, r6
10002574:	432a      	orrs	r2, r5

10002576 <da_add>:
10002576:	1880      	adds	r0, r0, r2
10002578:	4159      	adcs	r1, r3

1000257a <da_pack>:
1000257a:	0fcb      	lsrs	r3, r1, #31
1000257c:	d005      	beq.n	1000258a <da_pack+0x10>
1000257e:	43c9      	mvns	r1, r1
10002580:	43c0      	mvns	r0, r0
10002582:	2200      	movs	r2, #0
10002584:	4264      	negs	r4, r4
10002586:	4150      	adcs	r0, r2
10002588:	4151      	adcs	r1, r2
1000258a:	4662      	mov	r2, ip
1000258c:	0d4d      	lsrs	r5, r1, #21
1000258e:	d128      	bne.n	100025e2 <da_0>
10002590:	0d0d      	lsrs	r5, r1, #20
10002592:	d107      	bne.n	100025a4 <da_1>
10002594:	2800      	cmp	r0, #0
10002596:	d01f      	beq.n	100025d8 <da_5>

10002598 <da_2>:
10002598:	1924      	adds	r4, r4, r4
1000259a:	4140      	adcs	r0, r0
1000259c:	4149      	adcs	r1, r1
1000259e:	3a01      	subs	r2, #1
100025a0:	0d0d      	lsrs	r5, r1, #20
100025a2:	d0f9      	beq.n	10002598 <da_2>

100025a4 <da_1>:
100025a4:	0064      	lsls	r4, r4, #1
100025a6:	d306      	bcc.n	100025b6 <da_3>

100025a8 <da_4>:
100025a8:	3001      	adds	r0, #1
100025aa:	d300      	bcc.n	100025ae <da_4+0x6>
100025ac:	3101      	adds	r1, #1
100025ae:	2c00      	cmp	r4, #0
100025b0:	d101      	bne.n	100025b6 <da_3>
100025b2:	0840      	lsrs	r0, r0, #1
100025b4:	0040      	lsls	r0, r0, #1

100025b6 <da_3>:
100025b6:	3a01      	subs	r2, #1
100025b8:	d40b      	bmi.n	100025d2 <da_6>
100025ba:	1c94      	adds	r4, r2, #2
100025bc:	0ae4      	lsrs	r4, r4, #11
100025be:	d104      	bne.n	100025ca <da_7>
100025c0:	0512      	lsls	r2, r2, #20
100025c2:	4411      	add	r1, r2
100025c4:	07db      	lsls	r3, r3, #31
100025c6:	4419      	add	r1, r3
100025c8:	bdf0      	pop	{r4, r5, r6, r7, pc}

100025ca <da_7>:
100025ca:	07d9      	lsls	r1, r3, #31
100025cc:	4b20      	ldr	r3, [pc, #128]	@ (10002650 <da_xmgty+0x4>)
100025ce:	4319      	orrs	r1, r3
100025d0:	e000      	b.n	100025d4 <da_6+0x2>

100025d2 <da_6>:
100025d2:	07d9      	lsls	r1, r3, #31
100025d4:	2000      	movs	r0, #0
100025d6:	bdf0      	pop	{r4, r5, r6, r7, pc}

100025d8 <da_5>:
100025d8:	2900      	cmp	r1, #0
100025da:	d1dd      	bne.n	10002598 <da_2>
100025dc:	2c00      	cmp	r4, #0
100025de:	d1db      	bne.n	10002598 <da_2>
100025e0:	bdf0      	pop	{r4, r5, r6, r7, pc}

100025e2 <da_0>:
100025e2:	3201      	adds	r2, #1
100025e4:	07c6      	lsls	r6, r0, #31
100025e6:	0840      	lsrs	r0, r0, #1
100025e8:	07cd      	lsls	r5, r1, #31
100025ea:	4328      	orrs	r0, r5
100025ec:	0849      	lsrs	r1, r1, #1
100025ee:	2e00      	cmp	r6, #0
100025f0:	d0e1      	beq.n	100025b6 <da_3>
100025f2:	e7d9      	b.n	100025a8 <da_4>

100025f4 <da_xrgty>:
100025f4:	2e3c      	cmp	r6, #60	@ 0x3c
100025f6:	da29      	bge.n	1000264c <da_xmgty>
100025f8:	3e20      	subs	r6, #32
100025fa:	3740      	adds	r7, #64	@ 0x40
100025fc:	0014      	movs	r4, r2
100025fe:	40bc      	lsls	r4, r7
10002600:	d000      	beq.n	10002604 <da_xrgty+0x10>
10002602:	2401      	movs	r4, #1
10002604:	40f2      	lsrs	r2, r6
10002606:	4314      	orrs	r4, r2
10002608:	001a      	movs	r2, r3
1000260a:	40bb      	lsls	r3, r7
1000260c:	431c      	orrs	r4, r3
1000260e:	17d3      	asrs	r3, r2, #31
10002610:	e7ac      	b.n	1000256c <da_xgty0>

10002612 <da_ygtx>:
10002612:	46ac      	mov	ip, r5
10002614:	2f20      	cmp	r7, #32
10002616:	da08      	bge.n	1000262a <da_yrgtx>
10002618:	3620      	adds	r6, #32
1000261a:	0004      	movs	r4, r0
1000261c:	40b4      	lsls	r4, r6

1000261e <da_ygtx0>:
1000261e:	000d      	movs	r5, r1
10002620:	40b5      	lsls	r5, r6
10002622:	40f8      	lsrs	r0, r7
10002624:	4139      	asrs	r1, r7
10002626:	4328      	orrs	r0, r5
10002628:	e7a5      	b.n	10002576 <da_add>

1000262a <da_yrgtx>:
1000262a:	2f3c      	cmp	r7, #60	@ 0x3c
1000262c:	da0c      	bge.n	10002648 <da_ymgtx>
1000262e:	3f20      	subs	r7, #32
10002630:	3640      	adds	r6, #64	@ 0x40
10002632:	0004      	movs	r4, r0
10002634:	40b4      	lsls	r4, r6
10002636:	d000      	beq.n	1000263a <da_yrgtx+0x10>
10002638:	2401      	movs	r4, #1
1000263a:	40f8      	lsrs	r0, r7
1000263c:	4304      	orrs	r4, r0
1000263e:	0008      	movs	r0, r1
10002640:	40b1      	lsls	r1, r6
10002642:	430c      	orrs	r4, r1
10002644:	17c1      	asrs	r1, r0, #31
10002646:	e7ea      	b.n	1000261e <da_ygtx0>

10002648 <da_ymgtx>:
10002648:	0010      	movs	r0, r2
1000264a:	0019      	movs	r1, r3

1000264c <da_xmgty>:
1000264c:	2400      	movs	r4, #0
1000264e:	e794      	b.n	1000257a <da_pack>
10002650:	7ff00000 	.word	0x7ff00000

10002654 <dmul_shim>:
10002654:	b5f0      	push	{r4, r5, r6, r7, lr}
10002656:	0d0c      	lsrs	r4, r1, #20
10002658:	1e66      	subs	r6, r4, #1
1000265a:	0536      	lsls	r6, r6, #20
1000265c:	1b89      	subs	r1, r1, r6
1000265e:	0ae6      	lsrs	r6, r4, #11
10002660:	0564      	lsls	r4, r4, #21
10002662:	0d64      	lsrs	r4, r4, #21
10002664:	d002      	beq.n	1000266c <l12_1>
10002666:	1c65      	adds	r5, r4, #1
10002668:	0aed      	lsrs	r5, r5, #11
1000266a:	d004      	beq.n	10002676 <l12_2>

1000266c <l12_1>:
1000266c:	2000      	movs	r0, #0
1000266e:	2101      	movs	r1, #1
10002670:	0509      	lsls	r1, r1, #20
10002672:	3c80      	subs	r4, #128	@ 0x80
10002674:	0324      	lsls	r4, r4, #12

10002676 <l12_2>:
10002676:	46a4      	mov	ip, r4
10002678:	0d1c      	lsrs	r4, r3, #20
1000267a:	1e67      	subs	r7, r4, #1
1000267c:	053f      	lsls	r7, r7, #20
1000267e:	1bdb      	subs	r3, r3, r7
10002680:	0ae7      	lsrs	r7, r4, #11
10002682:	0564      	lsls	r4, r4, #21
10002684:	0d64      	lsrs	r4, r4, #21
10002686:	d002      	beq.n	1000268e <l13_1>
10002688:	1c65      	adds	r5, r4, #1
1000268a:	0aed      	lsrs	r5, r5, #11
1000268c:	d004      	beq.n	10002698 <l13_2>

1000268e <l13_1>:
1000268e:	2200      	movs	r2, #0
10002690:	2301      	movs	r3, #1
10002692:	051b      	lsls	r3, r3, #20
10002694:	3c80      	subs	r4, #128	@ 0x80
10002696:	0324      	lsls	r4, r4, #12

10002698 <l13_2>:
10002698:	4077      	eors	r7, r6
1000269a:	4464      	add	r4, ip
1000269c:	b497      	push	{r0, r1, r2, r4, r7}
1000269e:	b284      	uxth	r4, r0
100026a0:	b296      	uxth	r6, r2
100026a2:	4374      	muls	r4, r6
100026a4:	0c07      	lsrs	r7, r0, #16
100026a6:	437e      	muls	r6, r7
100026a8:	0c15      	lsrs	r5, r2, #16
100026aa:	436f      	muls	r7, r5
100026ac:	b280      	uxth	r0, r0
100026ae:	4368      	muls	r0, r5
100026b0:	1836      	adds	r6, r6, r0
100026b2:	d302      	bcc.n	100026ba <l14_1>
100026b4:	2001      	movs	r0, #1
100026b6:	0400      	lsls	r0, r0, #16
100026b8:	183f      	adds	r7, r7, r0

100026ba <l14_1>:
100026ba:	0430      	lsls	r0, r6, #16
100026bc:	0c35      	lsrs	r5, r6, #16
100026be:	1900      	adds	r0, r0, r4
100026c0:	417d      	adcs	r5, r7
100026c2:	4684      	mov	ip, r0
100026c4:	b288      	uxth	r0, r1
100026c6:	b29a      	uxth	r2, r3
100026c8:	4350      	muls	r0, r2
100026ca:	0c0c      	lsrs	r4, r1, #16
100026cc:	4362      	muls	r2, r4
100026ce:	0c1f      	lsrs	r7, r3, #16
100026d0:	437c      	muls	r4, r7
100026d2:	b28e      	uxth	r6, r1
100026d4:	437e      	muls	r6, r7
100026d6:	1992      	adds	r2, r2, r6
100026d8:	d302      	bcc.n	100026e0 <l15_1>
100026da:	2601      	movs	r6, #1
100026dc:	0436      	lsls	r6, r6, #16
100026de:	19a4      	adds	r4, r4, r6

100026e0 <l15_1>:
100026e0:	0416      	lsls	r6, r2, #16
100026e2:	0c17      	lsrs	r7, r2, #16
100026e4:	1836      	adds	r6, r6, r0
100026e6:	4167      	adcs	r7, r4
100026e8:	bc01      	pop	{r0}
100026ea:	b281      	uxth	r1, r0
100026ec:	b29a      	uxth	r2, r3
100026ee:	4351      	muls	r1, r2
100026f0:	0c04      	lsrs	r4, r0, #16
100026f2:	4362      	muls	r2, r4
100026f4:	0c1b      	lsrs	r3, r3, #16
100026f6:	435c      	muls	r4, r3
100026f8:	b280      	uxth	r0, r0
100026fa:	4358      	muls	r0, r3
100026fc:	1812      	adds	r2, r2, r0
100026fe:	d302      	bcc.n	10002706 <l16_1>
10002700:	2001      	movs	r0, #1
10002702:	0400      	lsls	r0, r0, #16
10002704:	1824      	adds	r4, r4, r0

10002706 <l16_1>:
10002706:	0410      	lsls	r0, r2, #16
10002708:	0c13      	lsrs	r3, r2, #16
1000270a:	1840      	adds	r0, r0, r1
1000270c:	4163      	adcs	r3, r4
1000270e:	182d      	adds	r5, r5, r0
10002710:	415e      	adcs	r6, r3
10002712:	2000      	movs	r0, #0
10002714:	4147      	adcs	r7, r0
10002716:	bc06      	pop	{r1, r2}
10002718:	b288      	uxth	r0, r1
1000271a:	b293      	uxth	r3, r2
1000271c:	4358      	muls	r0, r3
1000271e:	0c0c      	lsrs	r4, r1, #16
10002720:	4363      	muls	r3, r4
10002722:	0c12      	lsrs	r2, r2, #16
10002724:	4354      	muls	r4, r2
10002726:	b289      	uxth	r1, r1
10002728:	4351      	muls	r1, r2
1000272a:	185b      	adds	r3, r3, r1
1000272c:	d302      	bcc.n	10002734 <l17_1>
1000272e:	2101      	movs	r1, #1
10002730:	0409      	lsls	r1, r1, #16
10002732:	1864      	adds	r4, r4, r1

10002734 <l17_1>:
10002734:	0419      	lsls	r1, r3, #16
10002736:	0c1a      	lsrs	r2, r3, #16
10002738:	1809      	adds	r1, r1, r0
1000273a:	4162      	adcs	r2, r4
1000273c:	186d      	adds	r5, r5, r1
1000273e:	4156      	adcs	r6, r2
10002740:	2000      	movs	r0, #0
10002742:	4147      	adcs	r7, r0
10002744:	bc18      	pop	{r3, r4}
10002746:	02f9      	lsls	r1, r7, #11
10002748:	0d72      	lsrs	r2, r6, #21
1000274a:	4311      	orrs	r1, r2
1000274c:	02f0      	lsls	r0, r6, #11
1000274e:	0d6a      	lsrs	r2, r5, #21
10002750:	4310      	orrs	r0, r2
10002752:	02ed      	lsls	r5, r5, #11
10002754:	0d0a      	lsrs	r2, r1, #20
10002756:	d103      	bne.n	10002760 <l17_1+0x2c>
10002758:	196d      	adds	r5, r5, r5
1000275a:	4140      	adcs	r0, r0
1000275c:	4149      	adcs	r1, r1
1000275e:	3b01      	subs	r3, #1
10002760:	4e12      	ldr	r6, [pc, #72]	@ (100027ac <dm_1+0xa>)
10002762:	1b9b      	subs	r3, r3, r6
10002764:	0076      	lsls	r6, r6, #1
10002766:	42b3      	cmp	r3, r6
10002768:	d20e      	bcs.n	10002788 <dm_0>
1000276a:	006d      	lsls	r5, r5, #1
1000276c:	d307      	bcc.n	1000277e <l17_1+0x4a>
1000276e:	3001      	adds	r0, #1
10002770:	2600      	movs	r6, #0
10002772:	4171      	adcs	r1, r6
10002774:	4666      	mov	r6, ip
10002776:	4335      	orrs	r5, r6
10002778:	d101      	bne.n	1000277e <l17_1+0x4a>
1000277a:	0840      	lsrs	r0, r0, #1
1000277c:	0040      	lsls	r0, r0, #1
1000277e:	051b      	lsls	r3, r3, #20
10002780:	18c9      	adds	r1, r1, r3

10002782 <dm_2>:
10002782:	07e4      	lsls	r4, r4, #31
10002784:	4421      	add	r1, r4
10002786:	bdf0      	pop	{r4, r5, r6, r7, pc}

10002788 <dm_0>:
10002788:	da0b      	bge.n	100027a2 <dm_1>
1000278a:	3301      	adds	r3, #1
1000278c:	d106      	bne.n	1000279c <dm_0+0x14>
1000278e:	3001      	adds	r0, #1
10002790:	d104      	bne.n	1000279c <dm_0+0x14>
10002792:	3101      	adds	r1, #1
10002794:	0d4f      	lsrs	r7, r1, #21
10002796:	d001      	beq.n	1000279c <dm_0+0x14>
10002798:	0849      	lsrs	r1, r1, #1
1000279a:	e7f2      	b.n	10002782 <dm_2>
1000279c:	07e1      	lsls	r1, r4, #31
1000279e:	2000      	movs	r0, #0
100027a0:	bdf0      	pop	{r4, r5, r6, r7, pc}

100027a2 <dm_1>:
100027a2:	3601      	adds	r6, #1
100027a4:	0531      	lsls	r1, r6, #20
100027a6:	2000      	movs	r0, #0
100027a8:	e7eb      	b.n	10002782 <dm_2>
100027aa:	0000      	.short	0x0000
100027ac:	000003ff 	.word	0x000003ff

100027b0 <ddiv_shim>:
100027b0:	b5f0      	push	{r4, r5, r6, r7, lr}

100027b2 <ddiv0>:
100027b2:	0d1c      	lsrs	r4, r3, #20
100027b4:	1e67      	subs	r7, r4, #1
100027b6:	053f      	lsls	r7, r7, #20
100027b8:	1bdb      	subs	r3, r3, r7
100027ba:	0ae7      	lsrs	r7, r4, #11
100027bc:	0564      	lsls	r4, r4, #21
100027be:	0d64      	lsrs	r4, r4, #21
100027c0:	d002      	beq.n	100027c8 <l20_1>
100027c2:	1c66      	adds	r6, r4, #1
100027c4:	0af6      	lsrs	r6, r6, #11
100027c6:	d004      	beq.n	100027d2 <l20_2>

100027c8 <l20_1>:
100027c8:	2200      	movs	r2, #0
100027ca:	2301      	movs	r3, #1
100027cc:	051b      	lsls	r3, r3, #20
100027ce:	3c80      	subs	r4, #128	@ 0x80
100027d0:	0324      	lsls	r4, r4, #12

100027d2 <l20_2>:
100027d2:	25d0      	movs	r5, #208	@ 0xd0
100027d4:	062d      	lsls	r5, r5, #24
100027d6:	2600      	movs	r6, #0
100027d8:	43f6      	mvns	r6, r6
100027da:	662e      	str	r6, [r5, #96]	@ 0x60
100027dc:	091e      	lsrs	r6, r3, #4
100027de:	666e      	str	r6, [r5, #100]	@ 0x64
100027e0:	0fce      	lsrs	r6, r1, #31
100027e2:	19f6      	adds	r6, r6, r7
100027e4:	46b4      	mov	ip, r6
100027e6:	0049      	lsls	r1, r1, #1
100027e8:	0d4f      	lsrs	r7, r1, #21
100027ea:	d002      	beq.n	100027f2 <l20_2+0x20>
100027ec:	1c7e      	adds	r6, r7, #1
100027ee:	0af6      	lsrs	r6, r6, #11
100027f0:	d003      	beq.n	100027fa <l20_2+0x28>
100027f2:	2000      	movs	r0, #0
100027f4:	2100      	movs	r1, #0
100027f6:	3f40      	subs	r7, #64	@ 0x40
100027f8:	033f      	lsls	r7, r7, #12
100027fa:	1b3e      	subs	r6, r7, r4
100027fc:	00b6      	lsls	r6, r6, #2
100027fe:	44b4      	add	ip, r6
10002800:	3f01      	subs	r7, #1
10002802:	057f      	lsls	r7, r7, #21
10002804:	1bc9      	subs	r1, r1, r7
10002806:	0849      	lsrs	r1, r1, #1
10002808:	6f2e      	ldr	r6, [r5, #112]	@ 0x70
1000280a:	3601      	adds	r6, #1
1000280c:	0876      	lsrs	r6, r6, #1
1000280e:	029c      	lsls	r4, r3, #10
10002810:	0d95      	lsrs	r5, r2, #22
10002812:	4325      	orrs	r5, r4
10002814:	4375      	muls	r5, r6
10002816:	13ed      	asrs	r5, r5, #15
10002818:	4375      	muls	r5, r6
1000281a:	13ad      	asrs	r5, r5, #14
1000281c:	3501      	adds	r5, #1
1000281e:	106d      	asrs	r5, r5, #1
10002820:	03f6      	lsls	r6, r6, #15
10002822:	1b76      	subs	r6, r6, r5
10002824:	b40c      	push	{r2, r3}
10002826:	02cc      	lsls	r4, r1, #11
10002828:	0d45      	lsrs	r5, r0, #21
1000282a:	432c      	orrs	r4, r5
1000282c:	b2a2      	uxth	r2, r4
1000282e:	b2b3      	uxth	r3, r6
10002830:	435a      	muls	r2, r3
10002832:	0c27      	lsrs	r7, r4, #16
10002834:	437b      	muls	r3, r7
10002836:	0c35      	lsrs	r5, r6, #16
10002838:	436f      	muls	r7, r5
1000283a:	b2a4      	uxth	r4, r4
1000283c:	436c      	muls	r4, r5
1000283e:	191b      	adds	r3, r3, r4
10002840:	d302      	bcc.n	10002848 <l21_1>
10002842:	2401      	movs	r4, #1
10002844:	0424      	lsls	r4, r4, #16
10002846:	193f      	adds	r7, r7, r4

10002848 <l21_1>:
10002848:	041c      	lsls	r4, r3, #16
1000284a:	0c1d      	lsrs	r5, r3, #16
1000284c:	18a4      	adds	r4, r4, r2
1000284e:	417d      	adcs	r5, r7
10002850:	1924      	adds	r4, r4, r4
10002852:	416d      	adcs	r5, r5
10002854:	9a00      	ldr	r2, [sp, #0]
10002856:	b291      	uxth	r1, r2
10002858:	b2ac      	uxth	r4, r5
1000285a:	4361      	muls	r1, r4
1000285c:	0c17      	lsrs	r7, r2, #16
1000285e:	437c      	muls	r4, r7
10002860:	0c2b      	lsrs	r3, r5, #16
10002862:	435f      	muls	r7, r3
10002864:	b292      	uxth	r2, r2
10002866:	435a      	muls	r2, r3
10002868:	18a4      	adds	r4, r4, r2
1000286a:	d302      	bcc.n	10002872 <l22_1>
1000286c:	2201      	movs	r2, #1
1000286e:	0412      	lsls	r2, r2, #16
10002870:	18bf      	adds	r7, r7, r2

10002872 <l22_1>:
10002872:	0422      	lsls	r2, r4, #16
10002874:	0c23      	lsrs	r3, r4, #16
10002876:	1852      	adds	r2, r2, r1
10002878:	417b      	adcs	r3, r7
1000287a:	9c01      	ldr	r4, [sp, #4]
1000287c:	436c      	muls	r4, r5
1000287e:	191b      	adds	r3, r3, r4
10002880:	0e52      	lsrs	r2, r2, #25
10002882:	01d9      	lsls	r1, r3, #7
10002884:	430a      	orrs	r2, r1
10002886:	0144      	lsls	r4, r0, #5
10002888:	1aa0      	subs	r0, r4, r2
1000288a:	b281      	uxth	r1, r0
1000288c:	b2b2      	uxth	r2, r6
1000288e:	4351      	muls	r1, r2
10002890:	1403      	asrs	r3, r0, #16
10002892:	435a      	muls	r2, r3
10002894:	0c36      	lsrs	r6, r6, #16
10002896:	4373      	muls	r3, r6
10002898:	b287      	uxth	r7, r0
1000289a:	4377      	muls	r7, r6
1000289c:	17d6      	asrs	r6, r2, #31
1000289e:	19d2      	adds	r2, r2, r7
100028a0:	2700      	movs	r7, #0
100028a2:	417e      	adcs	r6, r7
100028a4:	0436      	lsls	r6, r6, #16
100028a6:	199b      	adds	r3, r3, r6
100028a8:	0417      	lsls	r7, r2, #16
100028aa:	0c16      	lsrs	r6, r2, #16
100028ac:	187f      	adds	r7, r7, r1
100028ae:	415e      	adcs	r6, r3
100028b0:	1673      	asrs	r3, r6, #25
100028b2:	18ed      	adds	r5, r5, r3
100028b4:	01f3      	lsls	r3, r6, #7
100028b6:	2600      	movs	r6, #0
100028b8:	3380      	adds	r3, #128	@ 0x80
100028ba:	4175      	adcs	r5, r6
100028bc:	0fa9      	lsrs	r1, r5, #30
100028be:	d106      	bne.n	100028ce <dd_0>
100028c0:	0064      	lsls	r4, r4, #1
100028c2:	0a69      	lsrs	r1, r5, #9
100028c4:	05e8      	lsls	r0, r5, #23
100028c6:	0a5b      	lsrs	r3, r3, #9
100028c8:	4318      	orrs	r0, r3
100028ca:	d209      	bcs.n	100028e0 <dd_1>
100028cc:	e02f      	b.n	1000292e <dd_2>

100028ce <dd_0>:
100028ce:	2204      	movs	r2, #4
100028d0:	4494      	add	ip, r2
100028d2:	3380      	adds	r3, #128	@ 0x80
100028d4:	4175      	adcs	r5, r6
100028d6:	0aa9      	lsrs	r1, r5, #10
100028d8:	05a8      	lsls	r0, r5, #22
100028da:	0a9b      	lsrs	r3, r3, #10
100028dc:	4318      	orrs	r0, r3
100028de:	d326      	bcc.n	1000292e <dd_2>

100028e0 <dd_1>:
100028e0:	4140      	adcs	r0, r0
100028e2:	4149      	adcs	r1, r1
100028e4:	0424      	lsls	r4, r4, #16
100028e6:	9a00      	ldr	r2, [sp, #0]
100028e8:	9b01      	ldr	r3, [sp, #4]
100028ea:	000d      	movs	r5, r1
100028ec:	4355      	muls	r5, r2
100028ee:	1b64      	subs	r4, r4, r5
100028f0:	4343      	muls	r3, r0
100028f2:	1ae4      	subs	r4, r4, r3
100028f4:	b295      	uxth	r5, r2
100028f6:	b286      	uxth	r6, r0
100028f8:	4375      	muls	r5, r6
100028fa:	0c17      	lsrs	r7, r2, #16
100028fc:	437e      	muls	r6, r7
100028fe:	0c03      	lsrs	r3, r0, #16
10002900:	435f      	muls	r7, r3
10002902:	b292      	uxth	r2, r2
10002904:	435a      	muls	r2, r3
10002906:	18b6      	adds	r6, r6, r2
10002908:	d302      	bcc.n	10002910 <l24_1>
1000290a:	2201      	movs	r2, #1
1000290c:	0412      	lsls	r2, r2, #16
1000290e:	18bf      	adds	r7, r7, r2

10002910 <l24_1>:
10002910:	0432      	lsls	r2, r6, #16
10002912:	0c33      	lsrs	r3, r6, #16
10002914:	1952      	adds	r2, r2, r5
10002916:	417b      	adcs	r3, r7
10002918:	4252      	negs	r2, r2
1000291a:	419c      	sbcs	r4, r3
1000291c:	2c00      	cmp	r4, #0
1000291e:	d402      	bmi.n	10002926 <l24_1+0x16>
10002920:	2200      	movs	r2, #0
10002922:	3001      	adds	r0, #1
10002924:	4151      	adcs	r1, r2
10002926:	0840      	lsrs	r0, r0, #1
10002928:	07ca      	lsls	r2, r1, #31
1000292a:	4310      	orrs	r0, r2
1000292c:	0849      	lsrs	r1, r1, #1

1000292e <dd_2>:
1000292e:	b002      	add	sp, #8
10002930:	4662      	mov	r2, ip
10002932:	07d7      	lsls	r7, r2, #31
10002934:	1092      	asrs	r2, r2, #2
10002936:	4b08      	ldr	r3, [pc, #32]	@ (10002958 <dd_4+0x6>)
10002938:	18d2      	adds	r2, r2, r3
1000293a:	4b08      	ldr	r3, [pc, #32]	@ (1000295c <dd_4+0xa>)
1000293c:	429a      	cmp	r2, r3
1000293e:	d203      	bcs.n	10002948 <dd_3>
10002940:	0512      	lsls	r2, r2, #20
10002942:	1889      	adds	r1, r1, r2

10002944 <dd_5>:
10002944:	19c9      	adds	r1, r1, r7
10002946:	bdf0      	pop	{r4, r5, r6, r7, pc}

10002948 <dd_3>:
10002948:	2000      	movs	r0, #0
1000294a:	2a00      	cmp	r2, #0
1000294c:	dc01      	bgt.n	10002952 <dd_4>
1000294e:	0039      	movs	r1, r7
10002950:	bdf0      	pop	{r4, r5, r6, r7, pc}

10002952 <dd_4>:
10002952:	3301      	adds	r3, #1
10002954:	0519      	lsls	r1, r3, #20
10002956:	e7f5      	b.n	10002944 <dd_5>
10002958:	000003fd 	.word	0x000003fd
1000295c:	000007fe 	.word	0x000007fe

10002960 <double2uint_shim>:
10002960:	2200      	movs	r2, #0

10002962 <double2ufix_shim>:
10002962:	b500      	push	{lr}
10002964:	3220      	adds	r2, #32
10002966:	f000 f804 	bl	10002972 <double2ufix64_shim>
1000296a:	0008      	movs	r0, r1
1000296c:	bd00      	pop	{pc}
	...

10002970 <double2uint64_shim>:
10002970:	2200      	movs	r2, #0

10002972 <double2ufix64_shim>:
10002972:	150b      	asrs	r3, r1, #20
10002974:	d40a      	bmi.n	1000298c <ret_dzero>

10002976 <d2fix>:
10002976:	b510      	push	{r4, lr}
10002978:	4694      	mov	ip, r2
1000297a:	f000 f85f 	bl	10002a3c <dunpacks>
1000297e:	1414      	asrs	r4, r2, #16
10002980:	3401      	adds	r4, #1
10002982:	da00      	bge.n	10002986 <d2fix+0x10>
10002984:	2100      	movs	r1, #0
10002986:	17cb      	asrs	r3, r1, #31
10002988:	4c14      	ldr	r4, [pc, #80]	@ (100029dc <d2fix_a+0x4a>)
1000298a:	4720      	bx	r4

1000298c <ret_dzero>:
1000298c:	2000      	movs	r0, #0
1000298e:	2100      	movs	r1, #0
10002990:	4770      	bx	lr

10002992 <d2fix_a>:
10002992:	4462      	add	r2, ip
10002994:	3a34      	subs	r2, #52	@ 0x34
10002996:	d40c      	bmi.n	100029b2 <d2fix_a+0x20>
10002998:	2a0c      	cmp	r2, #12
1000299a:	da07      	bge.n	100029ac <d2fix_a+0x1a>
1000299c:	0004      	movs	r4, r0
1000299e:	4091      	lsls	r1, r2
100029a0:	4090      	lsls	r0, r2
100029a2:	4252      	negs	r2, r2
100029a4:	3220      	adds	r2, #32
100029a6:	40d4      	lsrs	r4, r2
100029a8:	4321      	orrs	r1, r4
100029aa:	bd10      	pop	{r4, pc}
100029ac:	43d8      	mvns	r0, r3
100029ae:	43d9      	mvns	r1, r3
100029b0:	bd10      	pop	{r4, pc}
100029b2:	3220      	adds	r2, #32
100029b4:	d407      	bmi.n	100029c6 <d2fix_a+0x34>
100029b6:	460c      	mov	r4, r1
100029b8:	4094      	lsls	r4, r2
100029ba:	4252      	negs	r2, r2
100029bc:	3220      	adds	r2, #32
100029be:	4111      	asrs	r1, r2
100029c0:	40d0      	lsrs	r0, r2
100029c2:	4320      	orrs	r0, r4
100029c4:	bd10      	pop	{r4, pc}
100029c6:	0008      	movs	r0, r1
100029c8:	17c9      	asrs	r1, r1, #31
100029ca:	3220      	adds	r2, #32
100029cc:	d403      	bmi.n	100029d6 <d2fix_a+0x44>
100029ce:	4252      	negs	r2, r2
100029d0:	3220      	adds	r2, #32
100029d2:	4110      	asrs	r0, r2
100029d4:	bd10      	pop	{r4, pc}
100029d6:	0018      	movs	r0, r3
100029d8:	0019      	movs	r1, r3
100029da:	bd10      	pop	{r4, pc}
100029dc:	10002993 	.word	0x10002993

100029e0 <double2float_shim>:
100029e0:	004a      	lsls	r2, r1, #1
100029e2:	0d52      	lsrs	r2, r2, #21
100029e4:	4b14      	ldr	r3, [pc, #80]	@ (10002a38 <double2float_shim+0x58>)
100029e6:	1ad2      	subs	r2, r2, r3
100029e8:	dd13      	ble.n	10002a12 <double2float_shim+0x32>
100029ea:	2aff      	cmp	r2, #255	@ 0xff
100029ec:	da1e      	bge.n	10002a2c <double2float_shim+0x4c>
100029ee:	05d2      	lsls	r2, r2, #23
100029f0:	0fcb      	lsrs	r3, r1, #31
100029f2:	07db      	lsls	r3, r3, #31
100029f4:	431a      	orrs	r2, r3
100029f6:	00c3      	lsls	r3, r0, #3
100029f8:	0f40      	lsrs	r0, r0, #29
100029fa:	0309      	lsls	r1, r1, #12
100029fc:	0a49      	lsrs	r1, r1, #9
100029fe:	4308      	orrs	r0, r1
10002a00:	4310      	orrs	r0, r2
10002a02:	005b      	lsls	r3, r3, #1
10002a04:	d301      	bcc.n	10002a0a <double2float_shim+0x2a>
10002a06:	d001      	beq.n	10002a0c <double2float_shim+0x2c>
10002a08:	3001      	adds	r0, #1
10002a0a:	4770      	bx	lr
10002a0c:	0843      	lsrs	r3, r0, #1
10002a0e:	d2fb      	bcs.n	10002a08 <double2float_shim+0x28>
10002a10:	4770      	bx	lr
10002a12:	d002      	beq.n	10002a1a <double2float_shim+0x3a>
10002a14:	0fc8      	lsrs	r0, r1, #31
10002a16:	07c0      	lsls	r0, r0, #31
10002a18:	4770      	bx	lr
10002a1a:	030a      	lsls	r2, r1, #12
10002a1c:	1312      	asrs	r2, r2, #12
10002a1e:	3201      	adds	r2, #1
10002a20:	d1f8      	bne.n	10002a14 <double2float_shim+0x34>
10002a22:	0f42      	lsrs	r2, r0, #29
10002a24:	2a07      	cmp	r2, #7
10002a26:	d1f5      	bne.n	10002a14 <double2float_shim+0x34>
10002a28:	2201      	movs	r2, #1
10002a2a:	e000      	b.n	10002a2e <double2float_shim+0x4e>
10002a2c:	22ff      	movs	r2, #255	@ 0xff
10002a2e:	0fc8      	lsrs	r0, r1, #31
10002a30:	0200      	lsls	r0, r0, #8
10002a32:	1880      	adds	r0, r0, r2
10002a34:	05c0      	lsls	r0, r0, #23
10002a36:	4770      	bx	lr
10002a38:	00000380 	.word	0x00000380

10002a3c <dunpacks>:
10002a3c:	0d0a      	lsrs	r2, r1, #20
10002a3e:	0fcc      	lsrs	r4, r1, #31
10002a40:	1e53      	subs	r3, r2, #1
10002a42:	051b      	lsls	r3, r3, #20
10002a44:	1ac9      	subs	r1, r1, r3
10002a46:	0552      	lsls	r2, r2, #21
10002a48:	d303      	bcc.n	10002a52 <l60_1>
10002a4a:	43c9      	mvns	r1, r1
10002a4c:	4240      	negs	r0, r0
10002a4e:	d300      	bcc.n	10002a52 <l60_1>
10002a50:	3101      	adds	r1, #1

10002a52 <l60_1>:
10002a52:	0d52      	lsrs	r2, r2, #21
10002a54:	d003      	beq.n	10002a5e <l60_2>
10002a56:	1c53      	adds	r3, r2, #1
10002a58:	0adb      	lsrs	r3, r3, #11
10002a5a:	d007      	beq.n	10002a6c <l60_3>
10002a5c:	1b12      	subs	r2, r2, r4

10002a5e <l60_2>:
10002a5e:	2000      	movs	r0, #0
10002a60:	0064      	lsls	r4, r4, #1
10002a62:	1c61      	adds	r1, r4, #1
10002a64:	0789      	lsls	r1, r1, #30
10002a66:	1289      	asrs	r1, r1, #10
10002a68:	3a80      	subs	r2, #128	@ 0x80
10002a6a:	0312      	lsls	r2, r2, #12

10002a6c <l60_3>:
10002a6c:	4b01      	ldr	r3, [pc, #4]	@ (10002a74 <l60_3+0x8>)
10002a6e:	1ad2      	subs	r2, r2, r3
10002a70:	4770      	bx	lr
10002a72:	0000      	.short	0x0000
10002a74:	000003ff 	.word	0x000003ff

10002a78 <__wrap___aeabi_lmul>:
10002a78:	4351      	muls	r1, r2
10002a7a:	4343      	muls	r3, r0
10002a7c:	18c9      	adds	r1, r1, r3
10002a7e:	468c      	mov	ip, r1
10002a80:	0c11      	lsrs	r1, r2, #16
10002a82:	b283      	uxth	r3, r0
10002a84:	434b      	muls	r3, r1
10002a86:	b410      	push	{r4}
10002a88:	0c04      	lsrs	r4, r0, #16
10002a8a:	4361      	muls	r1, r4
10002a8c:	b292      	uxth	r2, r2
10002a8e:	b280      	uxth	r0, r0
10002a90:	4350      	muls	r0, r2
10002a92:	4362      	muls	r2, r4
10002a94:	041c      	lsls	r4, r3, #16
10002a96:	0c1b      	lsrs	r3, r3, #16
10002a98:	1900      	adds	r0, r0, r4
10002a9a:	bc10      	pop	{r4}
10002a9c:	4159      	adcs	r1, r3
10002a9e:	0413      	lsls	r3, r2, #16
10002aa0:	0c12      	lsrs	r2, r2, #16
10002aa2:	18c0      	adds	r0, r0, r3
10002aa4:	4151      	adcs	r1, r2
10002aa6:	4461      	add	r1, ip
10002aa8:	4770      	bx	lr
	...

10002aac <__wrap___aeabi_frsub>:
10002aac:	4048      	eors	r0, r1
10002aae:	4041      	eors	r1, r0
10002ab0:	4048      	eors	r0, r1

10002ab2 <__wrap___aeabi_fsub>:
10002ab2:	4b0e      	ldr	r3, [pc, #56]	@ (10002aec <__wrap___aeabi_fmul+0x6>)
10002ab4:	685b      	ldr	r3, [r3, #4]
10002ab6:	4718      	bx	r3

10002ab8 <__wrap___aeabi_fadd>:
10002ab8:	4b0c      	ldr	r3, [pc, #48]	@ (10002aec <__wrap___aeabi_fmul+0x6>)
10002aba:	681b      	ldr	r3, [r3, #0]
10002abc:	4718      	bx	r3

10002abe <__wrap___aeabi_fdiv>:
10002abe:	4a0c      	ldr	r2, [pc, #48]	@ (10002af0 <__wrap___aeabi_fmul+0xa>)
10002ac0:	6f93      	ldr	r3, [r2, #120]	@ 0x78
10002ac2:	089b      	lsrs	r3, r3, #2
10002ac4:	d202      	bcs.n	10002acc <fdiv_save_state>

10002ac6 <fdiv_shim_call>:
10002ac6:	4b09      	ldr	r3, [pc, #36]	@ (10002aec <__wrap___aeabi_fmul+0x6>)
10002ac8:	68db      	ldr	r3, [r3, #12]
10002aca:	4718      	bx	r3

10002acc <fdiv_save_state>:
10002acc:	b5f0      	push	{r4, r5, r6, r7, lr}
10002ace:	6e14      	ldr	r4, [r2, #96]	@ 0x60
10002ad0:	6e55      	ldr	r5, [r2, #100]	@ 0x64
10002ad2:	6f57      	ldr	r7, [r2, #116]	@ 0x74
10002ad4:	6f16      	ldr	r6, [r2, #112]	@ 0x70
10002ad6:	f7ff fff6 	bl	10002ac6 <fdiv_shim_call>
10002ada:	4a05      	ldr	r2, [pc, #20]	@ (10002af0 <__wrap___aeabi_fmul+0xa>)
10002adc:	6614      	str	r4, [r2, #96]	@ 0x60
10002ade:	6655      	str	r5, [r2, #100]	@ 0x64
10002ae0:	6757      	str	r7, [r2, #116]	@ 0x74
10002ae2:	6716      	str	r6, [r2, #112]	@ 0x70
10002ae4:	bdf0      	pop	{r4, r5, r6, r7, pc}

10002ae6 <__wrap___aeabi_fmul>:
10002ae6:	4b01      	ldr	r3, [pc, #4]	@ (10002aec <__wrap___aeabi_fmul+0x6>)
10002ae8:	689b      	ldr	r3, [r3, #8]
10002aea:	4718      	bx	r3
10002aec:	20001430 	.word	0x20001430
10002af0:	d0000000 	.word	0xd0000000

10002af4 <__wrap___aeabi_f2d>:
10002af4:	4b03      	ldr	r3, [pc, #12]	@ (10002b04 <__wrap___aeabi_f2d+0x10>)
10002af6:	6fdb      	ldr	r3, [r3, #124]	@ 0x7c
10002af8:	46fc      	mov	ip, pc
10002afa:	4718      	bx	r3
10002afc:	2b9ddf7c 	.word	0x2b9ddf7c
10002b00:	00001000 	.word	0x00001000
10002b04:	20001430 	.word	0x20001430

10002b08 <__aeabi_float_init>:
10002b08:	2313      	movs	r3, #19
10002b0a:	b510      	push	{r4, lr}
10002b0c:	781c      	ldrb	r4, [r3, #0]
10002b0e:	4813      	ldr	r0, [pc, #76]	@ (10002b5c <__aeabi_float_init+0x54>)
10002b10:	f7fe ffae 	bl	10001a70 <rom_data_lookup>
10002b14:	2c01      	cmp	r4, #1
10002b16:	d00b      	beq.n	10002b30 <__aeabi_float_init+0x28>
10002b18:	dd04      	ble.n	10002b24 <__aeabi_float_init+0x1c>
10002b1a:	0001      	movs	r1, r0
10002b1c:	2280      	movs	r2, #128	@ 0x80
10002b1e:	4810      	ldr	r0, [pc, #64]	@ (10002b60 <__aeabi_float_init+0x58>)
10002b20:	f000 f862 	bl	10002be8 <__wrap___aeabi_memcpy>
10002b24:	480f      	ldr	r0, [pc, #60]	@ (10002b64 <__aeabi_float_init+0x5c>)
10002b26:	f7fe ff9b 	bl	10001a60 <rom_func_lookup>
10002b2a:	4b0f      	ldr	r3, [pc, #60]	@ (10002b68 <__aeabi_float_init+0x60>)
10002b2c:	6018      	str	r0, [r3, #0]
10002b2e:	bd10      	pop	{r4, pc}
10002b30:	4c0b      	ldr	r4, [pc, #44]	@ (10002b60 <__aeabi_float_init+0x58>)
10002b32:	0001      	movs	r1, r0
10002b34:	2254      	movs	r2, #84	@ 0x54
10002b36:	0020      	movs	r0, r4
10002b38:	f000 f856 	bl	10002be8 <__wrap___aeabi_memcpy>
10002b3c:	4b0b      	ldr	r3, [pc, #44]	@ (10002b6c <__aeabi_float_init+0x64>)
10002b3e:	6563      	str	r3, [r4, #84]	@ 0x54
10002b40:	65a3      	str	r3, [r4, #88]	@ 0x58
10002b42:	65e3      	str	r3, [r4, #92]	@ 0x5c
10002b44:	6623      	str	r3, [r4, #96]	@ 0x60
10002b46:	6663      	str	r3, [r4, #100]	@ 0x64
10002b48:	66a3      	str	r3, [r4, #104]	@ 0x68
10002b4a:	66e3      	str	r3, [r4, #108]	@ 0x6c
10002b4c:	6723      	str	r3, [r4, #112]	@ 0x70
10002b4e:	6763      	str	r3, [r4, #116]	@ 0x74
10002b50:	67a3      	str	r3, [r4, #120]	@ 0x78
10002b52:	67e3      	str	r3, [r4, #124]	@ 0x7c
10002b54:	6223      	str	r3, [r4, #32]
10002b56:	61e3      	str	r3, [r4, #28]
10002b58:	e7e4      	b.n	10002b24 <__aeabi_float_init+0x1c>
10002b5a:	46c0      	nop			@ (mov r8, r8)
10002b5c:	00004653 	.word	0x00004653
10002b60:	20001430 	.word	0x20001430
10002b64:	0000334c 	.word	0x0000334c
10002b68:	2000203c 	.word	0x2000203c
10002b6c:	10002b71 	.word	0x10002b71

10002b70 <float_table_shim_on_use_helper>:
10002b70:	b507      	push	{r0, r1, r2, lr}
10002b72:	4660      	mov	r0, ip
10002b74:	8801      	ldrh	r1, [r0, #0]
10002b76:	0a0a      	lsrs	r2, r1, #8
10002b78:	3002      	adds	r0, #2
10002b7a:	2adf      	cmp	r2, #223	@ 0xdf
10002b7c:	d1fa      	bne.n	10002b74 <float_table_shim_on_use_helper+0x4>
10002b7e:	b2c9      	uxtb	r1, r1
10002b80:	0882      	lsrs	r2, r0, #2
10002b82:	d304      	bcc.n	10002b8e <float_table_shim_on_use_helper+0x1e>
10002b84:	8802      	ldrh	r2, [r0, #0]
10002b86:	8840      	ldrh	r0, [r0, #2]
10002b88:	0400      	lsls	r0, r0, #16
10002b8a:	4310      	orrs	r0, r2
10002b8c:	e000      	b.n	10002b90 <float_table_shim_on_use_helper+0x20>
10002b8e:	6800      	ldr	r0, [r0, #0]
10002b90:	4a01      	ldr	r2, [pc, #4]	@ (10002b98 <float_table_shim_on_use_helper+0x28>)
10002b92:	5050      	str	r0, [r2, r1]
10002b94:	9003      	str	r0, [sp, #12]
10002b96:	bd07      	pop	{r0, r1, r2, pc}
10002b98:	20001430 	.word	0x20001430

10002b9c <float2double_shim>:
10002b9c:	0fc3      	lsrs	r3, r0, #31
10002b9e:	07db      	lsls	r3, r3, #31
10002ba0:	0041      	lsls	r1, r0, #1
10002ba2:	0e0a      	lsrs	r2, r1, #24
10002ba4:	d007      	beq.n	10002bb6 <float2double_shim+0x1a>
10002ba6:	2aff      	cmp	r2, #255	@ 0xff
10002ba8:	d008      	beq.n	10002bbc <float2double_shim+0x20>
10002baa:	0909      	lsrs	r1, r1, #4
10002bac:	4a05      	ldr	r2, [pc, #20]	@ (10002bc4 <float2double_shim+0x28>)
10002bae:	1889      	adds	r1, r1, r2
10002bb0:	4319      	orrs	r1, r3
10002bb2:	0740      	lsls	r0, r0, #29
10002bb4:	4770      	bx	lr
10002bb6:	0019      	movs	r1, r3
10002bb8:	2000      	movs	r0, #0
10002bba:	4770      	bx	lr
10002bbc:	4902      	ldr	r1, [pc, #8]	@ (10002bc8 <float2double_shim+0x2c>)
10002bbe:	18c9      	adds	r1, r1, r3
10002bc0:	e7fa      	b.n	10002bb8 <float2double_shim+0x1c>
10002bc2:	0000      	.short	0x0000
10002bc4:	38000000 	.word	0x38000000
10002bc8:	7ff00000 	.word	0x7ff00000

10002bcc <__aeabi_mem_init>:
10002bcc:	4801      	ldr	r0, [pc, #4]	@ (10002bd4 <__aeabi_mem_init+0x8>)
10002bce:	2104      	movs	r1, #4
10002bd0:	4b01      	ldr	r3, [pc, #4]	@ (10002bd8 <__aeabi_mem_init+0xc>)
10002bd2:	4718      	bx	r3
10002bd4:	20001080 	.word	0x20001080
10002bd8:	10001a81 	.word	0x10001a81

10002bdc <__wrap_memset>:
10002bdc:	4b01      	ldr	r3, [pc, #4]	@ (10002be4 <__wrap_memset+0x8>)
10002bde:	681b      	ldr	r3, [r3, #0]
10002be0:	4718      	bx	r3
10002be2:	0000      	.short	0x0000
10002be4:	20001080 	.word	0x20001080

10002be8 <__wrap___aeabi_memcpy>:
10002be8:	4b01      	ldr	r3, [pc, #4]	@ (10002bf0 <__wrap___aeabi_memcpy+0x8>)
10002bea:	685b      	ldr	r3, [r3, #4]
10002bec:	4718      	bx	r3
10002bee:	0000      	.short	0x0000
10002bf0:	20001080 	.word	0x20001080

10002bf4 <_out_null>:
10002bf4:	4770      	bx	lr
10002bf6:	46c0      	nop			@ (mov r8, r8)

10002bf8 <_out_rev>:
10002bf8:	b5f8      	push	{r3, r4, r5, r6, r7, lr}
10002bfa:	46de      	mov	lr, fp
10002bfc:	4657      	mov	r7, sl
10002bfe:	464e      	mov	r6, r9
10002c00:	4645      	mov	r5, r8
10002c02:	b5e0      	push	{r5, r6, r7, lr}
10002c04:	4699      	mov	r9, r3
10002c06:	9b0d      	ldr	r3, [sp, #52]	@ 0x34
10002c08:	0007      	movs	r7, r0
10002c0a:	4688      	mov	r8, r1
10002c0c:	4693      	mov	fp, r2
10002c0e:	079b      	lsls	r3, r3, #30
10002c10:	d028      	beq.n	10002c64 <_out_rev+0x6c>
10002c12:	9b0b      	ldr	r3, [sp, #44]	@ 0x2c
10002c14:	2b00      	cmp	r3, #0
10002c16:	d03c      	beq.n	10002c92 <_out_rev+0x9a>
10002c18:	0016      	movs	r6, r2
10002c1a:	9c0b      	ldr	r4, [sp, #44]	@ 0x2c
10002c1c:	9d0a      	ldr	r5, [sp, #40]	@ 0x28
10002c1e:	1936      	adds	r6, r6, r4
10002c20:	1b32      	subs	r2, r6, r4
10002c22:	3c01      	subs	r4, #1
10002c24:	464b      	mov	r3, r9
10002c26:	4641      	mov	r1, r8
10002c28:	5d28      	ldrb	r0, [r5, r4]
10002c2a:	47b8      	blx	r7
10002c2c:	2c00      	cmp	r4, #0
10002c2e:	d1f7      	bne.n	10002c20 <_out_rev+0x28>
10002c30:	0035      	movs	r5, r6
10002c32:	9b0d      	ldr	r3, [sp, #52]	@ 0x34
10002c34:	079b      	lsls	r3, r3, #30
10002c36:	d50e      	bpl.n	10002c56 <_out_rev+0x5e>
10002c38:	465b      	mov	r3, fp
10002c3a:	1aec      	subs	r4, r5, r3
10002c3c:	9b0c      	ldr	r3, [sp, #48]	@ 0x30
10002c3e:	42a3      	cmp	r3, r4
10002c40:	d909      	bls.n	10002c56 <_out_rev+0x5e>
10002c42:	001e      	movs	r6, r3
10002c44:	002a      	movs	r2, r5
10002c46:	464b      	mov	r3, r9
10002c48:	4641      	mov	r1, r8
10002c4a:	2020      	movs	r0, #32
10002c4c:	3401      	adds	r4, #1
10002c4e:	47b8      	blx	r7
10002c50:	3501      	adds	r5, #1
10002c52:	42b4      	cmp	r4, r6
10002c54:	d3f6      	bcc.n	10002c44 <_out_rev+0x4c>
10002c56:	0028      	movs	r0, r5
10002c58:	bcf0      	pop	{r4, r5, r6, r7}
10002c5a:	46bb      	mov	fp, r7
10002c5c:	46b2      	mov	sl, r6
10002c5e:	46a9      	mov	r9, r5
10002c60:	46a0      	mov	r8, r4
10002c62:	bdf8      	pop	{r3, r4, r5, r6, r7, pc}
10002c64:	9b0b      	ldr	r3, [sp, #44]	@ 0x2c
10002c66:	9a0c      	ldr	r2, [sp, #48]	@ 0x30
10002c68:	4293      	cmp	r3, r2
10002c6a:	d214      	bcs.n	10002c96 <_out_rev+0x9e>
10002c6c:	0013      	movs	r3, r2
10002c6e:	465d      	mov	r5, fp
10002c70:	000c      	movs	r4, r1
10002c72:	9a0b      	ldr	r2, [sp, #44]	@ 0x2c
10002c74:	1a9e      	subs	r6, r3, r2
10002c76:	1976      	adds	r6, r6, r5
10002c78:	002a      	movs	r2, r5
10002c7a:	464b      	mov	r3, r9
10002c7c:	3501      	adds	r5, #1
10002c7e:	0021      	movs	r1, r4
10002c80:	2020      	movs	r0, #32
10002c82:	47b8      	blx	r7
10002c84:	42b5      	cmp	r5, r6
10002c86:	d1f7      	bne.n	10002c78 <_out_rev+0x80>
10002c88:	9b0b      	ldr	r3, [sp, #44]	@ 0x2c
10002c8a:	46a0      	mov	r8, r4
10002c8c:	2b00      	cmp	r3, #0
10002c8e:	d1c4      	bne.n	10002c1a <_out_rev+0x22>
10002c90:	e7e1      	b.n	10002c56 <_out_rev+0x5e>
10002c92:	0015      	movs	r5, r2
10002c94:	e7cd      	b.n	10002c32 <_out_rev+0x3a>
10002c96:	465e      	mov	r6, fp
10002c98:	2b00      	cmp	r3, #0
10002c9a:	d1be      	bne.n	10002c1a <_out_rev+0x22>
10002c9c:	465d      	mov	r5, fp
10002c9e:	e7da      	b.n	10002c56 <_out_rev+0x5e>

10002ca0 <_ntoa_format>:
10002ca0:	b5f0      	push	{r4, r5, r6, r7, lr}
10002ca2:	464f      	mov	r7, r9
10002ca4:	46d6      	mov	lr, sl
10002ca6:	4646      	mov	r6, r8
10002ca8:	b5c0      	push	{r6, r7, lr}
10002caa:	b084      	sub	sp, #16
10002cac:	469c      	mov	ip, r3
10002cae:	ab0e      	add	r3, sp, #56	@ 0x38
10002cb0:	781f      	ldrb	r7, [r3, #0]
10002cb2:	9b12      	ldr	r3, [sp, #72]	@ 0x48
10002cb4:	4691      	mov	r9, r2
10002cb6:	46ba      	mov	sl, r7
10002cb8:	9c0d      	ldr	r4, [sp, #52]	@ 0x34
10002cba:	9e10      	ldr	r6, [sp, #64]	@ 0x40
10002cbc:	9d11      	ldr	r5, [sp, #68]	@ 0x44
10002cbe:	079b      	lsls	r3, r3, #30
10002cc0:	d44c      	bmi.n	10002d5c <_ntoa_format+0xbc>
10002cc2:	2d00      	cmp	r5, #0
10002cc4:	d141      	bne.n	10002d4a <_ntoa_format+0xaa>
10002cc6:	42b4      	cmp	r4, r6
10002cc8:	d248      	bcs.n	10002d5c <_ntoa_format+0xbc>
10002cca:	2301      	movs	r3, #1
10002ccc:	9f12      	ldr	r7, [sp, #72]	@ 0x48
10002cce:	401f      	ands	r7, r3
10002cd0:	46b8      	mov	r8, r7
10002cd2:	9b0c      	ldr	r3, [sp, #48]	@ 0x30
10002cd4:	1e5f      	subs	r7, r3, #1
10002cd6:	2330      	movs	r3, #48	@ 0x30
10002cd8:	e003      	b.n	10002ce2 <_ntoa_format+0x42>
10002cda:	3401      	adds	r4, #1
10002cdc:	553b      	strb	r3, [r7, r4]
10002cde:	42a6      	cmp	r6, r4
10002ce0:	d901      	bls.n	10002ce6 <_ntoa_format+0x46>
10002ce2:	2c20      	cmp	r4, #32
10002ce4:	d1f9      	bne.n	10002cda <_ntoa_format+0x3a>
10002ce6:	4643      	mov	r3, r8
10002ce8:	2b00      	cmp	r3, #0
10002cea:	d100      	bne.n	10002cee <_ntoa_format+0x4e>
10002cec:	e087      	b.n	10002dfe <_ntoa_format+0x15e>
10002cee:	9b0c      	ldr	r3, [sp, #48]	@ 0x30
10002cf0:	1e5f      	subs	r7, r3, #1
10002cf2:	2330      	movs	r3, #48	@ 0x30
10002cf4:	42a5      	cmp	r5, r4
10002cf6:	d804      	bhi.n	10002d02 <_ntoa_format+0x62>
10002cf8:	e030      	b.n	10002d5c <_ntoa_format+0xbc>
10002cfa:	3401      	adds	r4, #1
10002cfc:	553b      	strb	r3, [r7, r4]
10002cfe:	42ac      	cmp	r4, r5
10002d00:	d02c      	beq.n	10002d5c <_ntoa_format+0xbc>
10002d02:	2c20      	cmp	r4, #32
10002d04:	d1f9      	bne.n	10002cfa <_ntoa_format+0x5a>
10002d06:	9b12      	ldr	r3, [sp, #72]	@ 0x48
10002d08:	06db      	lsls	r3, r3, #27
10002d0a:	d50d      	bpl.n	10002d28 <_ntoa_format+0x88>
10002d0c:	9b12      	ldr	r3, [sp, #72]	@ 0x48
10002d0e:	055b      	lsls	r3, r3, #21
10002d10:	d457      	bmi.n	10002dc2 <_ntoa_format+0x122>
10002d12:	42a6      	cmp	r6, r4
10002d14:	d067      	beq.n	10002de6 <_ntoa_format+0x146>
10002d16:	42a5      	cmp	r5, r4
10002d18:	d065      	beq.n	10002de6 <_ntoa_format+0x146>
10002d1a:	9b0f      	ldr	r3, [sp, #60]	@ 0x3c
10002d1c:	2b10      	cmp	r3, #16
10002d1e:	d053      	beq.n	10002dc8 <_ntoa_format+0x128>
10002d20:	2b02      	cmp	r3, #2
10002d22:	d05b      	beq.n	10002ddc <_ntoa_format+0x13c>
10002d24:	2c20      	cmp	r4, #32
10002d26:	d136      	bne.n	10002d96 <_ntoa_format+0xf6>
10002d28:	2320      	movs	r3, #32
10002d2a:	9c12      	ldr	r4, [sp, #72]	@ 0x48
10002d2c:	9301      	str	r3, [sp, #4]
10002d2e:	9b0c      	ldr	r3, [sp, #48]	@ 0x30
10002d30:	464a      	mov	r2, r9
10002d32:	9300      	str	r3, [sp, #0]
10002d34:	9403      	str	r4, [sp, #12]
10002d36:	4663      	mov	r3, ip
10002d38:	9502      	str	r5, [sp, #8]
10002d3a:	f7ff ff5d 	bl	10002bf8 <_out_rev>
10002d3e:	b004      	add	sp, #16
10002d40:	bce0      	pop	{r5, r6, r7}
10002d42:	46ba      	mov	sl, r7
10002d44:	46b1      	mov	r9, r6
10002d46:	46a8      	mov	r8, r5
10002d48:	bdf0      	pop	{r4, r5, r6, r7, pc}
10002d4a:	2301      	movs	r3, #1
10002d4c:	9a12      	ldr	r2, [sp, #72]	@ 0x48
10002d4e:	4013      	ands	r3, r2
10002d50:	4698      	mov	r8, r3
10002d52:	2301      	movs	r3, #1
10002d54:	4213      	tst	r3, r2
10002d56:	d12d      	bne.n	10002db4 <_ntoa_format+0x114>
10002d58:	42b4      	cmp	r4, r6
10002d5a:	d3ba      	bcc.n	10002cd2 <_ntoa_format+0x32>
10002d5c:	9b12      	ldr	r3, [sp, #72]	@ 0x48
10002d5e:	06db      	lsls	r3, r3, #27
10002d60:	d51e      	bpl.n	10002da0 <_ntoa_format+0x100>
10002d62:	9b12      	ldr	r3, [sp, #72]	@ 0x48
10002d64:	055b      	lsls	r3, r3, #21
10002d66:	d4d8      	bmi.n	10002d1a <_ntoa_format+0x7a>
10002d68:	2c00      	cmp	r4, #0
10002d6a:	d1d2      	bne.n	10002d12 <_ntoa_format+0x72>
10002d6c:	9b0f      	ldr	r3, [sp, #60]	@ 0x3c
10002d6e:	2b10      	cmp	r3, #16
10002d70:	d060      	beq.n	10002e34 <_ntoa_format+0x194>
10002d72:	9b0f      	ldr	r3, [sp, #60]	@ 0x3c
10002d74:	2b02      	cmp	r3, #2
10002d76:	d071      	beq.n	10002e5c <_ntoa_format+0x1bc>
10002d78:	2330      	movs	r3, #48	@ 0x30
10002d7a:	2401      	movs	r4, #1
10002d7c:	9a0c      	ldr	r2, [sp, #48]	@ 0x30
10002d7e:	7013      	strb	r3, [r2, #0]
10002d80:	4653      	mov	r3, sl
10002d82:	2b00      	cmp	r3, #0
10002d84:	d111      	bne.n	10002daa <_ntoa_format+0x10a>
10002d86:	9b12      	ldr	r3, [sp, #72]	@ 0x48
10002d88:	075b      	lsls	r3, r3, #29
10002d8a:	d540      	bpl.n	10002e0e <_ntoa_format+0x16e>
10002d8c:	262b      	movs	r6, #43	@ 0x2b
10002d8e:	9a0c      	ldr	r2, [sp, #48]	@ 0x30
10002d90:	1c63      	adds	r3, r4, #1
10002d92:	5516      	strb	r6, [r2, r4]
10002d94:	e7c9      	b.n	10002d2a <_ntoa_format+0x8a>
10002d96:	0023      	movs	r3, r4
10002d98:	3401      	adds	r4, #1
10002d9a:	2630      	movs	r6, #48	@ 0x30
10002d9c:	9a0c      	ldr	r2, [sp, #48]	@ 0x30
10002d9e:	54d6      	strb	r6, [r2, r3]
10002da0:	2c20      	cmp	r4, #32
10002da2:	d0c1      	beq.n	10002d28 <_ntoa_format+0x88>
10002da4:	4653      	mov	r3, sl
10002da6:	2b00      	cmp	r3, #0
10002da8:	d0ed      	beq.n	10002d86 <_ntoa_format+0xe6>
10002daa:	262d      	movs	r6, #45	@ 0x2d
10002dac:	9a0c      	ldr	r2, [sp, #48]	@ 0x30
10002dae:	1c63      	adds	r3, r4, #1
10002db0:	5516      	strb	r6, [r2, r4]
10002db2:	e7ba      	b.n	10002d2a <_ntoa_format+0x8a>
10002db4:	2f00      	cmp	r7, #0
10002db6:	d034      	beq.n	10002e22 <_ntoa_format+0x182>
10002db8:	3d01      	subs	r5, #1
10002dba:	42b4      	cmp	r4, r6
10002dbc:	d200      	bcs.n	10002dc0 <_ntoa_format+0x120>
10002dbe:	e788      	b.n	10002cd2 <_ntoa_format+0x32>
10002dc0:	e795      	b.n	10002cee <_ntoa_format+0x4e>
10002dc2:	9b0f      	ldr	r3, [sp, #60]	@ 0x3c
10002dc4:	2b10      	cmp	r3, #16
10002dc6:	d1af      	bne.n	10002d28 <_ntoa_format+0x88>
10002dc8:	9b12      	ldr	r3, [sp, #72]	@ 0x48
10002dca:	069b      	lsls	r3, r3, #26
10002dcc:	d53c      	bpl.n	10002e48 <_ntoa_format+0x1a8>
10002dce:	2c20      	cmp	r4, #32
10002dd0:	d0aa      	beq.n	10002d28 <_ntoa_format+0x88>
10002dd2:	2358      	movs	r3, #88	@ 0x58
10002dd4:	9a0c      	ldr	r2, [sp, #48]	@ 0x30
10002dd6:	5513      	strb	r3, [r2, r4]
10002dd8:	3401      	adds	r4, #1
10002dda:	e7a3      	b.n	10002d24 <_ntoa_format+0x84>
10002ddc:	2c20      	cmp	r4, #32
10002dde:	d0a3      	beq.n	10002d28 <_ntoa_format+0x88>
10002de0:	0023      	movs	r3, r4
10002de2:	3401      	adds	r4, #1
10002de4:	e007      	b.n	10002df6 <_ntoa_format+0x156>
10002de6:	1e63      	subs	r3, r4, #1
10002de8:	2c01      	cmp	r4, #1
10002dea:	d0bf      	beq.n	10002d6c <_ntoa_format+0xcc>
10002dec:	9a0f      	ldr	r2, [sp, #60]	@ 0x3c
10002dee:	2a10      	cmp	r2, #16
10002df0:	d036      	beq.n	10002e60 <_ntoa_format+0x1c0>
10002df2:	2a02      	cmp	r2, #2
10002df4:	d1d1      	bne.n	10002d9a <_ntoa_format+0xfa>
10002df6:	2662      	movs	r6, #98	@ 0x62
10002df8:	9a0c      	ldr	r2, [sp, #48]	@ 0x30
10002dfa:	54d6      	strb	r6, [r2, r3]
10002dfc:	e792      	b.n	10002d24 <_ntoa_format+0x84>
10002dfe:	9b12      	ldr	r3, [sp, #72]	@ 0x48
10002e00:	06db      	lsls	r3, r3, #27
10002e02:	d5cd      	bpl.n	10002da0 <_ntoa_format+0x100>
10002e04:	9b12      	ldr	r3, [sp, #72]	@ 0x48
10002e06:	055b      	lsls	r3, r3, #21
10002e08:	d400      	bmi.n	10002e0c <_ntoa_format+0x16c>
10002e0a:	e782      	b.n	10002d12 <_ntoa_format+0x72>
10002e0c:	e785      	b.n	10002d1a <_ntoa_format+0x7a>
10002e0e:	9a12      	ldr	r2, [sp, #72]	@ 0x48
10002e10:	0023      	movs	r3, r4
10002e12:	0716      	lsls	r6, r2, #28
10002e14:	d400      	bmi.n	10002e18 <_ntoa_format+0x178>
10002e16:	e788      	b.n	10002d2a <_ntoa_format+0x8a>
10002e18:	2620      	movs	r6, #32
10002e1a:	9a0c      	ldr	r2, [sp, #48]	@ 0x30
10002e1c:	3301      	adds	r3, #1
10002e1e:	5516      	strb	r6, [r2, r4]
10002e20:	e783      	b.n	10002d2a <_ntoa_format+0x8a>
10002e22:	230c      	movs	r3, #12
10002e24:	4013      	ands	r3, r2
10002e26:	1e5f      	subs	r7, r3, #1
10002e28:	41bb      	sbcs	r3, r7
10002e2a:	1aed      	subs	r5, r5, r3
10002e2c:	42b4      	cmp	r4, r6
10002e2e:	d200      	bcs.n	10002e32 <_ntoa_format+0x192>
10002e30:	e74f      	b.n	10002cd2 <_ntoa_format+0x32>
10002e32:	e75c      	b.n	10002cee <_ntoa_format+0x4e>
10002e34:	9b12      	ldr	r3, [sp, #72]	@ 0x48
10002e36:	069b      	lsls	r3, r3, #26
10002e38:	d40e      	bmi.n	10002e58 <_ntoa_format+0x1b8>
10002e3a:	2378      	movs	r3, #120	@ 0x78
10002e3c:	9a0c      	ldr	r2, [sp, #48]	@ 0x30
10002e3e:	2402      	movs	r4, #2
10002e40:	7013      	strb	r3, [r2, #0]
10002e42:	2330      	movs	r3, #48	@ 0x30
10002e44:	7053      	strb	r3, [r2, #1]
10002e46:	e79b      	b.n	10002d80 <_ntoa_format+0xe0>
10002e48:	2c20      	cmp	r4, #32
10002e4a:	d100      	bne.n	10002e4e <_ntoa_format+0x1ae>
10002e4c:	e76c      	b.n	10002d28 <_ntoa_format+0x88>
10002e4e:	2378      	movs	r3, #120	@ 0x78
10002e50:	9a0c      	ldr	r2, [sp, #48]	@ 0x30
10002e52:	5513      	strb	r3, [r2, r4]
10002e54:	3401      	adds	r4, #1
10002e56:	e765      	b.n	10002d24 <_ntoa_format+0x84>
10002e58:	2358      	movs	r3, #88	@ 0x58
10002e5a:	e7ef      	b.n	10002e3c <_ntoa_format+0x19c>
10002e5c:	3360      	adds	r3, #96	@ 0x60
10002e5e:	e7ed      	b.n	10002e3c <_ntoa_format+0x19c>
10002e60:	9a0c      	ldr	r2, [sp, #48]	@ 0x30
10002e62:	1ea6      	subs	r6, r4, #2
10002e64:	18b6      	adds	r6, r6, r2
10002e66:	9a12      	ldr	r2, [sp, #72]	@ 0x48
10002e68:	0692      	lsls	r2, r2, #26
10002e6a:	d502      	bpl.n	10002e72 <_ntoa_format+0x1d2>
10002e6c:	2258      	movs	r2, #88	@ 0x58
10002e6e:	7032      	strb	r2, [r6, #0]
10002e70:	e793      	b.n	10002d9a <_ntoa_format+0xfa>
10002e72:	2278      	movs	r2, #120	@ 0x78
10002e74:	7032      	strb	r2, [r6, #0]
10002e76:	e790      	b.n	10002d9a <_ntoa_format+0xfa>

10002e78 <_out_char>:
10002e78:	b510      	push	{r4, lr}
10002e7a:	2800      	cmp	r0, #0
10002e7c:	d100      	bne.n	10002e80 <_out_char+0x8>
10002e7e:	bd10      	pop	{r4, pc}
10002e80:	f001 fbf8 	bl	10004674 <__wrap_putchar>
10002e84:	e7fb      	b.n	10002e7e <_out_char+0x6>
10002e86:	46c0      	nop			@ (mov r8, r8)

10002e88 <_out_fct>:
10002e88:	b510      	push	{r4, lr}
10002e8a:	2800      	cmp	r0, #0
10002e8c:	d003      	beq.n	10002e96 <_out_fct+0xe>
10002e8e:	684a      	ldr	r2, [r1, #4]
10002e90:	680b      	ldr	r3, [r1, #0]
10002e92:	0011      	movs	r1, r2
10002e94:	4798      	blx	r3
10002e96:	bd10      	pop	{r4, pc}

10002e98 <_ftoa>:
10002e98:	b5f0      	push	{r4, r5, r6, r7, lr}
10002e9a:	464e      	mov	r6, r9
10002e9c:	46de      	mov	lr, fp
10002e9e:	4657      	mov	r7, sl
10002ea0:	4645      	mov	r5, r8
10002ea2:	b5e0      	push	{r5, r6, r7, lr}
10002ea4:	b095      	sub	sp, #84	@ 0x54
10002ea6:	4683      	mov	fp, r0
10002ea8:	4689      	mov	r9, r1
10002eaa:	4692      	mov	sl, r2
10002eac:	4698      	mov	r8, r3
10002eae:	9a1e      	ldr	r2, [sp, #120]	@ 0x78
10002eb0:	9b1f      	ldr	r3, [sp, #124]	@ 0x7c
10002eb2:	0010      	movs	r0, r2
10002eb4:	0019      	movs	r1, r3
10002eb6:	9e20      	ldr	r6, [sp, #128]	@ 0x80
10002eb8:	f7ff fa49 	bl	1000234e <__wrap___aeabi_dcmpun>
10002ebc:	2800      	cmp	r0, #0
10002ebe:	d000      	beq.n	10002ec2 <_ftoa+0x2a>
10002ec0:	e1d2      	b.n	10003268 <_ftoa+0x3d0>
10002ec2:	981e      	ldr	r0, [sp, #120]	@ 0x78
10002ec4:	991f      	ldr	r1, [sp, #124]	@ 0x7c
10002ec6:	2201      	movs	r2, #1
10002ec8:	4bc4      	ldr	r3, [pc, #784]	@ (100031dc <_ftoa+0x344>)
10002eca:	4252      	negs	r2, r2
10002ecc:	f7ff fa24 	bl	10002318 <__wrap___aeabi_dcmplt>
10002ed0:	2800      	cmp	r0, #0
10002ed2:	d000      	beq.n	10002ed6 <_ftoa+0x3e>
10002ed4:	e101      	b.n	100030da <_ftoa+0x242>
10002ed6:	981e      	ldr	r0, [sp, #120]	@ 0x78
10002ed8:	991f      	ldr	r1, [sp, #124]	@ 0x7c
10002eda:	2201      	movs	r2, #1
10002edc:	4bc0      	ldr	r3, [pc, #768]	@ (100031e0 <_ftoa+0x348>)
10002ede:	4252      	negs	r2, r2
10002ee0:	f7ff fa30 	bl	10002344 <__wrap___aeabi_dcmpgt>
10002ee4:	2800      	cmp	r0, #0
10002ee6:	d000      	beq.n	10002eea <_ftoa+0x52>
10002ee8:	e0d6      	b.n	10003098 <_ftoa+0x200>
10002eea:	981e      	ldr	r0, [sp, #120]	@ 0x78
10002eec:	991f      	ldr	r1, [sp, #124]	@ 0x7c
10002eee:	2200      	movs	r2, #0
10002ef0:	4bbc      	ldr	r3, [pc, #752]	@ (100031e4 <_ftoa+0x34c>)
10002ef2:	f7ff fa27 	bl	10002344 <__wrap___aeabi_dcmpgt>
10002ef6:	2800      	cmp	r0, #0
10002ef8:	d000      	beq.n	10002efc <_ftoa+0x64>
10002efa:	e0b5      	b.n	10003068 <_ftoa+0x1d0>
10002efc:	981e      	ldr	r0, [sp, #120]	@ 0x78
10002efe:	991f      	ldr	r1, [sp, #124]	@ 0x7c
10002f00:	2200      	movs	r2, #0
10002f02:	4bb9      	ldr	r3, [pc, #740]	@ (100031e8 <_ftoa+0x350>)
10002f04:	f7ff fa08 	bl	10002318 <__wrap___aeabi_dcmplt>
10002f08:	2800      	cmp	r0, #0
10002f0a:	d000      	beq.n	10002f0e <_ftoa+0x76>
10002f0c:	e0ac      	b.n	10003068 <_ftoa+0x1d0>
10002f0e:	981e      	ldr	r0, [sp, #120]	@ 0x78
10002f10:	991f      	ldr	r1, [sp, #124]	@ 0x7c
10002f12:	2200      	movs	r2, #0
10002f14:	2300      	movs	r3, #0
10002f16:	f7ff f9ff 	bl	10002318 <__wrap___aeabi_dcmplt>
10002f1a:	2800      	cmp	r0, #0
10002f1c:	d000      	beq.n	10002f20 <_ftoa+0x88>
10002f1e:	e0d1      	b.n	100030c4 <_ftoa+0x22c>
10002f20:	2300      	movs	r3, #0
10002f22:	930b      	str	r3, [sp, #44]	@ 0x2c
10002f24:	9b22      	ldr	r3, [sp, #136]	@ 0x88
10002f26:	055b      	lsls	r3, r3, #21
10002f28:	d400      	bmi.n	10002f2c <_ftoa+0x94>
10002f2a:	2606      	movs	r6, #6
10002f2c:	2400      	movs	r4, #0
10002f2e:	2330      	movs	r3, #48	@ 0x30
10002f30:	e006      	b.n	10002f40 <_ftoa+0xa8>
10002f32:	aa06      	add	r2, sp, #24
10002f34:	3401      	adds	r4, #1
10002f36:	3217      	adds	r2, #23
10002f38:	5513      	strb	r3, [r2, r4]
10002f3a:	3e01      	subs	r6, #1
10002f3c:	2c20      	cmp	r4, #32
10002f3e:	d001      	beq.n	10002f44 <_ftoa+0xac>
10002f40:	2e09      	cmp	r6, #9
10002f42:	d8f6      	bhi.n	10002f32 <_ftoa+0x9a>
10002f44:	981e      	ldr	r0, [sp, #120]	@ 0x78
10002f46:	991f      	ldr	r1, [sp, #124]	@ 0x7c
10002f48:	f7ff fa2a 	bl	100023a0 <__wrap___aeabi_d2iz>
10002f4c:	4ba7      	ldr	r3, [pc, #668]	@ (100031ec <_ftoa+0x354>)
10002f4e:	00f2      	lsls	r2, r6, #3
10002f50:	189b      	adds	r3, r3, r2
10002f52:	cb0c      	ldmia	r3, {r2, r3}
10002f54:	0005      	movs	r5, r0
10002f56:	9208      	str	r2, [sp, #32]
10002f58:	9309      	str	r3, [sp, #36]	@ 0x24
10002f5a:	f7ff fa09 	bl	10002370 <__wrap___aeabi_i2d>
10002f5e:	0002      	movs	r2, r0
10002f60:	000b      	movs	r3, r1
10002f62:	981e      	ldr	r0, [sp, #120]	@ 0x78
10002f64:	991f      	ldr	r1, [sp, #124]	@ 0x7c
10002f66:	f7ff f964 	bl	10002232 <__wrap___aeabi_dsub>
10002f6a:	9a08      	ldr	r2, [sp, #32]
10002f6c:	9b09      	ldr	r3, [sp, #36]	@ 0x24
10002f6e:	f7ff f990 	bl	10002292 <__wrap___aeabi_dmul>
10002f72:	9006      	str	r0, [sp, #24]
10002f74:	9107      	str	r1, [sp, #28]
10002f76:	f7ff fa37 	bl	100023e8 <__wrap___aeabi_d2uiz>
10002f7a:	0007      	movs	r7, r0
10002f7c:	f7ff f9f4 	bl	10002368 <__wrap___aeabi_ui2d>
10002f80:	0002      	movs	r2, r0
10002f82:	000b      	movs	r3, r1
10002f84:	9806      	ldr	r0, [sp, #24]
10002f86:	9907      	ldr	r1, [sp, #28]
10002f88:	f7ff f953 	bl	10002232 <__wrap___aeabi_dsub>
10002f8c:	2200      	movs	r2, #0
10002f8e:	4b98      	ldr	r3, [pc, #608]	@ (100031f0 <_ftoa+0x358>)
10002f90:	9006      	str	r0, [sp, #24]
10002f92:	9107      	str	r1, [sp, #28]
10002f94:	f7ff f9d6 	bl	10002344 <__wrap___aeabi_dcmpgt>
10002f98:	2800      	cmp	r0, #0
10002f9a:	d100      	bne.n	10002f9e <_ftoa+0x106>
10002f9c:	e0e9      	b.n	10003172 <_ftoa+0x2da>
10002f9e:	3701      	adds	r7, #1
10002fa0:	0038      	movs	r0, r7
10002fa2:	f7ff f9e1 	bl	10002368 <__wrap___aeabi_ui2d>
10002fa6:	0002      	movs	r2, r0
10002fa8:	000b      	movs	r3, r1
10002faa:	9808      	ldr	r0, [sp, #32]
10002fac:	9909      	ldr	r1, [sp, #36]	@ 0x24
10002fae:	f7ff f9b9 	bl	10002324 <__wrap___aeabi_dcmple>
10002fb2:	2800      	cmp	r0, #0
10002fb4:	d001      	beq.n	10002fba <_ftoa+0x122>
10002fb6:	2700      	movs	r7, #0
10002fb8:	3501      	adds	r5, #1
10002fba:	2e00      	cmp	r6, #0
10002fbc:	d100      	bne.n	10002fc0 <_ftoa+0x128>
10002fbe:	e0b7      	b.n	10003130 <_ftoa+0x298>
10002fc0:	9506      	str	r5, [sp, #24]
10002fc2:	e013      	b.n	10002fec <_ftoa+0x154>
10002fc4:	2317      	movs	r3, #23
10002fc6:	aa06      	add	r2, sp, #24
10002fc8:	189b      	adds	r3, r3, r2
10002fca:	210a      	movs	r1, #10
10002fcc:	0038      	movs	r0, r7
10002fce:	3401      	adds	r4, #1
10002fd0:	191d      	adds	r5, r3, r4
10002fd2:	f7fe fef3 	bl	10001dbc <__wrap___aeabi_uidiv>
10002fd6:	3130      	adds	r1, #48	@ 0x30
10002fd8:	7029      	strb	r1, [r5, #0]
10002fda:	0038      	movs	r0, r7
10002fdc:	210a      	movs	r1, #10
10002fde:	3e01      	subs	r6, #1
10002fe0:	f7fe feec 	bl	10001dbc <__wrap___aeabi_uidiv>
10002fe4:	2f09      	cmp	r7, #9
10002fe6:	d800      	bhi.n	10002fea <_ftoa+0x152>
10002fe8:	e0e1      	b.n	100031ae <_ftoa+0x316>
10002fea:	0007      	movs	r7, r0
10002fec:	2c20      	cmp	r4, #32
10002fee:	d1e9      	bne.n	10002fc4 <_ftoa+0x12c>
10002ff0:	9d06      	ldr	r5, [sp, #24]
10002ff2:	2420      	movs	r4, #32
10002ff4:	ab0c      	add	r3, sp, #48	@ 0x30
10002ff6:	9306      	str	r3, [sp, #24]
10002ff8:	2717      	movs	r7, #23
10002ffa:	ab06      	add	r3, sp, #24
10002ffc:	18ff      	adds	r7, r7, r3
10002ffe:	e00d      	b.n	1000301c <_ftoa+0x184>
10003000:	0028      	movs	r0, r5
10003002:	210a      	movs	r1, #10
10003004:	f7fe feb2 	bl	10001d6c <__wrap___aeabi_idiv>
10003008:	3401      	adds	r4, #1
1000300a:	3130      	adds	r1, #48	@ 0x30
1000300c:	0028      	movs	r0, r5
1000300e:	5539      	strb	r1, [r7, r4]
10003010:	210a      	movs	r1, #10
10003012:	f7fe feab 	bl	10001d6c <__wrap___aeabi_idiv>
10003016:	1e05      	subs	r5, r0, #0
10003018:	d100      	bne.n	1000301c <_ftoa+0x184>
1000301a:	e0b7      	b.n	1000318c <_ftoa+0x2f4>
1000301c:	2c20      	cmp	r4, #32
1000301e:	d1ef      	bne.n	10003000 <_ftoa+0x168>
10003020:	2303      	movs	r3, #3
10003022:	9a22      	ldr	r2, [sp, #136]	@ 0x88
10003024:	4013      	ands	r3, r2
10003026:	2b01      	cmp	r3, #1
10003028:	d117      	bne.n	1000305a <_ftoa+0x1c2>
1000302a:	9b21      	ldr	r3, [sp, #132]	@ 0x84
1000302c:	2b00      	cmp	r3, #0
1000302e:	d014      	beq.n	1000305a <_ftoa+0x1c2>
10003030:	9b0b      	ldr	r3, [sp, #44]	@ 0x2c
10003032:	2b00      	cmp	r3, #0
10003034:	d100      	bne.n	10003038 <_ftoa+0x1a0>
10003036:	e0e3      	b.n	10003200 <_ftoa+0x368>
10003038:	9b21      	ldr	r3, [sp, #132]	@ 0x84
1000303a:	3b01      	subs	r3, #1
1000303c:	9321      	str	r3, [sp, #132]	@ 0x84
1000303e:	2b20      	cmp	r3, #32
10003040:	d90b      	bls.n	1000305a <_ftoa+0x1c2>
10003042:	2330      	movs	r3, #48	@ 0x30
10003044:	9a21      	ldr	r2, [sp, #132]	@ 0x84
10003046:	e006      	b.n	10003056 <_ftoa+0x1be>
10003048:	a906      	add	r1, sp, #24
1000304a:	3401      	adds	r4, #1
1000304c:	3117      	adds	r1, #23
1000304e:	550b      	strb	r3, [r1, r4]
10003050:	4294      	cmp	r4, r2
10003052:	d300      	bcc.n	10003056 <_ftoa+0x1be>
10003054:	e0a0      	b.n	10003198 <_ftoa+0x300>
10003056:	2c20      	cmp	r4, #32
10003058:	d1f6      	bne.n	10003048 <_ftoa+0x1b0>
1000305a:	9b22      	ldr	r3, [sp, #136]	@ 0x88
1000305c:	9401      	str	r4, [sp, #4]
1000305e:	9303      	str	r3, [sp, #12]
10003060:	9b21      	ldr	r3, [sp, #132]	@ 0x84
10003062:	9302      	str	r3, [sp, #8]
10003064:	9b06      	ldr	r3, [sp, #24]
10003066:	e021      	b.n	100030ac <_ftoa+0x214>
10003068:	9b22      	ldr	r3, [sp, #136]	@ 0x88
1000306a:	4652      	mov	r2, sl
1000306c:	9304      	str	r3, [sp, #16]
1000306e:	9b21      	ldr	r3, [sp, #132]	@ 0x84
10003070:	4649      	mov	r1, r9
10003072:	9303      	str	r3, [sp, #12]
10003074:	4658      	mov	r0, fp
10003076:	9b1e      	ldr	r3, [sp, #120]	@ 0x78
10003078:	9c1f      	ldr	r4, [sp, #124]	@ 0x7c
1000307a:	9602      	str	r6, [sp, #8]
1000307c:	9300      	str	r3, [sp, #0]
1000307e:	9401      	str	r4, [sp, #4]
10003080:	4643      	mov	r3, r8
10003082:	f000 f943 	bl	1000330c <_etoa>
10003086:	0004      	movs	r4, r0
10003088:	0020      	movs	r0, r4
1000308a:	b015      	add	sp, #84	@ 0x54
1000308c:	bcf0      	pop	{r4, r5, r6, r7}
1000308e:	46bb      	mov	fp, r7
10003090:	46b2      	mov	sl, r6
10003092:	46a9      	mov	r9, r5
10003094:	46a0      	mov	r8, r4
10003096:	bdf0      	pop	{r4, r5, r6, r7, pc}
10003098:	9b22      	ldr	r3, [sp, #136]	@ 0x88
1000309a:	075b      	lsls	r3, r3, #29
1000309c:	d40f      	bmi.n	100030be <_ftoa+0x226>
1000309e:	2203      	movs	r2, #3
100030a0:	4b54      	ldr	r3, [pc, #336]	@ (100031f4 <_ftoa+0x35c>)
100030a2:	9922      	ldr	r1, [sp, #136]	@ 0x88
100030a4:	9201      	str	r2, [sp, #4]
100030a6:	9103      	str	r1, [sp, #12]
100030a8:	9921      	ldr	r1, [sp, #132]	@ 0x84
100030aa:	9102      	str	r1, [sp, #8]
100030ac:	9300      	str	r3, [sp, #0]
100030ae:	4652      	mov	r2, sl
100030b0:	4643      	mov	r3, r8
100030b2:	4649      	mov	r1, r9
100030b4:	4658      	mov	r0, fp
100030b6:	f7ff fd9f 	bl	10002bf8 <_out_rev>
100030ba:	0004      	movs	r4, r0
100030bc:	e7e4      	b.n	10003088 <_ftoa+0x1f0>
100030be:	2204      	movs	r2, #4
100030c0:	4b4d      	ldr	r3, [pc, #308]	@ (100031f8 <_ftoa+0x360>)
100030c2:	e7ee      	b.n	100030a2 <_ftoa+0x20a>
100030c4:	9a1e      	ldr	r2, [sp, #120]	@ 0x78
100030c6:	9b1f      	ldr	r3, [sp, #124]	@ 0x7c
100030c8:	2000      	movs	r0, #0
100030ca:	2100      	movs	r1, #0
100030cc:	f7ff f8b1 	bl	10002232 <__wrap___aeabi_dsub>
100030d0:	2301      	movs	r3, #1
100030d2:	901e      	str	r0, [sp, #120]	@ 0x78
100030d4:	911f      	str	r1, [sp, #124]	@ 0x7c
100030d6:	930b      	str	r3, [sp, #44]	@ 0x2c
100030d8:	e724      	b.n	10002f24 <_ftoa+0x8c>
100030da:	2302      	movs	r3, #2
100030dc:	9a22      	ldr	r2, [sp, #136]	@ 0x88
100030de:	4654      	mov	r4, sl
100030e0:	401a      	ands	r2, r3
100030e2:	9b22      	ldr	r3, [sp, #136]	@ 0x88
100030e4:	9206      	str	r2, [sp, #24]
100030e6:	079b      	lsls	r3, r3, #30
100030e8:	d100      	bne.n	100030ec <_ftoa+0x254>
100030ea:	e0ac      	b.n	10003246 <_ftoa+0x3ae>
100030ec:	0026      	movs	r6, r4
100030ee:	4d43      	ldr	r5, [pc, #268]	@ (100031fc <_ftoa+0x364>)
100030f0:	9408      	str	r4, [sp, #32]
100030f2:	1f2f      	subs	r7, r5, #4
100030f4:	0032      	movs	r2, r6
100030f6:	78e8      	ldrb	r0, [r5, #3]
100030f8:	4643      	mov	r3, r8
100030fa:	4649      	mov	r1, r9
100030fc:	3d01      	subs	r5, #1
100030fe:	47d8      	blx	fp
10003100:	3601      	adds	r6, #1
10003102:	42bd      	cmp	r5, r7
10003104:	d1f6      	bne.n	100030f4 <_ftoa+0x25c>
10003106:	9c08      	ldr	r4, [sp, #32]
10003108:	9b06      	ldr	r3, [sp, #24]
1000310a:	3404      	adds	r4, #4
1000310c:	2b00      	cmp	r3, #0
1000310e:	d0bb      	beq.n	10003088 <_ftoa+0x1f0>
10003110:	4657      	mov	r7, sl
10003112:	9a21      	ldr	r2, [sp, #132]	@ 0x84
10003114:	1be3      	subs	r3, r4, r7
10003116:	429a      	cmp	r2, r3
10003118:	d9b6      	bls.n	10003088 <_ftoa+0x1f0>
1000311a:	0015      	movs	r5, r2
1000311c:	0022      	movs	r2, r4
1000311e:	4643      	mov	r3, r8
10003120:	4649      	mov	r1, r9
10003122:	2020      	movs	r0, #32
10003124:	3401      	adds	r4, #1
10003126:	47d8      	blx	fp
10003128:	1be3      	subs	r3, r4, r7
1000312a:	42ab      	cmp	r3, r5
1000312c:	d3f6      	bcc.n	1000311c <_ftoa+0x284>
1000312e:	e7ab      	b.n	10003088 <_ftoa+0x1f0>
10003130:	0028      	movs	r0, r5
10003132:	f7ff f91d 	bl	10002370 <__wrap___aeabi_i2d>
10003136:	0002      	movs	r2, r0
10003138:	000b      	movs	r3, r1
1000313a:	981e      	ldr	r0, [sp, #120]	@ 0x78
1000313c:	991f      	ldr	r1, [sp, #124]	@ 0x7c
1000313e:	f7ff f878 	bl	10002232 <__wrap___aeabi_dsub>
10003142:	4b2b      	ldr	r3, [pc, #172]	@ (100031f0 <_ftoa+0x358>)
10003144:	2200      	movs	r2, #0
10003146:	0006      	movs	r6, r0
10003148:	000f      	movs	r7, r1
1000314a:	f7ff f8e5 	bl	10002318 <__wrap___aeabi_dcmplt>
1000314e:	ab0c      	add	r3, sp, #48	@ 0x30
10003150:	9306      	str	r3, [sp, #24]
10003152:	2800      	cmp	r0, #0
10003154:	d000      	beq.n	10003158 <_ftoa+0x2c0>
10003156:	e74f      	b.n	10002ff8 <_ftoa+0x160>
10003158:	2200      	movs	r2, #0
1000315a:	0030      	movs	r0, r6
1000315c:	0039      	movs	r1, r7
1000315e:	4b24      	ldr	r3, [pc, #144]	@ (100031f0 <_ftoa+0x358>)
10003160:	f7ff f8f0 	bl	10002344 <__wrap___aeabi_dcmpgt>
10003164:	2800      	cmp	r0, #0
10003166:	d000      	beq.n	1000316a <_ftoa+0x2d2>
10003168:	e746      	b.n	10002ff8 <_ftoa+0x160>
1000316a:	2301      	movs	r3, #1
1000316c:	3501      	adds	r5, #1
1000316e:	439d      	bics	r5, r3
10003170:	e742      	b.n	10002ff8 <_ftoa+0x160>
10003172:	2200      	movs	r2, #0
10003174:	9806      	ldr	r0, [sp, #24]
10003176:	9907      	ldr	r1, [sp, #28]
10003178:	4b1d      	ldr	r3, [pc, #116]	@ (100031f0 <_ftoa+0x358>)
1000317a:	f7ff f8cd 	bl	10002318 <__wrap___aeabi_dcmplt>
1000317e:	2800      	cmp	r0, #0
10003180:	d000      	beq.n	10003184 <_ftoa+0x2ec>
10003182:	e71a      	b.n	10002fba <_ftoa+0x122>
10003184:	2f00      	cmp	r7, #0
10003186:	d159      	bne.n	1000323c <_ftoa+0x3a4>
10003188:	3701      	adds	r7, #1
1000318a:	e716      	b.n	10002fba <_ftoa+0x122>
1000318c:	2303      	movs	r3, #3
1000318e:	9a22      	ldr	r2, [sp, #136]	@ 0x88
10003190:	4013      	ands	r3, r2
10003192:	2b01      	cmp	r3, #1
10003194:	d100      	bne.n	10003198 <_ftoa+0x300>
10003196:	e0a6      	b.n	100032e6 <_ftoa+0x44e>
10003198:	2c20      	cmp	r4, #32
1000319a:	d100      	bne.n	1000319e <_ftoa+0x306>
1000319c:	e75d      	b.n	1000305a <_ftoa+0x1c2>
1000319e:	9b0b      	ldr	r3, [sp, #44]	@ 0x2c
100031a0:	2b00      	cmp	r3, #0
100031a2:	d03a      	beq.n	1000321a <_ftoa+0x382>
100031a4:	232d      	movs	r3, #45	@ 0x2d
100031a6:	9a06      	ldr	r2, [sp, #24]
100031a8:	5513      	strb	r3, [r2, r4]
100031aa:	3401      	adds	r4, #1
100031ac:	e755      	b.n	1000305a <_ftoa+0x1c2>
100031ae:	9d06      	ldr	r5, [sp, #24]
100031b0:	2c20      	cmp	r4, #32
100031b2:	d100      	bne.n	100031b6 <_ftoa+0x31e>
100031b4:	e71d      	b.n	10002ff2 <_ftoa+0x15a>
100031b6:	2330      	movs	r3, #48	@ 0x30
100031b8:	1936      	adds	r6, r6, r4
100031ba:	e006      	b.n	100031ca <_ftoa+0x332>
100031bc:	aa06      	add	r2, sp, #24
100031be:	3401      	adds	r4, #1
100031c0:	3217      	adds	r2, #23
100031c2:	5513      	strb	r3, [r2, r4]
100031c4:	2c20      	cmp	r4, #32
100031c6:	d100      	bne.n	100031ca <_ftoa+0x332>
100031c8:	e713      	b.n	10002ff2 <_ftoa+0x15a>
100031ca:	42a6      	cmp	r6, r4
100031cc:	d1f6      	bne.n	100031bc <_ftoa+0x324>
100031ce:	232e      	movs	r3, #46	@ 0x2e
100031d0:	aa0c      	add	r2, sp, #48	@ 0x30
100031d2:	3401      	adds	r4, #1
100031d4:	9206      	str	r2, [sp, #24]
100031d6:	5593      	strb	r3, [r2, r6]
100031d8:	e70e      	b.n	10002ff8 <_ftoa+0x160>
100031da:	46c0      	nop			@ (mov r8, r8)
100031dc:	ffefffff 	.word	0xffefffff
100031e0:	7fefffff 	.word	0x7fefffff
100031e4:	41cdcd65 	.word	0x41cdcd65
100031e8:	c1cdcd65 	.word	0xc1cdcd65
100031ec:	10007818 	.word	0x10007818
100031f0:	3fe00000 	.word	0x3fe00000
100031f4:	1000757c 	.word	0x1000757c
100031f8:	10007574 	.word	0x10007574
100031fc:	10007584 	.word	0x10007584
10003200:	230c      	movs	r3, #12
10003202:	9a22      	ldr	r2, [sp, #136]	@ 0x88
10003204:	4213      	tst	r3, r2
10003206:	d057      	beq.n	100032b8 <_ftoa+0x420>
10003208:	9b21      	ldr	r3, [sp, #132]	@ 0x84
1000320a:	3b01      	subs	r3, #1
1000320c:	9321      	str	r3, [sp, #132]	@ 0x84
1000320e:	42a3      	cmp	r3, r4
10003210:	d900      	bls.n	10003214 <_ftoa+0x37c>
10003212:	e716      	b.n	10003042 <_ftoa+0x1aa>
10003214:	2c20      	cmp	r4, #32
10003216:	d100      	bne.n	1000321a <_ftoa+0x382>
10003218:	e71f      	b.n	1000305a <_ftoa+0x1c2>
1000321a:	9b22      	ldr	r3, [sp, #136]	@ 0x88
1000321c:	075b      	lsls	r3, r3, #29
1000321e:	d504      	bpl.n	1000322a <_ftoa+0x392>
10003220:	232b      	movs	r3, #43	@ 0x2b
10003222:	9a06      	ldr	r2, [sp, #24]
10003224:	5513      	strb	r3, [r2, r4]
10003226:	3401      	adds	r4, #1
10003228:	e717      	b.n	1000305a <_ftoa+0x1c2>
1000322a:	9b22      	ldr	r3, [sp, #136]	@ 0x88
1000322c:	071b      	lsls	r3, r3, #28
1000322e:	d400      	bmi.n	10003232 <_ftoa+0x39a>
10003230:	e713      	b.n	1000305a <_ftoa+0x1c2>
10003232:	2320      	movs	r3, #32
10003234:	9a06      	ldr	r2, [sp, #24]
10003236:	5513      	strb	r3, [r2, r4]
10003238:	3401      	adds	r4, #1
1000323a:	e70e      	b.n	1000305a <_ftoa+0x1c2>
1000323c:	07fb      	lsls	r3, r7, #31
1000323e:	d400      	bmi.n	10003242 <_ftoa+0x3aa>
10003240:	e6bb      	b.n	10002fba <_ftoa+0x122>
10003242:	3701      	adds	r7, #1
10003244:	e6b9      	b.n	10002fba <_ftoa+0x122>
10003246:	9b21      	ldr	r3, [sp, #132]	@ 0x84
10003248:	2b04      	cmp	r3, #4
1000324a:	d800      	bhi.n	1000324e <_ftoa+0x3b6>
1000324c:	e74e      	b.n	100030ec <_ftoa+0x254>
1000324e:	4655      	mov	r5, sl
10003250:	464f      	mov	r7, r9
10003252:	3c04      	subs	r4, #4
10003254:	18e4      	adds	r4, r4, r3
10003256:	002a      	movs	r2, r5
10003258:	4643      	mov	r3, r8
1000325a:	3501      	adds	r5, #1
1000325c:	0039      	movs	r1, r7
1000325e:	2020      	movs	r0, #32
10003260:	47d8      	blx	fp
10003262:	42ac      	cmp	r4, r5
10003264:	d1f7      	bne.n	10003256 <_ftoa+0x3be>
10003266:	e741      	b.n	100030ec <_ftoa+0x254>
10003268:	2702      	movs	r7, #2
1000326a:	9b22      	ldr	r3, [sp, #136]	@ 0x88
1000326c:	4655      	mov	r5, sl
1000326e:	401f      	ands	r7, r3
10003270:	079b      	lsls	r3, r3, #30
10003272:	d026      	beq.n	100032c2 <_ftoa+0x42a>
10003274:	9706      	str	r7, [sp, #24]
10003276:	465f      	mov	r7, fp
10003278:	4e23      	ldr	r6, [pc, #140]	@ (10003308 <_ftoa+0x470>)
1000327a:	1cec      	adds	r4, r5, #3
1000327c:	002a      	movs	r2, r5
1000327e:	78b0      	ldrb	r0, [r6, #2]
10003280:	4643      	mov	r3, r8
10003282:	4649      	mov	r1, r9
10003284:	3501      	adds	r5, #1
10003286:	47b8      	blx	r7
10003288:	3e01      	subs	r6, #1
1000328a:	42ac      	cmp	r4, r5
1000328c:	d1f6      	bne.n	1000327c <_ftoa+0x3e4>
1000328e:	9f06      	ldr	r7, [sp, #24]
10003290:	2f00      	cmp	r7, #0
10003292:	d100      	bne.n	10003296 <_ftoa+0x3fe>
10003294:	e6f8      	b.n	10003088 <_ftoa+0x1f0>
10003296:	4657      	mov	r7, sl
10003298:	9a21      	ldr	r2, [sp, #132]	@ 0x84
1000329a:	1be3      	subs	r3, r4, r7
1000329c:	429a      	cmp	r2, r3
1000329e:	d800      	bhi.n	100032a2 <_ftoa+0x40a>
100032a0:	e6f2      	b.n	10003088 <_ftoa+0x1f0>
100032a2:	0015      	movs	r5, r2
100032a4:	0022      	movs	r2, r4
100032a6:	4643      	mov	r3, r8
100032a8:	4649      	mov	r1, r9
100032aa:	2020      	movs	r0, #32
100032ac:	3401      	adds	r4, #1
100032ae:	47d8      	blx	fp
100032b0:	1be3      	subs	r3, r4, r7
100032b2:	42ab      	cmp	r3, r5
100032b4:	d3f6      	bcc.n	100032a4 <_ftoa+0x40c>
100032b6:	e6e7      	b.n	10003088 <_ftoa+0x1f0>
100032b8:	9b21      	ldr	r3, [sp, #132]	@ 0x84
100032ba:	42a3      	cmp	r3, r4
100032bc:	d900      	bls.n	100032c0 <_ftoa+0x428>
100032be:	e6c0      	b.n	10003042 <_ftoa+0x1aa>
100032c0:	e6cb      	b.n	1000305a <_ftoa+0x1c2>
100032c2:	9b21      	ldr	r3, [sp, #132]	@ 0x84
100032c4:	2b03      	cmp	r3, #3
100032c6:	d9d5      	bls.n	10003274 <_ftoa+0x3dc>
100032c8:	9706      	str	r7, [sp, #24]
100032ca:	4654      	mov	r4, sl
100032cc:	464f      	mov	r7, r9
100032ce:	3d03      	subs	r5, #3
100032d0:	18ed      	adds	r5, r5, r3
100032d2:	0022      	movs	r2, r4
100032d4:	4643      	mov	r3, r8
100032d6:	3401      	adds	r4, #1
100032d8:	0039      	movs	r1, r7
100032da:	2020      	movs	r0, #32
100032dc:	47d8      	blx	fp
100032de:	42a5      	cmp	r5, r4
100032e0:	d1f7      	bne.n	100032d2 <_ftoa+0x43a>
100032e2:	9f06      	ldr	r7, [sp, #24]
100032e4:	e7c6      	b.n	10003274 <_ftoa+0x3dc>
100032e6:	9b21      	ldr	r3, [sp, #132]	@ 0x84
100032e8:	2b00      	cmp	r3, #0
100032ea:	d100      	bne.n	100032ee <_ftoa+0x456>
100032ec:	e754      	b.n	10003198 <_ftoa+0x300>
100032ee:	9b0b      	ldr	r3, [sp, #44]	@ 0x2c
100032f0:	2b00      	cmp	r3, #0
100032f2:	d085      	beq.n	10003200 <_ftoa+0x368>
100032f4:	9b21      	ldr	r3, [sp, #132]	@ 0x84
100032f6:	3b01      	subs	r3, #1
100032f8:	9321      	str	r3, [sp, #132]	@ 0x84
100032fa:	429c      	cmp	r4, r3
100032fc:	d200      	bcs.n	10003300 <_ftoa+0x468>
100032fe:	e6a0      	b.n	10003042 <_ftoa+0x1aa>
10003300:	2c20      	cmp	r4, #32
10003302:	d000      	beq.n	10003306 <_ftoa+0x46e>
10003304:	e74e      	b.n	100031a4 <_ftoa+0x30c>
10003306:	e6a8      	b.n	1000305a <_ftoa+0x1c2>
10003308:	10007580 	.word	0x10007580

1000330c <_etoa>:
1000330c:	b5f0      	push	{r4, r5, r6, r7, lr}
1000330e:	4645      	mov	r5, r8
10003310:	46de      	mov	lr, fp
10003312:	4657      	mov	r7, sl
10003314:	464e      	mov	r6, r9
10003316:	b5e0      	push	{r5, r6, r7, lr}
10003318:	b09b      	sub	sp, #108	@ 0x6c
1000331a:	9c24      	ldr	r4, [sp, #144]	@ 0x90
1000331c:	9d25      	ldr	r5, [sp, #148]	@ 0x94
1000331e:	4682      	mov	sl, r0
10003320:	4688      	mov	r8, r1
10003322:	4693      	mov	fp, r2
10003324:	4699      	mov	r9, r3
10003326:	0022      	movs	r2, r4
10003328:	002b      	movs	r3, r5
1000332a:	0020      	movs	r0, r4
1000332c:	0029      	movs	r1, r5
1000332e:	f7ff f80e 	bl	1000234e <__wrap___aeabi_dcmpun>
10003332:	2800      	cmp	r0, #0
10003334:	d000      	beq.n	10003338 <_etoa+0x2c>
10003336:	e0c1      	b.n	100034bc <_etoa+0x1b0>
10003338:	2201      	movs	r2, #1
1000333a:	0020      	movs	r0, r4
1000333c:	0029      	movs	r1, r5
1000333e:	4b7c      	ldr	r3, [pc, #496]	@ (10003530 <_etoa+0x224>)
10003340:	4252      	negs	r2, r2
10003342:	f7fe ffff 	bl	10002344 <__wrap___aeabi_dcmpgt>
10003346:	2800      	cmp	r0, #0
10003348:	d000      	beq.n	1000334c <_etoa+0x40>
1000334a:	e0b7      	b.n	100034bc <_etoa+0x1b0>
1000334c:	2201      	movs	r2, #1
1000334e:	0020      	movs	r0, r4
10003350:	0029      	movs	r1, r5
10003352:	4b78      	ldr	r3, [pc, #480]	@ (10003534 <_etoa+0x228>)
10003354:	4252      	negs	r2, r2
10003356:	f7fe ffdf 	bl	10002318 <__wrap___aeabi_dcmplt>
1000335a:	2800      	cmp	r0, #0
1000335c:	d000      	beq.n	10003360 <_etoa+0x54>
1000335e:	e0ad      	b.n	100034bc <_etoa+0x1b0>
10003360:	2200      	movs	r2, #0
10003362:	2300      	movs	r3, #0
10003364:	0020      	movs	r0, r4
10003366:	0029      	movs	r1, r5
10003368:	f7fe ffd6 	bl	10002318 <__wrap___aeabi_dcmplt>
1000336c:	2800      	cmp	r0, #0
1000336e:	d000      	beq.n	10003372 <_etoa+0x66>
10003370:	e1bb      	b.n	100036ea <_etoa+0x3de>
10003372:	9408      	str	r4, [sp, #32]
10003374:	9509      	str	r5, [sp, #36]	@ 0x24
10003376:	9808      	ldr	r0, [sp, #32]
10003378:	9909      	ldr	r1, [sp, #36]	@ 0x24
1000337a:	2380      	movs	r3, #128	@ 0x80
1000337c:	9a28      	ldr	r2, [sp, #160]	@ 0xa0
1000337e:	00db      	lsls	r3, r3, #3
10003380:	401a      	ands	r2, r3
10003382:	920f      	str	r2, [sp, #60]	@ 0x3c
10003384:	2280      	movs	r2, #128	@ 0x80
10003386:	9e28      	ldr	r6, [sp, #160]	@ 0xa0
10003388:	0112      	lsls	r2, r2, #4
1000338a:	4016      	ands	r6, r2
1000338c:	0032      	movs	r2, r6
1000338e:	960e      	str	r6, [sp, #56]	@ 0x38
10003390:	9e28      	ldr	r6, [sp, #160]	@ 0xa0
10003392:	000f      	movs	r7, r1
10003394:	900a      	str	r0, [sp, #40]	@ 0x28
10003396:	421e      	tst	r6, r3
10003398:	d000      	beq.n	1000339c <_etoa+0x90>
1000339a:	e0a4      	b.n	100034e6 <_etoa+0x1da>
1000339c:	000b      	movs	r3, r1
1000339e:	4303      	orrs	r3, r0
100033a0:	d000      	beq.n	100033a4 <_etoa+0x98>
100033a2:	e0cb      	b.n	1000353c <_etoa+0x230>
100033a4:	2a00      	cmp	r2, #0
100033a6:	d000      	beq.n	100033aa <_etoa+0x9e>
100033a8:	e212      	b.n	100037d0 <_etoa+0x4c4>
100033aa:	0032      	movs	r2, r6
100033ac:	3306      	adds	r3, #6
100033ae:	9326      	str	r3, [sp, #152]	@ 0x98
100033b0:	2302      	movs	r3, #2
100033b2:	4013      	ands	r3, r2
100033b4:	930c      	str	r3, [sp, #48]	@ 0x30
100033b6:	2302      	movs	r3, #2
100033b8:	4213      	tst	r3, r2
100033ba:	d000      	beq.n	100033be <_etoa+0xb2>
100033bc:	e20a      	b.n	100037d4 <_etoa+0x4c8>
100033be:	9b27      	ldr	r3, [sp, #156]	@ 0x9c
100033c0:	2b04      	cmp	r3, #4
100033c2:	d200      	bcs.n	100033c6 <_etoa+0xba>
100033c4:	e215      	b.n	100037f2 <_etoa+0x4e6>
100033c6:	2700      	movs	r7, #0
100033c8:	2604      	movs	r6, #4
100033ca:	3b04      	subs	r3, #4
100033cc:	930e      	str	r3, [sp, #56]	@ 0x38
100033ce:	2200      	movs	r2, #0
100033d0:	2300      	movs	r3, #0
100033d2:	0020      	movs	r0, r4
100033d4:	0029      	movs	r1, r5
100033d6:	f7fe ff9f 	bl	10002318 <__wrap___aeabi_dcmplt>
100033da:	2800      	cmp	r0, #0
100033dc:	d000      	beq.n	100033e0 <_etoa+0xd4>
100033de:	e1c8      	b.n	10003772 <_etoa+0x466>
100033e0:	4b55      	ldr	r3, [pc, #340]	@ (10003538 <_etoa+0x22c>)
100033e2:	9a28      	ldr	r2, [sp, #160]	@ 0xa0
100033e4:	4013      	ands	r3, r2
100033e6:	9304      	str	r3, [sp, #16]
100033e8:	9b0e      	ldr	r3, [sp, #56]	@ 0x38
100033ea:	9303      	str	r3, [sp, #12]
100033ec:	9b26      	ldr	r3, [sp, #152]	@ 0x98
100033ee:	9302      	str	r3, [sp, #8]
100033f0:	9b08      	ldr	r3, [sp, #32]
100033f2:	9c09      	ldr	r4, [sp, #36]	@ 0x24
100033f4:	9300      	str	r3, [sp, #0]
100033f6:	9401      	str	r4, [sp, #4]
100033f8:	4641      	mov	r1, r8
100033fa:	464b      	mov	r3, r9
100033fc:	465a      	mov	r2, fp
100033fe:	4650      	mov	r0, sl
10003400:	f7ff fd4a 	bl	10002e98 <_ftoa>
10003404:	0002      	movs	r2, r0
10003406:	2020      	movs	r0, #32
10003408:	9b28      	ldr	r3, [sp, #160]	@ 0xa0
1000340a:	2500      	movs	r5, #0
1000340c:	4003      	ands	r3, r0
1000340e:	4259      	negs	r1, r3
10003410:	414b      	adcs	r3, r1
10003412:	425b      	negs	r3, r3
10003414:	4018      	ands	r0, r3
10003416:	1c53      	adds	r3, r2, #1
10003418:	9308      	str	r3, [sp, #32]
1000341a:	4641      	mov	r1, r8
1000341c:	464b      	mov	r3, r9
1000341e:	3045      	adds	r0, #69	@ 0x45
10003420:	47d0      	blx	sl
10003422:	17fb      	asrs	r3, r7, #31
10003424:	18fc      	adds	r4, r7, r3
10003426:	405c      	eors	r4, r3
10003428:	0ffb      	lsrs	r3, r7, #31
1000342a:	271f      	movs	r7, #31
1000342c:	930a      	str	r3, [sp, #40]	@ 0x28
1000342e:	1e73      	subs	r3, r6, #1
10003430:	930e      	str	r3, [sp, #56]	@ 0x38
10003432:	ab0a      	add	r3, sp, #40	@ 0x28
10003434:	18ff      	adds	r7, r7, r3
10003436:	e006      	b.n	10003446 <_etoa+0x13a>
10003438:	0020      	movs	r0, r4
1000343a:	210a      	movs	r1, #10
1000343c:	f7fe fcbe 	bl	10001dbc <__wrap___aeabi_uidiv>
10003440:	0004      	movs	r4, r0
10003442:	2d20      	cmp	r5, #32
10003444:	d008      	beq.n	10003458 <_etoa+0x14c>
10003446:	210a      	movs	r1, #10
10003448:	0020      	movs	r0, r4
1000344a:	f7fe fcb7 	bl	10001dbc <__wrap___aeabi_uidiv>
1000344e:	3501      	adds	r5, #1
10003450:	3130      	adds	r1, #48	@ 0x30
10003452:	5579      	strb	r1, [r7, r5]
10003454:	2c09      	cmp	r4, #9
10003456:	d8ef      	bhi.n	10003438 <_etoa+0x12c>
10003458:	2305      	movs	r3, #5
1000345a:	9306      	str	r3, [sp, #24]
1000345c:	9b0e      	ldr	r3, [sp, #56]	@ 0x38
1000345e:	4656      	mov	r6, sl
10003460:	9305      	str	r3, [sp, #20]
10003462:	2300      	movs	r3, #0
10003464:	9304      	str	r3, [sp, #16]
10003466:	330a      	adds	r3, #10
10003468:	9303      	str	r3, [sp, #12]
1000346a:	9b0a      	ldr	r3, [sp, #40]	@ 0x28
1000346c:	4641      	mov	r1, r8
1000346e:	9302      	str	r3, [sp, #8]
10003470:	ab12      	add	r3, sp, #72	@ 0x48
10003472:	9300      	str	r3, [sp, #0]
10003474:	0030      	movs	r0, r6
10003476:	464b      	mov	r3, r9
10003478:	9a08      	ldr	r2, [sp, #32]
1000347a:	9501      	str	r5, [sp, #4]
1000347c:	f7ff fc10 	bl	10002ca0 <_ntoa_format>
10003480:	9b0c      	ldr	r3, [sp, #48]	@ 0x30
10003482:	2b00      	cmp	r3, #0
10003484:	d028      	beq.n	100034d8 <_etoa+0x1cc>
10003486:	465f      	mov	r7, fp
10003488:	9b27      	ldr	r3, [sp, #156]	@ 0x9c
1000348a:	1bc4      	subs	r4, r0, r7
1000348c:	42a3      	cmp	r3, r4
1000348e:	d923      	bls.n	100034d8 <_etoa+0x1cc>
10003490:	4682      	mov	sl, r0
10003492:	001d      	movs	r5, r3
10003494:	193a      	adds	r2, r7, r4
10003496:	464b      	mov	r3, r9
10003498:	4641      	mov	r1, r8
1000349a:	2020      	movs	r0, #32
1000349c:	3401      	adds	r4, #1
1000349e:	47b0      	blx	r6
100034a0:	42a5      	cmp	r5, r4
100034a2:	d8f7      	bhi.n	10003494 <_etoa+0x188>
100034a4:	4650      	mov	r0, sl
100034a6:	4659      	mov	r1, fp
100034a8:	9c27      	ldr	r4, [sp, #156]	@ 0x9c
100034aa:	1a42      	subs	r2, r0, r1
100034ac:	3201      	adds	r2, #1
100034ae:	2300      	movs	r3, #0
100034b0:	4294      	cmp	r4, r2
100034b2:	d300      	bcc.n	100034b6 <_etoa+0x1aa>
100034b4:	e195      	b.n	100037e2 <_etoa+0x4d6>
100034b6:	3001      	adds	r0, #1
100034b8:	1818      	adds	r0, r3, r0
100034ba:	e00d      	b.n	100034d8 <_etoa+0x1cc>
100034bc:	9b28      	ldr	r3, [sp, #160]	@ 0xa0
100034be:	9400      	str	r4, [sp, #0]
100034c0:	9501      	str	r5, [sp, #4]
100034c2:	9304      	str	r3, [sp, #16]
100034c4:	9b27      	ldr	r3, [sp, #156]	@ 0x9c
100034c6:	9303      	str	r3, [sp, #12]
100034c8:	9b26      	ldr	r3, [sp, #152]	@ 0x98
100034ca:	9302      	str	r3, [sp, #8]
100034cc:	464b      	mov	r3, r9
100034ce:	465a      	mov	r2, fp
100034d0:	4641      	mov	r1, r8
100034d2:	4650      	mov	r0, sl
100034d4:	f7ff fce0 	bl	10002e98 <_ftoa>
100034d8:	b01b      	add	sp, #108	@ 0x6c
100034da:	bcf0      	pop	{r4, r5, r6, r7}
100034dc:	46bb      	mov	fp, r7
100034de:	46b2      	mov	sl, r6
100034e0:	46a9      	mov	r9, r5
100034e2:	46a0      	mov	r8, r4
100034e4:	bdf0      	pop	{r4, r5, r6, r7, pc}
100034e6:	4301      	orrs	r1, r0
100034e8:	d12a      	bne.n	10003540 <_etoa+0x234>
100034ea:	9b0e      	ldr	r3, [sp, #56]	@ 0x38
100034ec:	0032      	movs	r2, r6
100034ee:	2b00      	cmp	r3, #0
100034f0:	d100      	bne.n	100034f4 <_etoa+0x1e8>
100034f2:	e75d      	b.n	100033b0 <_etoa+0xa4>
100034f4:	2700      	movs	r7, #0
100034f6:	9b26      	ldr	r3, [sp, #152]	@ 0x98
100034f8:	2600      	movs	r6, #0
100034fa:	42bb      	cmp	r3, r7
100034fc:	dd00      	ble.n	10003500 <_etoa+0x1f4>
100034fe:	e182      	b.n	10003806 <_etoa+0x4fa>
10003500:	2200      	movs	r2, #0
10003502:	2300      	movs	r3, #0
10003504:	0020      	movs	r0, r4
10003506:	0029      	movs	r1, r5
10003508:	f7fe ff06 	bl	10002318 <__wrap___aeabi_dcmplt>
1000350c:	2800      	cmp	r0, #0
1000350e:	d000      	beq.n	10003512 <_etoa+0x206>
10003510:	e14b      	b.n	100037aa <_etoa+0x49e>
10003512:	9b28      	ldr	r3, [sp, #160]	@ 0xa0
10003514:	4a08      	ldr	r2, [pc, #32]	@ (10003538 <_etoa+0x22c>)
10003516:	9602      	str	r6, [sp, #8]
10003518:	401a      	ands	r2, r3
1000351a:	2380      	movs	r3, #128	@ 0x80
1000351c:	00db      	lsls	r3, r3, #3
1000351e:	4313      	orrs	r3, r2
10003520:	9304      	str	r3, [sp, #16]
10003522:	9b27      	ldr	r3, [sp, #156]	@ 0x9c
10003524:	9303      	str	r3, [sp, #12]
10003526:	9b08      	ldr	r3, [sp, #32]
10003528:	9c09      	ldr	r4, [sp, #36]	@ 0x24
1000352a:	9300      	str	r3, [sp, #0]
1000352c:	9401      	str	r4, [sp, #4]
1000352e:	e7cd      	b.n	100034cc <_etoa+0x1c0>
10003530:	7fefffff 	.word	0x7fefffff
10003534:	ffefffff 	.word	0xffefffff
10003538:	fffff7ff 	.word	0xfffff7ff
1000353c:	2306      	movs	r3, #6
1000353e:	9326      	str	r3, [sp, #152]	@ 0x98
10003540:	4bb2      	ldr	r3, [pc, #712]	@ (1000380c <_etoa+0x500>)
10003542:	0078      	lsls	r0, r7, #1
10003544:	0d40      	lsrs	r0, r0, #21
10003546:	18c0      	adds	r0, r0, r3
10003548:	f7fe ff12 	bl	10002370 <__wrap___aeabi_i2d>
1000354c:	4ab0      	ldr	r2, [pc, #704]	@ (10003810 <_etoa+0x504>)
1000354e:	4bb1      	ldr	r3, [pc, #708]	@ (10003814 <_etoa+0x508>)
10003550:	f7fe fe9f 	bl	10002292 <__wrap___aeabi_dmul>
10003554:	4ab0      	ldr	r2, [pc, #704]	@ (10003818 <_etoa+0x50c>)
10003556:	4bb1      	ldr	r3, [pc, #708]	@ (1000381c <_etoa+0x510>)
10003558:	f7fe fe74 	bl	10002244 <__wrap___aeabi_dadd>
1000355c:	033f      	lsls	r7, r7, #12
1000355e:	4bb0      	ldr	r3, [pc, #704]	@ (10003820 <_etoa+0x514>)
10003560:	0b3f      	lsrs	r7, r7, #12
10003562:	433b      	orrs	r3, r7
10003564:	900c      	str	r0, [sp, #48]	@ 0x30
10003566:	910d      	str	r1, [sp, #52]	@ 0x34
10003568:	2200      	movs	r2, #0
1000356a:	980a      	ldr	r0, [sp, #40]	@ 0x28
1000356c:	0019      	movs	r1, r3
1000356e:	4bad      	ldr	r3, [pc, #692]	@ (10003824 <_etoa+0x518>)
10003570:	f7fe fe5f 	bl	10002232 <__wrap___aeabi_dsub>
10003574:	4aac      	ldr	r2, [pc, #688]	@ (10003828 <_etoa+0x51c>)
10003576:	4bad      	ldr	r3, [pc, #692]	@ (1000382c <_etoa+0x520>)
10003578:	f7fe fe8b 	bl	10002292 <__wrap___aeabi_dmul>
1000357c:	0002      	movs	r2, r0
1000357e:	000b      	movs	r3, r1
10003580:	980c      	ldr	r0, [sp, #48]	@ 0x30
10003582:	990d      	ldr	r1, [sp, #52]	@ 0x34
10003584:	f7fe fe5e 	bl	10002244 <__wrap___aeabi_dadd>
10003588:	f7fe ff0a 	bl	100023a0 <__wrap___aeabi_d2iz>
1000358c:	0007      	movs	r7, r0
1000358e:	f7fe feef 	bl	10002370 <__wrap___aeabi_i2d>
10003592:	4aa7      	ldr	r2, [pc, #668]	@ (10003830 <_etoa+0x524>)
10003594:	4ba7      	ldr	r3, [pc, #668]	@ (10003834 <_etoa+0x528>)
10003596:	900a      	str	r0, [sp, #40]	@ 0x28
10003598:	910b      	str	r1, [sp, #44]	@ 0x2c
1000359a:	f7fe fe7a 	bl	10002292 <__wrap___aeabi_dmul>
1000359e:	2200      	movs	r2, #0
100035a0:	4ba5      	ldr	r3, [pc, #660]	@ (10003838 <_etoa+0x52c>)
100035a2:	f7fe fe4f 	bl	10002244 <__wrap___aeabi_dadd>
100035a6:	f7fe fefb 	bl	100023a0 <__wrap___aeabi_d2iz>
100035aa:	4aa4      	ldr	r2, [pc, #656]	@ (1000383c <_etoa+0x530>)
100035ac:	0006      	movs	r6, r0
100035ae:	980a      	ldr	r0, [sp, #40]	@ 0x28
100035b0:	990b      	ldr	r1, [sp, #44]	@ 0x2c
100035b2:	4ba3      	ldr	r3, [pc, #652]	@ (10003840 <_etoa+0x534>)
100035b4:	f7fe fe6d 	bl	10002292 <__wrap___aeabi_dmul>
100035b8:	900a      	str	r0, [sp, #40]	@ 0x28
100035ba:	910b      	str	r1, [sp, #44]	@ 0x2c
100035bc:	0030      	movs	r0, r6
100035be:	f7fe fed7 	bl	10002370 <__wrap___aeabi_i2d>
100035c2:	4aa0      	ldr	r2, [pc, #640]	@ (10003844 <_etoa+0x538>)
100035c4:	4ba0      	ldr	r3, [pc, #640]	@ (10003848 <_etoa+0x53c>)
100035c6:	f7fe fe64 	bl	10002292 <__wrap___aeabi_dmul>
100035ca:	0002      	movs	r2, r0
100035cc:	000b      	movs	r3, r1
100035ce:	980a      	ldr	r0, [sp, #40]	@ 0x28
100035d0:	990b      	ldr	r1, [sp, #44]	@ 0x2c
100035d2:	f7fe fe2e 	bl	10002232 <__wrap___aeabi_dsub>
100035d6:	0002      	movs	r2, r0
100035d8:	000b      	movs	r3, r1
100035da:	900a      	str	r0, [sp, #40]	@ 0x28
100035dc:	910b      	str	r1, [sp, #44]	@ 0x2c
100035de:	f7fe fe58 	bl	10002292 <__wrap___aeabi_dmul>
100035e2:	900c      	str	r0, [sp, #48]	@ 0x30
100035e4:	910d      	str	r1, [sp, #52]	@ 0x34
100035e6:	980a      	ldr	r0, [sp, #40]	@ 0x28
100035e8:	990b      	ldr	r1, [sp, #44]	@ 0x2c
100035ea:	0002      	movs	r2, r0
100035ec:	000b      	movs	r3, r1
100035ee:	f7fe fe29 	bl	10002244 <__wrap___aeabi_dadd>
100035f2:	2200      	movs	r2, #0
100035f4:	9010      	str	r0, [sp, #64]	@ 0x40
100035f6:	9111      	str	r1, [sp, #68]	@ 0x44
100035f8:	980c      	ldr	r0, [sp, #48]	@ 0x30
100035fa:	990d      	ldr	r1, [sp, #52]	@ 0x34
100035fc:	4b93      	ldr	r3, [pc, #588]	@ (1000384c <_etoa+0x540>)
100035fe:	f7fe fe2a 	bl	10002256 <__wrap___aeabi_ddiv>
10003602:	2200      	movs	r2, #0
10003604:	4b92      	ldr	r3, [pc, #584]	@ (10003850 <_etoa+0x544>)
10003606:	f7fe fe1d 	bl	10002244 <__wrap___aeabi_dadd>
1000360a:	0002      	movs	r2, r0
1000360c:	000b      	movs	r3, r1
1000360e:	980c      	ldr	r0, [sp, #48]	@ 0x30
10003610:	990d      	ldr	r1, [sp, #52]	@ 0x34
10003612:	f7fe fe20 	bl	10002256 <__wrap___aeabi_ddiv>
10003616:	2200      	movs	r2, #0
10003618:	4b8e      	ldr	r3, [pc, #568]	@ (10003854 <_etoa+0x548>)
1000361a:	f7fe fe13 	bl	10002244 <__wrap___aeabi_dadd>
1000361e:	0002      	movs	r2, r0
10003620:	000b      	movs	r3, r1
10003622:	980c      	ldr	r0, [sp, #48]	@ 0x30
10003624:	990d      	ldr	r1, [sp, #52]	@ 0x34
10003626:	f7fe fe16 	bl	10002256 <__wrap___aeabi_ddiv>
1000362a:	9a0a      	ldr	r2, [sp, #40]	@ 0x28
1000362c:	9b0b      	ldr	r3, [sp, #44]	@ 0x2c
1000362e:	900c      	str	r0, [sp, #48]	@ 0x30
10003630:	910d      	str	r1, [sp, #52]	@ 0x34
10003632:	2180      	movs	r1, #128	@ 0x80
10003634:	2000      	movs	r0, #0
10003636:	05c9      	lsls	r1, r1, #23
10003638:	f7fe fdfb 	bl	10002232 <__wrap___aeabi_dsub>
1000363c:	0002      	movs	r2, r0
1000363e:	000b      	movs	r3, r1
10003640:	980c      	ldr	r0, [sp, #48]	@ 0x30
10003642:	990d      	ldr	r1, [sp, #52]	@ 0x34
10003644:	f7fe fdfe 	bl	10002244 <__wrap___aeabi_dadd>
10003648:	0002      	movs	r2, r0
1000364a:	000b      	movs	r3, r1
1000364c:	9810      	ldr	r0, [sp, #64]	@ 0x40
1000364e:	9911      	ldr	r1, [sp, #68]	@ 0x44
10003650:	f7fe fe01 	bl	10002256 <__wrap___aeabi_ddiv>
10003654:	2200      	movs	r2, #0
10003656:	4b72      	ldr	r3, [pc, #456]	@ (10003820 <_etoa+0x514>)
10003658:	f7fe fdf4 	bl	10002244 <__wrap___aeabi_dadd>
1000365c:	4b7e      	ldr	r3, [pc, #504]	@ (10003858 <_etoa+0x54c>)
1000365e:	2200      	movs	r2, #0
10003660:	18f6      	adds	r6, r6, r3
10003662:	0533      	lsls	r3, r6, #20
10003664:	f7fe fe15 	bl	10002292 <__wrap___aeabi_dmul>
10003668:	0002      	movs	r2, r0
1000366a:	000b      	movs	r3, r1
1000366c:	900a      	str	r0, [sp, #40]	@ 0x28
1000366e:	910b      	str	r1, [sp, #44]	@ 0x2c
10003670:	9808      	ldr	r0, [sp, #32]
10003672:	9909      	ldr	r1, [sp, #36]	@ 0x24
10003674:	f7fe fe50 	bl	10002318 <__wrap___aeabi_dcmplt>
10003678:	2800      	cmp	r0, #0
1000367a:	d008      	beq.n	1000368e <_etoa+0x382>
1000367c:	980a      	ldr	r0, [sp, #40]	@ 0x28
1000367e:	990b      	ldr	r1, [sp, #44]	@ 0x2c
10003680:	2200      	movs	r2, #0
10003682:	4b73      	ldr	r3, [pc, #460]	@ (10003850 <_etoa+0x544>)
10003684:	f7fe fde7 	bl	10002256 <__wrap___aeabi_ddiv>
10003688:	900a      	str	r0, [sp, #40]	@ 0x28
1000368a:	910b      	str	r1, [sp, #44]	@ 0x2c
1000368c:	3f01      	subs	r7, #1
1000368e:	990a      	ldr	r1, [sp, #40]	@ 0x28
10003690:	9a0b      	ldr	r2, [sp, #44]	@ 0x2c
10003692:	000b      	movs	r3, r1
10003694:	0011      	movs	r1, r2
10003696:	003a      	movs	r2, r7
10003698:	3263      	adds	r2, #99	@ 0x63
1000369a:	2ac6      	cmp	r2, #198	@ 0xc6
1000369c:	d812      	bhi.n	100036c4 <_etoa+0x3b8>
1000369e:	2202      	movs	r2, #2
100036a0:	9828      	ldr	r0, [sp, #160]	@ 0xa0
100036a2:	2604      	movs	r6, #4
100036a4:	4010      	ands	r0, r2
100036a6:	9a0e      	ldr	r2, [sp, #56]	@ 0x38
100036a8:	900c      	str	r0, [sp, #48]	@ 0x30
100036aa:	2a00      	cmp	r2, #0
100036ac:	d126      	bne.n	100036fc <_etoa+0x3f0>
100036ae:	9b27      	ldr	r3, [sp, #156]	@ 0x9c
100036b0:	2b04      	cmp	r3, #4
100036b2:	d905      	bls.n	100036c0 <_etoa+0x3b4>
100036b4:	2800      	cmp	r0, #0
100036b6:	d000      	beq.n	100036ba <_etoa+0x3ae>
100036b8:	e0a1      	b.n	100037fe <_etoa+0x4f2>
100036ba:	9b27      	ldr	r3, [sp, #156]	@ 0x9c
100036bc:	3b04      	subs	r3, #4
100036be:	930e      	str	r3, [sp, #56]	@ 0x38
100036c0:	2604      	movs	r6, #4
100036c2:	e042      	b.n	1000374a <_etoa+0x43e>
100036c4:	2202      	movs	r2, #2
100036c6:	9828      	ldr	r0, [sp, #160]	@ 0xa0
100036c8:	4010      	ands	r0, r2
100036ca:	9a0e      	ldr	r2, [sp, #56]	@ 0x38
100036cc:	900c      	str	r0, [sp, #48]	@ 0x30
100036ce:	2a00      	cmp	r2, #0
100036d0:	d113      	bne.n	100036fa <_etoa+0x3ee>
100036d2:	9b27      	ldr	r3, [sp, #156]	@ 0x9c
100036d4:	2b05      	cmp	r3, #5
100036d6:	d800      	bhi.n	100036da <_etoa+0x3ce>
100036d8:	e089      	b.n	100037ee <_etoa+0x4e2>
100036da:	2800      	cmp	r0, #0
100036dc:	d000      	beq.n	100036e0 <_etoa+0x3d4>
100036de:	e084      	b.n	100037ea <_etoa+0x4de>
100036e0:	9b27      	ldr	r3, [sp, #156]	@ 0x9c
100036e2:	2605      	movs	r6, #5
100036e4:	3b05      	subs	r3, #5
100036e6:	930e      	str	r3, [sp, #56]	@ 0x38
100036e8:	e032      	b.n	10003750 <_etoa+0x444>
100036ea:	2380      	movs	r3, #128	@ 0x80
100036ec:	061b      	lsls	r3, r3, #24
100036ee:	469c      	mov	ip, r3
100036f0:	44ac      	add	ip, r5
100036f2:	4663      	mov	r3, ip
100036f4:	9408      	str	r4, [sp, #32]
100036f6:	9309      	str	r3, [sp, #36]	@ 0x24
100036f8:	e63d      	b.n	10003376 <_etoa+0x6a>
100036fa:	2605      	movs	r6, #5
100036fc:	430b      	orrs	r3, r1
100036fe:	d100      	bne.n	10003702 <_etoa+0x3f6>
10003700:	e6f9      	b.n	100034f6 <_etoa+0x1ea>
10003702:	9808      	ldr	r0, [sp, #32]
10003704:	9909      	ldr	r1, [sp, #36]	@ 0x24
10003706:	4a55      	ldr	r2, [pc, #340]	@ (1000385c <_etoa+0x550>)
10003708:	4b55      	ldr	r3, [pc, #340]	@ (10003860 <_etoa+0x554>)
1000370a:	f7fe fe13 	bl	10002334 <__wrap___aeabi_dcmpge>
1000370e:	2800      	cmp	r0, #0
10003710:	d008      	beq.n	10003724 <_etoa+0x418>
10003712:	9808      	ldr	r0, [sp, #32]
10003714:	9909      	ldr	r1, [sp, #36]	@ 0x24
10003716:	2200      	movs	r2, #0
10003718:	4b52      	ldr	r3, [pc, #328]	@ (10003864 <_etoa+0x558>)
1000371a:	f7fe fdfd 	bl	10002318 <__wrap___aeabi_dcmplt>
1000371e:	2800      	cmp	r0, #0
10003720:	d000      	beq.n	10003724 <_etoa+0x418>
10003722:	e6e8      	b.n	100034f6 <_etoa+0x1ea>
10003724:	9b26      	ldr	r3, [sp, #152]	@ 0x98
10003726:	2b00      	cmp	r3, #0
10003728:	d034      	beq.n	10003794 <_etoa+0x488>
1000372a:	9b0f      	ldr	r3, [sp, #60]	@ 0x3c
1000372c:	2b00      	cmp	r3, #0
1000372e:	d031      	beq.n	10003794 <_etoa+0x488>
10003730:	9b26      	ldr	r3, [sp, #152]	@ 0x98
10003732:	3b01      	subs	r3, #1
10003734:	9326      	str	r3, [sp, #152]	@ 0x98
10003736:	9b27      	ldr	r3, [sp, #156]	@ 0x9c
10003738:	42b3      	cmp	r3, r6
1000373a:	d904      	bls.n	10003746 <_etoa+0x43a>
1000373c:	9b0c      	ldr	r3, [sp, #48]	@ 0x30
1000373e:	2b00      	cmp	r3, #0
10003740:	d059      	beq.n	100037f6 <_etoa+0x4ea>
10003742:	2302      	movs	r3, #2
10003744:	930c      	str	r3, [sp, #48]	@ 0x30
10003746:	2300      	movs	r3, #0
10003748:	930e      	str	r3, [sp, #56]	@ 0x38
1000374a:	2f00      	cmp	r7, #0
1000374c:	d100      	bne.n	10003750 <_etoa+0x444>
1000374e:	e63e      	b.n	100033ce <_etoa+0xc2>
10003750:	9a0a      	ldr	r2, [sp, #40]	@ 0x28
10003752:	9b0b      	ldr	r3, [sp, #44]	@ 0x2c
10003754:	9808      	ldr	r0, [sp, #32]
10003756:	9909      	ldr	r1, [sp, #36]	@ 0x24
10003758:	f7fe fd7d 	bl	10002256 <__wrap___aeabi_ddiv>
1000375c:	2200      	movs	r2, #0
1000375e:	9008      	str	r0, [sp, #32]
10003760:	9109      	str	r1, [sp, #36]	@ 0x24
10003762:	2300      	movs	r3, #0
10003764:	0020      	movs	r0, r4
10003766:	0029      	movs	r1, r5
10003768:	f7fe fdd6 	bl	10002318 <__wrap___aeabi_dcmplt>
1000376c:	2800      	cmp	r0, #0
1000376e:	d100      	bne.n	10003772 <_etoa+0x466>
10003770:	e636      	b.n	100033e0 <_etoa+0xd4>
10003772:	9c08      	ldr	r4, [sp, #32]
10003774:	9d09      	ldr	r5, [sp, #36]	@ 0x24
10003776:	9a28      	ldr	r2, [sp, #160]	@ 0xa0
10003778:	2080      	movs	r0, #128	@ 0x80
1000377a:	4b3b      	ldr	r3, [pc, #236]	@ (10003868 <_etoa+0x55c>)
1000377c:	0600      	lsls	r0, r0, #24
1000377e:	4013      	ands	r3, r2
10003780:	0022      	movs	r2, r4
10003782:	9304      	str	r3, [sp, #16]
10003784:	9b0e      	ldr	r3, [sp, #56]	@ 0x38
10003786:	9303      	str	r3, [sp, #12]
10003788:	9b26      	ldr	r3, [sp, #152]	@ 0x98
1000378a:	9302      	str	r3, [sp, #8]
1000378c:	182b      	adds	r3, r5, r0
1000378e:	9200      	str	r2, [sp, #0]
10003790:	9301      	str	r3, [sp, #4]
10003792:	e631      	b.n	100033f8 <_etoa+0xec>
10003794:	9b27      	ldr	r3, [sp, #156]	@ 0x9c
10003796:	42b3      	cmp	r3, r6
10003798:	d9d5      	bls.n	10003746 <_etoa+0x43a>
1000379a:	9b0c      	ldr	r3, [sp, #48]	@ 0x30
1000379c:	2b00      	cmp	r3, #0
1000379e:	d02a      	beq.n	100037f6 <_etoa+0x4ea>
100037a0:	2300      	movs	r3, #0
100037a2:	930e      	str	r3, [sp, #56]	@ 0x38
100037a4:	3302      	adds	r3, #2
100037a6:	930c      	str	r3, [sp, #48]	@ 0x30
100037a8:	e7cf      	b.n	1000374a <_etoa+0x43e>
100037aa:	9b28      	ldr	r3, [sp, #160]	@ 0xa0
100037ac:	4a2e      	ldr	r2, [pc, #184]	@ (10003868 <_etoa+0x55c>)
100037ae:	2080      	movs	r0, #128	@ 0x80
100037b0:	9c08      	ldr	r4, [sp, #32]
100037b2:	9d09      	ldr	r5, [sp, #36]	@ 0x24
100037b4:	401a      	ands	r2, r3
100037b6:	2380      	movs	r3, #128	@ 0x80
100037b8:	00db      	lsls	r3, r3, #3
100037ba:	4313      	orrs	r3, r2
100037bc:	0022      	movs	r2, r4
100037be:	9304      	str	r3, [sp, #16]
100037c0:	9b27      	ldr	r3, [sp, #156]	@ 0x9c
100037c2:	0600      	lsls	r0, r0, #24
100037c4:	9303      	str	r3, [sp, #12]
100037c6:	182b      	adds	r3, r5, r0
100037c8:	9200      	str	r2, [sp, #0]
100037ca:	9301      	str	r3, [sp, #4]
100037cc:	9602      	str	r6, [sp, #8]
100037ce:	e67d      	b.n	100034cc <_etoa+0x1c0>
100037d0:	2605      	movs	r6, #5
100037d2:	e695      	b.n	10003500 <_etoa+0x1f4>
100037d4:	2300      	movs	r3, #0
100037d6:	930e      	str	r3, [sp, #56]	@ 0x38
100037d8:	3302      	adds	r3, #2
100037da:	2700      	movs	r7, #0
100037dc:	2604      	movs	r6, #4
100037de:	930c      	str	r3, [sp, #48]	@ 0x30
100037e0:	e5f5      	b.n	100033ce <_etoa+0xc2>
100037e2:	1e4b      	subs	r3, r1, #1
100037e4:	191b      	adds	r3, r3, r4
100037e6:	1a1b      	subs	r3, r3, r0
100037e8:	e665      	b.n	100034b6 <_etoa+0x1aa>
100037ea:	2302      	movs	r3, #2
100037ec:	930c      	str	r3, [sp, #48]	@ 0x30
100037ee:	2605      	movs	r6, #5
100037f0:	e7ae      	b.n	10003750 <_etoa+0x444>
100037f2:	2304      	movs	r3, #4
100037f4:	e5e7      	b.n	100033c6 <_etoa+0xba>
100037f6:	9b27      	ldr	r3, [sp, #156]	@ 0x9c
100037f8:	1b9b      	subs	r3, r3, r6
100037fa:	930e      	str	r3, [sp, #56]	@ 0x38
100037fc:	e7a5      	b.n	1000374a <_etoa+0x43e>
100037fe:	2302      	movs	r3, #2
10003800:	2604      	movs	r6, #4
10003802:	930c      	str	r3, [sp, #48]	@ 0x30
10003804:	e7a1      	b.n	1000374a <_etoa+0x43e>
10003806:	1bdb      	subs	r3, r3, r7
10003808:	1e5e      	subs	r6, r3, #1
1000380a:	e679      	b.n	10003500 <_etoa+0x1f4>
1000380c:	fffffc01 	.word	0xfffffc01
10003810:	509f79fb 	.word	0x509f79fb
10003814:	3fd34413 	.word	0x3fd34413
10003818:	8b60c8b3 	.word	0x8b60c8b3
1000381c:	3fc68a28 	.word	0x3fc68a28
10003820:	3ff00000 	.word	0x3ff00000
10003824:	3ff80000 	.word	0x3ff80000
10003828:	636f4361 	.word	0x636f4361
1000382c:	3fd287a7 	.word	0x3fd287a7
10003830:	0979a371 	.word	0x0979a371
10003834:	400a934f 	.word	0x400a934f
10003838:	3fe00000 	.word	0x3fe00000
1000383c:	bbb55516 	.word	0xbbb55516
10003840:	40026bb1 	.word	0x40026bb1
10003844:	fefa39ef 	.word	0xfefa39ef
10003848:	3fe62e42 	.word	0x3fe62e42
1000384c:	402c0000 	.word	0x402c0000
10003850:	40240000 	.word	0x40240000
10003854:	40180000 	.word	0x40180000
10003858:	000003ff 	.word	0x000003ff
1000385c:	eb1c432d 	.word	0xeb1c432d
10003860:	3f1a36e2 	.word	0x3f1a36e2
10003864:	412e8480 	.word	0x412e8480
10003868:	fffff7ff 	.word	0xfffff7ff

1000386c <_vsnprintf>:
1000386c:	b5f0      	push	{r4, r5, r6, r7, lr}
1000386e:	4657      	mov	r7, sl
10003870:	46de      	mov	lr, fp
10003872:	464e      	mov	r6, r9
10003874:	4645      	mov	r5, r8
10003876:	b5e0      	push	{r5, r6, r7, lr}
10003878:	b0a3      	sub	sp, #140	@ 0x8c
1000387a:	001f      	movs	r7, r3
1000387c:	9b2c      	ldr	r3, [sp, #176]	@ 0xb0
1000387e:	4692      	mov	sl, r2
10003880:	930c      	str	r3, [sp, #48]	@ 0x30
10003882:	4ac9      	ldr	r2, [pc, #804]	@ (10003ba8 <_vsnprintf+0x33c>)
10003884:	4bc9      	ldr	r3, [pc, #804]	@ (10003bac <_vsnprintf+0x340>)
10003886:	468b      	mov	fp, r1
10003888:	900b      	str	r0, [sp, #44]	@ 0x2c
1000388a:	601a      	str	r2, [r3, #0]
1000388c:	2900      	cmp	r1, #0
1000388e:	d100      	bne.n	10003892 <_vsnprintf+0x26>
10003890:	e1bf      	b.n	10003c12 <_vsnprintf+0x3a6>
10003892:	2300      	movs	r3, #0
10003894:	7838      	ldrb	r0, [r7, #0]
10003896:	4699      	mov	r9, r3
10003898:	2800      	cmp	r0, #0
1000389a:	d100      	bne.n	1000389e <_vsnprintf+0x32>
1000389c:	e1c1      	b.n	10003c22 <_vsnprintf+0x3b6>
1000389e:	4bc4      	ldr	r3, [pc, #784]	@ (10003bb0 <_vsnprintf+0x344>)
100038a0:	464c      	mov	r4, r9
100038a2:	9309      	str	r3, [sp, #36]	@ 0x24
100038a4:	4bc3      	ldr	r3, [pc, #780]	@ (10003bb4 <_vsnprintf+0x348>)
100038a6:	930e      	str	r3, [sp, #56]	@ 0x38
100038a8:	465b      	mov	r3, fp
100038aa:	930a      	str	r3, [sp, #40]	@ 0x28
100038ac:	e008      	b.n	100038c0 <_vsnprintf+0x54>
100038ae:	0022      	movs	r2, r4
100038b0:	4653      	mov	r3, sl
100038b2:	990a      	ldr	r1, [sp, #40]	@ 0x28
100038b4:	9d0b      	ldr	r5, [sp, #44]	@ 0x2c
100038b6:	47a8      	blx	r5
100038b8:	3401      	adds	r4, #1
100038ba:	7838      	ldrb	r0, [r7, #0]
100038bc:	2800      	cmp	r0, #0
100038be:	d076      	beq.n	100039ae <_vsnprintf+0x142>
100038c0:	3701      	adds	r7, #1
100038c2:	2825      	cmp	r0, #37	@ 0x25
100038c4:	d1f3      	bne.n	100038ae <_vsnprintf+0x42>
100038c6:	2310      	movs	r3, #16
100038c8:	469b      	mov	fp, r3
100038ca:	3b08      	subs	r3, #8
100038cc:	4699      	mov	r9, r3
100038ce:	3b04      	subs	r3, #4
100038d0:	4698      	mov	r8, r3
100038d2:	3b03      	subs	r3, #3
100038d4:	2600      	movs	r6, #0
100038d6:	2502      	movs	r5, #2
100038d8:	469c      	mov	ip, r3
100038da:	7838      	ldrb	r0, [r7, #0]
100038dc:	1c79      	adds	r1, r7, #1
100038de:	0003      	movs	r3, r0
100038e0:	3b20      	subs	r3, #32
100038e2:	b2db      	uxtb	r3, r3
100038e4:	2b10      	cmp	r3, #16
100038e6:	d803      	bhi.n	100038f0 <_vsnprintf+0x84>
100038e8:	9a09      	ldr	r2, [sp, #36]	@ 0x24
100038ea:	009b      	lsls	r3, r3, #2
100038ec:	58d3      	ldr	r3, [r2, r3]
100038ee:	469f      	mov	pc, r3
100038f0:	0003      	movs	r3, r0
100038f2:	3b30      	subs	r3, #48	@ 0x30
100038f4:	2b09      	cmp	r3, #9
100038f6:	d936      	bls.n	10003966 <_vsnprintf+0xfa>
100038f8:	2500      	movs	r5, #0
100038fa:	282a      	cmp	r0, #42	@ 0x2a
100038fc:	d100      	bne.n	10003900 <_vsnprintf+0x94>
100038fe:	e0a7      	b.n	10003a50 <_vsnprintf+0x1e4>
10003900:	2300      	movs	r3, #0
10003902:	930d      	str	r3, [sp, #52]	@ 0x34
10003904:	282e      	cmp	r0, #46	@ 0x2e
10003906:	d03f      	beq.n	10003988 <_vsnprintf+0x11c>
10003908:	0003      	movs	r3, r0
1000390a:	3b68      	subs	r3, #104	@ 0x68
1000390c:	b2db      	uxtb	r3, r3
1000390e:	2b12      	cmp	r3, #18
10003910:	d81b      	bhi.n	1000394a <_vsnprintf+0xde>
10003912:	9a0e      	ldr	r2, [sp, #56]	@ 0x38
10003914:	009b      	lsls	r3, r3, #2
10003916:	58d3      	ldr	r3, [r2, r3]
10003918:	469f      	mov	pc, r3
1000391a:	4663      	mov	r3, ip
1000391c:	000f      	movs	r7, r1
1000391e:	431e      	orrs	r6, r3
10003920:	e7db      	b.n	100038da <_vsnprintf+0x6e>
10003922:	000f      	movs	r7, r1
10003924:	432e      	orrs	r6, r5
10003926:	e7d8      	b.n	100038da <_vsnprintf+0x6e>
10003928:	4643      	mov	r3, r8
1000392a:	000f      	movs	r7, r1
1000392c:	431e      	orrs	r6, r3
1000392e:	e7d4      	b.n	100038da <_vsnprintf+0x6e>
10003930:	465b      	mov	r3, fp
10003932:	000f      	movs	r7, r1
10003934:	431e      	orrs	r6, r3
10003936:	e7d0      	b.n	100038da <_vsnprintf+0x6e>
10003938:	464b      	mov	r3, r9
1000393a:	000f      	movs	r7, r1
1000393c:	431e      	orrs	r6, r3
1000393e:	e7cc      	b.n	100038da <_vsnprintf+0x6e>
10003940:	2380      	movs	r3, #128	@ 0x80
10003942:	7878      	ldrb	r0, [r7, #1]
10003944:	005b      	lsls	r3, r3, #1
10003946:	431e      	orrs	r6, r3
10003948:	3101      	adds	r1, #1
1000394a:	000f      	movs	r7, r1
1000394c:	2867      	cmp	r0, #103	@ 0x67
1000394e:	d845      	bhi.n	100039dc <_vsnprintf+0x170>
10003950:	2824      	cmp	r0, #36	@ 0x24
10003952:	d9ac      	bls.n	100038ae <_vsnprintf+0x42>
10003954:	0003      	movs	r3, r0
10003956:	3b25      	subs	r3, #37	@ 0x25
10003958:	b2db      	uxtb	r3, r3
1000395a:	2b42      	cmp	r3, #66	@ 0x42
1000395c:	d8a7      	bhi.n	100038ae <_vsnprintf+0x42>
1000395e:	4996      	ldr	r1, [pc, #600]	@ (10003bb8 <_vsnprintf+0x34c>)
10003960:	009b      	lsls	r3, r3, #2
10003962:	58cb      	ldr	r3, [r1, r3]
10003964:	469f      	mov	pc, r3
10003966:	2500      	movs	r5, #0
10003968:	00ab      	lsls	r3, r5, #2
1000396a:	195d      	adds	r5, r3, r5
1000396c:	006d      	lsls	r5, r5, #1
1000396e:	182d      	adds	r5, r5, r0
10003970:	7808      	ldrb	r0, [r1, #0]
10003972:	000f      	movs	r7, r1
10003974:	0003      	movs	r3, r0
10003976:	3b30      	subs	r3, #48	@ 0x30
10003978:	3d30      	subs	r5, #48	@ 0x30
1000397a:	3101      	adds	r1, #1
1000397c:	2b09      	cmp	r3, #9
1000397e:	d9f3      	bls.n	10003968 <_vsnprintf+0xfc>
10003980:	2300      	movs	r3, #0
10003982:	930d      	str	r3, [sp, #52]	@ 0x34
10003984:	282e      	cmp	r0, #46	@ 0x2e
10003986:	d1bf      	bne.n	10003908 <_vsnprintf+0x9c>
10003988:	2230      	movs	r2, #48	@ 0x30
1000398a:	2080      	movs	r0, #128	@ 0x80
1000398c:	4252      	negs	r2, r2
1000398e:	4690      	mov	r8, r2
10003990:	00c0      	lsls	r0, r0, #3
10003992:	4306      	orrs	r6, r0
10003994:	7878      	ldrb	r0, [r7, #1]
10003996:	000b      	movs	r3, r1
10003998:	4480      	add	r8, r0
1000399a:	4642      	mov	r2, r8
1000399c:	2a09      	cmp	r2, #9
1000399e:	d800      	bhi.n	100039a2 <_vsnprintf+0x136>
100039a0:	e151      	b.n	10003c46 <_vsnprintf+0x3da>
100039a2:	282a      	cmp	r0, #42	@ 0x2a
100039a4:	d100      	bne.n	100039a8 <_vsnprintf+0x13c>
100039a6:	e15e      	b.n	10003c66 <_vsnprintf+0x3fa>
100039a8:	000f      	movs	r7, r1
100039aa:	3101      	adds	r1, #1
100039ac:	e7ac      	b.n	10003908 <_vsnprintf+0x9c>
100039ae:	9b0a      	ldr	r3, [sp, #40]	@ 0x28
100039b0:	46a1      	mov	r9, r4
100039b2:	469b      	mov	fp, r3
100039b4:	45ca      	cmp	sl, r9
100039b6:	d803      	bhi.n	100039c0 <_vsnprintf+0x154>
100039b8:	2301      	movs	r3, #1
100039ba:	425b      	negs	r3, r3
100039bc:	4453      	add	r3, sl
100039be:	4699      	mov	r9, r3
100039c0:	4653      	mov	r3, sl
100039c2:	464a      	mov	r2, r9
100039c4:	4659      	mov	r1, fp
100039c6:	2000      	movs	r0, #0
100039c8:	9d0b      	ldr	r5, [sp, #44]	@ 0x2c
100039ca:	47a8      	blx	r5
100039cc:	0020      	movs	r0, r4
100039ce:	b023      	add	sp, #140	@ 0x8c
100039d0:	bcf0      	pop	{r4, r5, r6, r7}
100039d2:	46bb      	mov	fp, r7
100039d4:	46b2      	mov	sl, r6
100039d6:	46a9      	mov	r9, r5
100039d8:	46a0      	mov	r8, r4
100039da:	bdf0      	pop	{r4, r5, r6, r7, pc}
100039dc:	0003      	movs	r3, r0
100039de:	3b69      	subs	r3, #105	@ 0x69
100039e0:	b2db      	uxtb	r3, r3
100039e2:	2b0f      	cmp	r3, #15
100039e4:	d900      	bls.n	100039e8 <_vsnprintf+0x17c>
100039e6:	e762      	b.n	100038ae <_vsnprintf+0x42>
100039e8:	2101      	movs	r1, #1
100039ea:	4099      	lsls	r1, r3
100039ec:	4688      	mov	r8, r1
100039ee:	4a73      	ldr	r2, [pc, #460]	@ (10003bbc <_vsnprintf+0x350>)
100039f0:	4011      	ands	r1, r2
100039f2:	468b      	mov	fp, r1
100039f4:	0011      	movs	r1, r2
100039f6:	4642      	mov	r2, r8
100039f8:	420a      	tst	r2, r1
100039fa:	d000      	beq.n	100039fe <_vsnprintf+0x192>
100039fc:	e113      	b.n	10003c26 <_vsnprintf+0x3ba>
100039fe:	2b0a      	cmp	r3, #10
10003a00:	d02f      	beq.n	10003a62 <_vsnprintf+0x1f6>
10003a02:	2b07      	cmp	r3, #7
10003a04:	d000      	beq.n	10003a08 <_vsnprintf+0x19c>
10003a06:	e752      	b.n	100038ae <_vsnprintf+0x42>
10003a08:	9d0c      	ldr	r5, [sp, #48]	@ 0x30
10003a0a:	cd01      	ldmia	r5!, {r0}
10003a0c:	2800      	cmp	r0, #0
10003a0e:	d100      	bne.n	10003a12 <_vsnprintf+0x1a6>
10003a10:	e134      	b.n	10003c7c <_vsnprintf+0x410>
10003a12:	2321      	movs	r3, #33	@ 0x21
10003a14:	431e      	orrs	r6, r3
10003a16:	46b0      	mov	r8, r6
10003a18:	261f      	movs	r6, #31
10003a1a:	9a0d      	ldr	r2, [sp, #52]	@ 0x34
10003a1c:	ab12      	add	r3, sp, #72	@ 0x48
10003a1e:	18f6      	adds	r6, r6, r3
10003a20:	46a1      	mov	r9, r4
10003a22:	4694      	mov	ip, r2
10003a24:	4659      	mov	r1, fp
10003a26:	0034      	movs	r4, r6
10003a28:	e002      	b.n	10003a30 <_vsnprintf+0x1c4>
10003a2a:	0900      	lsrs	r0, r0, #4
10003a2c:	2920      	cmp	r1, #32
10003a2e:	d00a      	beq.n	10003a46 <_vsnprintf+0x1da>
10003a30:	260f      	movs	r6, #15
10003a32:	4006      	ands	r6, r0
10003a34:	0032      	movs	r2, r6
10003a36:	3237      	adds	r2, #55	@ 0x37
10003a38:	2e09      	cmp	r6, #9
10003a3a:	d800      	bhi.n	10003a3e <_vsnprintf+0x1d2>
10003a3c:	3a07      	subs	r2, #7
10003a3e:	3101      	adds	r1, #1
10003a40:	5462      	strb	r2, [r4, r1]
10003a42:	280f      	cmp	r0, #15
10003a44:	d8f1      	bhi.n	10003a2a <_vsnprintf+0x1be>
10003a46:	4663      	mov	r3, ip
10003a48:	464c      	mov	r4, r9
10003a4a:	468b      	mov	fp, r1
10003a4c:	930d      	str	r3, [sp, #52]	@ 0x34
10003a4e:	e122      	b.n	10003c96 <_vsnprintf+0x42a>
10003a50:	9b0c      	ldr	r3, [sp, #48]	@ 0x30
10003a52:	cb20      	ldmia	r3!, {r5}
10003a54:	2d00      	cmp	r5, #0
10003a56:	db52      	blt.n	10003afe <_vsnprintf+0x292>
10003a58:	7878      	ldrb	r0, [r7, #1]
10003a5a:	930c      	str	r3, [sp, #48]	@ 0x30
10003a5c:	000f      	movs	r7, r1
10003a5e:	3101      	adds	r1, #1
10003a60:	e74e      	b.n	10003900 <_vsnprintf+0x94>
10003a62:	9b0c      	ldr	r3, [sp, #48]	@ 0x30
10003a64:	990d      	ldr	r1, [sp, #52]	@ 0x34
10003a66:	cb04      	ldmia	r3!, {r2}
10003a68:	4690      	mov	r8, r2
10003a6a:	469b      	mov	fp, r3
10003a6c:	2900      	cmp	r1, #0
10003a6e:	d100      	bne.n	10003a72 <_vsnprintf+0x206>
10003a70:	e128      	b.n	10003cc4 <_vsnprintf+0x458>
10003a72:	4643      	mov	r3, r8
10003a74:	7818      	ldrb	r0, [r3, #0]
10003a76:	4441      	add	r1, r8
10003a78:	2800      	cmp	r0, #0
10003a7a:	d101      	bne.n	10003a80 <_vsnprintf+0x214>
10003a7c:	f000 fc29 	bl	100042d2 <_vsnprintf+0xa66>
10003a80:	9a0d      	ldr	r2, [sp, #52]	@ 0x34
10003a82:	4694      	mov	ip, r2
10003a84:	000a      	movs	r2, r1
10003a86:	e004      	b.n	10003a92 <_vsnprintf+0x226>
10003a88:	7859      	ldrb	r1, [r3, #1]
10003a8a:	3301      	adds	r3, #1
10003a8c:	2900      	cmp	r1, #0
10003a8e:	d100      	bne.n	10003a92 <_vsnprintf+0x226>
10003a90:	e195      	b.n	10003dbe <_vsnprintf+0x552>
10003a92:	429a      	cmp	r2, r3
10003a94:	d1f8      	bne.n	10003a88 <_vsnprintf+0x21c>
10003a96:	4663      	mov	r3, ip
10003a98:	930d      	str	r3, [sp, #52]	@ 0x34
10003a9a:	4643      	mov	r3, r8
10003a9c:	1ad3      	subs	r3, r2, r3
10003a9e:	930f      	str	r3, [sp, #60]	@ 0x3c
10003aa0:	0573      	lsls	r3, r6, #21
10003aa2:	d400      	bmi.n	10003aa6 <_vsnprintf+0x23a>
10003aa4:	e16c      	b.n	10003d80 <_vsnprintf+0x514>
10003aa6:	9b0f      	ldr	r3, [sp, #60]	@ 0x3c
10003aa8:	9a0d      	ldr	r2, [sp, #52]	@ 0x34
10003aaa:	4293      	cmp	r3, r2
10003aac:	d900      	bls.n	10003ab0 <_vsnprintf+0x244>
10003aae:	920f      	str	r2, [sp, #60]	@ 0x3c
10003ab0:	2302      	movs	r3, #2
10003ab2:	001a      	movs	r2, r3
10003ab4:	4032      	ands	r2, r6
10003ab6:	920c      	str	r2, [sp, #48]	@ 0x30
10003ab8:	4233      	tst	r3, r6
10003aba:	d100      	bne.n	10003abe <_vsnprintf+0x252>
10003abc:	e291      	b.n	10003fe2 <_vsnprintf+0x776>
10003abe:	930c      	str	r3, [sp, #48]	@ 0x30
10003ac0:	9b0d      	ldr	r3, [sp, #52]	@ 0x34
10003ac2:	46b9      	mov	r9, r7
10003ac4:	191e      	adds	r6, r3, r4
10003ac6:	4643      	mov	r3, r8
10003ac8:	1b1b      	subs	r3, r3, r4
10003aca:	46a8      	mov	r8, r5
10003acc:	0022      	movs	r2, r4
10003ace:	001f      	movs	r7, r3
10003ad0:	9d0b      	ldr	r5, [sp, #44]	@ 0x2c
10003ad2:	e008      	b.n	10003ae6 <_vsnprintf+0x27a>
10003ad4:	1c54      	adds	r4, r2, #1
10003ad6:	4653      	mov	r3, sl
10003ad8:	990a      	ldr	r1, [sp, #40]	@ 0x28
10003ada:	47a8      	blx	r5
10003adc:	5d38      	ldrb	r0, [r7, r4]
10003ade:	2800      	cmp	r0, #0
10003ae0:	d100      	bne.n	10003ae4 <_vsnprintf+0x278>
10003ae2:	e163      	b.n	10003dac <_vsnprintf+0x540>
10003ae4:	0022      	movs	r2, r4
10003ae6:	4296      	cmp	r6, r2
10003ae8:	d1f4      	bne.n	10003ad4 <_vsnprintf+0x268>
10003aea:	4645      	mov	r5, r8
10003aec:	464f      	mov	r7, r9
10003aee:	0034      	movs	r4, r6
10003af0:	9b0c      	ldr	r3, [sp, #48]	@ 0x30
10003af2:	2b00      	cmp	r3, #0
10003af4:	d000      	beq.n	10003af8 <_vsnprintf+0x28c>
10003af6:	e197      	b.n	10003e28 <_vsnprintf+0x5bc>
10003af8:	465b      	mov	r3, fp
10003afa:	930c      	str	r3, [sp, #48]	@ 0x30
10003afc:	e6dd      	b.n	100038ba <_vsnprintf+0x4e>
10003afe:	2202      	movs	r2, #2
10003b00:	7878      	ldrb	r0, [r7, #1]
10003b02:	4316      	orrs	r6, r2
10003b04:	000f      	movs	r7, r1
10003b06:	426d      	negs	r5, r5
10003b08:	930c      	str	r3, [sp, #48]	@ 0x30
10003b0a:	3101      	adds	r1, #1
10003b0c:	e6f8      	b.n	10003900 <_vsnprintf+0x94>
10003b0e:	7878      	ldrb	r0, [r7, #1]
10003b10:	286c      	cmp	r0, #108	@ 0x6c
10003b12:	d100      	bne.n	10003b16 <_vsnprintf+0x2aa>
10003b14:	e159      	b.n	10003dca <_vsnprintf+0x55e>
10003b16:	2380      	movs	r3, #128	@ 0x80
10003b18:	005b      	lsls	r3, r3, #1
10003b1a:	431e      	orrs	r6, r3
10003b1c:	3101      	adds	r1, #1
10003b1e:	e714      	b.n	1000394a <_vsnprintf+0xde>
10003b20:	2380      	movs	r3, #128	@ 0x80
10003b22:	009b      	lsls	r3, r3, #2
10003b24:	7878      	ldrb	r0, [r7, #1]
10003b26:	431e      	orrs	r6, r3
10003b28:	3101      	adds	r1, #1
10003b2a:	e70e      	b.n	1000394a <_vsnprintf+0xde>
10003b2c:	7878      	ldrb	r0, [r7, #1]
10003b2e:	2868      	cmp	r0, #104	@ 0x68
10003b30:	d100      	bne.n	10003b34 <_vsnprintf+0x2c8>
10003b32:	e150      	b.n	10003dd6 <_vsnprintf+0x56a>
10003b34:	2380      	movs	r3, #128	@ 0x80
10003b36:	3101      	adds	r1, #1
10003b38:	431e      	orrs	r6, r3
10003b3a:	e706      	b.n	1000394a <_vsnprintf+0xde>
10003b3c:	2867      	cmp	r0, #103	@ 0x67
10003b3e:	d100      	bne.n	10003b42 <_vsnprintf+0x2d6>
10003b40:	e0c2      	b.n	10003cc8 <_vsnprintf+0x45c>
10003b42:	2847      	cmp	r0, #71	@ 0x47
10003b44:	d100      	bne.n	10003b48 <_vsnprintf+0x2dc>
10003b46:	e134      	b.n	10003db2 <_vsnprintf+0x546>
10003b48:	2845      	cmp	r0, #69	@ 0x45
10003b4a:	d100      	bne.n	10003b4e <_vsnprintf+0x2e2>
10003b4c:	e134      	b.n	10003db8 <_vsnprintf+0x54c>
10003b4e:	2107      	movs	r1, #7
10003b50:	9b0c      	ldr	r3, [sp, #48]	@ 0x30
10003b52:	9a0d      	ldr	r2, [sp, #52]	@ 0x34
10003b54:	3307      	adds	r3, #7
10003b56:	438b      	bics	r3, r1
10003b58:	0019      	movs	r1, r3
10003b5a:	9604      	str	r6, [sp, #16]
10003b5c:	9503      	str	r5, [sp, #12]
10003b5e:	9202      	str	r2, [sp, #8]
10003b60:	c90c      	ldmia	r1!, {r2, r3}
10003b62:	980b      	ldr	r0, [sp, #44]	@ 0x2c
10003b64:	9200      	str	r2, [sp, #0]
10003b66:	9301      	str	r3, [sp, #4]
10003b68:	910c      	str	r1, [sp, #48]	@ 0x30
10003b6a:	0022      	movs	r2, r4
10003b6c:	4653      	mov	r3, sl
10003b6e:	990a      	ldr	r1, [sp, #40]	@ 0x28
10003b70:	f7ff fbcc 	bl	1000330c <_etoa>
10003b74:	0004      	movs	r4, r0
10003b76:	e6a0      	b.n	100038ba <_vsnprintf+0x4e>
10003b78:	2846      	cmp	r0, #70	@ 0x46
10003b7a:	d100      	bne.n	10003b7e <_vsnprintf+0x312>
10003b7c:	e0a8      	b.n	10003cd0 <_vsnprintf+0x464>
10003b7e:	2107      	movs	r1, #7
10003b80:	9b0c      	ldr	r3, [sp, #48]	@ 0x30
10003b82:	9a0d      	ldr	r2, [sp, #52]	@ 0x34
10003b84:	3307      	adds	r3, #7
10003b86:	438b      	bics	r3, r1
10003b88:	0019      	movs	r1, r3
10003b8a:	9604      	str	r6, [sp, #16]
10003b8c:	9503      	str	r5, [sp, #12]
10003b8e:	9202      	str	r2, [sp, #8]
10003b90:	c90c      	ldmia	r1!, {r2, r3}
10003b92:	980b      	ldr	r0, [sp, #44]	@ 0x2c
10003b94:	9200      	str	r2, [sp, #0]
10003b96:	9301      	str	r3, [sp, #4]
10003b98:	910c      	str	r1, [sp, #48]	@ 0x30
10003b9a:	0022      	movs	r2, r4
10003b9c:	4653      	mov	r3, sl
10003b9e:	990a      	ldr	r1, [sp, #40]	@ 0x28
10003ba0:	f7ff f97a 	bl	10002e98 <_ftoa>
10003ba4:	0004      	movs	r4, r0
10003ba6:	e688      	b.n	100038ba <_vsnprintf+0x4e>
10003ba8:	1000386d 	.word	0x1000386d
10003bac:	20001ff8 	.word	0x20001ff8
10003bb0:	1000767c 	.word	0x1000767c
10003bb4:	100076c0 	.word	0x100076c0
10003bb8:	1000770c 	.word	0x1000770c
10003bbc:	00009041 	.word	0x00009041
10003bc0:	0022      	movs	r2, r4
10003bc2:	4653      	mov	r3, sl
10003bc4:	2025      	movs	r0, #37	@ 0x25
10003bc6:	990a      	ldr	r1, [sp, #40]	@ 0x28
10003bc8:	9d0b      	ldr	r5, [sp, #44]	@ 0x2c
10003bca:	47a8      	blx	r5
10003bcc:	3401      	adds	r4, #1
10003bce:	e674      	b.n	100038ba <_vsnprintf+0x4e>
10003bd0:	9b0c      	ldr	r3, [sp, #48]	@ 0x30
10003bd2:	3304      	adds	r3, #4
10003bd4:	469b      	mov	fp, r3
10003bd6:	1c63      	adds	r3, r4, #1
10003bd8:	4698      	mov	r8, r3
10003bda:	07b6      	lsls	r6, r6, #30
10003bdc:	d400      	bmi.n	10003be0 <_vsnprintf+0x374>
10003bde:	e0ff      	b.n	10003de0 <_vsnprintf+0x574>
10003be0:	9b0c      	ldr	r3, [sp, #48]	@ 0x30
10003be2:	0022      	movs	r2, r4
10003be4:	7818      	ldrb	r0, [r3, #0]
10003be6:	990a      	ldr	r1, [sp, #40]	@ 0x28
10003be8:	4653      	mov	r3, sl
10003bea:	9e0b      	ldr	r6, [sp, #44]	@ 0x2c
10003bec:	47b0      	blx	r6
10003bee:	1964      	adds	r4, r4, r5
10003bf0:	2d01      	cmp	r5, #1
10003bf2:	d800      	bhi.n	10003bf6 <_vsnprintf+0x38a>
10003bf4:	e249      	b.n	1000408a <_vsnprintf+0x81e>
10003bf6:	4645      	mov	r5, r8
10003bf8:	9e0b      	ldr	r6, [sp, #44]	@ 0x2c
10003bfa:	46b8      	mov	r8, r7
10003bfc:	9f0a      	ldr	r7, [sp, #40]	@ 0x28
10003bfe:	002a      	movs	r2, r5
10003c00:	4653      	mov	r3, sl
10003c02:	3501      	adds	r5, #1
10003c04:	0039      	movs	r1, r7
10003c06:	2020      	movs	r0, #32
10003c08:	47b0      	blx	r6
10003c0a:	42a5      	cmp	r5, r4
10003c0c:	d1f7      	bne.n	10003bfe <_vsnprintf+0x392>
10003c0e:	4647      	mov	r7, r8
10003c10:	e772      	b.n	10003af8 <_vsnprintf+0x28c>
10003c12:	4bdb      	ldr	r3, [pc, #876]	@ (10003f80 <_vsnprintf+0x714>)
10003c14:	7838      	ldrb	r0, [r7, #0]
10003c16:	930b      	str	r3, [sp, #44]	@ 0x2c
10003c18:	2300      	movs	r3, #0
10003c1a:	4699      	mov	r9, r3
10003c1c:	2800      	cmp	r0, #0
10003c1e:	d000      	beq.n	10003c22 <_vsnprintf+0x3b6>
10003c20:	e63d      	b.n	1000389e <_vsnprintf+0x32>
10003c22:	2400      	movs	r4, #0
10003c24:	e6c6      	b.n	100039b4 <_vsnprintf+0x148>
10003c26:	286f      	cmp	r0, #111	@ 0x6f
10003c28:	d055      	beq.n	10003cd6 <_vsnprintf+0x46a>
10003c2a:	d800      	bhi.n	10003c2e <_vsnprintf+0x3c2>
10003c2c:	e2bc      	b.n	100041a8 <_vsnprintf+0x93c>
10003c2e:	2310      	movs	r3, #16
10003c30:	2878      	cmp	r0, #120	@ 0x78
10003c32:	d100      	bne.n	10003c36 <_vsnprintf+0x3ca>
10003c34:	e09e      	b.n	10003d74 <_vsnprintf+0x508>
10003c36:	439e      	bics	r6, r3
10003c38:	230a      	movs	r3, #10
10003c3a:	469c      	mov	ip, r3
10003c3c:	2300      	movs	r3, #0
10003c3e:	930f      	str	r3, [sp, #60]	@ 0x3c
10003c40:	330a      	adds	r3, #10
10003c42:	469b      	mov	fp, r3
10003c44:	e04d      	b.n	10003ce2 <_vsnprintf+0x476>
10003c46:	2100      	movs	r1, #0
10003c48:	008a      	lsls	r2, r1, #2
10003c4a:	1852      	adds	r2, r2, r1
10003c4c:	0052      	lsls	r2, r2, #1
10003c4e:	3301      	adds	r3, #1
10003c50:	1811      	adds	r1, r2, r0
10003c52:	7818      	ldrb	r0, [r3, #0]
10003c54:	3930      	subs	r1, #48	@ 0x30
10003c56:	0002      	movs	r2, r0
10003c58:	3a30      	subs	r2, #48	@ 0x30
10003c5a:	2a09      	cmp	r2, #9
10003c5c:	d9f4      	bls.n	10003c48 <_vsnprintf+0x3dc>
10003c5e:	910d      	str	r1, [sp, #52]	@ 0x34
10003c60:	001f      	movs	r7, r3
10003c62:	1c59      	adds	r1, r3, #1
10003c64:	e650      	b.n	10003908 <_vsnprintf+0x9c>
10003c66:	9b0c      	ldr	r3, [sp, #48]	@ 0x30
10003c68:	78b8      	ldrb	r0, [r7, #2]
10003c6a:	cb04      	ldmia	r3!, {r2}
10003c6c:	3702      	adds	r7, #2
10003c6e:	43d1      	mvns	r1, r2
10003c70:	17c9      	asrs	r1, r1, #31
10003c72:	400a      	ands	r2, r1
10003c74:	920d      	str	r2, [sp, #52]	@ 0x34
10003c76:	930c      	str	r3, [sp, #48]	@ 0x30
10003c78:	1c79      	adds	r1, r7, #1
10003c7a:	e645      	b.n	10003908 <_vsnprintf+0x9c>
10003c7c:	2310      	movs	r3, #16
10003c7e:	0030      	movs	r0, r6
10003c80:	4398      	bics	r0, r3
10003c82:	3311      	adds	r3, #17
10003c84:	4318      	orrs	r0, r3
10003c86:	2380      	movs	r3, #128	@ 0x80
10003c88:	4680      	mov	r8, r0
10003c8a:	0030      	movs	r0, r6
10003c8c:	00db      	lsls	r3, r3, #3
10003c8e:	4018      	ands	r0, r3
10003c90:	421e      	tst	r6, r3
10003c92:	d100      	bne.n	10003c96 <_vsnprintf+0x42a>
10003c94:	e6c0      	b.n	10003a18 <_vsnprintf+0x1ac>
10003c96:	4643      	mov	r3, r8
10003c98:	9306      	str	r3, [sp, #24]
10003c9a:	2308      	movs	r3, #8
10003c9c:	9305      	str	r3, [sp, #20]
10003c9e:	9b0d      	ldr	r3, [sp, #52]	@ 0x34
10003ca0:	0022      	movs	r2, r4
10003ca2:	9304      	str	r3, [sp, #16]
10003ca4:	2310      	movs	r3, #16
10003ca6:	9303      	str	r3, [sp, #12]
10003ca8:	2300      	movs	r3, #0
10003caa:	9302      	str	r3, [sp, #8]
10003cac:	465b      	mov	r3, fp
10003cae:	9301      	str	r3, [sp, #4]
10003cb0:	ab1a      	add	r3, sp, #104	@ 0x68
10003cb2:	9300      	str	r3, [sp, #0]
10003cb4:	990a      	ldr	r1, [sp, #40]	@ 0x28
10003cb6:	4653      	mov	r3, sl
10003cb8:	980b      	ldr	r0, [sp, #44]	@ 0x2c
10003cba:	f7fe fff1 	bl	10002ca0 <_ntoa_format>
10003cbe:	950c      	str	r5, [sp, #48]	@ 0x30
10003cc0:	0004      	movs	r4, r0
10003cc2:	e5fa      	b.n	100038ba <_vsnprintf+0x4e>
10003cc4:	3901      	subs	r1, #1
10003cc6:	e6d4      	b.n	10003a72 <_vsnprintf+0x206>
10003cc8:	2380      	movs	r3, #128	@ 0x80
10003cca:	011b      	lsls	r3, r3, #4
10003ccc:	431e      	orrs	r6, r3
10003cce:	e73e      	b.n	10003b4e <_vsnprintf+0x2e2>
10003cd0:	2320      	movs	r3, #32
10003cd2:	431e      	orrs	r6, r3
10003cd4:	e753      	b.n	10003b7e <_vsnprintf+0x312>
10003cd6:	2308      	movs	r3, #8
10003cd8:	469c      	mov	ip, r3
10003cda:	2300      	movs	r3, #0
10003cdc:	930f      	str	r3, [sp, #60]	@ 0x3c
10003cde:	3308      	adds	r3, #8
10003ce0:	469b      	mov	fp, r3
10003ce2:	2380      	movs	r3, #128	@ 0x80
10003ce4:	0030      	movs	r0, r6
10003ce6:	00db      	lsls	r3, r3, #3
10003ce8:	4018      	ands	r0, r3
10003cea:	421e      	tst	r6, r3
10003cec:	d100      	bne.n	10003cf0 <_vsnprintf+0x484>
10003cee:	e11a      	b.n	10003f26 <_vsnprintf+0x6ba>
10003cf0:	230d      	movs	r3, #13
10003cf2:	0031      	movs	r1, r6
10003cf4:	4399      	bics	r1, r3
10003cf6:	2380      	movs	r3, #128	@ 0x80
10003cf8:	000a      	movs	r2, r1
10003cfa:	009b      	lsls	r3, r3, #2
10003cfc:	401a      	ands	r2, r3
10003cfe:	4691      	mov	r9, r2
10003d00:	4219      	tst	r1, r3
10003d02:	d000      	beq.n	10003d06 <_vsnprintf+0x49a>
10003d04:	e1c3      	b.n	1000408e <_vsnprintf+0x822>
10003d06:	2380      	movs	r3, #128	@ 0x80
10003d08:	000a      	movs	r2, r1
10003d0a:	005b      	lsls	r3, r3, #1
10003d0c:	401a      	ands	r2, r3
10003d0e:	4690      	mov	r8, r2
10003d10:	9a0c      	ldr	r2, [sp, #48]	@ 0x30
10003d12:	3204      	adds	r2, #4
10003d14:	920f      	str	r2, [sp, #60]	@ 0x3c
10003d16:	4219      	tst	r1, r3
10003d18:	d000      	beq.n	10003d1c <_vsnprintf+0x4b0>
10003d1a:	e28f      	b.n	1000423c <_vsnprintf+0x9d0>
10003d1c:	064b      	lsls	r3, r1, #25
10003d1e:	d500      	bpl.n	10003d22 <_vsnprintf+0x4b6>
10003d20:	e197      	b.n	10004052 <_vsnprintf+0x7e6>
10003d22:	060b      	lsls	r3, r1, #24
10003d24:	d400      	bmi.n	10003d28 <_vsnprintf+0x4bc>
10003d26:	e2e5      	b.n	100042f4 <_vsnprintf+0xa88>
10003d28:	9b0c      	ldr	r3, [sp, #48]	@ 0x30
10003d2a:	881b      	ldrh	r3, [r3, #0]
10003d2c:	4699      	mov	r9, r3
10003d2e:	464b      	mov	r3, r9
10003d30:	2b00      	cmp	r3, #0
10003d32:	d000      	beq.n	10003d36 <_vsnprintf+0x4ca>
10003d34:	e205      	b.n	10004142 <_vsnprintf+0x8d6>
10003d36:	3310      	adds	r3, #16
10003d38:	4399      	bics	r1, r3
10003d3a:	2800      	cmp	r0, #0
10003d3c:	d100      	bne.n	10003d40 <_vsnprintf+0x4d4>
10003d3e:	e200      	b.n	10004142 <_vsnprintf+0x8d6>
10003d40:	2300      	movs	r3, #0
10003d42:	4698      	mov	r8, r3
10003d44:	9b0d      	ldr	r3, [sp, #52]	@ 0x34
10003d46:	9106      	str	r1, [sp, #24]
10003d48:	9304      	str	r3, [sp, #16]
10003d4a:	465b      	mov	r3, fp
10003d4c:	9303      	str	r3, [sp, #12]
10003d4e:	2300      	movs	r3, #0
10003d50:	9505      	str	r5, [sp, #20]
10003d52:	9302      	str	r3, [sp, #8]
10003d54:	4643      	mov	r3, r8
10003d56:	e0d9      	b.n	10003f0c <_vsnprintf+0x6a0>
10003d58:	2858      	cmp	r0, #88	@ 0x58
10003d5a:	d008      	beq.n	10003d6e <_vsnprintf+0x502>
10003d5c:	2862      	cmp	r0, #98	@ 0x62
10003d5e:	d178      	bne.n	10003e52 <_vsnprintf+0x5e6>
10003d60:	2302      	movs	r3, #2
10003d62:	469c      	mov	ip, r3
10003d64:	2300      	movs	r3, #0
10003d66:	930f      	str	r3, [sp, #60]	@ 0x3c
10003d68:	3302      	adds	r3, #2
10003d6a:	469b      	mov	fp, r3
10003d6c:	e7b9      	b.n	10003ce2 <_vsnprintf+0x476>
10003d6e:	2320      	movs	r3, #32
10003d70:	431e      	orrs	r6, r3
10003d72:	3b10      	subs	r3, #16
10003d74:	469c      	mov	ip, r3
10003d76:	2300      	movs	r3, #0
10003d78:	930f      	str	r3, [sp, #60]	@ 0x3c
10003d7a:	3310      	adds	r3, #16
10003d7c:	469b      	mov	fp, r3
10003d7e:	e7b0      	b.n	10003ce2 <_vsnprintf+0x476>
10003d80:	2302      	movs	r3, #2
10003d82:	001a      	movs	r2, r3
10003d84:	4032      	ands	r2, r6
10003d86:	920c      	str	r2, [sp, #48]	@ 0x30
10003d88:	4233      	tst	r3, r6
10003d8a:	d100      	bne.n	10003d8e <_vsnprintf+0x522>
10003d8c:	e205      	b.n	1000419a <_vsnprintf+0x92e>
10003d8e:	930c      	str	r3, [sp, #48]	@ 0x30
10003d90:	4643      	mov	r3, r8
10003d92:	46b9      	mov	r9, r7
10003d94:	9e0b      	ldr	r6, [sp, #44]	@ 0x2c
10003d96:	9f0a      	ldr	r7, [sp, #40]	@ 0x28
10003d98:	46a8      	mov	r8, r5
10003d9a:	1b1d      	subs	r5, r3, r4
10003d9c:	0022      	movs	r2, r4
10003d9e:	4653      	mov	r3, sl
10003da0:	0039      	movs	r1, r7
10003da2:	3401      	adds	r4, #1
10003da4:	47b0      	blx	r6
10003da6:	5d28      	ldrb	r0, [r5, r4]
10003da8:	2800      	cmp	r0, #0
10003daa:	d1f7      	bne.n	10003d9c <_vsnprintf+0x530>
10003dac:	4645      	mov	r5, r8
10003dae:	464f      	mov	r7, r9
10003db0:	e69e      	b.n	10003af0 <_vsnprintf+0x284>
10003db2:	2380      	movs	r3, #128	@ 0x80
10003db4:	011b      	lsls	r3, r3, #4
10003db6:	431e      	orrs	r6, r3
10003db8:	2320      	movs	r3, #32
10003dba:	431e      	orrs	r6, r3
10003dbc:	e6c7      	b.n	10003b4e <_vsnprintf+0x2e2>
10003dbe:	4662      	mov	r2, ip
10003dc0:	920d      	str	r2, [sp, #52]	@ 0x34
10003dc2:	4642      	mov	r2, r8
10003dc4:	1a9b      	subs	r3, r3, r2
10003dc6:	930f      	str	r3, [sp, #60]	@ 0x3c
10003dc8:	e66a      	b.n	10003aa0 <_vsnprintf+0x234>
10003dca:	23c0      	movs	r3, #192	@ 0xc0
10003dcc:	009b      	lsls	r3, r3, #2
10003dce:	78b8      	ldrb	r0, [r7, #2]
10003dd0:	431e      	orrs	r6, r3
10003dd2:	1cf9      	adds	r1, r7, #3
10003dd4:	e5b9      	b.n	1000394a <_vsnprintf+0xde>
10003dd6:	23c0      	movs	r3, #192	@ 0xc0
10003dd8:	78b8      	ldrb	r0, [r7, #2]
10003dda:	431e      	orrs	r6, r3
10003ddc:	1cf9      	adds	r1, r7, #3
10003dde:	e5b4      	b.n	1000394a <_vsnprintf+0xde>
10003de0:	2d01      	cmp	r5, #1
10003de2:	d800      	bhi.n	10003de6 <_vsnprintf+0x57a>
10003de4:	e14a      	b.n	1000407c <_vsnprintf+0x810>
10003de6:	1e63      	subs	r3, r4, #1
10003de8:	4699      	mov	r9, r3
10003dea:	44a9      	add	r9, r5
10003dec:	464b      	mov	r3, r9
10003dee:	4652      	mov	r2, sl
10003df0:	0026      	movs	r6, r4
10003df2:	46a1      	mov	r9, r4
10003df4:	46ba      	mov	sl, r7
10003df6:	001c      	movs	r4, r3
10003df8:	0017      	movs	r7, r2
10003dfa:	46a8      	mov	r8, r5
10003dfc:	9d0b      	ldr	r5, [sp, #44]	@ 0x2c
10003dfe:	0032      	movs	r2, r6
10003e00:	003b      	movs	r3, r7
10003e02:	3601      	adds	r6, #1
10003e04:	2020      	movs	r0, #32
10003e06:	990a      	ldr	r1, [sp, #40]	@ 0x28
10003e08:	47a8      	blx	r5
10003e0a:	42a6      	cmp	r6, r4
10003e0c:	d1f7      	bne.n	10003dfe <_vsnprintf+0x592>
10003e0e:	003b      	movs	r3, r7
10003e10:	4657      	mov	r7, sl
10003e12:	469a      	mov	sl, r3
10003e14:	464c      	mov	r4, r9
10003e16:	9b0c      	ldr	r3, [sp, #48]	@ 0x30
10003e18:	0032      	movs	r2, r6
10003e1a:	7818      	ldrb	r0, [r3, #0]
10003e1c:	990a      	ldr	r1, [sp, #40]	@ 0x28
10003e1e:	4653      	mov	r3, sl
10003e20:	9d0b      	ldr	r5, [sp, #44]	@ 0x2c
10003e22:	4444      	add	r4, r8
10003e24:	47a8      	blx	r5
10003e26:	e667      	b.n	10003af8 <_vsnprintf+0x28c>
10003e28:	46a0      	mov	r8, r4
10003e2a:	9b0f      	ldr	r3, [sp, #60]	@ 0x3c
10003e2c:	429d      	cmp	r5, r3
10003e2e:	d800      	bhi.n	10003e32 <_vsnprintf+0x5c6>
10003e30:	e662      	b.n	10003af8 <_vsnprintf+0x28c>
10003e32:	192c      	adds	r4, r5, r4
10003e34:	9e0b      	ldr	r6, [sp, #44]	@ 0x2c
10003e36:	4645      	mov	r5, r8
10003e38:	46b8      	mov	r8, r7
10003e3a:	9f0a      	ldr	r7, [sp, #40]	@ 0x28
10003e3c:	1ae4      	subs	r4, r4, r3
10003e3e:	002a      	movs	r2, r5
10003e40:	4653      	mov	r3, sl
10003e42:	3501      	adds	r5, #1
10003e44:	0039      	movs	r1, r7
10003e46:	2020      	movs	r0, #32
10003e48:	47b0      	blx	r6
10003e4a:	42a5      	cmp	r5, r4
10003e4c:	d1f7      	bne.n	10003e3e <_vsnprintf+0x5d2>
10003e4e:	4647      	mov	r7, r8
10003e50:	e652      	b.n	10003af8 <_vsnprintf+0x28c>
10003e52:	2380      	movs	r3, #128	@ 0x80
10003e54:	0032      	movs	r2, r6
10003e56:	00db      	lsls	r3, r3, #3
10003e58:	401a      	ands	r2, r3
10003e5a:	4690      	mov	r8, r2
10003e5c:	421e      	tst	r6, r3
10003e5e:	d100      	bne.n	10003e62 <_vsnprintf+0x5f6>
10003e60:	e0f3      	b.n	1000404a <_vsnprintf+0x7de>
10003e62:	2111      	movs	r1, #17
10003e64:	438e      	bics	r6, r1
10003e66:	46b4      	mov	ip, r6
10003e68:	4698      	mov	r8, r3
10003e6a:	2380      	movs	r3, #128	@ 0x80
10003e6c:	4662      	mov	r2, ip
10003e6e:	009b      	lsls	r3, r3, #2
10003e70:	401a      	ands	r2, r3
10003e72:	4693      	mov	fp, r2
10003e74:	4662      	mov	r2, ip
10003e76:	421a      	tst	r2, r3
10003e78:	d159      	bne.n	10003f2e <_vsnprintf+0x6c2>
10003e7a:	2380      	movs	r3, #128	@ 0x80
10003e7c:	005b      	lsls	r3, r3, #1
10003e7e:	401a      	ands	r2, r3
10003e80:	4691      	mov	r9, r2
10003e82:	9a0c      	ldr	r2, [sp, #48]	@ 0x30
10003e84:	3204      	adds	r2, #4
10003e86:	920f      	str	r2, [sp, #60]	@ 0x3c
10003e88:	4662      	mov	r2, ip
10003e8a:	421a      	tst	r2, r3
10003e8c:	d000      	beq.n	10003e90 <_vsnprintf+0x624>
10003e8e:	e1a0      	b.n	100041d2 <_vsnprintf+0x966>
10003e90:	4663      	mov	r3, ip
10003e92:	065b      	lsls	r3, r3, #25
10003e94:	d500      	bpl.n	10003e98 <_vsnprintf+0x62c>
10003e96:	e0d4      	b.n	10004042 <_vsnprintf+0x7d6>
10003e98:	4663      	mov	r3, ip
10003e9a:	061b      	lsls	r3, r3, #24
10003e9c:	d400      	bmi.n	10003ea0 <_vsnprintf+0x634>
10003e9e:	e212      	b.n	100042c6 <_vsnprintf+0xa5a>
10003ea0:	9b0c      	ldr	r3, [sp, #48]	@ 0x30
10003ea2:	2200      	movs	r2, #0
10003ea4:	5e9b      	ldrsh	r3, [r3, r2]
10003ea6:	17d8      	asrs	r0, r3, #31
10003ea8:	1819      	adds	r1, r3, r0
10003eaa:	4041      	eors	r1, r0
10003eac:	b289      	uxth	r1, r1
10003eae:	0fda      	lsrs	r2, r3, #31
10003eb0:	920c      	str	r2, [sp, #48]	@ 0x30
10003eb2:	2b00      	cmp	r3, #0
10003eb4:	d100      	bne.n	10003eb8 <_vsnprintf+0x64c>
10003eb6:	e187      	b.n	100041c8 <_vsnprintf+0x95c>
10003eb8:	4688      	mov	r8, r1
10003eba:	261f      	movs	r6, #31
10003ebc:	ab12      	add	r3, sp, #72	@ 0x48
10003ebe:	46bb      	mov	fp, r7
10003ec0:	9514      	str	r5, [sp, #80]	@ 0x50
10003ec2:	18f7      	adds	r7, r6, r3
10003ec4:	4645      	mov	r5, r8
10003ec6:	464e      	mov	r6, r9
10003ec8:	46e0      	mov	r8, ip
10003eca:	46a1      	mov	r9, r4
10003ecc:	e006      	b.n	10003edc <_vsnprintf+0x670>
10003ece:	0028      	movs	r0, r5
10003ed0:	210a      	movs	r1, #10
10003ed2:	f7fd ff73 	bl	10001dbc <__wrap___aeabi_uidiv>
10003ed6:	0005      	movs	r5, r0
10003ed8:	2e20      	cmp	r6, #32
10003eda:	d008      	beq.n	10003eee <_vsnprintf+0x682>
10003edc:	210a      	movs	r1, #10
10003ede:	0028      	movs	r0, r5
10003ee0:	f7fd ff6c 	bl	10001dbc <__wrap___aeabi_uidiv>
10003ee4:	3601      	adds	r6, #1
10003ee6:	3130      	adds	r1, #48	@ 0x30
10003ee8:	55b9      	strb	r1, [r7, r6]
10003eea:	2d09      	cmp	r5, #9
10003eec:	d8ef      	bhi.n	10003ece <_vsnprintf+0x662>
10003eee:	464c      	mov	r4, r9
10003ef0:	46c4      	mov	ip, r8
10003ef2:	46b1      	mov	r9, r6
10003ef4:	465f      	mov	r7, fp
10003ef6:	9d14      	ldr	r5, [sp, #80]	@ 0x50
10003ef8:	4663      	mov	r3, ip
10003efa:	9306      	str	r3, [sp, #24]
10003efc:	9b0d      	ldr	r3, [sp, #52]	@ 0x34
10003efe:	9505      	str	r5, [sp, #20]
10003f00:	9304      	str	r3, [sp, #16]
10003f02:	230a      	movs	r3, #10
10003f04:	9303      	str	r3, [sp, #12]
10003f06:	9b0c      	ldr	r3, [sp, #48]	@ 0x30
10003f08:	9302      	str	r3, [sp, #8]
10003f0a:	464b      	mov	r3, r9
10003f0c:	9301      	str	r3, [sp, #4]
10003f0e:	ab1a      	add	r3, sp, #104	@ 0x68
10003f10:	0022      	movs	r2, r4
10003f12:	9300      	str	r3, [sp, #0]
10003f14:	990a      	ldr	r1, [sp, #40]	@ 0x28
10003f16:	4653      	mov	r3, sl
10003f18:	980b      	ldr	r0, [sp, #44]	@ 0x2c
10003f1a:	f7fe fec1 	bl	10002ca0 <_ntoa_format>
10003f1e:	9b0f      	ldr	r3, [sp, #60]	@ 0x3c
10003f20:	0004      	movs	r4, r0
10003f22:	930c      	str	r3, [sp, #48]	@ 0x30
10003f24:	e4c9      	b.n	100038ba <_vsnprintf+0x4e>
10003f26:	230c      	movs	r3, #12
10003f28:	0031      	movs	r1, r6
10003f2a:	4399      	bics	r1, r3
10003f2c:	e6e3      	b.n	10003cf6 <_vsnprintf+0x48a>
10003f2e:	2208      	movs	r2, #8
10003f30:	2107      	movs	r1, #7
10003f32:	4691      	mov	r9, r2
10003f34:	9b0c      	ldr	r3, [sp, #48]	@ 0x30
10003f36:	3307      	adds	r3, #7
10003f38:	438b      	bics	r3, r1
10003f3a:	4499      	add	r9, r3
10003f3c:	464a      	mov	r2, r9
10003f3e:	cb0a      	ldmia	r3, {r1, r3}
10003f40:	0008      	movs	r0, r1
10003f42:	920c      	str	r2, [sp, #48]	@ 0x30
10003f44:	0fda      	lsrs	r2, r3, #31
10003f46:	4693      	mov	fp, r2
10003f48:	4318      	orrs	r0, r3
10003f4a:	d000      	beq.n	10003f4e <_vsnprintf+0x6e2>
10003f4c:	e085      	b.n	1000405a <_vsnprintf+0x7ee>
10003f4e:	2300      	movs	r3, #0
10003f50:	4699      	mov	r9, r3
10003f52:	4643      	mov	r3, r8
10003f54:	2b00      	cmp	r3, #0
10003f56:	d12f      	bne.n	10003fb8 <_vsnprintf+0x74c>
10003f58:	2200      	movs	r2, #0
10003f5a:	2300      	movs	r3, #0
10003f5c:	9210      	str	r2, [sp, #64]	@ 0x40
10003f5e:	9311      	str	r3, [sp, #68]	@ 0x44
10003f60:	2300      	movs	r3, #0
10003f62:	261f      	movs	r6, #31
10003f64:	4699      	mov	r9, r3
10003f66:	ab12      	add	r3, sp, #72	@ 0x48
10003f68:	18f6      	adds	r6, r6, r3
10003f6a:	465b      	mov	r3, fp
10003f6c:	9514      	str	r5, [sp, #80]	@ 0x50
10003f6e:	46bb      	mov	fp, r7
10003f70:	46e0      	mov	r8, ip
10003f72:	0037      	movs	r7, r6
10003f74:	930f      	str	r3, [sp, #60]	@ 0x3c
10003f76:	464e      	mov	r6, r9
10003f78:	46a1      	mov	r9, r4
10003f7a:	9c10      	ldr	r4, [sp, #64]	@ 0x40
10003f7c:	9d11      	ldr	r5, [sp, #68]	@ 0x44
10003f7e:	e005      	b.n	10003f8c <_vsnprintf+0x720>
10003f80:	10002bf5 	.word	0x10002bf5
10003f84:	0004      	movs	r4, r0
10003f86:	000d      	movs	r5, r1
10003f88:	2e20      	cmp	r6, #32
10003f8a:	d00c      	beq.n	10003fa6 <_vsnprintf+0x73a>
10003f8c:	220a      	movs	r2, #10
10003f8e:	2300      	movs	r3, #0
10003f90:	0020      	movs	r0, r4
10003f92:	0029      	movs	r1, r5
10003f94:	f7fd ff50 	bl	10001e38 <__wrap___aeabi_uldivmod>
10003f98:	3601      	adds	r6, #1
10003f9a:	3230      	adds	r2, #48	@ 0x30
10003f9c:	55ba      	strb	r2, [r7, r6]
10003f9e:	2d00      	cmp	r5, #0
10003fa0:	d1f0      	bne.n	10003f84 <_vsnprintf+0x718>
10003fa2:	2c09      	cmp	r4, #9
10003fa4:	d8ee      	bhi.n	10003f84 <_vsnprintf+0x718>
10003fa6:	9b0f      	ldr	r3, [sp, #60]	@ 0x3c
10003fa8:	9410      	str	r4, [sp, #64]	@ 0x40
10003faa:	9511      	str	r5, [sp, #68]	@ 0x44
10003fac:	465f      	mov	r7, fp
10003fae:	464c      	mov	r4, r9
10003fb0:	46c4      	mov	ip, r8
10003fb2:	46b1      	mov	r9, r6
10003fb4:	469b      	mov	fp, r3
10003fb6:	9d14      	ldr	r5, [sp, #80]	@ 0x50
10003fb8:	4663      	mov	r3, ip
10003fba:	9306      	str	r3, [sp, #24]
10003fbc:	9b0d      	ldr	r3, [sp, #52]	@ 0x34
10003fbe:	9505      	str	r5, [sp, #20]
10003fc0:	9304      	str	r3, [sp, #16]
10003fc2:	230a      	movs	r3, #10
10003fc4:	9303      	str	r3, [sp, #12]
10003fc6:	465b      	mov	r3, fp
10003fc8:	9302      	str	r3, [sp, #8]
10003fca:	464b      	mov	r3, r9
10003fcc:	9301      	str	r3, [sp, #4]
10003fce:	ab1a      	add	r3, sp, #104	@ 0x68
10003fd0:	0022      	movs	r2, r4
10003fd2:	9300      	str	r3, [sp, #0]
10003fd4:	990a      	ldr	r1, [sp, #40]	@ 0x28
10003fd6:	4653      	mov	r3, sl
10003fd8:	980b      	ldr	r0, [sp, #44]	@ 0x2c
10003fda:	f7fe fe61 	bl	10002ca0 <_ntoa_format>
10003fde:	0004      	movs	r4, r0
10003fe0:	e46b      	b.n	100038ba <_vsnprintf+0x4e>
10003fe2:	9b0f      	ldr	r3, [sp, #60]	@ 0x3c
10003fe4:	429d      	cmp	r5, r3
10003fe6:	d800      	bhi.n	10003fea <_vsnprintf+0x77e>
10003fe8:	e196      	b.n	10004318 <_vsnprintf+0xaac>
10003fea:	2380      	movs	r3, #128	@ 0x80
10003fec:	00db      	lsls	r3, r3, #3
10003fee:	930c      	str	r3, [sp, #48]	@ 0x30
10003ff0:	9b0f      	ldr	r3, [sp, #60]	@ 0x3c
10003ff2:	192e      	adds	r6, r5, r4
10003ff4:	1af6      	subs	r6, r6, r3
10003ff6:	4643      	mov	r3, r8
10003ff8:	930f      	str	r3, [sp, #60]	@ 0x3c
10003ffa:	9b0d      	ldr	r3, [sp, #52]	@ 0x34
10003ffc:	46a8      	mov	r8, r5
10003ffe:	4699      	mov	r9, r3
10004000:	4653      	mov	r3, sl
10004002:	46ba      	mov	sl, r7
10004004:	001f      	movs	r7, r3
10004006:	9d0b      	ldr	r5, [sp, #44]	@ 0x2c
10004008:	0022      	movs	r2, r4
1000400a:	003b      	movs	r3, r7
1000400c:	3401      	adds	r4, #1
1000400e:	2020      	movs	r0, #32
10004010:	990a      	ldr	r1, [sp, #40]	@ 0x28
10004012:	47a8      	blx	r5
10004014:	42b4      	cmp	r4, r6
10004016:	d1f7      	bne.n	10004008 <_vsnprintf+0x79c>
10004018:	9b0f      	ldr	r3, [sp, #60]	@ 0x3c
1000401a:	4645      	mov	r5, r8
1000401c:	4698      	mov	r8, r3
1000401e:	464b      	mov	r3, r9
10004020:	930d      	str	r3, [sp, #52]	@ 0x34
10004022:	003b      	movs	r3, r7
10004024:	4657      	mov	r7, sl
10004026:	469a      	mov	sl, r3
10004028:	4643      	mov	r3, r8
1000402a:	7818      	ldrb	r0, [r3, #0]
1000402c:	2800      	cmp	r0, #0
1000402e:	d100      	bne.n	10004032 <_vsnprintf+0x7c6>
10004030:	e562      	b.n	10003af8 <_vsnprintf+0x28c>
10004032:	1c6b      	adds	r3, r5, #1
10004034:	930f      	str	r3, [sp, #60]	@ 0x3c
10004036:	9b0c      	ldr	r3, [sp, #48]	@ 0x30
10004038:	2b00      	cmp	r3, #0
1000403a:	d100      	bne.n	1000403e <_vsnprintf+0x7d2>
1000403c:	e6a8      	b.n	10003d90 <_vsnprintf+0x524>
1000403e:	2300      	movs	r3, #0
10004040:	e53d      	b.n	10003abe <_vsnprintf+0x252>
10004042:	9b0c      	ldr	r3, [sp, #48]	@ 0x30
10004044:	781b      	ldrb	r3, [r3, #0]
10004046:	0019      	movs	r1, r3
10004048:	e731      	b.n	10003eae <_vsnprintf+0x642>
1000404a:	2310      	movs	r3, #16
1000404c:	439e      	bics	r6, r3
1000404e:	46b4      	mov	ip, r6
10004050:	e70b      	b.n	10003e6a <_vsnprintf+0x5fe>
10004052:	9b0c      	ldr	r3, [sp, #48]	@ 0x30
10004054:	781b      	ldrb	r3, [r3, #0]
10004056:	4699      	mov	r9, r3
10004058:	e669      	b.n	10003d2e <_vsnprintf+0x4c2>
1000405a:	17da      	asrs	r2, r3, #31
1000405c:	9212      	str	r2, [sp, #72]	@ 0x48
1000405e:	9213      	str	r2, [sp, #76]	@ 0x4c
10004060:	404a      	eors	r2, r1
10004062:	9210      	str	r2, [sp, #64]	@ 0x40
10004064:	9812      	ldr	r0, [sp, #72]	@ 0x48
10004066:	9913      	ldr	r1, [sp, #76]	@ 0x4c
10004068:	000a      	movs	r2, r1
1000406a:	405a      	eors	r2, r3
1000406c:	9211      	str	r2, [sp, #68]	@ 0x44
1000406e:	9a10      	ldr	r2, [sp, #64]	@ 0x40
10004070:	9b11      	ldr	r3, [sp, #68]	@ 0x44
10004072:	1a12      	subs	r2, r2, r0
10004074:	418b      	sbcs	r3, r1
10004076:	9210      	str	r2, [sp, #64]	@ 0x40
10004078:	9311      	str	r3, [sp, #68]	@ 0x44
1000407a:	e771      	b.n	10003f60 <_vsnprintf+0x6f4>
1000407c:	9b0c      	ldr	r3, [sp, #48]	@ 0x30
1000407e:	0022      	movs	r2, r4
10004080:	7818      	ldrb	r0, [r3, #0]
10004082:	990a      	ldr	r1, [sp, #40]	@ 0x28
10004084:	4653      	mov	r3, sl
10004086:	9c0b      	ldr	r4, [sp, #44]	@ 0x2c
10004088:	47a0      	blx	r4
1000408a:	4644      	mov	r4, r8
1000408c:	e534      	b.n	10003af8 <_vsnprintf+0x28c>
1000408e:	2208      	movs	r2, #8
10004090:	2607      	movs	r6, #7
10004092:	4690      	mov	r8, r2
10004094:	9b0c      	ldr	r3, [sp, #48]	@ 0x30
10004096:	3307      	adds	r3, #7
10004098:	43b3      	bics	r3, r6
1000409a:	4498      	add	r8, r3
1000409c:	4642      	mov	r2, r8
1000409e:	920c      	str	r2, [sp, #48]	@ 0x30
100040a0:	681a      	ldr	r2, [r3, #0]
100040a2:	685b      	ldr	r3, [r3, #4]
100040a4:	9214      	str	r2, [sp, #80]	@ 0x50
100040a6:	9308      	str	r3, [sp, #32]
100040a8:	0013      	movs	r3, r2
100040aa:	9a08      	ldr	r2, [sp, #32]
100040ac:	4313      	orrs	r3, r2
100040ae:	d105      	bne.n	100040bc <_vsnprintf+0x850>
100040b0:	3310      	adds	r3, #16
100040b2:	4399      	bics	r1, r3
100040b4:	2300      	movs	r3, #0
100040b6:	4698      	mov	r8, r3
100040b8:	2800      	cmp	r0, #0
100040ba:	d138      	bne.n	1000412e <_vsnprintf+0x8c2>
100040bc:	2061      	movs	r0, #97	@ 0x61
100040be:	068b      	lsls	r3, r1, #26
100040c0:	d500      	bpl.n	100040c4 <_vsnprintf+0x858>
100040c2:	2041      	movs	r0, #65	@ 0x41
100040c4:	2300      	movs	r3, #0
100040c6:	261f      	movs	r6, #31
100040c8:	4698      	mov	r8, r3
100040ca:	465a      	mov	r2, fp
100040cc:	ab12      	add	r3, sp, #72	@ 0x48
100040ce:	18f6      	adds	r6, r6, r3
100040d0:	0003      	movs	r3, r0
100040d2:	9218      	str	r2, [sp, #96]	@ 0x60
100040d4:	9a0f      	ldr	r2, [sp, #60]	@ 0x3c
100040d6:	3b0a      	subs	r3, #10
100040d8:	46b1      	mov	r9, r6
100040da:	9516      	str	r5, [sp, #88]	@ 0x58
100040dc:	9417      	str	r4, [sp, #92]	@ 0x5c
100040de:	9719      	str	r7, [sp, #100]	@ 0x64
100040e0:	4644      	mov	r4, r8
100040e2:	4666      	mov	r6, ip
100040e4:	4690      	mov	r8, r2
100040e6:	469b      	mov	fp, r3
100040e8:	9f14      	ldr	r7, [sp, #80]	@ 0x50
100040ea:	9d08      	ldr	r5, [sp, #32]
100040ec:	9115      	str	r1, [sp, #84]	@ 0x54
100040ee:	e003      	b.n	100040f8 <_vsnprintf+0x88c>
100040f0:	0007      	movs	r7, r0
100040f2:	000d      	movs	r5, r1
100040f4:	2c20      	cmp	r4, #32
100040f6:	d013      	beq.n	10004120 <_vsnprintf+0x8b4>
100040f8:	0032      	movs	r2, r6
100040fa:	2300      	movs	r3, #0
100040fc:	0038      	movs	r0, r7
100040fe:	0029      	movs	r1, r5
10004100:	f7fd fe9a 	bl	10001e38 <__wrap___aeabi_uldivmod>
10004104:	465b      	mov	r3, fp
10004106:	b2d2      	uxtb	r2, r2
10004108:	18d3      	adds	r3, r2, r3
1000410a:	2a09      	cmp	r2, #9
1000410c:	d801      	bhi.n	10004112 <_vsnprintf+0x8a6>
1000410e:	0013      	movs	r3, r2
10004110:	3330      	adds	r3, #48	@ 0x30
10004112:	464a      	mov	r2, r9
10004114:	3401      	adds	r4, #1
10004116:	5513      	strb	r3, [r2, r4]
10004118:	45a8      	cmp	r8, r5
1000411a:	d1e9      	bne.n	100040f0 <_vsnprintf+0x884>
1000411c:	42be      	cmp	r6, r7
1000411e:	d9e7      	bls.n	100040f0 <_vsnprintf+0x884>
10004120:	9b18      	ldr	r3, [sp, #96]	@ 0x60
10004122:	46a0      	mov	r8, r4
10004124:	469b      	mov	fp, r3
10004126:	9915      	ldr	r1, [sp, #84]	@ 0x54
10004128:	9d16      	ldr	r5, [sp, #88]	@ 0x58
1000412a:	9c17      	ldr	r4, [sp, #92]	@ 0x5c
1000412c:	9f19      	ldr	r7, [sp, #100]	@ 0x64
1000412e:	9b0d      	ldr	r3, [sp, #52]	@ 0x34
10004130:	9106      	str	r1, [sp, #24]
10004132:	9304      	str	r3, [sp, #16]
10004134:	465b      	mov	r3, fp
10004136:	9303      	str	r3, [sp, #12]
10004138:	2300      	movs	r3, #0
1000413a:	9505      	str	r5, [sp, #20]
1000413c:	9302      	str	r3, [sp, #8]
1000413e:	4643      	mov	r3, r8
10004140:	e744      	b.n	10003fcc <_vsnprintf+0x760>
10004142:	2061      	movs	r0, #97	@ 0x61
10004144:	068b      	lsls	r3, r1, #26
10004146:	d500      	bpl.n	1000414a <_vsnprintf+0x8de>
10004148:	2041      	movs	r0, #65	@ 0x41
1000414a:	261f      	movs	r6, #31
1000414c:	ab12      	add	r3, sp, #72	@ 0x48
1000414e:	18f2      	adds	r2, r6, r3
10004150:	0003      	movs	r3, r0
10004152:	3b0a      	subs	r3, #10
10004154:	930c      	str	r3, [sp, #48]	@ 0x30
10004156:	464b      	mov	r3, r9
10004158:	4646      	mov	r6, r8
1000415a:	46a1      	mov	r9, r4
1000415c:	46a8      	mov	r8, r5
1000415e:	001c      	movs	r4, r3
10004160:	465d      	mov	r5, fp
10004162:	9114      	str	r1, [sp, #80]	@ 0x50
10004164:	46bb      	mov	fp, r7
10004166:	0017      	movs	r7, r2
10004168:	e002      	b.n	10004170 <_vsnprintf+0x904>
1000416a:	0004      	movs	r4, r0
1000416c:	2e20      	cmp	r6, #32
1000416e:	d00d      	beq.n	1000418c <_vsnprintf+0x920>
10004170:	0029      	movs	r1, r5
10004172:	0020      	movs	r0, r4
10004174:	f7fd fe22 	bl	10001dbc <__wrap___aeabi_uidiv>
10004178:	9b0c      	ldr	r3, [sp, #48]	@ 0x30
1000417a:	18cb      	adds	r3, r1, r3
1000417c:	2909      	cmp	r1, #9
1000417e:	d801      	bhi.n	10004184 <_vsnprintf+0x918>
10004180:	000b      	movs	r3, r1
10004182:	3330      	adds	r3, #48	@ 0x30
10004184:	3601      	adds	r6, #1
10004186:	55bb      	strb	r3, [r7, r6]
10004188:	42ac      	cmp	r4, r5
1000418a:	d2ee      	bcs.n	1000416a <_vsnprintf+0x8fe>
1000418c:	465f      	mov	r7, fp
1000418e:	464c      	mov	r4, r9
10004190:	46ab      	mov	fp, r5
10004192:	9914      	ldr	r1, [sp, #80]	@ 0x50
10004194:	4645      	mov	r5, r8
10004196:	46b0      	mov	r8, r6
10004198:	e5d4      	b.n	10003d44 <_vsnprintf+0x4d8>
1000419a:	9b0f      	ldr	r3, [sp, #60]	@ 0x3c
1000419c:	429d      	cmp	r5, r3
1000419e:	d900      	bls.n	100041a2 <_vsnprintf+0x936>
100041a0:	e726      	b.n	10003ff0 <_vsnprintf+0x784>
100041a2:	3301      	adds	r3, #1
100041a4:	930f      	str	r3, [sp, #60]	@ 0x3c
100041a6:	e5f3      	b.n	10003d90 <_vsnprintf+0x524>
100041a8:	2310      	movs	r3, #16
100041aa:	0032      	movs	r2, r6
100041ac:	439a      	bics	r2, r3
100041ae:	4694      	mov	ip, r2
100041b0:	2869      	cmp	r0, #105	@ 0x69
100041b2:	d000      	beq.n	100041b6 <_vsnprintf+0x94a>
100041b4:	e0a2      	b.n	100042fc <_vsnprintf+0xa90>
100041b6:	2380      	movs	r3, #128	@ 0x80
100041b8:	0032      	movs	r2, r6
100041ba:	00db      	lsls	r3, r3, #3
100041bc:	401a      	ands	r2, r3
100041be:	4690      	mov	r8, r2
100041c0:	421e      	tst	r6, r3
100041c2:	d100      	bne.n	100041c6 <_vsnprintf+0x95a>
100041c4:	e651      	b.n	10003e6a <_vsnprintf+0x5fe>
100041c6:	e64c      	b.n	10003e62 <_vsnprintf+0x5f6>
100041c8:	4643      	mov	r3, r8
100041ca:	2b00      	cmp	r3, #0
100041cc:	d000      	beq.n	100041d0 <_vsnprintf+0x964>
100041ce:	e693      	b.n	10003ef8 <_vsnprintf+0x68c>
100041d0:	e673      	b.n	10003eba <_vsnprintf+0x64e>
100041d2:	9b0c      	ldr	r3, [sp, #48]	@ 0x30
100041d4:	681b      	ldr	r3, [r3, #0]
100041d6:	0fda      	lsrs	r2, r3, #31
100041d8:	2b00      	cmp	r3, #0
100041da:	d070      	beq.n	100042be <_vsnprintf+0xa52>
100041dc:	17d9      	asrs	r1, r3, #31
100041de:	185b      	adds	r3, r3, r1
100041e0:	404b      	eors	r3, r1
100041e2:	4698      	mov	r8, r3
100041e4:	261f      	movs	r6, #31
100041e6:	ab12      	add	r3, sp, #72	@ 0x48
100041e8:	18f6      	adds	r6, r6, r3
100041ea:	46a1      	mov	r9, r4
100041ec:	9514      	str	r5, [sp, #80]	@ 0x50
100041ee:	465c      	mov	r4, fp
100041f0:	4645      	mov	r5, r8
100041f2:	46bb      	mov	fp, r7
100041f4:	46e0      	mov	r8, ip
100041f6:	0037      	movs	r7, r6
100041f8:	920c      	str	r2, [sp, #48]	@ 0x30
100041fa:	e006      	b.n	1000420a <_vsnprintf+0x99e>
100041fc:	0028      	movs	r0, r5
100041fe:	210a      	movs	r1, #10
10004200:	f7fd fddc 	bl	10001dbc <__wrap___aeabi_uidiv>
10004204:	0005      	movs	r5, r0
10004206:	2c20      	cmp	r4, #32
10004208:	d008      	beq.n	1000421c <_vsnprintf+0x9b0>
1000420a:	210a      	movs	r1, #10
1000420c:	0028      	movs	r0, r5
1000420e:	f7fd fdd5 	bl	10001dbc <__wrap___aeabi_uidiv>
10004212:	3401      	adds	r4, #1
10004214:	3130      	adds	r1, #48	@ 0x30
10004216:	5539      	strb	r1, [r7, r4]
10004218:	2d09      	cmp	r5, #9
1000421a:	d8ef      	bhi.n	100041fc <_vsnprintf+0x990>
1000421c:	465f      	mov	r7, fp
1000421e:	46c4      	mov	ip, r8
10004220:	46a3      	mov	fp, r4
10004222:	464c      	mov	r4, r9
10004224:	9d14      	ldr	r5, [sp, #80]	@ 0x50
10004226:	9a0c      	ldr	r2, [sp, #48]	@ 0x30
10004228:	4663      	mov	r3, ip
1000422a:	9306      	str	r3, [sp, #24]
1000422c:	9b0d      	ldr	r3, [sp, #52]	@ 0x34
1000422e:	9505      	str	r5, [sp, #20]
10004230:	9304      	str	r3, [sp, #16]
10004232:	230a      	movs	r3, #10
10004234:	9202      	str	r2, [sp, #8]
10004236:	9303      	str	r3, [sp, #12]
10004238:	465b      	mov	r3, fp
1000423a:	e667      	b.n	10003f0c <_vsnprintf+0x6a0>
1000423c:	9b0c      	ldr	r3, [sp, #48]	@ 0x30
1000423e:	681b      	ldr	r3, [r3, #0]
10004240:	4698      	mov	r8, r3
10004242:	2b00      	cmp	r3, #0
10004244:	d103      	bne.n	1000424e <_vsnprintf+0x9e2>
10004246:	3310      	adds	r3, #16
10004248:	4399      	bics	r1, r3
1000424a:	2800      	cmp	r0, #0
1000424c:	d12d      	bne.n	100042aa <_vsnprintf+0xa3e>
1000424e:	2061      	movs	r0, #97	@ 0x61
10004250:	068b      	lsls	r3, r1, #26
10004252:	d500      	bpl.n	10004256 <_vsnprintf+0x9ea>
10004254:	2041      	movs	r0, #65	@ 0x41
10004256:	261f      	movs	r6, #31
10004258:	ab12      	add	r3, sp, #72	@ 0x48
1000425a:	18f6      	adds	r6, r6, r3
1000425c:	0003      	movs	r3, r0
1000425e:	3b0a      	subs	r3, #10
10004260:	464a      	mov	r2, r9
10004262:	930c      	str	r3, [sp, #48]	@ 0x30
10004264:	9114      	str	r1, [sp, #80]	@ 0x50
10004266:	4643      	mov	r3, r8
10004268:	0031      	movs	r1, r6
1000426a:	46a8      	mov	r8, r5
1000426c:	46a1      	mov	r9, r4
1000426e:	465e      	mov	r6, fp
10004270:	0014      	movs	r4, r2
10004272:	46bb      	mov	fp, r7
10004274:	001d      	movs	r5, r3
10004276:	000f      	movs	r7, r1
10004278:	e002      	b.n	10004280 <_vsnprintf+0xa14>
1000427a:	0005      	movs	r5, r0
1000427c:	2c20      	cmp	r4, #32
1000427e:	d00d      	beq.n	1000429c <_vsnprintf+0xa30>
10004280:	0031      	movs	r1, r6
10004282:	0028      	movs	r0, r5
10004284:	f7fd fd9a 	bl	10001dbc <__wrap___aeabi_uidiv>
10004288:	9b0c      	ldr	r3, [sp, #48]	@ 0x30
1000428a:	18cb      	adds	r3, r1, r3
1000428c:	2909      	cmp	r1, #9
1000428e:	d801      	bhi.n	10004294 <_vsnprintf+0xa28>
10004290:	000b      	movs	r3, r1
10004292:	3330      	adds	r3, #48	@ 0x30
10004294:	3401      	adds	r4, #1
10004296:	553b      	strb	r3, [r7, r4]
10004298:	42b5      	cmp	r5, r6
1000429a:	d2ee      	bcs.n	1000427a <_vsnprintf+0xa0e>
1000429c:	0023      	movs	r3, r4
1000429e:	465f      	mov	r7, fp
100042a0:	464c      	mov	r4, r9
100042a2:	4645      	mov	r5, r8
100042a4:	46b3      	mov	fp, r6
100042a6:	4699      	mov	r9, r3
100042a8:	9914      	ldr	r1, [sp, #80]	@ 0x50
100042aa:	9b0d      	ldr	r3, [sp, #52]	@ 0x34
100042ac:	9106      	str	r1, [sp, #24]
100042ae:	9304      	str	r3, [sp, #16]
100042b0:	465b      	mov	r3, fp
100042b2:	9303      	str	r3, [sp, #12]
100042b4:	2300      	movs	r3, #0
100042b6:	9505      	str	r5, [sp, #20]
100042b8:	9302      	str	r3, [sp, #8]
100042ba:	464b      	mov	r3, r9
100042bc:	e626      	b.n	10003f0c <_vsnprintf+0x6a0>
100042be:	4643      	mov	r3, r8
100042c0:	2b00      	cmp	r3, #0
100042c2:	d1b1      	bne.n	10004228 <_vsnprintf+0x9bc>
100042c4:	e78e      	b.n	100041e4 <_vsnprintf+0x978>
100042c6:	9b0c      	ldr	r3, [sp, #48]	@ 0x30
100042c8:	681b      	ldr	r3, [r3, #0]
100042ca:	17d8      	asrs	r0, r3, #31
100042cc:	1819      	adds	r1, r3, r0
100042ce:	4041      	eors	r1, r0
100042d0:	e5ed      	b.n	10003eae <_vsnprintf+0x642>
100042d2:	2380      	movs	r3, #128	@ 0x80
100042d4:	0032      	movs	r2, r6
100042d6:	00db      	lsls	r3, r3, #3
100042d8:	401a      	ands	r2, r3
100042da:	920f      	str	r2, [sp, #60]	@ 0x3c
100042dc:	421e      	tst	r6, r3
100042de:	d00f      	beq.n	10004300 <_vsnprintf+0xa94>
100042e0:	3002      	adds	r0, #2
100042e2:	0002      	movs	r2, r0
100042e4:	4032      	ands	r2, r6
100042e6:	920f      	str	r2, [sp, #60]	@ 0x3c
100042e8:	4230      	tst	r0, r6
100042ea:	d019      	beq.n	10004320 <_vsnprintf+0xab4>
100042ec:	2300      	movs	r3, #0
100042ee:	46a0      	mov	r8, r4
100042f0:	930f      	str	r3, [sp, #60]	@ 0x3c
100042f2:	e59a      	b.n	10003e2a <_vsnprintf+0x5be>
100042f4:	9b0c      	ldr	r3, [sp, #48]	@ 0x30
100042f6:	681b      	ldr	r3, [r3, #0]
100042f8:	4699      	mov	r9, r3
100042fa:	e518      	b.n	10003d2e <_vsnprintf+0x4c2>
100042fc:	0016      	movs	r6, r2
100042fe:	e49b      	b.n	10003c38 <_vsnprintf+0x3cc>
10004300:	2302      	movs	r3, #2
10004302:	001a      	movs	r2, r3
10004304:	4032      	ands	r2, r6
10004306:	920c      	str	r2, [sp, #48]	@ 0x30
10004308:	4233      	tst	r3, r6
1000430a:	d000      	beq.n	1000430e <_vsnprintf+0xaa2>
1000430c:	e58c      	b.n	10003e28 <_vsnprintf+0x5bc>
1000430e:	2d00      	cmp	r5, #0
10004310:	d000      	beq.n	10004314 <_vsnprintf+0xaa8>
10004312:	e66d      	b.n	10003ff0 <_vsnprintf+0x784>
10004314:	f7ff fbf0 	bl	10003af8 <_vsnprintf+0x28c>
10004318:	3301      	adds	r3, #1
1000431a:	930f      	str	r3, [sp, #60]	@ 0x3c
1000431c:	f7ff fbd0 	bl	10003ac0 <_vsnprintf+0x254>
10004320:	930c      	str	r3, [sp, #48]	@ 0x30
10004322:	e7f4      	b.n	1000430e <_vsnprintf+0xaa2>

10004324 <vfctprintf>:
10004324:	b500      	push	{lr}
10004326:	b085      	sub	sp, #20
10004328:	9103      	str	r1, [sp, #12]
1000432a:	2101      	movs	r1, #1
1000432c:	9002      	str	r0, [sp, #8]
1000432e:	9300      	str	r3, [sp, #0]
10004330:	4803      	ldr	r0, [pc, #12]	@ (10004340 <vfctprintf+0x1c>)
10004332:	0013      	movs	r3, r2
10004334:	424a      	negs	r2, r1
10004336:	a902      	add	r1, sp, #8
10004338:	f7ff fa98 	bl	1000386c <_vsnprintf>
1000433c:	b005      	add	sp, #20
1000433e:	bd00      	pop	{pc}
10004340:	10002e89 	.word	0x10002e89

10004344 <weak_raw_vprintf>:
10004344:	b510      	push	{r4, lr}
10004346:	4a09      	ldr	r2, [pc, #36]	@ (1000436c <weak_raw_vprintf+0x28>)
10004348:	0003      	movs	r3, r0
1000434a:	6814      	ldr	r4, [r2, #0]
1000434c:	b084      	sub	sp, #16
1000434e:	2c00      	cmp	r4, #0
10004350:	d008      	beq.n	10004364 <weak_raw_vprintf+0x20>
10004352:	2201      	movs	r2, #1
10004354:	9100      	str	r1, [sp, #0]
10004356:	4806      	ldr	r0, [pc, #24]	@ (10004370 <weak_raw_vprintf+0x2c>)
10004358:	4252      	negs	r2, r2
1000435a:	a903      	add	r1, sp, #12
1000435c:	47a0      	blx	r4
1000435e:	2001      	movs	r0, #1
10004360:	b004      	add	sp, #16
10004362:	bd10      	pop	{r4, pc}
10004364:	f000 f9d0 	bl	10004708 <__wrap_puts>
10004368:	2000      	movs	r0, #0
1000436a:	e7f9      	b.n	10004360 <weak_raw_vprintf+0x1c>
1000436c:	20001ff8 	.word	0x20001ff8
10004370:	10002e79 	.word	0x10002e79

10004374 <_exit>:
10004374:	be00      	bkpt	0x0000
10004376:	e7fd      	b.n	10004374 <_exit>

10004378 <exit>:
10004378:	b510      	push	{r4, lr}
1000437a:	f7ff fffb 	bl	10004374 <_exit>
1000437e:	46c0      	nop			@ (mov r8, r8)

10004380 <runtime_init>:
10004380:	b570      	push	{r4, r5, r6, lr}
10004382:	f7fd fbcd 	bl	10001b20 <runtime_run_initializers>
10004386:	4d07      	ldr	r5, [pc, #28]	@ (100043a4 <runtime_init+0x24>)
10004388:	4e07      	ldr	r6, [pc, #28]	@ (100043a8 <runtime_init+0x28>)
1000438a:	42b5      	cmp	r5, r6
1000438c:	d209      	bcs.n	100043a2 <runtime_init+0x22>
1000438e:	2400      	movs	r4, #0
10004390:	3e01      	subs	r6, #1
10004392:	1b76      	subs	r6, r6, r5
10004394:	08b6      	lsrs	r6, r6, #2
10004396:	3601      	adds	r6, #1
10004398:	cd08      	ldmia	r5!, {r3}
1000439a:	3401      	adds	r4, #1
1000439c:	4798      	blx	r3
1000439e:	42b4      	cmp	r4, r6
100043a0:	d1fa      	bne.n	10004398 <runtime_init+0x18>
100043a2:	bd70      	pop	{r4, r5, r6, pc}
100043a4:	10007284 	.word	0x10007284
100043a8:	1000728c 	.word	0x1000728c

100043ac <stdio_out_chars_no_crlf>:
100043ac:	0003      	movs	r3, r0
100043ae:	b510      	push	{r4, lr}
100043b0:	0008      	movs	r0, r1
100043b2:	0011      	movs	r1, r2
100043b4:	681b      	ldr	r3, [r3, #0]
100043b6:	4798      	blx	r3
100043b8:	bd10      	pop	{r4, pc}
100043ba:	46c0      	nop			@ (mov r8, r8)

100043bc <stdio_out_chars_crlf>:
100043bc:	b5f8      	push	{r3, r4, r5, r6, r7, lr}
100043be:	7d43      	ldrb	r3, [r0, #21]
100043c0:	0007      	movs	r7, r0
100043c2:	000d      	movs	r5, r1
100043c4:	0016      	movs	r6, r2
100043c6:	2b00      	cmp	r3, #0
100043c8:	d038      	beq.n	1000443c <stdio_out_chars_crlf+0x80>
100043ca:	2a00      	cmp	r2, #0
100043cc:	dd1a      	ble.n	10004404 <stdio_out_chars_crlf+0x48>
100043ce:	780b      	ldrb	r3, [r1, #0]
100043d0:	2b0a      	cmp	r3, #10
100043d2:	d018      	beq.n	10004406 <stdio_out_chars_crlf+0x4a>
100043d4:	2000      	movs	r0, #0
100043d6:	2e01      	cmp	r6, #1
100043d8:	d009      	beq.n	100043ee <stdio_out_chars_crlf+0x32>
100043da:	2401      	movs	r4, #1
100043dc:	0021      	movs	r1, r4
100043de:	5c6b      	ldrb	r3, [r5, r1]
100043e0:	3401      	adds	r4, #1
100043e2:	2b0a      	cmp	r3, #10
100043e4:	d01a      	beq.n	1000441c <stdio_out_chars_crlf+0x60>
100043e6:	42b4      	cmp	r4, r6
100043e8:	d1f8      	bne.n	100043dc <stdio_out_chars_crlf+0x20>
100043ea:	4286      	cmp	r6, r0
100043ec:	dd03      	ble.n	100043f6 <stdio_out_chars_crlf+0x3a>
100043ee:	1a31      	subs	r1, r6, r0
100043f0:	683b      	ldr	r3, [r7, #0]
100043f2:	1828      	adds	r0, r5, r0
100043f4:	4798      	blx	r3
100043f6:	19ad      	adds	r5, r5, r6
100043f8:	3d01      	subs	r5, #1
100043fa:	782b      	ldrb	r3, [r5, #0]
100043fc:	3b0d      	subs	r3, #13
100043fe:	425a      	negs	r2, r3
10004400:	4153      	adcs	r3, r2
10004402:	753b      	strb	r3, [r7, #20]
10004404:	bdf8      	pop	{r3, r4, r5, r6, r7, pc}
10004406:	7d03      	ldrb	r3, [r0, #20]
10004408:	2b00      	cmp	r3, #0
1000440a:	d1e3      	bne.n	100043d4 <stdio_out_chars_crlf+0x18>
1000440c:	2102      	movs	r1, #2
1000440e:	480e      	ldr	r0, [pc, #56]	@ (10004448 <stdio_out_chars_crlf+0x8c>)
10004410:	683b      	ldr	r3, [r7, #0]
10004412:	4798      	blx	r3
10004414:	2e01      	cmp	r6, #1
10004416:	d0ee      	beq.n	100043f6 <stdio_out_chars_crlf+0x3a>
10004418:	2001      	movs	r0, #1
1000441a:	e7de      	b.n	100043da <stdio_out_chars_crlf+0x1e>
1000441c:	1e6b      	subs	r3, r5, #1
1000441e:	5c5b      	ldrb	r3, [r3, r1]
10004420:	2b0d      	cmp	r3, #13
10004422:	d0e0      	beq.n	100043e6 <stdio_out_chars_crlf+0x2a>
10004424:	4288      	cmp	r0, r1
10004426:	da03      	bge.n	10004430 <stdio_out_chars_crlf+0x74>
10004428:	1a09      	subs	r1, r1, r0
1000442a:	683b      	ldr	r3, [r7, #0]
1000442c:	1828      	adds	r0, r5, r0
1000442e:	4798      	blx	r3
10004430:	4805      	ldr	r0, [pc, #20]	@ (10004448 <stdio_out_chars_crlf+0x8c>)
10004432:	2102      	movs	r1, #2
10004434:	683b      	ldr	r3, [r7, #0]
10004436:	4798      	blx	r3
10004438:	0020      	movs	r0, r4
1000443a:	e7d4      	b.n	100043e6 <stdio_out_chars_crlf+0x2a>
1000443c:	6803      	ldr	r3, [r0, #0]
1000443e:	0011      	movs	r1, r2
10004440:	0028      	movs	r0, r5
10004442:	4798      	blx	r3
10004444:	e7de      	b.n	10004404 <stdio_out_chars_crlf+0x48>
10004446:	46c0      	nop			@ (mov r8, r8)
10004448:	10007868 	.word	0x10007868

1000444c <stdio_buffered_printer>:
1000444c:	b5f0      	push	{r4, r5, r6, r7, lr}
1000444e:	46c6      	mov	lr, r8
10004450:	680b      	ldr	r3, [r1, #0]
10004452:	0007      	movs	r7, r0
10004454:	000d      	movs	r5, r1
10004456:	b500      	push	{lr}
10004458:	2b80      	cmp	r3, #128	@ 0x80
1000445a:	d006      	beq.n	1000446a <stdio_buffered_printer+0x1e>
1000445c:	1c5a      	adds	r2, r3, #1
1000445e:	602a      	str	r2, [r5, #0]
10004460:	18ed      	adds	r5, r5, r3
10004462:	712f      	strb	r7, [r5, #4]
10004464:	bc80      	pop	{r7}
10004466:	46b8      	mov	r8, r7
10004468:	bdf0      	pop	{r4, r5, r6, r7, pc}
1000446a:	4b0f      	ldr	r3, [pc, #60]	@ (100044a8 <stdio_buffered_printer+0x5c>)
1000446c:	681c      	ldr	r4, [r3, #0]
1000446e:	2c00      	cmp	r4, #0
10004470:	d016      	beq.n	100044a0 <stdio_buffered_printer+0x54>
10004472:	1d0b      	adds	r3, r1, #4
10004474:	4698      	mov	r8, r3
10004476:	4e0d      	ldr	r6, [pc, #52]	@ (100044ac <stdio_buffered_printer+0x60>)
10004478:	e002      	b.n	10004480 <stdio_buffered_printer+0x34>
1000447a:	6924      	ldr	r4, [r4, #16]
1000447c:	2c00      	cmp	r4, #0
1000447e:	d00f      	beq.n	100044a0 <stdio_buffered_printer+0x54>
10004480:	6823      	ldr	r3, [r4, #0]
10004482:	2b00      	cmp	r3, #0
10004484:	d0f9      	beq.n	1000447a <stdio_buffered_printer+0x2e>
10004486:	6833      	ldr	r3, [r6, #0]
10004488:	2b00      	cmp	r3, #0
1000448a:	d001      	beq.n	10004490 <stdio_buffered_printer+0x44>
1000448c:	42a3      	cmp	r3, r4
1000448e:	d1f4      	bne.n	1000447a <stdio_buffered_printer+0x2e>
10004490:	0020      	movs	r0, r4
10004492:	4641      	mov	r1, r8
10004494:	682a      	ldr	r2, [r5, #0]
10004496:	f7ff ff91 	bl	100043bc <stdio_out_chars_crlf>
1000449a:	6924      	ldr	r4, [r4, #16]
1000449c:	2c00      	cmp	r4, #0
1000449e:	d1ef      	bne.n	10004480 <stdio_buffered_printer+0x34>
100044a0:	2201      	movs	r2, #1
100044a2:	2300      	movs	r3, #0
100044a4:	e7db      	b.n	1000445e <stdio_buffered_printer+0x12>
100044a6:	46c0      	nop			@ (mov r8, r8)
100044a8:	20001bec 	.word	0x20001bec
100044ac:	20001bf4 	.word	0x20001bf4

100044b0 <stdio_put_string>:
100044b0:	b5f0      	push	{r4, r5, r6, r7, lr}
100044b2:	4646      	mov	r6, r8
100044b4:	46d6      	mov	lr, sl
100044b6:	464f      	mov	r7, r9
100044b8:	b5c0      	push	{r6, r7, lr}
100044ba:	b082      	sub	sp, #8
100044bc:	4690      	mov	r8, r2
100044be:	001c      	movs	r4, r3
100044c0:	0006      	movs	r6, r0
100044c2:	000d      	movs	r5, r1
100044c4:	f7fd f8e2 	bl	1000168c <time_us_64>
100044c8:	2300      	movs	r3, #0
100044ca:	4a2f      	ldr	r2, [pc, #188]	@ (10004588 <stdio_put_string+0xd8>)
100044cc:	1812      	adds	r2, r2, r0
100044ce:	414b      	adcs	r3, r1
100044d0:	2b00      	cmp	r3, #0
100044d2:	da02      	bge.n	100044da <stdio_put_string+0x2a>
100044d4:	2201      	movs	r2, #1
100044d6:	4b2d      	ldr	r3, [pc, #180]	@ (1000458c <stdio_put_string+0xdc>)
100044d8:	4252      	negs	r2, r2
100044da:	492d      	ldr	r1, [pc, #180]	@ (10004590 <stdio_put_string+0xe0>)
100044dc:	0008      	movs	r0, r1
100044de:	468a      	mov	sl, r1
100044e0:	f002 fe92 	bl	10007208 <__mutex_try_enter_block_until_veneer>
100044e4:	4681      	mov	r9, r0
100044e6:	1c6b      	adds	r3, r5, #1
100044e8:	d103      	bne.n	100044f2 <stdio_put_string+0x42>
100044ea:	0030      	movs	r0, r6
100044ec:	f002 fe1a 	bl	10007124 <strlen>
100044f0:	0005      	movs	r5, r0
100044f2:	2c00      	cmp	r4, #0
100044f4:	d027      	beq.n	10004546 <stdio_put_string+0x96>
100044f6:	4f27      	ldr	r7, [pc, #156]	@ (10004594 <stdio_put_string+0xe4>)
100044f8:	4b27      	ldr	r3, [pc, #156]	@ (10004598 <stdio_put_string+0xe8>)
100044fa:	681c      	ldr	r4, [r3, #0]
100044fc:	2c00      	cmp	r4, #0
100044fe:	d018      	beq.n	10004532 <stdio_put_string+0x82>
10004500:	4643      	mov	r3, r8
10004502:	2b00      	cmp	r3, #0
10004504:	d121      	bne.n	1000454a <stdio_put_string+0x9a>
10004506:	4b25      	ldr	r3, [pc, #148]	@ (1000459c <stdio_put_string+0xec>)
10004508:	4698      	mov	r8, r3
1000450a:	e002      	b.n	10004512 <stdio_put_string+0x62>
1000450c:	6924      	ldr	r4, [r4, #16]
1000450e:	2c00      	cmp	r4, #0
10004510:	d00f      	beq.n	10004532 <stdio_put_string+0x82>
10004512:	6823      	ldr	r3, [r4, #0]
10004514:	2b00      	cmp	r3, #0
10004516:	d0f9      	beq.n	1000450c <stdio_put_string+0x5c>
10004518:	4643      	mov	r3, r8
1000451a:	681b      	ldr	r3, [r3, #0]
1000451c:	2b00      	cmp	r3, #0
1000451e:	d001      	beq.n	10004524 <stdio_put_string+0x74>
10004520:	429c      	cmp	r4, r3
10004522:	d1f3      	bne.n	1000450c <stdio_put_string+0x5c>
10004524:	0020      	movs	r0, r4
10004526:	002a      	movs	r2, r5
10004528:	0031      	movs	r1, r6
1000452a:	47b8      	blx	r7
1000452c:	6924      	ldr	r4, [r4, #16]
1000452e:	2c00      	cmp	r4, #0
10004530:	d1ef      	bne.n	10004512 <stdio_put_string+0x62>
10004532:	464b      	mov	r3, r9
10004534:	2b00      	cmp	r3, #0
10004536:	d123      	bne.n	10004580 <stdio_put_string+0xd0>
10004538:	0028      	movs	r0, r5
1000453a:	b002      	add	sp, #8
1000453c:	bce0      	pop	{r5, r6, r7}
1000453e:	46ba      	mov	sl, r7
10004540:	46b1      	mov	r9, r6
10004542:	46a8      	mov	r8, r5
10004544:	bdf0      	pop	{r4, r5, r6, r7, pc}
10004546:	4f16      	ldr	r7, [pc, #88]	@ (100045a0 <stdio_put_string+0xf0>)
10004548:	e7d6      	b.n	100044f8 <stdio_put_string+0x48>
1000454a:	4b14      	ldr	r3, [pc, #80]	@ (1000459c <stdio_put_string+0xec>)
1000454c:	4698      	mov	r8, r3
1000454e:	e002      	b.n	10004556 <stdio_put_string+0xa6>
10004550:	6924      	ldr	r4, [r4, #16]
10004552:	2c00      	cmp	r4, #0
10004554:	d0ed      	beq.n	10004532 <stdio_put_string+0x82>
10004556:	6823      	ldr	r3, [r4, #0]
10004558:	2b00      	cmp	r3, #0
1000455a:	d0f9      	beq.n	10004550 <stdio_put_string+0xa0>
1000455c:	4643      	mov	r3, r8
1000455e:	681b      	ldr	r3, [r3, #0]
10004560:	2b00      	cmp	r3, #0
10004562:	d001      	beq.n	10004568 <stdio_put_string+0xb8>
10004564:	42a3      	cmp	r3, r4
10004566:	d1f3      	bne.n	10004550 <stdio_put_string+0xa0>
10004568:	002a      	movs	r2, r5
1000456a:	0031      	movs	r1, r6
1000456c:	0020      	movs	r0, r4
1000456e:	47b8      	blx	r7
10004570:	466b      	mov	r3, sp
10004572:	220a      	movs	r2, #10
10004574:	0020      	movs	r0, r4
10004576:	71da      	strb	r2, [r3, #7]
10004578:	1dd9      	adds	r1, r3, #7
1000457a:	3a09      	subs	r2, #9
1000457c:	47b8      	blx	r7
1000457e:	e7e7      	b.n	10004550 <stdio_put_string+0xa0>
10004580:	4650      	mov	r0, sl
10004582:	f002 fe11 	bl	100071a8 <__mutex_exit_veneer>
10004586:	e7d7      	b.n	10004538 <stdio_put_string+0x88>
10004588:	000f4240 	.word	0x000f4240
1000458c:	7fffffff 	.word	0x7fffffff
10004590:	200010c8 	.word	0x200010c8
10004594:	100043bd 	.word	0x100043bd
10004598:	20001bec 	.word	0x20001bec
1000459c:	20001bf4 	.word	0x20001bf4
100045a0:	100043ad 	.word	0x100043ad

100045a4 <stdio_set_driver_enabled>:
100045a4:	4a0a      	ldr	r2, [pc, #40]	@ (100045d0 <stdio_set_driver_enabled+0x2c>)
100045a6:	6813      	ldr	r3, [r2, #0]
100045a8:	2b00      	cmp	r3, #0
100045aa:	d105      	bne.n	100045b8 <stdio_set_driver_enabled+0x14>
100045ac:	e00c      	b.n	100045c8 <stdio_set_driver_enabled+0x24>
100045ae:	001a      	movs	r2, r3
100045b0:	691b      	ldr	r3, [r3, #16]
100045b2:	3210      	adds	r2, #16
100045b4:	2b00      	cmp	r3, #0
100045b6:	d007      	beq.n	100045c8 <stdio_set_driver_enabled+0x24>
100045b8:	4283      	cmp	r3, r0
100045ba:	d1f8      	bne.n	100045ae <stdio_set_driver_enabled+0xa>
100045bc:	2900      	cmp	r1, #0
100045be:	d102      	bne.n	100045c6 <stdio_set_driver_enabled+0x22>
100045c0:	6918      	ldr	r0, [r3, #16]
100045c2:	6010      	str	r0, [r2, #0]
100045c4:	6119      	str	r1, [r3, #16]
100045c6:	4770      	bx	lr
100045c8:	2900      	cmp	r1, #0
100045ca:	d0fc      	beq.n	100045c6 <stdio_set_driver_enabled+0x22>
100045cc:	6010      	str	r0, [r2, #0]
100045ce:	e7fa      	b.n	100045c6 <stdio_set_driver_enabled+0x22>
100045d0:	20001bec 	.word	0x20001bec

100045d4 <stdio_init_all>:
100045d4:	b510      	push	{r4, lr}
100045d6:	f000 fb37 	bl	10004c48 <stdio_usb_init>
100045da:	bd10      	pop	{r4, pc}

100045dc <stdio_getchar_timeout_us>:
100045dc:	b5f0      	push	{r4, r5, r6, r7, lr}
100045de:	46ce      	mov	lr, r9
100045e0:	4647      	mov	r7, r8
100045e2:	0004      	movs	r4, r0
100045e4:	b580      	push	{r7, lr}
100045e6:	b083      	sub	sp, #12
100045e8:	f7fd f850 	bl	1000168c <time_us_64>
100045ec:	0026      	movs	r6, r4
100045ee:	2700      	movs	r7, #0
100045f0:	1836      	adds	r6, r6, r0
100045f2:	414f      	adcs	r7, r1
100045f4:	2f00      	cmp	r7, #0
100045f6:	da02      	bge.n	100045fe <stdio_getchar_timeout_us+0x22>
100045f8:	2601      	movs	r6, #1
100045fa:	4f1a      	ldr	r7, [pc, #104]	@ (10004664 <stdio_getchar_timeout_us+0x88>)
100045fc:	4276      	negs	r6, r6
100045fe:	4b1a      	ldr	r3, [pc, #104]	@ (10004668 <stdio_getchar_timeout_us+0x8c>)
10004600:	4d1a      	ldr	r5, [pc, #104]	@ (1000466c <stdio_getchar_timeout_us+0x90>)
10004602:	4699      	mov	r9, r3
10004604:	ab01      	add	r3, sp, #4
10004606:	4698      	mov	r8, r3
10004608:	464b      	mov	r3, r9
1000460a:	681c      	ldr	r4, [r3, #0]
1000460c:	2c00      	cmp	r4, #0
1000460e:	d103      	bne.n	10004618 <stdio_getchar_timeout_us+0x3c>
10004610:	e016      	b.n	10004640 <stdio_getchar_timeout_us+0x64>
10004612:	6924      	ldr	r4, [r4, #16]
10004614:	2c00      	cmp	r4, #0
10004616:	d013      	beq.n	10004640 <stdio_getchar_timeout_us+0x64>
10004618:	682b      	ldr	r3, [r5, #0]
1000461a:	2b00      	cmp	r3, #0
1000461c:	d001      	beq.n	10004622 <stdio_getchar_timeout_us+0x46>
1000461e:	429c      	cmp	r4, r3
10004620:	d1f7      	bne.n	10004612 <stdio_getchar_timeout_us+0x36>
10004622:	68a3      	ldr	r3, [r4, #8]
10004624:	2b00      	cmp	r3, #0
10004626:	d0f4      	beq.n	10004612 <stdio_getchar_timeout_us+0x36>
10004628:	2101      	movs	r1, #1
1000462a:	4640      	mov	r0, r8
1000462c:	4798      	blx	r3
1000462e:	2800      	cmp	r0, #0
10004630:	ddef      	ble.n	10004612 <stdio_getchar_timeout_us+0x36>
10004632:	4643      	mov	r3, r8
10004634:	7818      	ldrb	r0, [r3, #0]
10004636:	b003      	add	sp, #12
10004638:	bcc0      	pop	{r6, r7}
1000463a:	46b9      	mov	r9, r7
1000463c:	46b0      	mov	r8, r6
1000463e:	bdf0      	pop	{r4, r5, r6, r7, pc}
10004640:	4b0b      	ldr	r3, [pc, #44]	@ (10004670 <stdio_getchar_timeout_us+0x94>)
10004642:	6a5a      	ldr	r2, [r3, #36]	@ 0x24
10004644:	4297      	cmp	r7, r2
10004646:	d807      	bhi.n	10004658 <stdio_getchar_timeout_us+0x7c>
10004648:	6a9b      	ldr	r3, [r3, #40]	@ 0x28
1000464a:	42b3      	cmp	r3, r6
1000464c:	d302      	bcc.n	10004654 <stdio_getchar_timeout_us+0x78>
1000464e:	2002      	movs	r0, #2
10004650:	4240      	negs	r0, r0
10004652:	e7f0      	b.n	10004636 <stdio_getchar_timeout_us+0x5a>
10004654:	4297      	cmp	r7, r2
10004656:	d1fa      	bne.n	1000464e <stdio_getchar_timeout_us+0x72>
10004658:	2001      	movs	r0, #1
1000465a:	2100      	movs	r1, #0
1000465c:	f7fd f820 	bl	100016a0 <busy_wait_us>
10004660:	e7d2      	b.n	10004608 <stdio_getchar_timeout_us+0x2c>
10004662:	46c0      	nop			@ (mov r8, r8)
10004664:	7fffffff 	.word	0x7fffffff
10004668:	20001bec 	.word	0x20001bec
1000466c:	20001bf4 	.word	0x20001bf4
10004670:	40054000 	.word	0x40054000

10004674 <__wrap_putchar>:
10004674:	b5f0      	push	{r4, r5, r6, r7, lr}
10004676:	46ce      	mov	lr, r9
10004678:	4647      	mov	r7, r8
1000467a:	b580      	push	{r7, lr}
1000467c:	b083      	sub	sp, #12
1000467e:	466b      	mov	r3, sp
10004680:	0006      	movs	r6, r0
10004682:	1ddd      	adds	r5, r3, #7
10004684:	7028      	strb	r0, [r5, #0]
10004686:	f7fd f801 	bl	1000168c <time_us_64>
1000468a:	2300      	movs	r3, #0
1000468c:	4a19      	ldr	r2, [pc, #100]	@ (100046f4 <__wrap_putchar+0x80>)
1000468e:	1812      	adds	r2, r2, r0
10004690:	414b      	adcs	r3, r1
10004692:	2b00      	cmp	r3, #0
10004694:	da02      	bge.n	1000469c <__wrap_putchar+0x28>
10004696:	2201      	movs	r2, #1
10004698:	4b17      	ldr	r3, [pc, #92]	@ (100046f8 <__wrap_putchar+0x84>)
1000469a:	4252      	negs	r2, r2
1000469c:	4917      	ldr	r1, [pc, #92]	@ (100046fc <__wrap_putchar+0x88>)
1000469e:	0008      	movs	r0, r1
100046a0:	4689      	mov	r9, r1
100046a2:	f002 fdb1 	bl	10007208 <__mutex_try_enter_block_until_veneer>
100046a6:	4b16      	ldr	r3, [pc, #88]	@ (10004700 <__wrap_putchar+0x8c>)
100046a8:	4680      	mov	r8, r0
100046aa:	681c      	ldr	r4, [r3, #0]
100046ac:	2c00      	cmp	r4, #0
100046ae:	d014      	beq.n	100046da <__wrap_putchar+0x66>
100046b0:	4f14      	ldr	r7, [pc, #80]	@ (10004704 <__wrap_putchar+0x90>)
100046b2:	e002      	b.n	100046ba <__wrap_putchar+0x46>
100046b4:	6924      	ldr	r4, [r4, #16]
100046b6:	2c00      	cmp	r4, #0
100046b8:	d00f      	beq.n	100046da <__wrap_putchar+0x66>
100046ba:	6823      	ldr	r3, [r4, #0]
100046bc:	2b00      	cmp	r3, #0
100046be:	d0f9      	beq.n	100046b4 <__wrap_putchar+0x40>
100046c0:	683b      	ldr	r3, [r7, #0]
100046c2:	2b00      	cmp	r3, #0
100046c4:	d001      	beq.n	100046ca <__wrap_putchar+0x56>
100046c6:	429c      	cmp	r4, r3
100046c8:	d1f4      	bne.n	100046b4 <__wrap_putchar+0x40>
100046ca:	0020      	movs	r0, r4
100046cc:	2201      	movs	r2, #1
100046ce:	0029      	movs	r1, r5
100046d0:	f7ff fe74 	bl	100043bc <stdio_out_chars_crlf>
100046d4:	6924      	ldr	r4, [r4, #16]
100046d6:	2c00      	cmp	r4, #0
100046d8:	d1ef      	bne.n	100046ba <__wrap_putchar+0x46>
100046da:	4643      	mov	r3, r8
100046dc:	2b00      	cmp	r3, #0
100046de:	d105      	bne.n	100046ec <__wrap_putchar+0x78>
100046e0:	0030      	movs	r0, r6
100046e2:	b003      	add	sp, #12
100046e4:	bcc0      	pop	{r6, r7}
100046e6:	46b9      	mov	r9, r7
100046e8:	46b0      	mov	r8, r6
100046ea:	bdf0      	pop	{r4, r5, r6, r7, pc}
100046ec:	4648      	mov	r0, r9
100046ee:	f002 fd5b 	bl	100071a8 <__mutex_exit_veneer>
100046f2:	e7f5      	b.n	100046e0 <__wrap_putchar+0x6c>
100046f4:	000f4240 	.word	0x000f4240
100046f8:	7fffffff 	.word	0x7fffffff
100046fc:	200010c8 	.word	0x200010c8
10004700:	20001bec 	.word	0x20001bec
10004704:	20001bf4 	.word	0x20001bf4

10004708 <__wrap_puts>:
10004708:	b570      	push	{r4, r5, r6, lr}
1000470a:	0004      	movs	r4, r0
1000470c:	f002 fd0a 	bl	10007124 <strlen>
10004710:	2301      	movs	r3, #1
10004712:	0001      	movs	r1, r0
10004714:	0005      	movs	r5, r0
10004716:	2201      	movs	r2, #1
10004718:	0020      	movs	r0, r4
1000471a:	f7ff fec9 	bl	100044b0 <stdio_put_string>
1000471e:	4b08      	ldr	r3, [pc, #32]	@ (10004740 <__wrap_puts+0x38>)
10004720:	681c      	ldr	r4, [r3, #0]
10004722:	2c00      	cmp	r4, #0
10004724:	d006      	beq.n	10004734 <__wrap_puts+0x2c>
10004726:	6863      	ldr	r3, [r4, #4]
10004728:	2b00      	cmp	r3, #0
1000472a:	d005      	beq.n	10004738 <__wrap_puts+0x30>
1000472c:	4798      	blx	r3
1000472e:	6924      	ldr	r4, [r4, #16]
10004730:	2c00      	cmp	r4, #0
10004732:	d1f8      	bne.n	10004726 <__wrap_puts+0x1e>
10004734:	0028      	movs	r0, r5
10004736:	bd70      	pop	{r4, r5, r6, pc}
10004738:	6924      	ldr	r4, [r4, #16]
1000473a:	2c00      	cmp	r4, #0
1000473c:	d1f3      	bne.n	10004726 <__wrap_puts+0x1e>
1000473e:	e7f9      	b.n	10004734 <__wrap_puts+0x2c>
10004740:	20001bec 	.word	0x20001bec

10004744 <__wrap_vprintf>:
10004744:	b5f0      	push	{r4, r5, r6, r7, lr}
10004746:	46ce      	mov	lr, r9
10004748:	4647      	mov	r7, r8
1000474a:	b580      	push	{r7, lr}
1000474c:	b0a3      	sub	sp, #140	@ 0x8c
1000474e:	0004      	movs	r4, r0
10004750:	000e      	movs	r6, r1
10004752:	f7fc ff9b 	bl	1000168c <time_us_64>
10004756:	2300      	movs	r3, #0
10004758:	4a26      	ldr	r2, [pc, #152]	@ (100047f4 <__wrap_vprintf+0xb0>)
1000475a:	1812      	adds	r2, r2, r0
1000475c:	414b      	adcs	r3, r1
1000475e:	2b00      	cmp	r3, #0
10004760:	da02      	bge.n	10004768 <__wrap_vprintf+0x24>
10004762:	2201      	movs	r2, #1
10004764:	4b24      	ldr	r3, [pc, #144]	@ (100047f8 <__wrap_vprintf+0xb4>)
10004766:	4252      	negs	r2, r2
10004768:	4824      	ldr	r0, [pc, #144]	@ (100047fc <__wrap_vprintf+0xb8>)
1000476a:	f002 fd4d 	bl	10007208 <__mutex_try_enter_block_until_veneer>
1000476e:	2300      	movs	r3, #0
10004770:	0022      	movs	r2, r4
10004772:	9301      	str	r3, [sp, #4]
10004774:	4680      	mov	r8, r0
10004776:	0033      	movs	r3, r6
10004778:	4821      	ldr	r0, [pc, #132]	@ (10004800 <__wrap_vprintf+0xbc>)
1000477a:	a901      	add	r1, sp, #4
1000477c:	f7ff fdd2 	bl	10004324 <vfctprintf>
10004780:	4f20      	ldr	r7, [pc, #128]	@ (10004804 <__wrap_vprintf+0xc0>)
10004782:	9b01      	ldr	r3, [sp, #4]
10004784:	4681      	mov	r9, r0
10004786:	683c      	ldr	r4, [r7, #0]
10004788:	2b00      	cmp	r3, #0
1000478a:	d019      	beq.n	100047c0 <__wrap_vprintf+0x7c>
1000478c:	2c00      	cmp	r4, #0
1000478e:	d02f      	beq.n	100047f0 <__wrap_vprintf+0xac>
10004790:	4e1d      	ldr	r6, [pc, #116]	@ (10004808 <__wrap_vprintf+0xc4>)
10004792:	e002      	b.n	1000479a <__wrap_vprintf+0x56>
10004794:	6924      	ldr	r4, [r4, #16]
10004796:	2c00      	cmp	r4, #0
10004798:	d00f      	beq.n	100047ba <__wrap_vprintf+0x76>
1000479a:	6823      	ldr	r3, [r4, #0]
1000479c:	2b00      	cmp	r3, #0
1000479e:	d0f9      	beq.n	10004794 <__wrap_vprintf+0x50>
100047a0:	6833      	ldr	r3, [r6, #0]
100047a2:	2b00      	cmp	r3, #0
100047a4:	d001      	beq.n	100047aa <__wrap_vprintf+0x66>
100047a6:	42a3      	cmp	r3, r4
100047a8:	d1f4      	bne.n	10004794 <__wrap_vprintf+0x50>
100047aa:	0020      	movs	r0, r4
100047ac:	9a01      	ldr	r2, [sp, #4]
100047ae:	a902      	add	r1, sp, #8
100047b0:	f7ff fe04 	bl	100043bc <stdio_out_chars_crlf>
100047b4:	6924      	ldr	r4, [r4, #16]
100047b6:	2c00      	cmp	r4, #0
100047b8:	d1ef      	bne.n	1000479a <__wrap_vprintf+0x56>
100047ba:	2300      	movs	r3, #0
100047bc:	683c      	ldr	r4, [r7, #0]
100047be:	9301      	str	r3, [sp, #4]
100047c0:	2c00      	cmp	r4, #0
100047c2:	d006      	beq.n	100047d2 <__wrap_vprintf+0x8e>
100047c4:	6863      	ldr	r3, [r4, #4]
100047c6:	2b00      	cmp	r3, #0
100047c8:	d00c      	beq.n	100047e4 <__wrap_vprintf+0xa0>
100047ca:	4798      	blx	r3
100047cc:	6924      	ldr	r4, [r4, #16]
100047ce:	2c00      	cmp	r4, #0
100047d0:	d1f8      	bne.n	100047c4 <__wrap_vprintf+0x80>
100047d2:	4643      	mov	r3, r8
100047d4:	2b00      	cmp	r3, #0
100047d6:	d107      	bne.n	100047e8 <__wrap_vprintf+0xa4>
100047d8:	4648      	mov	r0, r9
100047da:	b023      	add	sp, #140	@ 0x8c
100047dc:	bcc0      	pop	{r6, r7}
100047de:	46b9      	mov	r9, r7
100047e0:	46b0      	mov	r8, r6
100047e2:	bdf0      	pop	{r4, r5, r6, r7, pc}
100047e4:	6924      	ldr	r4, [r4, #16]
100047e6:	e7eb      	b.n	100047c0 <__wrap_vprintf+0x7c>
100047e8:	4804      	ldr	r0, [pc, #16]	@ (100047fc <__wrap_vprintf+0xb8>)
100047ea:	f002 fcdd 	bl	100071a8 <__mutex_exit_veneer>
100047ee:	e7f3      	b.n	100047d8 <__wrap_vprintf+0x94>
100047f0:	9401      	str	r4, [sp, #4]
100047f2:	e7ee      	b.n	100047d2 <__wrap_vprintf+0x8e>
100047f4:	000f4240 	.word	0x000f4240
100047f8:	7fffffff 	.word	0x7fffffff
100047fc:	200010c8 	.word	0x200010c8
10004800:	1000444d 	.word	0x1000444d
10004804:	20001bec 	.word	0x20001bec
10004808:	20001bf4 	.word	0x20001bf4

1000480c <__wrap_printf>:
1000480c:	b40f      	push	{r0, r1, r2, r3}
1000480e:	b500      	push	{lr}
10004810:	b083      	sub	sp, #12
10004812:	a904      	add	r1, sp, #16
10004814:	c901      	ldmia	r1!, {r0}
10004816:	9101      	str	r1, [sp, #4]
10004818:	f7ff ff94 	bl	10004744 <__wrap_vprintf>
1000481c:	b003      	add	sp, #12
1000481e:	bc08      	pop	{r3}
10004820:	b004      	add	sp, #16
10004822:	4718      	bx	r3

10004824 <resetd_init>:
10004824:	4770      	bx	lr
10004826:	46c0      	nop			@ (mov r8, r8)

10004828 <resetd_reset>:
10004828:	2200      	movs	r2, #0
1000482a:	4b01      	ldr	r3, [pc, #4]	@ (10004830 <resetd_reset+0x8>)
1000482c:	701a      	strb	r2, [r3, #0]
1000482e:	4770      	bx	lr
10004830:	2000206e 	.word	0x2000206e

10004834 <resetd_open>:
10004834:	794b      	ldrb	r3, [r1, #5]
10004836:	2000      	movs	r0, #0
10004838:	2bff      	cmp	r3, #255	@ 0xff
1000483a:	d10b      	bne.n	10004854 <resetd_open+0x20>
1000483c:	798b      	ldrb	r3, [r1, #6]
1000483e:	2b00      	cmp	r3, #0
10004840:	d108      	bne.n	10004854 <resetd_open+0x20>
10004842:	79cb      	ldrb	r3, [r1, #7]
10004844:	2b01      	cmp	r3, #1
10004846:	d105      	bne.n	10004854 <resetd_open+0x20>
10004848:	2a08      	cmp	r2, #8
1000484a:	d903      	bls.n	10004854 <resetd_open+0x20>
1000484c:	4b02      	ldr	r3, [pc, #8]	@ (10004858 <resetd_open+0x24>)
1000484e:	788a      	ldrb	r2, [r1, #2]
10004850:	3009      	adds	r0, #9
10004852:	701a      	strb	r2, [r3, #0]
10004854:	4770      	bx	lr
10004856:	46c0      	nop			@ (mov r8, r8)
10004858:	2000206e 	.word	0x2000206e

1000485c <resetd_xfer_cb>:
1000485c:	2001      	movs	r0, #1
1000485e:	4770      	bx	lr

10004860 <resetd_control_xfer_cb>:
10004860:	b510      	push	{r4, lr}
10004862:	2901      	cmp	r1, #1
10004864:	d113      	bne.n	1000488e <resetd_control_xfer_cb+0x2e>
10004866:	4912      	ldr	r1, [pc, #72]	@ (100048b0 <resetd_control_xfer_cb+0x50>)
10004868:	7953      	ldrb	r3, [r2, #5]
1000486a:	7910      	ldrb	r0, [r2, #4]
1000486c:	7809      	ldrb	r1, [r1, #0]
1000486e:	021b      	lsls	r3, r3, #8
10004870:	4303      	orrs	r3, r0
10004872:	2000      	movs	r0, #0
10004874:	4299      	cmp	r1, r3
10004876:	d000      	beq.n	1000487a <resetd_control_xfer_cb+0x1a>
10004878:	bd10      	pop	{r4, pc}
1000487a:	7853      	ldrb	r3, [r2, #1]
1000487c:	2b01      	cmp	r3, #1
1000487e:	d008      	beq.n	10004892 <resetd_control_xfer_cb+0x32>
10004880:	2b02      	cmp	r3, #2
10004882:	d1f9      	bne.n	10004878 <resetd_control_xfer_cb+0x18>
10004884:	2264      	movs	r2, #100	@ 0x64
10004886:	2100      	movs	r1, #0
10004888:	2000      	movs	r0, #0
1000488a:	f7fd f893 	bl	100019b4 <watchdog_reboot>
1000488e:	2001      	movs	r0, #1
10004890:	e7f2      	b.n	10004878 <resetd_control_xfer_cb+0x18>
10004892:	78d3      	ldrb	r3, [r2, #3]
10004894:	7891      	ldrb	r1, [r2, #2]
10004896:	021b      	lsls	r3, r3, #8
10004898:	4319      	orrs	r1, r3
1000489a:	0a48      	lsrs	r0, r1, #9
1000489c:	05db      	lsls	r3, r3, #23
1000489e:	d401      	bmi.n	100048a4 <resetd_control_xfer_cb+0x44>
100048a0:	2001      	movs	r0, #1
100048a2:	4240      	negs	r0, r0
100048a4:	237f      	movs	r3, #127	@ 0x7f
100048a6:	058a      	lsls	r2, r1, #22
100048a8:	0fd2      	lsrs	r2, r2, #31
100048aa:	4019      	ands	r1, r3
100048ac:	f7fd f90a 	bl	10001ac4 <rom_reset_usb_boot_extra>
100048b0:	2000206e 	.word	0x2000206e

100048b4 <tud_descriptor_bos_cb>:
100048b4:	4800      	ldr	r0, [pc, #0]	@ (100048b8 <tud_descriptor_bos_cb+0x4>)
100048b6:	4770      	bx	lr
100048b8:	10007934 	.word	0x10007934

100048bc <tud_vendor_control_xfer_cb>:
100048bc:	4694      	mov	ip, r2
100048be:	2301      	movs	r3, #1
100048c0:	b510      	push	{r4, lr}
100048c2:	2901      	cmp	r1, #1
100048c4:	d10a      	bne.n	100048dc <tud_vendor_control_xfer_cb+0x20>
100048c6:	7852      	ldrb	r2, [r2, #1]
100048c8:	2300      	movs	r3, #0
100048ca:	2a01      	cmp	r2, #1
100048cc:	d106      	bne.n	100048dc <tud_vendor_control_xfer_cb+0x20>
100048ce:	4662      	mov	r2, ip
100048d0:	7911      	ldrb	r1, [r2, #4]
100048d2:	7952      	ldrb	r2, [r2, #5]
100048d4:	0212      	lsls	r2, r2, #8
100048d6:	430a      	orrs	r2, r1
100048d8:	2a07      	cmp	r2, #7
100048da:	d001      	beq.n	100048e0 <tud_vendor_control_xfer_cb+0x24>
100048dc:	0018      	movs	r0, r3
100048de:	bd10      	pop	{r4, pc}
100048e0:	33a6      	adds	r3, #166	@ 0xa6
100048e2:	4661      	mov	r1, ip
100048e4:	4a02      	ldr	r2, [pc, #8]	@ (100048f0 <tud_vendor_control_xfer_cb+0x34>)
100048e6:	f001 fa63 	bl	10005db0 <tud_control_xfer>
100048ea:	0003      	movs	r3, r0
100048ec:	e7f6      	b.n	100048dc <tud_vendor_control_xfer_cb+0x20>
100048ee:	46c0      	nop			@ (mov r8, r8)
100048f0:	1000788c 	.word	0x1000788c

100048f4 <usbd_app_driver_get_cb>:
100048f4:	2301      	movs	r3, #1
100048f6:	7003      	strb	r3, [r0, #0]
100048f8:	4800      	ldr	r0, [pc, #0]	@ (100048fc <usbd_app_driver_get_cb+0x8>)
100048fa:	4770      	bx	lr
100048fc:	1000786c 	.word	0x1000786c

10004900 <tud_cdc_line_coding_cb>:
10004900:	784b      	ldrb	r3, [r1, #1]
10004902:	780a      	ldrb	r2, [r1, #0]
10004904:	021b      	lsls	r3, r3, #8
10004906:	4313      	orrs	r3, r2
10004908:	788a      	ldrb	r2, [r1, #2]
1000490a:	b510      	push	{r4, lr}
1000490c:	0412      	lsls	r2, r2, #16
1000490e:	431a      	orrs	r2, r3
10004910:	78cb      	ldrb	r3, [r1, #3]
10004912:	061b      	lsls	r3, r3, #24
10004914:	4313      	orrs	r3, r2
10004916:	2296      	movs	r2, #150	@ 0x96
10004918:	00d2      	lsls	r2, r2, #3
1000491a:	4293      	cmp	r3, r2
1000491c:	d000      	beq.n	10004920 <tud_cdc_line_coding_cb+0x20>
1000491e:	bd10      	pop	{r4, pc}
10004920:	2200      	movs	r2, #0
10004922:	2001      	movs	r0, #1
10004924:	0011      	movs	r1, r2
10004926:	4240      	negs	r0, r0
10004928:	f7fd f8cc 	bl	10001ac4 <rom_reset_usb_boot_extra>

1000492c <stdio_usb_set_chars_available_callback>:
1000492c:	4b02      	ldr	r3, [pc, #8]	@ (10004938 <stdio_usb_set_chars_available_callback+0xc>)
1000492e:	6018      	str	r0, [r3, #0]
10004930:	4b02      	ldr	r3, [pc, #8]	@ (1000493c <stdio_usb_set_chars_available_callback+0x10>)
10004932:	6019      	str	r1, [r3, #0]
10004934:	4770      	bx	lr
10004936:	46c0      	nop			@ (mov r8, r8)
10004938:	20001b04 	.word	0x20001b04
1000493c:	20001b08 	.word	0x20001b08

10004940 <usb_irq>:
10004940:	b510      	push	{r4, lr}
10004942:	4b02      	ldr	r3, [pc, #8]	@ (1000494c <usb_irq+0xc>)
10004944:	7818      	ldrb	r0, [r3, #0]
10004946:	f7fc f8a3 	bl	10000a90 <irq_set_pending>
1000494a:	bd10      	pop	{r4, pc}
1000494c:	20002070 	.word	0x20002070

10004950 <timer_task>:
10004950:	4b15      	ldr	r3, [pc, #84]	@ (100049a8 <timer_task+0x58>)
10004952:	b570      	push	{r4, r5, r6, lr}
10004954:	681a      	ldr	r2, [r3, #0]
10004956:	2a00      	cmp	r2, #0
10004958:	d022      	beq.n	100049a0 <timer_task+0x50>
1000495a:	f3ef 8110 	mrs	r1, PRIMASK
1000495e:	b672      	cpsid	i
10004960:	6810      	ldr	r0, [r2, #0]
10004962:	2800      	cmp	r0, #0
10004964:	d0fc      	beq.n	10004960 <timer_task+0x10>
10004966:	f3bf 8f5f 	dmb	sy
1000496a:	2000      	movs	r0, #0
1000496c:	4a0f      	ldr	r2, [pc, #60]	@ (100049ac <timer_task+0x5c>)
1000496e:	6059      	str	r1, [r3, #4]
10004970:	7010      	strb	r0, [r2, #0]
10004972:	681b      	ldr	r3, [r3, #0]
10004974:	f3bf 8f5f 	dmb	sy
10004978:	6018      	str	r0, [r3, #0]
1000497a:	f381 8810 	msr	PRIMASK, r1
1000497e:	2400      	movs	r4, #0
10004980:	2500      	movs	r5, #0
10004982:	4e0b      	ldr	r6, [pc, #44]	@ (100049b0 <timer_task+0x60>)
10004984:	7830      	ldrb	r0, [r6, #0]
10004986:	f7fc f877 	bl	10000a78 <irq_is_enabled>
1000498a:	2800      	cmp	r0, #0
1000498c:	d104      	bne.n	10004998 <timer_task+0x48>
1000498e:	2400      	movs	r4, #0
10004990:	2500      	movs	r5, #0
10004992:	0029      	movs	r1, r5
10004994:	0020      	movs	r0, r4
10004996:	bd70      	pop	{r4, r5, r6, pc}
10004998:	7830      	ldrb	r0, [r6, #0]
1000499a:	f7fc f879 	bl	10000a90 <irq_set_pending>
1000499e:	e7f8      	b.n	10004992 <timer_task+0x42>
100049a0:	24fa      	movs	r4, #250	@ 0xfa
100049a2:	2500      	movs	r5, #0
100049a4:	00a4      	lsls	r4, r4, #2
100049a6:	e7ec      	b.n	10004982 <timer_task+0x32>
100049a8:	2000201c 	.word	0x2000201c
100049ac:	20002071 	.word	0x20002071
100049b0:	20002070 	.word	0x20002070

100049b4 <stdio_usb_in_chars>:
100049b4:	b570      	push	{r4, r5, r6, lr}
100049b6:	0005      	movs	r5, r0
100049b8:	2000      	movs	r0, #0
100049ba:	000e      	movs	r6, r1
100049bc:	f001 fb10 	bl	10005fe0 <tud_cdc_n_connected>
100049c0:	2800      	cmp	r0, #0
100049c2:	d034      	beq.n	10004a2e <stdio_usb_in_chars+0x7a>
100049c4:	2000      	movs	r0, #0
100049c6:	f001 fb21 	bl	1000600c <tud_cdc_n_available>
100049ca:	2800      	cmp	r0, #0
100049cc:	d02f      	beq.n	10004a2e <stdio_usb_in_chars+0x7a>
100049ce:	f7fc fe5d 	bl	1000168c <time_us_64>
100049d2:	2300      	movs	r3, #0
100049d4:	4a17      	ldr	r2, [pc, #92]	@ (10004a34 <stdio_usb_in_chars+0x80>)
100049d6:	1812      	adds	r2, r2, r0
100049d8:	414b      	adcs	r3, r1
100049da:	2b00      	cmp	r3, #0
100049dc:	db16      	blt.n	10004a0c <stdio_usb_in_chars+0x58>
100049de:	4c16      	ldr	r4, [pc, #88]	@ (10004a38 <stdio_usb_in_chars+0x84>)
100049e0:	0020      	movs	r0, r4
100049e2:	f002 fc11 	bl	10007208 <__mutex_try_enter_block_until_veneer>
100049e6:	2800      	cmp	r0, #0
100049e8:	d021      	beq.n	10004a2e <stdio_usb_in_chars+0x7a>
100049ea:	2000      	movs	r0, #0
100049ec:	f001 faf8 	bl	10005fe0 <tud_cdc_n_connected>
100049f0:	2800      	cmp	r0, #0
100049f2:	d10f      	bne.n	10004a14 <stdio_usb_in_chars+0x60>
100049f4:	2001      	movs	r0, #1
100049f6:	2100      	movs	r1, #0
100049f8:	4240      	negs	r0, r0
100049fa:	f000 fd0f 	bl	1000541c <tud_task_ext>
100049fe:	2503      	movs	r5, #3
10004a00:	426d      	negs	r5, r5
10004a02:	0020      	movs	r0, r4
10004a04:	f002 fbd0 	bl	100071a8 <__mutex_exit_veneer>
10004a08:	0028      	movs	r0, r5
10004a0a:	bd70      	pop	{r4, r5, r6, pc}
10004a0c:	2201      	movs	r2, #1
10004a0e:	4b0b      	ldr	r3, [pc, #44]	@ (10004a3c <stdio_usb_in_chars+0x88>)
10004a10:	4252      	negs	r2, r2
10004a12:	e7e4      	b.n	100049de <stdio_usb_in_chars+0x2a>
10004a14:	2000      	movs	r0, #0
10004a16:	f001 faf9 	bl	1000600c <tud_cdc_n_available>
10004a1a:	2800      	cmp	r0, #0
10004a1c:	d0ea      	beq.n	100049f4 <stdio_usb_in_chars+0x40>
10004a1e:	0029      	movs	r1, r5
10004a20:	0032      	movs	r2, r6
10004a22:	2000      	movs	r0, #0
10004a24:	f001 fafc 	bl	10006020 <tud_cdc_n_read>
10004a28:	1e05      	subs	r5, r0, #0
10004a2a:	d1ea      	bne.n	10004a02 <stdio_usb_in_chars+0x4e>
10004a2c:	e7e7      	b.n	100049fe <stdio_usb_in_chars+0x4a>
10004a2e:	2503      	movs	r5, #3
10004a30:	426d      	negs	r5, r5
10004a32:	e7e9      	b.n	10004a08 <stdio_usb_in_chars+0x54>
10004a34:	000f4240 	.word	0x000f4240
10004a38:	20002044 	.word	0x20002044
10004a3c:	7fffffff 	.word	0x7fffffff

10004a40 <stdio_usb_out_flush>:
10004a40:	b510      	push	{r4, lr}
10004a42:	f7fc fe23 	bl	1000168c <time_us_64>
10004a46:	2300      	movs	r3, #0
10004a48:	4a0d      	ldr	r2, [pc, #52]	@ (10004a80 <stdio_usb_out_flush+0x40>)
10004a4a:	1812      	adds	r2, r2, r0
10004a4c:	414b      	adcs	r3, r1
10004a4e:	2b00      	cmp	r3, #0
10004a50:	da02      	bge.n	10004a58 <stdio_usb_out_flush+0x18>
10004a52:	2201      	movs	r2, #1
10004a54:	4b0b      	ldr	r3, [pc, #44]	@ (10004a84 <stdio_usb_out_flush+0x44>)
10004a56:	4252      	negs	r2, r2
10004a58:	480b      	ldr	r0, [pc, #44]	@ (10004a88 <stdio_usb_out_flush+0x48>)
10004a5a:	f002 fbd5 	bl	10007208 <__mutex_try_enter_block_until_veneer>
10004a5e:	2800      	cmp	r0, #0
10004a60:	d00c      	beq.n	10004a7c <stdio_usb_out_flush+0x3c>
10004a62:	2001      	movs	r0, #1
10004a64:	2100      	movs	r1, #0
10004a66:	4240      	negs	r0, r0
10004a68:	f000 fcd8 	bl	1000541c <tud_task_ext>
10004a6c:	2000      	movs	r0, #0
10004a6e:	f001 fb1b 	bl	100060a8 <tud_cdc_n_write_flush>
10004a72:	2800      	cmp	r0, #0
10004a74:	d1f5      	bne.n	10004a62 <stdio_usb_out_flush+0x22>
10004a76:	4804      	ldr	r0, [pc, #16]	@ (10004a88 <stdio_usb_out_flush+0x48>)
10004a78:	f002 fb96 	bl	100071a8 <__mutex_exit_veneer>
10004a7c:	bd10      	pop	{r4, pc}
10004a7e:	46c0      	nop			@ (mov r8, r8)
10004a80:	000f4240 	.word	0x000f4240
10004a84:	7fffffff 	.word	0x7fffffff
10004a88:	20002044 	.word	0x20002044

10004a8c <stdio_usb_out_chars>:
10004a8c:	b5f8      	push	{r3, r4, r5, r6, r7, lr}
10004a8e:	46ce      	mov	lr, r9
10004a90:	4647      	mov	r7, r8
10004a92:	b580      	push	{r7, lr}
10004a94:	0005      	movs	r5, r0
10004a96:	000c      	movs	r4, r1
10004a98:	f7fc fdf8 	bl	1000168c <time_us_64>
10004a9c:	2300      	movs	r3, #0
10004a9e:	4a34      	ldr	r2, [pc, #208]	@ (10004b70 <stdio_usb_out_chars+0xe4>)
10004aa0:	1812      	adds	r2, r2, r0
10004aa2:	414b      	adcs	r3, r1
10004aa4:	2b00      	cmp	r3, #0
10004aa6:	da02      	bge.n	10004aae <stdio_usb_out_chars+0x22>
10004aa8:	2201      	movs	r2, #1
10004aaa:	4b32      	ldr	r3, [pc, #200]	@ (10004b74 <stdio_usb_out_chars+0xe8>)
10004aac:	4252      	negs	r2, r2
10004aae:	4932      	ldr	r1, [pc, #200]	@ (10004b78 <stdio_usb_out_chars+0xec>)
10004ab0:	0008      	movs	r0, r1
10004ab2:	4688      	mov	r8, r1
10004ab4:	f002 fba8 	bl	10007208 <__mutex_try_enter_block_until_veneer>
10004ab8:	2800      	cmp	r0, #0
10004aba:	d103      	bne.n	10004ac4 <stdio_usb_out_chars+0x38>
10004abc:	bcc0      	pop	{r6, r7}
10004abe:	46b9      	mov	r9, r7
10004ac0:	46b0      	mov	r8, r6
10004ac2:	bdf8      	pop	{r3, r4, r5, r6, r7, pc}
10004ac4:	2000      	movs	r0, #0
10004ac6:	f001 fa8b 	bl	10005fe0 <tud_cdc_n_connected>
10004aca:	2800      	cmp	r0, #0
10004acc:	d048      	beq.n	10004b60 <stdio_usb_out_chars+0xd4>
10004ace:	2600      	movs	r6, #0
10004ad0:	2c00      	cmp	r4, #0
10004ad2:	dd41      	ble.n	10004b58 <stdio_usb_out_chars+0xcc>
10004ad4:	4b29      	ldr	r3, [pc, #164]	@ (10004b7c <stdio_usb_out_chars+0xf0>)
10004ad6:	4699      	mov	r9, r3
10004ad8:	e013      	b.n	10004b02 <stdio_usb_out_chars+0x76>
10004ada:	19a9      	adds	r1, r5, r6
10004adc:	2000      	movs	r0, #0
10004ade:	f001 fb1f 	bl	10006120 <tud_cdc_n_write>
10004ae2:	0007      	movs	r7, r0
10004ae4:	2001      	movs	r0, #1
10004ae6:	2100      	movs	r1, #0
10004ae8:	4240      	negs	r0, r0
10004aea:	f000 fc97 	bl	1000541c <tud_task_ext>
10004aee:	2000      	movs	r0, #0
10004af0:	f001 fada 	bl	100060a8 <tud_cdc_n_write_flush>
10004af4:	f7fc fdca 	bl	1000168c <time_us_64>
10004af8:	4b20      	ldr	r3, [pc, #128]	@ (10004b7c <stdio_usb_out_chars+0xf0>)
10004afa:	19f6      	adds	r6, r6, r7
10004afc:	c303      	stmia	r3!, {r0, r1}
10004afe:	42b4      	cmp	r4, r6
10004b00:	dd2a      	ble.n	10004b58 <stdio_usb_out_chars+0xcc>
10004b02:	2000      	movs	r0, #0
10004b04:	f001 fb2c 	bl	10006160 <tud_cdc_n_write_available>
10004b08:	1ba7      	subs	r7, r4, r6
10004b0a:	0002      	movs	r2, r0
10004b0c:	42b8      	cmp	r0, r7
10004b0e:	dd00      	ble.n	10004b12 <stdio_usb_out_chars+0x86>
10004b10:	003a      	movs	r2, r7
10004b12:	2a00      	cmp	r2, #0
10004b14:	d1e1      	bne.n	10004ada <stdio_usb_out_chars+0x4e>
10004b16:	2001      	movs	r0, #1
10004b18:	2100      	movs	r1, #0
10004b1a:	4240      	negs	r0, r0
10004b1c:	f000 fc7e 	bl	1000541c <tud_task_ext>
10004b20:	2000      	movs	r0, #0
10004b22:	f001 fac1 	bl	100060a8 <tud_cdc_n_write_flush>
10004b26:	2000      	movs	r0, #0
10004b28:	f001 fa5a 	bl	10005fe0 <tud_cdc_n_connected>
10004b2c:	2800      	cmp	r0, #0
10004b2e:	d013      	beq.n	10004b58 <stdio_usb_out_chars+0xcc>
10004b30:	2000      	movs	r0, #0
10004b32:	f001 fb15 	bl	10006160 <tud_cdc_n_write_available>
10004b36:	2800      	cmp	r0, #0
10004b38:	d1e1      	bne.n	10004afe <stdio_usb_out_chars+0x72>
10004b3a:	f7fc fda7 	bl	1000168c <time_us_64>
10004b3e:	464b      	mov	r3, r9
10004b40:	000f      	movs	r7, r1
10004b42:	cb0c      	ldmia	r3, {r2, r3}
10004b44:	2100      	movs	r1, #0
10004b46:	4684      	mov	ip, r0
10004b48:	480d      	ldr	r0, [pc, #52]	@ (10004b80 <stdio_usb_out_chars+0xf4>)
10004b4a:	1812      	adds	r2, r2, r0
10004b4c:	414b      	adcs	r3, r1
10004b4e:	429f      	cmp	r7, r3
10004b50:	d802      	bhi.n	10004b58 <stdio_usb_out_chars+0xcc>
10004b52:	d1d4      	bne.n	10004afe <stdio_usb_out_chars+0x72>
10004b54:	4594      	cmp	ip, r2
10004b56:	d9d2      	bls.n	10004afe <stdio_usb_out_chars+0x72>
10004b58:	4640      	mov	r0, r8
10004b5a:	f002 fb25 	bl	100071a8 <__mutex_exit_veneer>
10004b5e:	e7ad      	b.n	10004abc <stdio_usb_out_chars+0x30>
10004b60:	2000      	movs	r0, #0
10004b62:	2100      	movs	r1, #0
10004b64:	4b05      	ldr	r3, [pc, #20]	@ (10004b7c <stdio_usb_out_chars+0xf0>)
10004b66:	c303      	stmia	r3!, {r0, r1}
10004b68:	4640      	mov	r0, r8
10004b6a:	f002 fb1d 	bl	100071a8 <__mutex_exit_veneer>
10004b6e:	e7a5      	b.n	10004abc <stdio_usb_out_chars+0x30>
10004b70:	000f4240 	.word	0x000f4240
10004b74:	7fffffff 	.word	0x7fffffff
10004b78:	20002044 	.word	0x20002044
10004b7c:	20001318 	.word	0x20001318
10004b80:	0007a120 	.word	0x0007a120

10004b84 <low_priority_worker_irq>:
10004b84:	b530      	push	{r4, r5, lr}
10004b86:	2100      	movs	r1, #0
10004b88:	b085      	sub	sp, #20
10004b8a:	4828      	ldr	r0, [pc, #160]	@ (10004c2c <low_priority_worker_irq+0xa8>)
10004b8c:	f002 fb24 	bl	100071d8 <__mutex_try_enter_veneer>
10004b90:	2800      	cmp	r0, #0
10004b92:	d11c      	bne.n	10004bce <low_priority_worker_irq+0x4a>
10004b94:	4b26      	ldr	r3, [pc, #152]	@ (10004c30 <low_priority_worker_irq+0xac>)
10004b96:	681a      	ldr	r2, [r3, #0]
10004b98:	2a00      	cmp	r2, #0
10004b9a:	d016      	beq.n	10004bca <low_priority_worker_irq+0x46>
10004b9c:	f3ef 8110 	mrs	r1, PRIMASK
10004ba0:	b672      	cpsid	i
10004ba2:	6810      	ldr	r0, [r2, #0]
10004ba4:	2800      	cmp	r0, #0
10004ba6:	d0fc      	beq.n	10004ba2 <low_priority_worker_irq+0x1e>
10004ba8:	f3bf 8f5f 	dmb	sy
10004bac:	2401      	movs	r4, #1
10004bae:	4821      	ldr	r0, [pc, #132]	@ (10004c34 <low_priority_worker_irq+0xb0>)
10004bb0:	6059      	str	r1, [r3, #4]
10004bb2:	7802      	ldrb	r2, [r0, #0]
10004bb4:	681b      	ldr	r3, [r3, #0]
10004bb6:	b2d2      	uxtb	r2, r2
10004bb8:	7004      	strb	r4, [r0, #0]
10004bba:	f3bf 8f5f 	dmb	sy
10004bbe:	2000      	movs	r0, #0
10004bc0:	6018      	str	r0, [r3, #0]
10004bc2:	f381 8810 	msr	PRIMASK, r1
10004bc6:	2a00      	cmp	r2, #0
10004bc8:	d017      	beq.n	10004bfa <low_priority_worker_irq+0x76>
10004bca:	b005      	add	sp, #20
10004bcc:	bd30      	pop	{r4, r5, pc}
10004bce:	2001      	movs	r0, #1
10004bd0:	2100      	movs	r1, #0
10004bd2:	4240      	negs	r0, r0
10004bd4:	f000 fc22 	bl	1000541c <tud_task_ext>
10004bd8:	2000      	movs	r0, #0
10004bda:	f001 fa17 	bl	1000600c <tud_cdc_n_available>
10004bde:	0005      	movs	r5, r0
10004be0:	4812      	ldr	r0, [pc, #72]	@ (10004c2c <low_priority_worker_irq+0xa8>)
10004be2:	f002 fae1 	bl	100071a8 <__mutex_exit_veneer>
10004be6:	2d00      	cmp	r5, #0
10004be8:	d0ef      	beq.n	10004bca <low_priority_worker_irq+0x46>
10004bea:	4b13      	ldr	r3, [pc, #76]	@ (10004c38 <low_priority_worker_irq+0xb4>)
10004bec:	681b      	ldr	r3, [r3, #0]
10004bee:	2b00      	cmp	r3, #0
10004bf0:	d0eb      	beq.n	10004bca <low_priority_worker_irq+0x46>
10004bf2:	4a12      	ldr	r2, [pc, #72]	@ (10004c3c <low_priority_worker_irq+0xb8>)
10004bf4:	6810      	ldr	r0, [r2, #0]
10004bf6:	4798      	blx	r3
10004bf8:	e7e7      	b.n	10004bca <low_priority_worker_irq+0x46>
10004bfa:	f7fc fb33 	bl	10001264 <alarm_pool_get_default>
10004bfe:	0004      	movs	r4, r0
10004c00:	f7fc fd44 	bl	1000168c <time_us_64>
10004c04:	22fa      	movs	r2, #250	@ 0xfa
10004c06:	2300      	movs	r3, #0
10004c08:	0092      	lsls	r2, r2, #2
10004c0a:	1812      	adds	r2, r2, r0
10004c0c:	414b      	adcs	r3, r1
10004c0e:	2b00      	cmp	r3, #0
10004c10:	da02      	bge.n	10004c18 <low_priority_worker_irq+0x94>
10004c12:	2201      	movs	r2, #1
10004c14:	4b0a      	ldr	r3, [pc, #40]	@ (10004c40 <low_priority_worker_irq+0xbc>)
10004c16:	4252      	negs	r2, r2
10004c18:	2101      	movs	r1, #1
10004c1a:	9102      	str	r1, [sp, #8]
10004c1c:	2100      	movs	r1, #0
10004c1e:	9101      	str	r1, [sp, #4]
10004c20:	4908      	ldr	r1, [pc, #32]	@ (10004c44 <low_priority_worker_irq+0xc0>)
10004c22:	0020      	movs	r0, r4
10004c24:	9100      	str	r1, [sp, #0]
10004c26:	f7fc fb21 	bl	1000126c <alarm_pool_add_alarm_at>
10004c2a:	e7ce      	b.n	10004bca <low_priority_worker_irq+0x46>
10004c2c:	20002044 	.word	0x20002044
10004c30:	2000201c 	.word	0x2000201c
10004c34:	20002071 	.word	0x20002071
10004c38:	20001b04 	.word	0x20001b04
10004c3c:	20001b08 	.word	0x20001b08
10004c40:	7fffffff 	.word	0x7fffffff
10004c44:	10004951 	.word	0x10004951

10004c48 <stdio_usb_init>:
10004c48:	23d0      	movs	r3, #208	@ 0xd0
10004c4a:	b510      	push	{r4, lr}
10004c4c:	061b      	lsls	r3, r3, #24
10004c4e:	b084      	sub	sp, #16
10004c50:	681c      	ldr	r4, [r3, #0]
10004c52:	f7fc fb07 	bl	10001264 <alarm_pool_get_default>
10004c56:	f7fc fc07 	bl	10001468 <alarm_pool_core_num>
10004c5a:	42a0      	cmp	r0, r4
10004c5c:	d002      	beq.n	10004c64 <stdio_usb_init+0x1c>
10004c5e:	2000      	movs	r0, #0
10004c60:	b004      	add	sp, #16
10004c62:	bd10      	pop	{r4, pc}
10004c64:	4b28      	ldr	r3, [pc, #160]	@ (10004d08 <stdio_usb_init+0xc0>)
10004c66:	2100      	movs	r1, #0
10004c68:	2000      	movs	r0, #0
10004c6a:	781b      	ldrb	r3, [r3, #0]
10004c6c:	f001 fd60 	bl	10006730 <tusb_rhport_init>
10004c70:	4826      	ldr	r0, [pc, #152]	@ (10004d0c <stdio_usb_init+0xc4>)
10004c72:	6803      	ldr	r3, [r0, #0]
10004c74:	2b00      	cmp	r3, #0
10004c76:	d044      	beq.n	10004d02 <stdio_usb_init+0xba>
10004c78:	2001      	movs	r0, #1
10004c7a:	f7fc f88b 	bl	10000d94 <user_irq_claim_unused>
10004c7e:	23ff      	movs	r3, #255	@ 0xff
10004c80:	4c23      	ldr	r4, [pc, #140]	@ (10004d10 <stdio_usb_init+0xc8>)
10004c82:	4924      	ldr	r1, [pc, #144]	@ (10004d14 <stdio_usb_init+0xcc>)
10004c84:	7020      	strb	r0, [r4, #0]
10004c86:	4018      	ands	r0, r3
10004c88:	f7fb ff1a 	bl	10000ac0 <irq_set_exclusive_handler>
10004c8c:	7820      	ldrb	r0, [r4, #0]
10004c8e:	2101      	movs	r1, #1
10004c90:	f7fb fee0 	bl	10000a54 <irq_set_enabled>
10004c94:	2005      	movs	r0, #5
10004c96:	f7fb ff03 	bl	10000aa0 <irq_has_shared_handler>
10004c9a:	2800      	cmp	r0, #0
10004c9c:	d124      	bne.n	10004ce8 <stdio_usb_init+0xa0>
10004c9e:	2208      	movs	r2, #8
10004ca0:	2100      	movs	r1, #0
10004ca2:	481d      	ldr	r0, [pc, #116]	@ (10004d18 <stdio_usb_init+0xd0>)
10004ca4:	f7fd ff9a 	bl	10002bdc <__wrap_memset>
10004ca8:	f7fc fadc 	bl	10001264 <alarm_pool_get_default>
10004cac:	0004      	movs	r4, r0
10004cae:	f7fc fced 	bl	1000168c <time_us_64>
10004cb2:	22fa      	movs	r2, #250	@ 0xfa
10004cb4:	2300      	movs	r3, #0
10004cb6:	0092      	lsls	r2, r2, #2
10004cb8:	1812      	adds	r2, r2, r0
10004cba:	414b      	adcs	r3, r1
10004cbc:	2b00      	cmp	r3, #0
10004cbe:	da02      	bge.n	10004cc6 <stdio_usb_init+0x7e>
10004cc0:	2201      	movs	r2, #1
10004cc2:	4b16      	ldr	r3, [pc, #88]	@ (10004d1c <stdio_usb_init+0xd4>)
10004cc4:	4252      	negs	r2, r2
10004cc6:	2101      	movs	r1, #1
10004cc8:	9102      	str	r1, [sp, #8]
10004cca:	2100      	movs	r1, #0
10004ccc:	9101      	str	r1, [sp, #4]
10004cce:	4914      	ldr	r1, [pc, #80]	@ (10004d20 <stdio_usb_init+0xd8>)
10004cd0:	0020      	movs	r0, r4
10004cd2:	9100      	str	r1, [sp, #0]
10004cd4:	f7fc faca 	bl	1000126c <alarm_pool_add_alarm_at>
10004cd8:	2800      	cmp	r0, #0
10004cda:	dbc0      	blt.n	10004c5e <stdio_usb_init+0x16>
10004cdc:	4811      	ldr	r0, [pc, #68]	@ (10004d24 <stdio_usb_init+0xdc>)
10004cde:	2101      	movs	r1, #1
10004ce0:	f7ff fc60 	bl	100045a4 <stdio_set_driver_enabled>
10004ce4:	2001      	movs	r0, #1
10004ce6:	e7bb      	b.n	10004c60 <stdio_usb_init+0x18>
10004ce8:	2001      	movs	r0, #1
10004cea:	f7fb fe71 	bl	100009d0 <spin_lock_claim_unused>
10004cee:	0001      	movs	r1, r0
10004cf0:	4809      	ldr	r0, [pc, #36]	@ (10004d18 <stdio_usb_init+0xd0>)
10004cf2:	f7fc f8af 	bl	10000e54 <critical_section_init_with_lock_num>
10004cf6:	2200      	movs	r2, #0
10004cf8:	2005      	movs	r0, #5
10004cfa:	490b      	ldr	r1, [pc, #44]	@ (10004d28 <stdio_usb_init+0xe0>)
10004cfc:	f7fb ff0a 	bl	10000b14 <irq_add_shared_handler>
10004d00:	e7ec      	b.n	10004cdc <stdio_usb_init+0x94>
10004d02:	f7fc f88b 	bl	10000e1c <mutex_init>
10004d06:	e7b7      	b.n	10004c78 <stdio_usb_init+0x30>
10004d08:	10007ae8 	.word	0x10007ae8
10004d0c:	20002044 	.word	0x20002044
10004d10:	20002070 	.word	0x20002070
10004d14:	10004b85 	.word	0x10004b85
10004d18:	2000201c 	.word	0x2000201c
10004d1c:	7fffffff 	.word	0x7fffffff
10004d20:	10004951 	.word	0x10004951
10004d24:	20001090 	.word	0x20001090
10004d28:	10004941 	.word	0x10004941

10004d2c <tud_descriptor_device_cb>:
10004d2c:	4800      	ldr	r0, [pc, #0]	@ (10004d30 <tud_descriptor_device_cb+0x4>)
10004d2e:	4770      	bx	lr
10004d30:	100079d0 	.word	0x100079d0

10004d34 <tud_descriptor_configuration_cb>:
10004d34:	4800      	ldr	r0, [pc, #0]	@ (10004d38 <tud_descriptor_configuration_cb+0x4>)
10004d36:	4770      	bx	lr
10004d38:	1000797c 	.word	0x1000797c

10004d3c <tud_descriptor_string_cb>:
10004d3c:	b510      	push	{r4, lr}
10004d3e:	0004      	movs	r4, r0
10004d40:	4816      	ldr	r0, [pc, #88]	@ (10004d9c <tud_descriptor_string_cb+0x60>)
10004d42:	7803      	ldrb	r3, [r0, #0]
10004d44:	2b00      	cmp	r3, #0
10004d46:	d020      	beq.n	10004d8a <tud_descriptor_string_cb+0x4e>
10004d48:	2c00      	cmp	r4, #0
10004d4a:	d106      	bne.n	10004d5a <tud_descriptor_string_cb+0x1e>
10004d4c:	4b14      	ldr	r3, [pc, #80]	@ (10004da0 <tud_descriptor_string_cb+0x64>)
10004d4e:	4815      	ldr	r0, [pc, #84]	@ (10004da4 <tud_descriptor_string_cb+0x68>)
10004d50:	8043      	strh	r3, [r0, #2]
10004d52:	3b06      	subs	r3, #6
10004d54:	3bff      	subs	r3, #255	@ 0xff
10004d56:	8003      	strh	r3, [r0, #0]
10004d58:	bd10      	pop	{r4, pc}
10004d5a:	2c05      	cmp	r4, #5
10004d5c:	d81c      	bhi.n	10004d98 <tud_descriptor_string_cb+0x5c>
10004d5e:	4b12      	ldr	r3, [pc, #72]	@ (10004da8 <tud_descriptor_string_cb+0x6c>)
10004d60:	00a4      	lsls	r4, r4, #2
10004d62:	58e4      	ldr	r4, [r4, r3]
10004d64:	480f      	ldr	r0, [pc, #60]	@ (10004da4 <tud_descriptor_string_cb+0x68>)
10004d66:	2301      	movs	r3, #1
10004d68:	1c81      	adds	r1, r0, #2
10004d6a:	3c01      	subs	r4, #1
10004d6c:	e004      	b.n	10004d78 <tud_descriptor_string_cb+0x3c>
10004d6e:	3301      	adds	r3, #1
10004d70:	800a      	strh	r2, [r1, #0]
10004d72:	3102      	adds	r1, #2
10004d74:	2b14      	cmp	r3, #20
10004d76:	d00c      	beq.n	10004d92 <tud_descriptor_string_cb+0x56>
10004d78:	5ce2      	ldrb	r2, [r4, r3]
10004d7a:	2a00      	cmp	r2, #0
10004d7c:	d1f7      	bne.n	10004d6e <tud_descriptor_string_cb+0x32>
10004d7e:	22c0      	movs	r2, #192	@ 0xc0
10004d80:	b2db      	uxtb	r3, r3
10004d82:	005b      	lsls	r3, r3, #1
10004d84:	0092      	lsls	r2, r2, #2
10004d86:	4313      	orrs	r3, r2
10004d88:	e7e5      	b.n	10004d56 <tud_descriptor_string_cb+0x1a>
10004d8a:	2111      	movs	r1, #17
10004d8c:	f000 f816 	bl	10004dbc <pico_get_unique_board_id_string>
10004d90:	e7da      	b.n	10004d48 <tud_descriptor_string_cb+0xc>
10004d92:	23ca      	movs	r3, #202	@ 0xca
10004d94:	009b      	lsls	r3, r3, #2
10004d96:	e7de      	b.n	10004d56 <tud_descriptor_string_cb+0x1a>
10004d98:	2000      	movs	r0, #0
10004d9a:	e7dd      	b.n	10004d58 <tud_descriptor_string_cb+0x1c>
10004d9c:	20002050 	.word	0x20002050
10004da0:	00000409 	.word	0x00000409
10004da4:	20001bc4 	.word	0x20001bc4
10004da8:	10007964 	.word	0x10007964

10004dac <_retrieve_unique_id_on_boot>:
10004dac:	b510      	push	{r4, lr}
10004dae:	4802      	ldr	r0, [pc, #8]	@ (10004db8 <_retrieve_unique_id_on_boot+0xc>)
10004db0:	f000 f8f4 	bl	10004f9c <flash_get_unique_id>
10004db4:	bd10      	pop	{r4, pc}
10004db6:	46c0      	nop			@ (mov r8, r8)
10004db8:	20002034 	.word	0x20002034

10004dbc <pico_get_unique_board_id_string>:
10004dbc:	b530      	push	{r4, r5, lr}
10004dbe:	2901      	cmp	r1, #1
10004dc0:	d100      	bne.n	10004dc4 <pico_get_unique_board_id_string+0x8>
10004dc2:	e0bb      	b.n	10004f3c <pico_get_unique_board_id_string+0x180>
10004dc4:	4b74      	ldr	r3, [pc, #464]	@ (10004f98 <pico_get_unique_board_id_string+0x1dc>)
10004dc6:	3901      	subs	r1, #1
10004dc8:	781a      	ldrb	r2, [r3, #0]
10004dca:	1112      	asrs	r2, r2, #4
10004dcc:	0014      	movs	r4, r2
10004dce:	3430      	adds	r4, #48	@ 0x30
10004dd0:	2a09      	cmp	r2, #9
10004dd2:	dd00      	ble.n	10004dd6 <pico_get_unique_board_id_string+0x1a>
10004dd4:	e0b5      	b.n	10004f42 <pico_get_unique_board_id_string+0x186>
10004dd6:	7004      	strb	r4, [r0, #0]
10004dd8:	2901      	cmp	r1, #1
10004dda:	d100      	bne.n	10004dde <pico_get_unique_board_id_string+0x22>
10004ddc:	e0da      	b.n	10004f94 <pico_get_unique_board_id_string+0x1d8>
10004dde:	220f      	movs	r2, #15
10004de0:	781c      	ldrb	r4, [r3, #0]
10004de2:	4022      	ands	r2, r4
10004de4:	0014      	movs	r4, r2
10004de6:	3430      	adds	r4, #48	@ 0x30
10004de8:	2a09      	cmp	r2, #9
10004dea:	d900      	bls.n	10004dee <pico_get_unique_board_id_string+0x32>
10004dec:	e0ac      	b.n	10004f48 <pico_get_unique_board_id_string+0x18c>
10004dee:	7044      	strb	r4, [r0, #1]
10004df0:	2902      	cmp	r1, #2
10004df2:	d100      	bne.n	10004df6 <pico_get_unique_board_id_string+0x3a>
10004df4:	e0ce      	b.n	10004f94 <pico_get_unique_board_id_string+0x1d8>
10004df6:	785a      	ldrb	r2, [r3, #1]
10004df8:	4694      	mov	ip, r2
10004dfa:	1112      	asrs	r2, r2, #4
10004dfc:	0014      	movs	r4, r2
10004dfe:	3430      	adds	r4, #48	@ 0x30
10004e00:	2a09      	cmp	r2, #9
10004e02:	dd00      	ble.n	10004e06 <pico_get_unique_board_id_string+0x4a>
10004e04:	e0a3      	b.n	10004f4e <pico_get_unique_board_id_string+0x192>
10004e06:	7084      	strb	r4, [r0, #2]
10004e08:	2903      	cmp	r1, #3
10004e0a:	d100      	bne.n	10004e0e <pico_get_unique_board_id_string+0x52>
10004e0c:	e0c2      	b.n	10004f94 <pico_get_unique_board_id_string+0x1d8>
10004e0e:	4664      	mov	r4, ip
10004e10:	220f      	movs	r2, #15
10004e12:	4022      	ands	r2, r4
10004e14:	0014      	movs	r4, r2
10004e16:	3430      	adds	r4, #48	@ 0x30
10004e18:	2a09      	cmp	r2, #9
10004e1a:	d900      	bls.n	10004e1e <pico_get_unique_board_id_string+0x62>
10004e1c:	e09a      	b.n	10004f54 <pico_get_unique_board_id_string+0x198>
10004e1e:	70c4      	strb	r4, [r0, #3]
10004e20:	2904      	cmp	r1, #4
10004e22:	d100      	bne.n	10004e26 <pico_get_unique_board_id_string+0x6a>
10004e24:	e0b6      	b.n	10004f94 <pico_get_unique_board_id_string+0x1d8>
10004e26:	789a      	ldrb	r2, [r3, #2]
10004e28:	4694      	mov	ip, r2
10004e2a:	1112      	asrs	r2, r2, #4
10004e2c:	0014      	movs	r4, r2
10004e2e:	3430      	adds	r4, #48	@ 0x30
10004e30:	2a09      	cmp	r2, #9
10004e32:	dd00      	ble.n	10004e36 <pico_get_unique_board_id_string+0x7a>
10004e34:	e091      	b.n	10004f5a <pico_get_unique_board_id_string+0x19e>
10004e36:	7104      	strb	r4, [r0, #4]
10004e38:	2905      	cmp	r1, #5
10004e3a:	d100      	bne.n	10004e3e <pico_get_unique_board_id_string+0x82>
10004e3c:	e0aa      	b.n	10004f94 <pico_get_unique_board_id_string+0x1d8>
10004e3e:	4664      	mov	r4, ip
10004e40:	220f      	movs	r2, #15
10004e42:	4022      	ands	r2, r4
10004e44:	0014      	movs	r4, r2
10004e46:	3430      	adds	r4, #48	@ 0x30
10004e48:	2a09      	cmp	r2, #9
10004e4a:	d900      	bls.n	10004e4e <pico_get_unique_board_id_string+0x92>
10004e4c:	e088      	b.n	10004f60 <pico_get_unique_board_id_string+0x1a4>
10004e4e:	7144      	strb	r4, [r0, #5]
10004e50:	2906      	cmp	r1, #6
10004e52:	d100      	bne.n	10004e56 <pico_get_unique_board_id_string+0x9a>
10004e54:	e09e      	b.n	10004f94 <pico_get_unique_board_id_string+0x1d8>
10004e56:	2530      	movs	r5, #48	@ 0x30
10004e58:	46ac      	mov	ip, r5
10004e5a:	78dc      	ldrb	r4, [r3, #3]
10004e5c:	1122      	asrs	r2, r4, #4
10004e5e:	4494      	add	ip, r2
10004e60:	2a09      	cmp	r2, #9
10004e62:	dd00      	ble.n	10004e66 <pico_get_unique_board_id_string+0xaa>
10004e64:	e07f      	b.n	10004f66 <pico_get_unique_board_id_string+0x1aa>
10004e66:	4662      	mov	r2, ip
10004e68:	7182      	strb	r2, [r0, #6]
10004e6a:	2907      	cmp	r1, #7
10004e6c:	d100      	bne.n	10004e70 <pico_get_unique_board_id_string+0xb4>
10004e6e:	e091      	b.n	10004f94 <pico_get_unique_board_id_string+0x1d8>
10004e70:	220f      	movs	r2, #15
10004e72:	4022      	ands	r2, r4
10004e74:	0014      	movs	r4, r2
10004e76:	3430      	adds	r4, #48	@ 0x30
10004e78:	2a09      	cmp	r2, #9
10004e7a:	d900      	bls.n	10004e7e <pico_get_unique_board_id_string+0xc2>
10004e7c:	e077      	b.n	10004f6e <pico_get_unique_board_id_string+0x1b2>
10004e7e:	71c4      	strb	r4, [r0, #7]
10004e80:	2908      	cmp	r1, #8
10004e82:	d100      	bne.n	10004e86 <pico_get_unique_board_id_string+0xca>
10004e84:	e086      	b.n	10004f94 <pico_get_unique_board_id_string+0x1d8>
10004e86:	2530      	movs	r5, #48	@ 0x30
10004e88:	46ac      	mov	ip, r5
10004e8a:	791c      	ldrb	r4, [r3, #4]
10004e8c:	1122      	asrs	r2, r4, #4
10004e8e:	4494      	add	ip, r2
10004e90:	2a09      	cmp	r2, #9
10004e92:	dd00      	ble.n	10004e96 <pico_get_unique_board_id_string+0xda>
10004e94:	e06e      	b.n	10004f74 <pico_get_unique_board_id_string+0x1b8>
10004e96:	4662      	mov	r2, ip
10004e98:	7202      	strb	r2, [r0, #8]
10004e9a:	2909      	cmp	r1, #9
10004e9c:	d100      	bne.n	10004ea0 <pico_get_unique_board_id_string+0xe4>
10004e9e:	e079      	b.n	10004f94 <pico_get_unique_board_id_string+0x1d8>
10004ea0:	220f      	movs	r2, #15
10004ea2:	4022      	ands	r2, r4
10004ea4:	0014      	movs	r4, r2
10004ea6:	3430      	adds	r4, #48	@ 0x30
10004ea8:	2a09      	cmp	r2, #9
10004eaa:	d867      	bhi.n	10004f7c <pico_get_unique_board_id_string+0x1c0>
10004eac:	7244      	strb	r4, [r0, #9]
10004eae:	290a      	cmp	r1, #10
10004eb0:	d100      	bne.n	10004eb4 <pico_get_unique_board_id_string+0xf8>
10004eb2:	e06f      	b.n	10004f94 <pico_get_unique_board_id_string+0x1d8>
10004eb4:	2530      	movs	r5, #48	@ 0x30
10004eb6:	46ac      	mov	ip, r5
10004eb8:	795c      	ldrb	r4, [r3, #5]
10004eba:	1122      	asrs	r2, r4, #4
10004ebc:	4494      	add	ip, r2
10004ebe:	2a09      	cmp	r2, #9
10004ec0:	dc5f      	bgt.n	10004f82 <pico_get_unique_board_id_string+0x1c6>
10004ec2:	4662      	mov	r2, ip
10004ec4:	7282      	strb	r2, [r0, #10]
10004ec6:	290b      	cmp	r1, #11
10004ec8:	d064      	beq.n	10004f94 <pico_get_unique_board_id_string+0x1d8>
10004eca:	220f      	movs	r2, #15
10004ecc:	4022      	ands	r2, r4
10004ece:	0014      	movs	r4, r2
10004ed0:	3430      	adds	r4, #48	@ 0x30
10004ed2:	2a09      	cmp	r2, #9
10004ed4:	d859      	bhi.n	10004f8a <pico_get_unique_board_id_string+0x1ce>
10004ed6:	72c4      	strb	r4, [r0, #11]
10004ed8:	290c      	cmp	r1, #12
10004eda:	d05b      	beq.n	10004f94 <pico_get_unique_board_id_string+0x1d8>
10004edc:	2530      	movs	r5, #48	@ 0x30
10004ede:	46ac      	mov	ip, r5
10004ee0:	799c      	ldrb	r4, [r3, #6]
10004ee2:	1122      	asrs	r2, r4, #4
10004ee4:	4494      	add	ip, r2
10004ee6:	2a09      	cmp	r2, #9
10004ee8:	dd02      	ble.n	10004ef0 <pico_get_unique_board_id_string+0x134>
10004eea:	3507      	adds	r5, #7
10004eec:	46ac      	mov	ip, r5
10004eee:	4494      	add	ip, r2
10004ef0:	4662      	mov	r2, ip
10004ef2:	7302      	strb	r2, [r0, #12]
10004ef4:	290d      	cmp	r1, #13
10004ef6:	d04d      	beq.n	10004f94 <pico_get_unique_board_id_string+0x1d8>
10004ef8:	220f      	movs	r2, #15
10004efa:	4022      	ands	r2, r4
10004efc:	0014      	movs	r4, r2
10004efe:	3430      	adds	r4, #48	@ 0x30
10004f00:	2a09      	cmp	r2, #9
10004f02:	d901      	bls.n	10004f08 <pico_get_unique_board_id_string+0x14c>
10004f04:	3237      	adds	r2, #55	@ 0x37
10004f06:	0014      	movs	r4, r2
10004f08:	7344      	strb	r4, [r0, #13]
10004f0a:	290e      	cmp	r1, #14
10004f0c:	d042      	beq.n	10004f94 <pico_get_unique_board_id_string+0x1d8>
10004f0e:	79da      	ldrb	r2, [r3, #7]
10004f10:	1113      	asrs	r3, r2, #4
10004f12:	001c      	movs	r4, r3
10004f14:	3430      	adds	r4, #48	@ 0x30
10004f16:	2b09      	cmp	r3, #9
10004f18:	dd01      	ble.n	10004f1e <pico_get_unique_board_id_string+0x162>
10004f1a:	3337      	adds	r3, #55	@ 0x37
10004f1c:	001c      	movs	r4, r3
10004f1e:	7384      	strb	r4, [r0, #14]
10004f20:	290f      	cmp	r1, #15
10004f22:	d037      	beq.n	10004f94 <pico_get_unique_board_id_string+0x1d8>
10004f24:	230f      	movs	r3, #15
10004f26:	4013      	ands	r3, r2
10004f28:	001a      	movs	r2, r3
10004f2a:	3237      	adds	r2, #55	@ 0x37
10004f2c:	2b09      	cmp	r3, #9
10004f2e:	d801      	bhi.n	10004f34 <pico_get_unique_board_id_string+0x178>
10004f30:	3330      	adds	r3, #48	@ 0x30
10004f32:	001a      	movs	r2, r3
10004f34:	73c2      	strb	r2, [r0, #15]
10004f36:	2910      	cmp	r1, #16
10004f38:	d02c      	beq.n	10004f94 <pico_get_unique_board_id_string+0x1d8>
10004f3a:	3010      	adds	r0, #16
10004f3c:	2300      	movs	r3, #0
10004f3e:	7003      	strb	r3, [r0, #0]
10004f40:	bd30      	pop	{r4, r5, pc}
10004f42:	3237      	adds	r2, #55	@ 0x37
10004f44:	0014      	movs	r4, r2
10004f46:	e746      	b.n	10004dd6 <pico_get_unique_board_id_string+0x1a>
10004f48:	3237      	adds	r2, #55	@ 0x37
10004f4a:	0014      	movs	r4, r2
10004f4c:	e74f      	b.n	10004dee <pico_get_unique_board_id_string+0x32>
10004f4e:	3237      	adds	r2, #55	@ 0x37
10004f50:	0014      	movs	r4, r2
10004f52:	e758      	b.n	10004e06 <pico_get_unique_board_id_string+0x4a>
10004f54:	3237      	adds	r2, #55	@ 0x37
10004f56:	0014      	movs	r4, r2
10004f58:	e761      	b.n	10004e1e <pico_get_unique_board_id_string+0x62>
10004f5a:	3237      	adds	r2, #55	@ 0x37
10004f5c:	0014      	movs	r4, r2
10004f5e:	e76a      	b.n	10004e36 <pico_get_unique_board_id_string+0x7a>
10004f60:	3237      	adds	r2, #55	@ 0x37
10004f62:	0014      	movs	r4, r2
10004f64:	e773      	b.n	10004e4e <pico_get_unique_board_id_string+0x92>
10004f66:	3507      	adds	r5, #7
10004f68:	46ac      	mov	ip, r5
10004f6a:	4494      	add	ip, r2
10004f6c:	e77b      	b.n	10004e66 <pico_get_unique_board_id_string+0xaa>
10004f6e:	3237      	adds	r2, #55	@ 0x37
10004f70:	0014      	movs	r4, r2
10004f72:	e784      	b.n	10004e7e <pico_get_unique_board_id_string+0xc2>
10004f74:	3507      	adds	r5, #7
10004f76:	46ac      	mov	ip, r5
10004f78:	4494      	add	ip, r2
10004f7a:	e78c      	b.n	10004e96 <pico_get_unique_board_id_string+0xda>
10004f7c:	3237      	adds	r2, #55	@ 0x37
10004f7e:	0014      	movs	r4, r2
10004f80:	e794      	b.n	10004eac <pico_get_unique_board_id_string+0xf0>
10004f82:	3507      	adds	r5, #7
10004f84:	46ac      	mov	ip, r5
10004f86:	4494      	add	ip, r2
10004f88:	e79b      	b.n	10004ec2 <pico_get_unique_board_id_string+0x106>
10004f8a:	3237      	adds	r2, #55	@ 0x37
10004f8c:	0014      	movs	r4, r2
10004f8e:	72c4      	strb	r4, [r0, #11]
10004f90:	290c      	cmp	r1, #12
10004f92:	d1a3      	bne.n	10004edc <pico_get_unique_board_id_string+0x120>
10004f94:	1840      	adds	r0, r0, r1
10004f96:	e7d1      	b.n	10004f3c <pico_get_unique_board_id_string+0x180>
10004f98:	20002034 	.word	0x20002034

10004f9c <flash_get_unique_id>:
10004f9c:	b510      	push	{r4, lr}
10004f9e:	b088      	sub	sp, #32
10004fa0:	0004      	movs	r4, r0
10004fa2:	220d      	movs	r2, #13
10004fa4:	2100      	movs	r1, #0
10004fa6:	4668      	mov	r0, sp
10004fa8:	f7fd fe18 	bl	10002bdc <__wrap_memset>
10004fac:	220d      	movs	r2, #13
10004fae:	2100      	movs	r1, #0
10004fb0:	a804      	add	r0, sp, #16
10004fb2:	f7fd fe13 	bl	10002bdc <__wrap_memset>
10004fb6:	234b      	movs	r3, #75	@ 0x4b
10004fb8:	466a      	mov	r2, sp
10004fba:	4668      	mov	r0, sp
10004fbc:	7013      	strb	r3, [r2, #0]
10004fbe:	a904      	add	r1, sp, #16
10004fc0:	220d      	movs	r2, #13
10004fc2:	f002 f8e9 	bl	10007198 <__flash_do_cmd_veneer>
10004fc6:	2115      	movs	r1, #21
10004fc8:	2208      	movs	r2, #8
10004fca:	0020      	movs	r0, r4
10004fcc:	4469      	add	r1, sp
10004fce:	f7fd fe0b 	bl	10002be8 <__wrap___aeabi_memcpy>
10004fd2:	b008      	add	sp, #32
10004fd4:	bd10      	pop	{r4, pc}
10004fd6:	46c0      	nop			@ (mov r8, r8)

10004fd8 <dcd_init>:
10004fd8:	b5f8      	push	{r3, r4, r5, r6, r7, lr}
10004fda:	f000 f947 	bl	1000526c <rp2040_usb_init>
10004fde:	230c      	movs	r3, #12
10004fe0:	4d19      	ldr	r5, [pc, #100]	@ (10005048 <dcd_init+0x70>)
10004fe2:	22ff      	movs	r2, #255	@ 0xff
10004fe4:	67ab      	str	r3, [r5, #120]	@ 0x78
10004fe6:	2005      	movs	r0, #5
10004fe8:	4918      	ldr	r1, [pc, #96]	@ (1000504c <dcd_init+0x74>)
10004fea:	f7fb fd93 	bl	10000b14 <irq_add_shared_handler>
10004fee:	4c18      	ldr	r4, [pc, #96]	@ (10005050 <dcd_init+0x78>)
10004ff0:	2240      	movs	r2, #64	@ 0x40
10004ff2:	2100      	movs	r1, #0
10004ff4:	0020      	movs	r0, r4
10004ff6:	f7fd fdf1 	bl	10002bdc <__wrap_memset>
10004ffa:	2740      	movs	r7, #64	@ 0x40
10004ffc:	2300      	movs	r3, #0
10004ffe:	2601      	movs	r6, #1
10005000:	2121      	movs	r1, #33	@ 0x21
10005002:	4a14      	ldr	r2, [pc, #80]	@ (10005054 <dcd_init+0x7c>)
10005004:	7066      	strb	r6, [r4, #1]
10005006:	8327      	strh	r7, [r4, #24]
10005008:	60a2      	str	r2, [r4, #8]
1000500a:	6013      	str	r3, [r2, #0]
1000500c:	5463      	strb	r3, [r4, r1]
1000500e:	315f      	adds	r1, #95	@ 0x5f
10005010:	8461      	strh	r1, [r4, #34]	@ 0x22
10005012:	3945      	subs	r1, #69	@ 0x45
10005014:	5463      	strb	r3, [r4, r1]
10005016:	4a10      	ldr	r2, [pc, #64]	@ (10005058 <dcd_init+0x80>)
10005018:	4910      	ldr	r1, [pc, #64]	@ (1000505c <dcd_init+0x84>)
1000501a:	6063      	str	r3, [r4, #4]
1000501c:	60e2      	str	r2, [r4, #12]
1000501e:	8727      	strh	r7, [r4, #56]	@ 0x38
10005020:	62a1      	str	r1, [r4, #40]	@ 0x28
10005022:	600b      	str	r3, [r1, #0]
10005024:	6263      	str	r3, [r4, #36]	@ 0x24
10005026:	62e2      	str	r2, [r4, #44]	@ 0x2c
10005028:	f002 f8fe 	bl	10007228 <__reset_non_control_endpoints_veneer>
1000502c:	2380      	movs	r3, #128	@ 0x80
1000502e:	059b      	lsls	r3, r3, #22
10005030:	642e      	str	r6, [r5, #64]	@ 0x40
10005032:	64eb      	str	r3, [r5, #76]	@ 0x4c
10005034:	2390      	movs	r3, #144	@ 0x90
10005036:	4a0a      	ldr	r2, [pc, #40]	@ (10005060 <dcd_init+0x88>)
10005038:	2001      	movs	r0, #1
1000503a:	50ea      	str	r2, [r5, r3]
1000503c:	2280      	movs	r2, #128	@ 0x80
1000503e:	4b09      	ldr	r3, [pc, #36]	@ (10005064 <dcd_init+0x8c>)
10005040:	0252      	lsls	r2, r2, #9
10005042:	64da      	str	r2, [r3, #76]	@ 0x4c
10005044:	bdf8      	pop	{r3, r4, r5, r6, r7, pc}
10005046:	46c0      	nop			@ (mov r8, r8)
10005048:	50110000 	.word	0x50110000
1000504c:	20000515 	.word	0x20000515
10005050:	20001bf8 	.word	0x20001bf8
10005054:	50100084 	.word	0x50100084
10005058:	50100100 	.word	0x50100100
1000505c:	50100080 	.word	0x50100080
10005060:	0001d010 	.word	0x0001d010
10005064:	50112000 	.word	0x50112000

10005068 <dcd_int_enable>:
10005068:	b510      	push	{r4, lr}
1000506a:	2101      	movs	r1, #1
1000506c:	2005      	movs	r0, #5
1000506e:	f7fb fcf1 	bl	10000a54 <irq_set_enabled>
10005072:	bd10      	pop	{r4, pc}

10005074 <dcd_set_address>:
10005074:	b510      	push	{r4, lr}
10005076:	2200      	movs	r2, #0
10005078:	2100      	movs	r1, #0
1000507a:	4802      	ldr	r0, [pc, #8]	@ (10005084 <dcd_set_address+0x10>)
1000507c:	f000 f916 	bl	100052ac <hw_endpoint_xfer_start>
10005080:	bd10      	pop	{r4, pc}
10005082:	46c0      	nop			@ (mov r8, r8)
10005084:	20001c18 	.word	0x20001c18

10005088 <dcd_sof_enable>:
10005088:	4b04      	ldr	r3, [pc, #16]	@ (1000509c <dcd_sof_enable+0x14>)
1000508a:	7019      	strb	r1, [r3, #0]
1000508c:	2900      	cmp	r1, #0
1000508e:	d004      	beq.n	1000509a <dcd_sof_enable+0x12>
10005090:	2180      	movs	r1, #128	@ 0x80
10005092:	2390      	movs	r3, #144	@ 0x90
10005094:	4a02      	ldr	r2, [pc, #8]	@ (100050a0 <dcd_sof_enable+0x18>)
10005096:	0289      	lsls	r1, r1, #10
10005098:	50d1      	str	r1, [r2, r3]
1000509a:	4770      	bx	lr
1000509c:	20002069 	.word	0x20002069
100050a0:	50112000 	.word	0x50112000

100050a4 <dcd_edpt0_status_complete>:
100050a4:	780b      	ldrb	r3, [r1, #0]
100050a6:	065b      	lsls	r3, r3, #25
100050a8:	d000      	beq.n	100050ac <dcd_edpt0_status_complete+0x8>
100050aa:	4770      	bx	lr
100050ac:	784b      	ldrb	r3, [r1, #1]
100050ae:	2b05      	cmp	r3, #5
100050b0:	d1fb      	bne.n	100050aa <dcd_edpt0_status_complete+0x6>
100050b2:	788a      	ldrb	r2, [r1, #2]
100050b4:	4b01      	ldr	r3, [pc, #4]	@ (100050bc <dcd_edpt0_status_complete+0x18>)
100050b6:	601a      	str	r2, [r3, #0]
100050b8:	e7f7      	b.n	100050aa <dcd_edpt0_status_complete+0x6>
100050ba:	46c0      	nop			@ (mov r8, r8)
100050bc:	50110000 	.word	0x50110000

100050c0 <dcd_edpt_open>:
100050c0:	b5f8      	push	{r3, r4, r5, r6, r7, lr}
100050c2:	46ce      	mov	lr, r9
100050c4:	4647      	mov	r7, r8
100050c6:	78c8      	ldrb	r0, [r1, #3]
100050c8:	b580      	push	{r7, lr}
100050ca:	0780      	lsls	r0, r0, #30
100050cc:	0f83      	lsrs	r3, r0, #30
100050ce:	0018      	movs	r0, r3
100050d0:	2b01      	cmp	r3, #1
100050d2:	d061      	beq.n	10005198 <dcd_edpt_open+0xd8>
100050d4:	788b      	ldrb	r3, [r1, #2]
100050d6:	790a      	ldrb	r2, [r1, #4]
100050d8:	469c      	mov	ip, r3
100050da:	794b      	ldrb	r3, [r1, #5]
100050dc:	217f      	movs	r1, #127	@ 0x7f
100050de:	021b      	lsls	r3, r3, #8
100050e0:	4313      	orrs	r3, r2
100050e2:	055b      	lsls	r3, r3, #21
100050e4:	0d5e      	lsrs	r6, r3, #21
100050e6:	4663      	mov	r3, ip
100050e8:	4019      	ands	r1, r3
100050ea:	09dc      	lsrs	r4, r3, #7
100050ec:	004b      	lsls	r3, r1, #1
100050ee:	191a      	adds	r2, r3, r4
100050f0:	001f      	movs	r7, r3
100050f2:	4663      	mov	r3, ip
100050f4:	4d2f      	ldr	r5, [pc, #188]	@ (100051b4 <dcd_edpt_open+0xf4>)
100050f6:	0152      	lsls	r2, r2, #5
100050f8:	18aa      	adds	r2, r5, r2
100050fa:	7093      	strb	r3, [r2, #2]
100050fc:	2301      	movs	r3, #1
100050fe:	4063      	eors	r3, r4
10005100:	7053      	strb	r3, [r2, #1]
10005102:	2300      	movs	r3, #0
10005104:	8316      	strh	r6, [r2, #24]
10005106:	70d3      	strb	r3, [r2, #3]
10005108:	76d0      	strb	r0, [r2, #27]
1000510a:	46b1      	mov	r9, r6
1000510c:	00ca      	lsls	r2, r1, #3
1000510e:	2c01      	cmp	r4, #1
10005110:	d031      	beq.n	10005176 <dcd_edpt_open+0xb6>
10005112:	4e29      	ldr	r6, [pc, #164]	@ (100051b8 <dcd_edpt_open+0xf8>)
10005114:	1992      	adds	r2, r2, r6
10005116:	018e      	lsls	r6, r1, #6
10005118:	46b4      	mov	ip, r6
1000511a:	44ac      	add	ip, r5
1000511c:	4666      	mov	r6, ip
1000511e:	60b2      	str	r2, [r6, #8]
10005120:	6013      	str	r3, [r2, #0]
10005122:	2900      	cmp	r1, #0
10005124:	d031      	beq.n	1000518a <dcd_edpt_open+0xca>
10005126:	4b25      	ldr	r3, [pc, #148]	@ (100051bc <dcd_edpt_open+0xfc>)
10005128:	00c9      	lsls	r1, r1, #3
1000512a:	18c9      	adds	r1, r1, r3
1000512c:	6071      	str	r1, [r6, #4]
1000512e:	464b      	mov	r3, r9
10005130:	333f      	adds	r3, #63	@ 0x3f
10005132:	099b      	lsrs	r3, r3, #6
10005134:	2802      	cmp	r0, #2
10005136:	d036      	beq.n	100051a6 <dcd_edpt_open+0xe6>
10005138:	019b      	lsls	r3, r3, #6
1000513a:	4821      	ldr	r0, [pc, #132]	@ (100051c0 <dcd_edpt_open+0x100>)
1000513c:	1939      	adds	r1, r7, r4
1000513e:	6802      	ldr	r2, [r0, #0]
10005140:	0149      	lsls	r1, r1, #5
10005142:	1869      	adds	r1, r5, r1
10005144:	000e      	movs	r6, r1
10005146:	60ca      	str	r2, [r1, #12]
10005148:	491e      	ldr	r1, [pc, #120]	@ (100051c4 <dcd_edpt_open+0x104>)
1000514a:	18d3      	adds	r3, r2, r3
1000514c:	6003      	str	r3, [r0, #0]
1000514e:	428b      	cmp	r3, r1
10005150:	d82b      	bhi.n	100051aa <dcd_edpt_open+0xea>
10005152:	193b      	adds	r3, r7, r4
10005154:	015b      	lsls	r3, r3, #5
10005156:	18ed      	adds	r5, r5, r3
10005158:	7eeb      	ldrb	r3, [r5, #27]
1000515a:	491b      	ldr	r1, [pc, #108]	@ (100051c8 <dcd_edpt_open+0x108>)
1000515c:	069b      	lsls	r3, r3, #26
1000515e:	404a      	eors	r2, r1
10005160:	4313      	orrs	r3, r2
10005162:	2280      	movs	r2, #128	@ 0x80
10005164:	0612      	lsls	r2, r2, #24
10005166:	4313      	orrs	r3, r2
10005168:	686a      	ldr	r2, [r5, #4]
1000516a:	6013      	str	r3, [r2, #0]
1000516c:	2001      	movs	r0, #1
1000516e:	bcc0      	pop	{r6, r7}
10005170:	46b9      	mov	r9, r7
10005172:	46b0      	mov	r8, r6
10005174:	bdf8      	pop	{r3, r4, r5, r6, r7, pc}
10005176:	4e15      	ldr	r6, [pc, #84]	@ (100051cc <dcd_edpt_open+0x10c>)
10005178:	1992      	adds	r2, r2, r6
1000517a:	018e      	lsls	r6, r1, #6
1000517c:	46b4      	mov	ip, r6
1000517e:	44ac      	add	ip, r5
10005180:	4666      	mov	r6, ip
10005182:	62b2      	str	r2, [r6, #40]	@ 0x28
10005184:	6013      	str	r3, [r2, #0]
10005186:	2900      	cmp	r1, #0
10005188:	d108      	bne.n	1000519c <dcd_edpt_open+0xdc>
1000518a:	2300      	movs	r3, #0
1000518c:	0164      	lsls	r4, r4, #5
1000518e:	192c      	adds	r4, r5, r4
10005190:	6063      	str	r3, [r4, #4]
10005192:	4b0f      	ldr	r3, [pc, #60]	@ (100051d0 <dcd_edpt_open+0x110>)
10005194:	60e3      	str	r3, [r4, #12]
10005196:	e7e9      	b.n	1000516c <dcd_edpt_open+0xac>
10005198:	2000      	movs	r0, #0
1000519a:	e7e8      	b.n	1000516e <dcd_edpt_open+0xae>
1000519c:	4b0a      	ldr	r3, [pc, #40]	@ (100051c8 <dcd_edpt_open+0x108>)
1000519e:	00c9      	lsls	r1, r1, #3
100051a0:	18c9      	adds	r1, r1, r3
100051a2:	6271      	str	r1, [r6, #36]	@ 0x24
100051a4:	e7c3      	b.n	1000512e <dcd_edpt_open+0x6e>
100051a6:	01db      	lsls	r3, r3, #7
100051a8:	e7c7      	b.n	1000513a <dcd_edpt_open+0x7a>
100051aa:	f7fc fcb3 	bl	10001b14 <hard_assertion_failure>
100051ae:	68f2      	ldr	r2, [r6, #12]
100051b0:	e7cf      	b.n	10005152 <dcd_edpt_open+0x92>
100051b2:	46c0      	nop			@ (mov r8, r8)
100051b4:	20001bf8 	.word	0x20001bf8
100051b8:	50100084 	.word	0x50100084
100051bc:	50100004 	.word	0x50100004
100051c0:	20002000 	.word	0x20002000
100051c4:	50100fff 	.word	0x50100fff
100051c8:	50100000 	.word	0x50100000
100051cc:	50100080 	.word	0x50100080
100051d0:	50100100 	.word	0x50100100

100051d4 <dcd_edpt_close_all>:
100051d4:	b510      	push	{r4, lr}
100051d6:	f002 f827 	bl	10007228 <__reset_non_control_endpoints_veneer>
100051da:	bd10      	pop	{r4, pc}

100051dc <dcd_edpt_xfer>:
100051dc:	207f      	movs	r0, #127	@ 0x7f
100051de:	b510      	push	{r4, lr}
100051e0:	4008      	ands	r0, r1
100051e2:	0040      	lsls	r0, r0, #1
100051e4:	09c9      	lsrs	r1, r1, #7
100051e6:	1840      	adds	r0, r0, r1
100051e8:	0011      	movs	r1, r2
100051ea:	4a04      	ldr	r2, [pc, #16]	@ (100051fc <dcd_edpt_xfer+0x20>)
100051ec:	0140      	lsls	r0, r0, #5
100051ee:	1880      	adds	r0, r0, r2
100051f0:	001a      	movs	r2, r3
100051f2:	f000 f85b 	bl	100052ac <hw_endpoint_xfer_start>
100051f6:	2001      	movs	r0, #1
100051f8:	bd10      	pop	{r4, pc}
100051fa:	46c0      	nop			@ (mov r8, r8)
100051fc:	20001bf8 	.word	0x20001bf8

10005200 <dcd_edpt_stall>:
10005200:	237f      	movs	r3, #127	@ 0x7f
10005202:	0018      	movs	r0, r3
10005204:	b500      	push	{lr}
10005206:	4008      	ands	r0, r1
10005208:	b083      	sub	sp, #12
1000520a:	420b      	tst	r3, r1
1000520c:	d104      	bne.n	10005218 <dcd_edpt_stall+0x18>
1000520e:	424b      	negs	r3, r1
10005210:	414b      	adcs	r3, r1
10005212:	4a08      	ldr	r2, [pc, #32]	@ (10005234 <dcd_edpt_stall+0x34>)
10005214:	3301      	adds	r3, #1
10005216:	6693      	str	r3, [r2, #104]	@ 0x68
10005218:	2280      	movs	r2, #128	@ 0x80
1000521a:	09c9      	lsrs	r1, r1, #7
1000521c:	0040      	lsls	r0, r0, #1
1000521e:	4b06      	ldr	r3, [pc, #24]	@ (10005238 <dcd_edpt_stall+0x38>)
10005220:	1840      	adds	r0, r0, r1
10005222:	0140      	lsls	r0, r0, #5
10005224:	2100      	movs	r1, #0
10005226:	18c0      	adds	r0, r0, r3
10005228:	0112      	lsls	r2, r2, #4
1000522a:	f002 f805 	bl	10007238 <___hw_endpoint_buffer_control_update32_veneer>
1000522e:	b003      	add	sp, #12
10005230:	bd00      	pop	{pc}
10005232:	46c0      	nop			@ (mov r8, r8)
10005234:	50112000 	.word	0x50112000
10005238:	20001bf8 	.word	0x20001bf8

1000523c <dcd_edpt_clear_stall>:
1000523c:	227f      	movs	r2, #127	@ 0x7f
1000523e:	0013      	movs	r3, r2
10005240:	b510      	push	{r4, lr}
10005242:	400b      	ands	r3, r1
10005244:	420a      	tst	r2, r1
10005246:	d100      	bne.n	1000524a <dcd_edpt_clear_stall+0xe>
10005248:	bd10      	pop	{r4, pc}
1000524a:	09c9      	lsrs	r1, r1, #7
1000524c:	005b      	lsls	r3, r3, #1
1000524e:	185b      	adds	r3, r3, r1
10005250:	4804      	ldr	r0, [pc, #16]	@ (10005264 <dcd_edpt_clear_stall+0x28>)
10005252:	015b      	lsls	r3, r3, #5
10005254:	18c0      	adds	r0, r0, r3
10005256:	2300      	movs	r3, #0
10005258:	2200      	movs	r2, #0
1000525a:	4903      	ldr	r1, [pc, #12]	@ (10005268 <dcd_edpt_clear_stall+0x2c>)
1000525c:	70c3      	strb	r3, [r0, #3]
1000525e:	f001 ffeb 	bl	10007238 <___hw_endpoint_buffer_control_update32_veneer>
10005262:	e7f1      	b.n	10005248 <dcd_edpt_clear_stall+0xc>
10005264:	20001bf8 	.word	0x20001bf8
10005268:	fffff7ff 	.word	0xfffff7ff

1000526c <rp2040_usb_init>:
1000526c:	2280      	movs	r2, #128	@ 0x80
1000526e:	4b0a      	ldr	r3, [pc, #40]	@ (10005298 <rp2040_usb_init+0x2c>)
10005270:	0452      	lsls	r2, r2, #17
10005272:	b510      	push	{r4, lr}
10005274:	601a      	str	r2, [r3, #0]
10005276:	4b09      	ldr	r3, [pc, #36]	@ (1000529c <rp2040_usb_init+0x30>)
10005278:	4909      	ldr	r1, [pc, #36]	@ (100052a0 <rp2040_usb_init+0x34>)
1000527a:	601a      	str	r2, [r3, #0]
1000527c:	0010      	movs	r0, r2
1000527e:	680b      	ldr	r3, [r1, #0]
10005280:	4398      	bics	r0, r3
10005282:	d1fb      	bne.n	1000527c <rp2040_usb_init+0x10>
10005284:	2280      	movs	r2, #128	@ 0x80
10005286:	2100      	movs	r1, #0
10005288:	0152      	lsls	r2, r2, #5
1000528a:	4806      	ldr	r0, [pc, #24]	@ (100052a4 <rp2040_usb_init+0x38>)
1000528c:	f7fd fca6 	bl	10002bdc <__wrap_memset>
10005290:	2209      	movs	r2, #9
10005292:	4b05      	ldr	r3, [pc, #20]	@ (100052a8 <rp2040_usb_init+0x3c>)
10005294:	675a      	str	r2, [r3, #116]	@ 0x74
10005296:	bd10      	pop	{r4, pc}
10005298:	4000e000 	.word	0x4000e000
1000529c:	4000f000 	.word	0x4000f000
100052a0:	4000c008 	.word	0x4000c008
100052a4:	50100000 	.word	0x50100000
100052a8:	50110000 	.word	0x50110000

100052ac <hw_endpoint_xfer_start>:
100052ac:	2300      	movs	r3, #0
100052ae:	b510      	push	{r4, lr}
100052b0:	82c3      	strh	r3, [r0, #22]
100052b2:	3301      	adds	r3, #1
100052b4:	8282      	strh	r2, [r0, #20]
100052b6:	7683      	strb	r3, [r0, #26]
100052b8:	6101      	str	r1, [r0, #16]
100052ba:	0004      	movs	r4, r0
100052bc:	f001 ff9c 	bl	100071f8 <__e15_is_bulkin_ep_veneer>
100052c0:	2800      	cmp	r0, #0
100052c2:	d004      	beq.n	100052ce <hw_endpoint_xfer_start+0x22>
100052c4:	2180      	movs	r1, #128	@ 0x80
100052c6:	2390      	movs	r3, #144	@ 0x90
100052c8:	4a07      	ldr	r2, [pc, #28]	@ (100052e8 <hw_endpoint_xfer_start+0x3c>)
100052ca:	0289      	lsls	r1, r1, #10
100052cc:	50d1      	str	r1, [r2, r3]
100052ce:	0020      	movs	r0, r4
100052d0:	f001 ff5a 	bl	10007188 <__e15_is_critical_frame_period_veneer>
100052d4:	2800      	cmp	r0, #0
100052d6:	d002      	beq.n	100052de <hw_endpoint_xfer_start+0x32>
100052d8:	2301      	movs	r3, #1
100052da:	7723      	strb	r3, [r4, #28]
100052dc:	bd10      	pop	{r4, pc}
100052de:	0020      	movs	r0, r4
100052e0:	f001 ff9a 	bl	10007218 <__hw_endpoint_start_next_buffer_veneer>
100052e4:	e7fa      	b.n	100052dc <hw_endpoint_xfer_start+0x30>
100052e6:	46c0      	nop			@ (mov r8, r8)
100052e8:	50112000 	.word	0x50112000

100052ec <tud_event_hook_cb>:
100052ec:	4770      	bx	lr
100052ee:	46c0      	nop			@ (mov r8, r8)

100052f0 <tud_sof_cb>:
100052f0:	4770      	bx	lr
100052f2:	46c0      	nop			@ (mov r8, r8)

100052f4 <tud_descriptor_device_qualifier_cb>:
100052f4:	2000      	movs	r0, #0
100052f6:	4770      	bx	lr

100052f8 <tud_descriptor_other_speed_configuration_cb>:
100052f8:	2000      	movs	r0, #0
100052fa:	4770      	bx	lr

100052fc <tud_mount_cb>:
100052fc:	4770      	bx	lr
100052fe:	46c0      	nop			@ (mov r8, r8)

10005300 <tud_umount_cb>:
10005300:	4770      	bx	lr
10005302:	46c0      	nop			@ (mov r8, r8)

10005304 <tud_suspend_cb>:
10005304:	4770      	bx	lr
10005306:	46c0      	nop			@ (mov r8, r8)

10005308 <tud_resume_cb>:
10005308:	4770      	bx	lr
1000530a:	46c0      	nop			@ (mov r8, r8)

1000530c <tud_mounted>:
1000530c:	4b02      	ldr	r3, [pc, #8]	@ (10005318 <tud_mounted+0xc>)
1000530e:	7858      	ldrb	r0, [r3, #1]
10005310:	1e43      	subs	r3, r0, #1
10005312:	4198      	sbcs	r0, r3
10005314:	b2c0      	uxtb	r0, r0
10005316:	4770      	bx	lr
10005318:	20001618 	.word	0x20001618

1000531c <tud_suspended>:
1000531c:	4b02      	ldr	r3, [pc, #8]	@ (10005328 <tud_suspended+0xc>)
1000531e:	7818      	ldrb	r0, [r3, #0]
10005320:	0740      	lsls	r0, r0, #29
10005322:	0fc0      	lsrs	r0, r0, #31
10005324:	4770      	bx	lr
10005326:	46c0      	nop			@ (mov r8, r8)
10005328:	20001618 	.word	0x20001618

1000532c <tud_rhport_init>:
1000532c:	b5f0      	push	{r4, r5, r6, r7, lr}
1000532e:	46d6      	mov	lr, sl
10005330:	464f      	mov	r7, r9
10005332:	4646      	mov	r6, r8
10005334:	b5c0      	push	{r6, r7, lr}
10005336:	4b2e      	ldr	r3, [pc, #184]	@ (100053f0 <tud_rhport_init+0xc4>)
10005338:	4681      	mov	r9, r0
1000533a:	4698      	mov	r8, r3
1000533c:	781b      	ldrb	r3, [r3, #0]
1000533e:	468a      	mov	sl, r1
10005340:	2bff      	cmp	r3, #255	@ 0xff
10005342:	d14e      	bne.n	100053e2 <tud_rhport_init+0xb6>
10005344:	2900      	cmp	r1, #0
10005346:	d03e      	beq.n	100053c6 <tud_rhport_init+0x9a>
10005348:	2100      	movs	r1, #0
1000534a:	2254      	movs	r2, #84	@ 0x54
1000534c:	4829      	ldr	r0, [pc, #164]	@ (100053f4 <tud_rhport_init+0xc8>)
1000534e:	f7fd fc45 	bl	10002bdc <__wrap_memset>
10005352:	2200      	movs	r2, #0
10005354:	4c28      	ldr	r4, [pc, #160]	@ (100053f8 <tud_rhport_init+0xcc>)
10005356:	4b29      	ldr	r3, [pc, #164]	@ (100053fc <tud_rhport_init+0xd0>)
10005358:	0020      	movs	r0, r4
1000535a:	701a      	strb	r2, [r3, #0]
1000535c:	f7fb fd5e 	bl	10000e1c <mutex_init>
10005360:	4b27      	ldr	r3, [pc, #156]	@ (10005400 <tud_rhport_init+0xd4>)
10005362:	601c      	str	r4, [r3, #0]
10005364:	4c27      	ldr	r4, [pc, #156]	@ (10005404 <tud_rhport_init+0xd8>)
10005366:	0020      	movs	r0, r4
10005368:	3c14      	subs	r4, #20
1000536a:	f7fb fd65 	bl	10000e38 <critical_section_init>
1000536e:	0020      	movs	r0, r4
10005370:	f001 fdda 	bl	10006f28 <tu_fifo_clear>
10005374:	4b24      	ldr	r3, [pc, #144]	@ (10005408 <tud_rhport_init+0xdc>)
10005376:	4d25      	ldr	r5, [pc, #148]	@ (1000540c <tud_rhport_init+0xe0>)
10005378:	601c      	str	r4, [r3, #0]
1000537a:	4b25      	ldr	r3, [pc, #148]	@ (10005410 <tud_rhport_init+0xe4>)
1000537c:	2b00      	cmp	r3, #0
1000537e:	d004      	beq.n	1000538a <tud_rhport_init+0x5e>
10005380:	0028      	movs	r0, r5
10005382:	f7ff fab7 	bl	100048f4 <usbd_app_driver_get_cb>
10005386:	4b23      	ldr	r3, [pc, #140]	@ (10005414 <tud_rhport_init+0xe8>)
10005388:	6018      	str	r0, [r3, #0]
1000538a:	2400      	movs	r4, #0
1000538c:	2300      	movs	r3, #0
1000538e:	782a      	ldrb	r2, [r5, #0]
10005390:	4f21      	ldr	r7, [pc, #132]	@ (10005418 <tud_rhport_init+0xec>)
10005392:	4e20      	ldr	r6, [pc, #128]	@ (10005414 <tud_rhport_init+0xe8>)
10005394:	e00f      	b.n	100053b6 <tud_rhport_init+0x8a>
10005396:	6833      	ldr	r3, [r6, #0]
10005398:	0162      	lsls	r2, r4, #5
1000539a:	189b      	adds	r3, r3, r2
1000539c:	2b00      	cmp	r3, #0
1000539e:	d012      	beq.n	100053c6 <tud_rhport_init+0x9a>
100053a0:	685b      	ldr	r3, [r3, #4]
100053a2:	2b00      	cmp	r3, #0
100053a4:	d00f      	beq.n	100053c6 <tud_rhport_init+0x9a>
100053a6:	4798      	blx	r3
100053a8:	782a      	ldrb	r2, [r5, #0]
100053aa:	3401      	adds	r4, #1
100053ac:	b2e4      	uxtb	r4, r4
100053ae:	1c51      	adds	r1, r2, #1
100053b0:	0023      	movs	r3, r4
100053b2:	42a1      	cmp	r1, r4
100053b4:	db09      	blt.n	100053ca <tud_rhport_init+0x9e>
100053b6:	42a2      	cmp	r2, r4
100053b8:	d8ed      	bhi.n	10005396 <tud_rhport_init+0x6a>
100053ba:	1a9b      	subs	r3, r3, r2
100053bc:	015b      	lsls	r3, r3, #5
100053be:	19db      	adds	r3, r3, r7
100053c0:	685b      	ldr	r3, [r3, #4]
100053c2:	2b00      	cmp	r3, #0
100053c4:	d1ef      	bne.n	100053a6 <tud_rhport_init+0x7a>
100053c6:	2000      	movs	r0, #0
100053c8:	e00c      	b.n	100053e4 <tud_rhport_init+0xb8>
100053ca:	4642      	mov	r2, r8
100053cc:	464b      	mov	r3, r9
100053ce:	4651      	mov	r1, sl
100053d0:	4648      	mov	r0, r9
100053d2:	7013      	strb	r3, [r2, #0]
100053d4:	f7ff fe00 	bl	10004fd8 <dcd_init>
100053d8:	2800      	cmp	r0, #0
100053da:	d0f4      	beq.n	100053c6 <tud_rhport_init+0x9a>
100053dc:	4648      	mov	r0, r9
100053de:	f7ff fe43 	bl	10005068 <dcd_int_enable>
100053e2:	2001      	movs	r0, #1
100053e4:	bce0      	pop	{r5, r6, r7}
100053e6:	46ba      	mov	sl, r7
100053e8:	46b1      	mov	r9, r6
100053ea:	46a8      	mov	r8, r5
100053ec:	bdf0      	pop	{r4, r5, r6, r7, pc}
100053ee:	46c0      	nop			@ (mov r8, r8)
100053f0:	200010c4 	.word	0x200010c4
100053f4:	20001618 	.word	0x20001618
100053f8:	20001610 	.word	0x20001610
100053fc:	2000206a 	.word	0x2000206a
10005400:	2000166c 	.word	0x2000166c
10005404:	200010bc 	.word	0x200010bc
10005408:	20001670 	.word	0x20001670
1000540c:	20002068 	.word	0x20002068
10005410:	100048f5 	.word	0x100048f5
10005414:	20001530 	.word	0x20001530
10005418:	10007a8c 	.word	0x10007a8c

1000541c <tud_task_ext>:
1000541c:	b5f0      	push	{r4, r5, r6, r7, lr}
1000541e:	46de      	mov	lr, fp
10005420:	4657      	mov	r7, sl
10005422:	464e      	mov	r6, r9
10005424:	4645      	mov	r5, r8
10005426:	b5e0      	push	{r5, r6, r7, lr}
10005428:	4bc6      	ldr	r3, [pc, #792]	@ (10005744 <tud_task_ext+0x328>)
1000542a:	b091      	sub	sp, #68	@ 0x44
1000542c:	9302      	str	r3, [sp, #8]
1000542e:	781b      	ldrb	r3, [r3, #0]
10005430:	2bff      	cmp	r3, #255	@ 0xff
10005432:	d100      	bne.n	10005436 <tud_task_ext+0x1a>
10005434:	e13b      	b.n	100056ae <tud_task_ext+0x292>
10005436:	4bc4      	ldr	r3, [pc, #784]	@ (10005748 <tud_task_ext+0x32c>)
10005438:	4ec4      	ldr	r6, [pc, #784]	@ (1000574c <tud_task_ext+0x330>)
1000543a:	001f      	movs	r7, r3
1000543c:	4bc4      	ldr	r3, [pc, #784]	@ (10005750 <tud_task_ext+0x334>)
1000543e:	ac0d      	add	r4, sp, #52	@ 0x34
10005440:	9301      	str	r3, [sp, #4]
10005442:	4bc4      	ldr	r3, [pc, #784]	@ (10005754 <tud_task_ext+0x338>)
10005444:	9300      	str	r3, [sp, #0]
10005446:	6835      	ldr	r5, [r6, #0]
10005448:	696a      	ldr	r2, [r5, #20]
1000544a:	f3ef 8110 	mrs	r1, PRIMASK
1000544e:	b672      	cpsid	i
10005450:	6813      	ldr	r3, [r2, #0]
10005452:	2b00      	cmp	r3, #0
10005454:	d0fc      	beq.n	10005450 <tud_task_ext+0x34>
10005456:	f3bf 8f5f 	dmb	sy
1000545a:	61a9      	str	r1, [r5, #24]
1000545c:	0028      	movs	r0, r5
1000545e:	0021      	movs	r1, r4
10005460:	f001 fb98 	bl	10006b94 <tu_fifo_read>
10005464:	696a      	ldr	r2, [r5, #20]
10005466:	69ab      	ldr	r3, [r5, #24]
10005468:	f3bf 8f5f 	dmb	sy
1000546c:	2100      	movs	r1, #0
1000546e:	6011      	str	r1, [r2, #0]
10005470:	f383 8810 	msr	PRIMASK, r3
10005474:	2800      	cmp	r0, #0
10005476:	d100      	bne.n	1000547a <tud_task_ext+0x5e>
10005478:	e119      	b.n	100056ae <tud_task_ext+0x292>
1000547a:	7863      	ldrb	r3, [r4, #1]
1000547c:	2b08      	cmp	r3, #8
1000547e:	d8e2      	bhi.n	10005446 <tud_task_ext+0x2a>
10005480:	009b      	lsls	r3, r3, #2
10005482:	58fb      	ldr	r3, [r7, r3]
10005484:	469f      	mov	pc, r3
10005486:	6863      	ldr	r3, [r4, #4]
10005488:	2b00      	cmp	r3, #0
1000548a:	d0dc      	beq.n	10005446 <tud_task_ext+0x2a>
1000548c:	68a0      	ldr	r0, [r4, #8]
1000548e:	4798      	blx	r3
10005490:	e7d9      	b.n	10005446 <tud_task_ext+0x2a>
10005492:	227f      	movs	r2, #127	@ 0x7f
10005494:	7921      	ldrb	r1, [r4, #4]
10005496:	4dae      	ldr	r5, [pc, #696]	@ (10005750 <tud_task_ext+0x334>)
10005498:	400a      	ands	r2, r1
1000549a:	0053      	lsls	r3, r2, #1
1000549c:	18eb      	adds	r3, r5, r3
1000549e:	4698      	mov	r8, r3
100054a0:	09c8      	lsrs	r0, r1, #7
100054a2:	4480      	add	r8, r0
100054a4:	4640      	mov	r0, r8
100054a6:	2301      	movs	r3, #1
100054a8:	3030      	adds	r0, #48	@ 0x30
100054aa:	7905      	ldrb	r5, [r0, #4]
100054ac:	439d      	bics	r5, r3
100054ae:	7105      	strb	r5, [r0, #4]
100054b0:	7905      	ldrb	r5, [r0, #4]
100054b2:	3303      	adds	r3, #3
100054b4:	439d      	bics	r5, r3
100054b6:	7105      	strb	r5, [r0, #4]
100054b8:	2a00      	cmp	r2, #0
100054ba:	d100      	bne.n	100054be <tud_task_ext+0xa2>
100054bc:	e0fe      	b.n	100056bc <tud_task_ext+0x2a0>
100054be:	4643      	mov	r3, r8
100054c0:	4aa5      	ldr	r2, [pc, #660]	@ (10005758 <tud_task_ext+0x33c>)
100054c2:	7d1b      	ldrb	r3, [r3, #20]
100054c4:	7812      	ldrb	r2, [r2, #0]
100054c6:	4293      	cmp	r3, r2
100054c8:	d300      	bcc.n	100054cc <tud_task_ext+0xb0>
100054ca:	e0ed      	b.n	100056a8 <tud_task_ext+0x28c>
100054cc:	4aa3      	ldr	r2, [pc, #652]	@ (1000575c <tud_task_ext+0x340>)
100054ce:	015b      	lsls	r3, r3, #5
100054d0:	6815      	ldr	r5, [r2, #0]
100054d2:	18ed      	adds	r5, r5, r3
100054d4:	2d00      	cmp	r5, #0
100054d6:	d100      	bne.n	100054da <tud_task_ext+0xbe>
100054d8:	e0e9      	b.n	100056ae <tud_task_ext+0x292>
100054da:	68a3      	ldr	r3, [r4, #8]
100054dc:	7962      	ldrb	r2, [r4, #5]
100054de:	7820      	ldrb	r0, [r4, #0]
100054e0:	69ad      	ldr	r5, [r5, #24]
100054e2:	47a8      	blx	r5
100054e4:	e7af      	b.n	10005446 <tud_task_ext+0x2a>
100054e6:	4b9e      	ldr	r3, [pc, #632]	@ (10005760 <tud_task_ext+0x344>)
100054e8:	781a      	ldrb	r2, [r3, #0]
100054ea:	2a00      	cmp	r2, #0
100054ec:	d100      	bne.n	100054f0 <tud_task_ext+0xd4>
100054ee:	e0de      	b.n	100056ae <tud_task_ext+0x292>
100054f0:	781a      	ldrb	r2, [r3, #0]
100054f2:	3a01      	subs	r2, #1
100054f4:	701a      	strb	r2, [r3, #0]
100054f6:	781b      	ldrb	r3, [r3, #0]
100054f8:	2b00      	cmp	r3, #0
100054fa:	d1a4      	bne.n	10005446 <tud_task_ext+0x2a>
100054fc:	2201      	movs	r2, #1
100054fe:	4d94      	ldr	r5, [pc, #592]	@ (10005750 <tud_task_ext+0x334>)
10005500:	2101      	movs	r1, #1
10005502:	782b      	ldrb	r3, [r5, #0]
10005504:	2004      	movs	r0, #4
10005506:	4313      	orrs	r3, r2
10005508:	702b      	strb	r3, [r5, #0]
1000550a:	2334      	movs	r3, #52	@ 0x34
1000550c:	5cea      	ldrb	r2, [r5, r3]
1000550e:	438a      	bics	r2, r1
10005510:	54ea      	strb	r2, [r5, r3]
10005512:	5cea      	ldrb	r2, [r5, r3]
10005514:	4382      	bics	r2, r0
10005516:	54ea      	strb	r2, [r5, r3]
10005518:	3301      	adds	r3, #1
1000551a:	5cea      	ldrb	r2, [r5, r3]
1000551c:	438a      	bics	r2, r1
1000551e:	54ea      	strb	r2, [r5, r3]
10005520:	5cea      	ldrb	r2, [r5, r3]
10005522:	4382      	bics	r2, r0
10005524:	54ea      	strb	r2, [r5, r3]
10005526:	7823      	ldrb	r3, [r4, #0]
10005528:	2000      	movs	r0, #0
1000552a:	469b      	mov	fp, r3
1000552c:	f000 fc9a 	bl	10005e64 <usbd_control_set_complete_callback>
10005530:	2260      	movs	r2, #96	@ 0x60
10005532:	7923      	ldrb	r3, [r4, #4]
10005534:	401a      	ands	r2, r3
10005536:	2a60      	cmp	r2, #96	@ 0x60
10005538:	d100      	bne.n	1000553c <tud_task_ext+0x120>
1000553a:	e0ee      	b.n	1000571a <tud_task_ext+0x2fe>
1000553c:	2a40      	cmp	r2, #64	@ 0x40
1000553e:	d100      	bne.n	10005542 <tud_task_ext+0x126>
10005540:	e0f4      	b.n	1000572c <tud_task_ext+0x310>
10005542:	06db      	lsls	r3, r3, #27
10005544:	0edb      	lsrs	r3, r3, #27
10005546:	2b01      	cmp	r3, #1
10005548:	d100      	bne.n	1000554c <tud_task_ext+0x130>
1000554a:	e111      	b.n	10005770 <tud_task_ext+0x354>
1000554c:	2b02      	cmp	r3, #2
1000554e:	d100      	bne.n	10005552 <tud_task_ext+0x136>
10005550:	e0c6      	b.n	100056e0 <tud_task_ext+0x2c4>
10005552:	2b00      	cmp	r3, #0
10005554:	d000      	beq.n	10005558 <tud_task_ext+0x13c>
10005556:	e0e0      	b.n	1000571a <tud_task_ext+0x2fe>
10005558:	2a20      	cmp	r2, #32
1000555a:	d100      	bne.n	1000555e <tud_task_ext+0x142>
1000555c:	e21c      	b.n	10005998 <tud_task_ext+0x57c>
1000555e:	2a00      	cmp	r2, #0
10005560:	d000      	beq.n	10005564 <tud_task_ext+0x148>
10005562:	e0da      	b.n	1000571a <tud_task_ext+0x2fe>
10005564:	7963      	ldrb	r3, [r4, #5]
10005566:	2b09      	cmp	r3, #9
10005568:	d900      	bls.n	1000556c <tud_task_ext+0x150>
1000556a:	e0d6      	b.n	1000571a <tud_task_ext+0x2fe>
1000556c:	4a7d      	ldr	r2, [pc, #500]	@ (10005764 <tud_task_ext+0x348>)
1000556e:	009b      	lsls	r3, r3, #2
10005570:	58d3      	ldr	r3, [r2, r3]
10005572:	469f      	mov	pc, r3
10005574:	4d76      	ldr	r5, [pc, #472]	@ (10005750 <tud_task_ext+0x334>)
10005576:	782b      	ldrb	r3, [r5, #0]
10005578:	07db      	lsls	r3, r3, #31
1000557a:	d400      	bmi.n	1000557e <tud_task_ext+0x162>
1000557c:	e763      	b.n	10005446 <tud_task_ext+0x2a>
1000557e:	f7ff fec3 	bl	10005308 <tud_resume_cb>
10005582:	e760      	b.n	10005446 <tud_task_ext+0x2a>
10005584:	9b01      	ldr	r3, [sp, #4]
10005586:	78db      	ldrb	r3, [r3, #3]
10005588:	07db      	lsls	r3, r3, #31
1000558a:	d400      	bmi.n	1000558e <tud_task_ext+0x172>
1000558c:	e75b      	b.n	10005446 <tud_task_ext+0x2a>
1000558e:	6860      	ldr	r0, [r4, #4]
10005590:	f7ff feae 	bl	100052f0 <tud_sof_cb>
10005594:	e757      	b.n	10005446 <tud_task_ext+0x2a>
10005596:	4d6e      	ldr	r5, [pc, #440]	@ (10005750 <tud_task_ext+0x334>)
10005598:	782b      	ldrb	r3, [r5, #0]
1000559a:	07db      	lsls	r3, r3, #31
1000559c:	d400      	bmi.n	100055a0 <tud_task_ext+0x184>
1000559e:	e752      	b.n	10005446 <tud_task_ext+0x2a>
100055a0:	7828      	ldrb	r0, [r5, #0]
100055a2:	0700      	lsls	r0, r0, #28
100055a4:	0fc0      	lsrs	r0, r0, #31
100055a6:	f7ff fead 	bl	10005304 <tud_suspend_cb>
100055aa:	e74c      	b.n	10005446 <tud_task_ext+0x2a>
100055ac:	7823      	ldrb	r3, [r4, #0]
100055ae:	4969      	ldr	r1, [pc, #420]	@ (10005754 <tud_task_ext+0x338>)
100055b0:	4699      	mov	r9, r3
100055b2:	468b      	mov	fp, r1
100055b4:	4b68      	ldr	r3, [pc, #416]	@ (10005758 <tud_task_ext+0x33c>)
100055b6:	4969      	ldr	r1, [pc, #420]	@ (1000575c <tud_task_ext+0x340>)
100055b8:	4698      	mov	r8, r3
100055ba:	468a      	mov	sl, r1
100055bc:	0039      	movs	r1, r7
100055be:	781a      	ldrb	r2, [r3, #0]
100055c0:	4647      	mov	r7, r8
100055c2:	2300      	movs	r3, #0
100055c4:	46b0      	mov	r8, r6
100055c6:	2500      	movs	r5, #0
100055c8:	464e      	mov	r6, r9
100055ca:	4689      	mov	r9, r1
100055cc:	e010      	b.n	100055f0 <tud_task_ext+0x1d4>
100055ce:	4653      	mov	r3, sl
100055d0:	681b      	ldr	r3, [r3, #0]
100055d2:	016a      	lsls	r2, r5, #5
100055d4:	189b      	adds	r3, r3, r2
100055d6:	2b00      	cmp	r3, #0
100055d8:	d100      	bne.n	100055dc <tud_task_ext+0x1c0>
100055da:	e075      	b.n	100056c8 <tud_task_ext+0x2ac>
100055dc:	68db      	ldr	r3, [r3, #12]
100055de:	0030      	movs	r0, r6
100055e0:	4798      	blx	r3
100055e2:	783a      	ldrb	r2, [r7, #0]
100055e4:	3501      	adds	r5, #1
100055e6:	b2ed      	uxtb	r5, r5
100055e8:	1c51      	adds	r1, r2, #1
100055ea:	002b      	movs	r3, r5
100055ec:	428d      	cmp	r5, r1
100055ee:	dc43      	bgt.n	10005678 <tud_task_ext+0x25c>
100055f0:	4295      	cmp	r5, r2
100055f2:	d3ec      	bcc.n	100055ce <tud_task_ext+0x1b2>
100055f4:	1a9b      	subs	r3, r3, r2
100055f6:	015b      	lsls	r3, r3, #5
100055f8:	445b      	add	r3, fp
100055fa:	e7ef      	b.n	100055dc <tud_task_ext+0x1c0>
100055fc:	7823      	ldrb	r3, [r4, #0]
100055fe:	4957      	ldr	r1, [pc, #348]	@ (1000575c <tud_task_ext+0x340>)
10005600:	4699      	mov	r9, r3
10005602:	4b55      	ldr	r3, [pc, #340]	@ (10005758 <tud_task_ext+0x33c>)
10005604:	468a      	mov	sl, r1
10005606:	4698      	mov	r8, r3
10005608:	0031      	movs	r1, r6
1000560a:	46bb      	mov	fp, r7
1000560c:	464e      	mov	r6, r9
1000560e:	781a      	ldrb	r2, [r3, #0]
10005610:	2500      	movs	r5, #0
10005612:	2300      	movs	r3, #0
10005614:	4647      	mov	r7, r8
10005616:	4689      	mov	r9, r1
10005618:	e00f      	b.n	1000563a <tud_task_ext+0x21e>
1000561a:	4653      	mov	r3, sl
1000561c:	681b      	ldr	r3, [r3, #0]
1000561e:	016a      	lsls	r2, r5, #5
10005620:	189b      	adds	r3, r3, r2
10005622:	2b00      	cmp	r3, #0
10005624:	d054      	beq.n	100056d0 <tud_task_ext+0x2b4>
10005626:	68db      	ldr	r3, [r3, #12]
10005628:	0030      	movs	r0, r6
1000562a:	4798      	blx	r3
1000562c:	783a      	ldrb	r2, [r7, #0]
1000562e:	3501      	adds	r5, #1
10005630:	b2ed      	uxtb	r5, r5
10005632:	1c51      	adds	r1, r2, #1
10005634:	002b      	movs	r3, r5
10005636:	428d      	cmp	r5, r1
10005638:	dc06      	bgt.n	10005648 <tud_task_ext+0x22c>
1000563a:	4295      	cmp	r5, r2
1000563c:	d3ed      	bcc.n	1000561a <tud_task_ext+0x1fe>
1000563e:	1a9b      	subs	r3, r3, r2
10005640:	9a00      	ldr	r2, [sp, #0]
10005642:	015b      	lsls	r3, r3, #5
10005644:	18d3      	adds	r3, r2, r3
10005646:	e7ee      	b.n	10005626 <tud_task_ext+0x20a>
10005648:	9d01      	ldr	r5, [sp, #4]
1000564a:	2254      	movs	r2, #84	@ 0x54
1000564c:	2100      	movs	r1, #0
1000564e:	0028      	movs	r0, r5
10005650:	f7fd fac4 	bl	10002bdc <__wrap_memset>
10005654:	2210      	movs	r2, #16
10005656:	21ff      	movs	r1, #255	@ 0xff
10005658:	4843      	ldr	r0, [pc, #268]	@ (10005768 <tud_task_ext+0x34c>)
1000565a:	f7fd fabf 	bl	10002bdc <__wrap_memset>
1000565e:	0028      	movs	r0, r5
10005660:	2220      	movs	r2, #32
10005662:	21ff      	movs	r1, #255	@ 0xff
10005664:	3014      	adds	r0, #20
10005666:	464e      	mov	r6, r9
10005668:	465f      	mov	r7, fp
1000566a:	f7fd fab7 	bl	10002bdc <__wrap_memset>
1000566e:	f000 fbef 	bl	10005e50 <usbd_control_reset>
10005672:	f7ff fe45 	bl	10005300 <tud_umount_cb>
10005676:	e6e6      	b.n	10005446 <tud_task_ext+0x2a>
10005678:	4d35      	ldr	r5, [pc, #212]	@ (10005750 <tud_task_ext+0x334>)
1000567a:	2254      	movs	r2, #84	@ 0x54
1000567c:	2100      	movs	r1, #0
1000567e:	0028      	movs	r0, r5
10005680:	f7fd faac 	bl	10002bdc <__wrap_memset>
10005684:	2210      	movs	r2, #16
10005686:	21ff      	movs	r1, #255	@ 0xff
10005688:	1d28      	adds	r0, r5, #4
1000568a:	f7fd faa7 	bl	10002bdc <__wrap_memset>
1000568e:	0028      	movs	r0, r5
10005690:	2220      	movs	r2, #32
10005692:	21ff      	movs	r1, #255	@ 0xff
10005694:	3014      	adds	r0, #20
10005696:	4646      	mov	r6, r8
10005698:	464f      	mov	r7, r9
1000569a:	f7fd fa9f 	bl	10002bdc <__wrap_memset>
1000569e:	f000 fbd7 	bl	10005e50 <usbd_control_reset>
100056a2:	7923      	ldrb	r3, [r4, #4]
100056a4:	70ab      	strb	r3, [r5, #2]
100056a6:	e6ce      	b.n	10005446 <tud_task_ext+0x2a>
100056a8:	1c50      	adds	r0, r2, #1
100056aa:	4298      	cmp	r0, r3
100056ac:	da13      	bge.n	100056d6 <tud_task_ext+0x2ba>
100056ae:	b011      	add	sp, #68	@ 0x44
100056b0:	bcf0      	pop	{r4, r5, r6, r7}
100056b2:	46bb      	mov	fp, r7
100056b4:	46b2      	mov	sl, r6
100056b6:	46a9      	mov	r9, r5
100056b8:	46a0      	mov	r8, r4
100056ba:	bdf0      	pop	{r4, r5, r6, r7, pc}
100056bc:	68a3      	ldr	r3, [r4, #8]
100056be:	7962      	ldrb	r2, [r4, #5]
100056c0:	7820      	ldrb	r0, [r4, #0]
100056c2:	f000 fbe3 	bl	10005e8c <usbd_control_xfer_cb>
100056c6:	e6be      	b.n	10005446 <tud_task_ext+0x2a>
100056c8:	4646      	mov	r6, r8
100056ca:	464f      	mov	r7, r9
100056cc:	4d20      	ldr	r5, [pc, #128]	@ (10005750 <tud_task_ext+0x334>)
100056ce:	e7e6      	b.n	1000569e <tud_task_ext+0x282>
100056d0:	464e      	mov	r6, r9
100056d2:	465f      	mov	r7, fp
100056d4:	e7cb      	b.n	1000566e <tud_task_ext+0x252>
100056d6:	4d1f      	ldr	r5, [pc, #124]	@ (10005754 <tud_task_ext+0x338>)
100056d8:	1a9b      	subs	r3, r3, r2
100056da:	015b      	lsls	r3, r3, #5
100056dc:	195d      	adds	r5, r3, r5
100056de:	e6fc      	b.n	100054da <tud_task_ext+0xbe>
100056e0:	2370      	movs	r3, #112	@ 0x70
100056e2:	7a21      	ldrb	r1, [r4, #8]
100056e4:	420b      	tst	r3, r1
100056e6:	d118      	bne.n	1000571a <tud_task_ext+0x2fe>
100056e8:	09c8      	lsrs	r0, r1, #7
100056ea:	4682      	mov	sl, r0
100056ec:	330f      	adds	r3, #15
100056ee:	400b      	ands	r3, r1
100056f0:	005b      	lsls	r3, r3, #1
100056f2:	4698      	mov	r8, r3
100056f4:	4818      	ldr	r0, [pc, #96]	@ (10005758 <tud_task_ext+0x33c>)
100056f6:	18eb      	adds	r3, r5, r3
100056f8:	4453      	add	r3, sl
100056fa:	7d1b      	ldrb	r3, [r3, #20]
100056fc:	7800      	ldrb	r0, [r0, #0]
100056fe:	4699      	mov	r9, r3
10005700:	4283      	cmp	r3, r0
10005702:	d268      	bcs.n	100057d6 <tud_task_ext+0x3ba>
10005704:	4815      	ldr	r0, [pc, #84]	@ (1000575c <tud_task_ext+0x340>)
10005706:	015b      	lsls	r3, r3, #5
10005708:	6800      	ldr	r0, [r0, #0]
1000570a:	4681      	mov	r9, r0
1000570c:	4499      	add	r9, r3
1000570e:	2a00      	cmp	r2, #0
10005710:	d100      	bne.n	10005714 <tud_task_ext+0x2f8>
10005712:	e163      	b.n	100059dc <tud_task_ext+0x5c0>
10005714:	464b      	mov	r3, r9
10005716:	2b00      	cmp	r3, #0
10005718:	d16a      	bne.n	100057f0 <tud_task_ext+0x3d4>
1000571a:	7820      	ldrb	r0, [r4, #0]
1000571c:	2100      	movs	r1, #0
1000571e:	f7ff fd6f 	bl	10005200 <dcd_edpt_stall>
10005722:	2180      	movs	r1, #128	@ 0x80
10005724:	7820      	ldrb	r0, [r4, #0]
10005726:	f7ff fd6b 	bl	10005200 <dcd_edpt_stall>
1000572a:	e68c      	b.n	10005446 <tud_task_ext+0x2a>
1000572c:	480f      	ldr	r0, [pc, #60]	@ (1000576c <tud_task_ext+0x350>)
1000572e:	f000 fb99 	bl	10005e64 <usbd_control_set_complete_callback>
10005732:	2101      	movs	r1, #1
10005734:	4658      	mov	r0, fp
10005736:	aa0e      	add	r2, sp, #56	@ 0x38
10005738:	f7ff f8c0 	bl	100048bc <tud_vendor_control_xfer_cb>
1000573c:	2800      	cmp	r0, #0
1000573e:	d000      	beq.n	10005742 <tud_task_ext+0x326>
10005740:	e681      	b.n	10005446 <tud_task_ext+0x2a>
10005742:	e7ea      	b.n	1000571a <tud_task_ext+0x2fe>
10005744:	200010c4 	.word	0x200010c4
10005748:	100079e4 	.word	0x100079e4
1000574c:	20001670 	.word	0x20001670
10005750:	20001618 	.word	0x20001618
10005754:	10007a8c 	.word	0x10007a8c
10005758:	20002068 	.word	0x20002068
1000575c:	20001530 	.word	0x20001530
10005760:	2000206a 	.word	0x2000206a
10005764:	10007a08 	.word	0x10007a08
10005768:	2000161c 	.word	0x2000161c
1000576c:	100048bd 	.word	0x100048bd
10005770:	7a23      	ldrb	r3, [r4, #8]
10005772:	8922      	ldrh	r2, [r4, #8]
10005774:	2b0f      	cmp	r3, #15
10005776:	d8d0      	bhi.n	1000571a <tud_task_ext+0x2fe>
10005778:	23ff      	movs	r3, #255	@ 0xff
1000577a:	4013      	ands	r3, r2
1000577c:	4acf      	ldr	r2, [pc, #828]	@ (10005abc <tud_task_ext+0x6a0>)
1000577e:	18eb      	adds	r3, r5, r3
10005780:	791b      	ldrb	r3, [r3, #4]
10005782:	7815      	ldrb	r5, [r2, #0]
10005784:	42ab      	cmp	r3, r5
10005786:	d33e      	bcc.n	10005806 <tud_task_ext+0x3ea>
10005788:	1c69      	adds	r1, r5, #1
1000578a:	4299      	cmp	r1, r3
1000578c:	dbc5      	blt.n	1000571a <tud_task_ext+0x2fe>
1000578e:	1b5d      	subs	r5, r3, r5
10005790:	4bcb      	ldr	r3, [pc, #812]	@ (10005ac0 <tud_task_ext+0x6a4>)
10005792:	016d      	lsls	r5, r5, #5
10005794:	18ed      	adds	r5, r5, r3
10005796:	6968      	ldr	r0, [r5, #20]
10005798:	f000 fb64 	bl	10005e64 <usbd_control_set_complete_callback>
1000579c:	2101      	movs	r1, #1
1000579e:	4658      	mov	r0, fp
100057a0:	696b      	ldr	r3, [r5, #20]
100057a2:	aa0e      	add	r2, sp, #56	@ 0x38
100057a4:	4798      	blx	r3
100057a6:	2800      	cmp	r0, #0
100057a8:	d000      	beq.n	100057ac <tud_task_ext+0x390>
100057aa:	e64c      	b.n	10005446 <tud_task_ext+0x2a>
100057ac:	2260      	movs	r2, #96	@ 0x60
100057ae:	0015      	movs	r5, r2
100057b0:	7923      	ldrb	r3, [r4, #4]
100057b2:	401d      	ands	r5, r3
100057b4:	421a      	tst	r2, r3
100057b6:	d1b0      	bne.n	1000571a <tud_task_ext+0x2fe>
100057b8:	7963      	ldrb	r3, [r4, #5]
100057ba:	3b0a      	subs	r3, #10
100057bc:	2b01      	cmp	r3, #1
100057be:	d8ac      	bhi.n	1000571a <tud_task_ext+0x2fe>
100057c0:	f000 fb50 	bl	10005e64 <usbd_control_set_complete_callback>
100057c4:	7963      	ldrb	r3, [r4, #5]
100057c6:	2b0a      	cmp	r3, #10
100057c8:	d100      	bne.n	100057cc <tud_task_ext+0x3b0>
100057ca:	e199      	b.n	10005b00 <tud_task_ext+0x6e4>
100057cc:	4658      	mov	r0, fp
100057ce:	a90e      	add	r1, sp, #56	@ 0x38
100057d0:	f000 fad8 	bl	10005d84 <tud_control_status>
100057d4:	e637      	b.n	10005446 <tud_task_ext+0x2a>
100057d6:	1c43      	adds	r3, r0, #1
100057d8:	454b      	cmp	r3, r9
100057da:	da00      	bge.n	100057de <tud_task_ext+0x3c2>
100057dc:	e0f9      	b.n	100059d2 <tud_task_ext+0x5b6>
100057de:	464b      	mov	r3, r9
100057e0:	1a1b      	subs	r3, r3, r0
100057e2:	015b      	lsls	r3, r3, #5
100057e4:	4699      	mov	r9, r3
100057e6:	48b6      	ldr	r0, [pc, #728]	@ (10005ac0 <tud_task_ext+0x6a4>)
100057e8:	4481      	add	r9, r0
100057ea:	2a00      	cmp	r2, #0
100057ec:	d100      	bne.n	100057f0 <tud_task_ext+0x3d4>
100057ee:	e0f5      	b.n	100059dc <tud_task_ext+0x5c0>
100057f0:	464b      	mov	r3, r9
100057f2:	6958      	ldr	r0, [r3, #20]
100057f4:	f000 fb36 	bl	10005e64 <usbd_control_set_complete_callback>
100057f8:	464b      	mov	r3, r9
100057fa:	2101      	movs	r1, #1
100057fc:	4658      	mov	r0, fp
100057fe:	695b      	ldr	r3, [r3, #20]
10005800:	aa0e      	add	r2, sp, #56	@ 0x38
10005802:	4798      	blx	r3
10005804:	e79a      	b.n	1000573c <tud_task_ext+0x320>
10005806:	4aaf      	ldr	r2, [pc, #700]	@ (10005ac4 <tud_task_ext+0x6a8>)
10005808:	015b      	lsls	r3, r3, #5
1000580a:	6815      	ldr	r5, [r2, #0]
1000580c:	18ed      	adds	r5, r5, r3
1000580e:	2d00      	cmp	r5, #0
10005810:	d1c1      	bne.n	10005796 <tud_task_ext+0x37a>
10005812:	e782      	b.n	1000571a <tud_task_ext+0x2fe>
10005814:	79a3      	ldrb	r3, [r4, #6]
10005816:	4699      	mov	r9, r3
10005818:	786b      	ldrb	r3, [r5, #1]
1000581a:	4599      	cmp	r9, r3
1000581c:	d0d6      	beq.n	100057cc <tud_task_ext+0x3b0>
1000581e:	786b      	ldrb	r3, [r5, #1]
10005820:	2b00      	cmp	r3, #0
10005822:	d000      	beq.n	10005826 <tud_task_ext+0x40a>
10005824:	e135      	b.n	10005a92 <tud_task_ext+0x676>
10005826:	464b      	mov	r3, r9
10005828:	706b      	strb	r3, [r5, #1]
1000582a:	2b00      	cmp	r3, #0
1000582c:	d100      	bne.n	10005830 <tud_task_ext+0x414>
1000582e:	e12d      	b.n	10005a8c <tud_task_ext+0x670>
10005830:	4648      	mov	r0, r9
10005832:	3801      	subs	r0, #1
10005834:	b2c0      	uxtb	r0, r0
10005836:	f7ff fa7d 	bl	10004d34 <tud_descriptor_configuration_cb>
1000583a:	2800      	cmp	r0, #0
1000583c:	d100      	bne.n	10005840 <tud_task_ext+0x424>
1000583e:	e17e      	b.n	10005b3e <tud_task_ext+0x722>
10005840:	7843      	ldrb	r3, [r0, #1]
10005842:	9307      	str	r3, [sp, #28]
10005844:	2b02      	cmp	r3, #2
10005846:	d000      	beq.n	1000584a <tud_task_ext+0x42e>
10005848:	e179      	b.n	10005b3e <tud_task_ext+0x722>
1000584a:	2201      	movs	r2, #1
1000584c:	79c1      	ldrb	r1, [r0, #7]
1000584e:	46b1      	mov	r9, r6
10005850:	118b      	asrs	r3, r1, #6
10005852:	1149      	asrs	r1, r1, #5
10005854:	4013      	ands	r3, r2
10005856:	400a      	ands	r2, r1
10005858:	2130      	movs	r1, #48	@ 0x30
1000585a:	0112      	lsls	r2, r2, #4
1000585c:	015b      	lsls	r3, r3, #5
1000585e:	4313      	orrs	r3, r2
10005860:	782a      	ldrb	r2, [r5, #0]
10005862:	46a8      	mov	r8, r5
10005864:	438a      	bics	r2, r1
10005866:	4313      	orrs	r3, r2
10005868:	702b      	strb	r3, [r5, #0]
1000586a:	2309      	movs	r3, #9
1000586c:	469a      	mov	sl, r3
1000586e:	4482      	add	sl, r0
10005870:	4656      	mov	r6, sl
10005872:	46ba      	mov	sl, r7
10005874:	78c3      	ldrb	r3, [r0, #3]
10005876:	7882      	ldrb	r2, [r0, #2]
10005878:	021b      	lsls	r3, r3, #8
1000587a:	4313      	orrs	r3, r2
1000587c:	18c3      	adds	r3, r0, r3
1000587e:	9305      	str	r3, [sp, #20]
10005880:	4b8e      	ldr	r3, [pc, #568]	@ (10005abc <tud_task_ext+0x6a0>)
10005882:	9304      	str	r3, [sp, #16]
10005884:	4b8e      	ldr	r3, [pc, #568]	@ (10005ac0 <tud_task_ext+0x6a4>)
10005886:	9308      	str	r3, [sp, #32]
10005888:	4b8e      	ldr	r3, [pc, #568]	@ (10005ac4 <tud_task_ext+0x6a8>)
1000588a:	9309      	str	r3, [sp, #36]	@ 0x24
1000588c:	4b8e      	ldr	r3, [pc, #568]	@ (10005ac8 <tud_task_ext+0x6ac>)
1000588e:	930a      	str	r3, [sp, #40]	@ 0x28
10005890:	9b05      	ldr	r3, [sp, #20]
10005892:	42b3      	cmp	r3, r6
10005894:	d800      	bhi.n	10005898 <tud_task_ext+0x47c>
10005896:	e155      	b.n	10005b44 <tud_task_ext+0x728>
10005898:	7873      	ldrb	r3, [r6, #1]
1000589a:	2201      	movs	r2, #1
1000589c:	2b0b      	cmp	r3, #11
1000589e:	d103      	bne.n	100058a8 <tud_task_ext+0x48c>
100058a0:	7833      	ldrb	r3, [r6, #0]
100058a2:	78f2      	ldrb	r2, [r6, #3]
100058a4:	18f6      	adds	r6, r6, r3
100058a6:	7873      	ldrb	r3, [r6, #1]
100058a8:	2b04      	cmp	r3, #4
100058aa:	d000      	beq.n	100058ae <tud_task_ext+0x492>
100058ac:	e144      	b.n	10005b38 <tud_task_ext+0x71c>
100058ae:	9b05      	ldr	r3, [sp, #20]
100058b0:	2700      	movs	r7, #0
100058b2:	1b9b      	subs	r3, r3, r6
100058b4:	b29b      	uxth	r3, r3
100058b6:	9306      	str	r3, [sp, #24]
100058b8:	9b04      	ldr	r3, [sp, #16]
100058ba:	920b      	str	r2, [sp, #44]	@ 0x2c
100058bc:	781d      	ldrb	r5, [r3, #0]
100058be:	2300      	movs	r3, #0
100058c0:	9303      	str	r3, [sp, #12]
100058c2:	e01b      	b.n	100058fc <tud_task_ext+0x4e0>
100058c4:	9a09      	ldr	r2, [sp, #36]	@ 0x24
100058c6:	017b      	lsls	r3, r7, #5
100058c8:	6815      	ldr	r5, [r2, #0]
100058ca:	18ed      	adds	r5, r5, r3
100058cc:	2d00      	cmp	r5, #0
100058ce:	d100      	bne.n	100058d2 <tud_task_ext+0x4b6>
100058d0:	e132      	b.n	10005b38 <tud_task_ext+0x71c>
100058d2:	0031      	movs	r1, r6
100058d4:	4658      	mov	r0, fp
100058d6:	692b      	ldr	r3, [r5, #16]
100058d8:	9a06      	ldr	r2, [sp, #24]
100058da:	4798      	blx	r3
100058dc:	4684      	mov	ip, r0
100058de:	2808      	cmp	r0, #8
100058e0:	d903      	bls.n	100058ea <tud_task_ext+0x4ce>
100058e2:	9a06      	ldr	r2, [sp, #24]
100058e4:	4282      	cmp	r2, r0
100058e6:	d300      	bcc.n	100058ea <tud_task_ext+0x4ce>
100058e8:	e113      	b.n	10005b12 <tud_task_ext+0x6f6>
100058ea:	9b04      	ldr	r3, [sp, #16]
100058ec:	3701      	adds	r7, #1
100058ee:	781d      	ldrb	r5, [r3, #0]
100058f0:	b2ff      	uxtb	r7, r7
100058f2:	1c6b      	adds	r3, r5, #1
100058f4:	9703      	str	r7, [sp, #12]
100058f6:	429f      	cmp	r7, r3
100058f8:	dd00      	ble.n	100058fc <tud_task_ext+0x4e0>
100058fa:	e11d      	b.n	10005b38 <tud_task_ext+0x71c>
100058fc:	42bd      	cmp	r5, r7
100058fe:	d8e1      	bhi.n	100058c4 <tud_task_ext+0x4a8>
10005900:	9b03      	ldr	r3, [sp, #12]
10005902:	1b5d      	subs	r5, r3, r5
10005904:	9b08      	ldr	r3, [sp, #32]
10005906:	016d      	lsls	r5, r5, #5
10005908:	195d      	adds	r5, r3, r5
1000590a:	e7e2      	b.n	100058d2 <tud_task_ext+0x4b6>
1000590c:	786b      	ldrb	r3, [r5, #1]
1000590e:	aa0c      	add	r2, sp, #48	@ 0x30
10005910:	3202      	adds	r2, #2
10005912:	7013      	strb	r3, [r2, #0]
10005914:	4658      	mov	r0, fp
10005916:	2301      	movs	r3, #1
10005918:	a90e      	add	r1, sp, #56	@ 0x38
1000591a:	f000 fa49 	bl	10005db0 <tud_control_xfer>
1000591e:	e592      	b.n	10005446 <tud_task_ext+0x2a>
10005920:	88e0      	ldrh	r0, [r4, #6]
10005922:	0a03      	lsrs	r3, r0, #8
10005924:	b2c0      	uxtb	r0, r0
10005926:	2b0f      	cmp	r3, #15
10005928:	d900      	bls.n	1000592c <tud_task_ext+0x510>
1000592a:	e6f6      	b.n	1000571a <tud_task_ext+0x2fe>
1000592c:	4967      	ldr	r1, [pc, #412]	@ (10005acc <tud_task_ext+0x6b0>)
1000592e:	009a      	lsls	r2, r3, #2
10005930:	588a      	ldr	r2, [r1, r2]
10005932:	4697      	mov	pc, r2
10005934:	a80e      	add	r0, sp, #56	@ 0x38
10005936:	f000 fa9b 	bl	10005e70 <usbd_control_set_request>
1000593a:	4658      	mov	r0, fp
1000593c:	79a1      	ldrb	r1, [r4, #6]
1000593e:	f7ff fb99 	bl	10005074 <dcd_set_address>
10005942:	2202      	movs	r2, #2
10005944:	782b      	ldrb	r3, [r5, #0]
10005946:	4313      	orrs	r3, r2
10005948:	702b      	strb	r3, [r5, #0]
1000594a:	e57c      	b.n	10005446 <tud_task_ext+0x2a>
1000594c:	88e3      	ldrh	r3, [r4, #6]
1000594e:	2b01      	cmp	r3, #1
10005950:	d000      	beq.n	10005954 <tud_task_ext+0x538>
10005952:	e6e2      	b.n	1000571a <tud_task_ext+0x2fe>
10005954:	2208      	movs	r2, #8
10005956:	782b      	ldrb	r3, [r5, #0]
10005958:	4658      	mov	r0, fp
1000595a:	4393      	bics	r3, r2
1000595c:	a90e      	add	r1, sp, #56	@ 0x38
1000595e:	702b      	strb	r3, [r5, #0]
10005960:	f000 fa10 	bl	10005d84 <tud_control_status>
10005964:	e56f      	b.n	10005446 <tud_task_ext+0x2a>
10005966:	2002      	movs	r0, #2
10005968:	7829      	ldrb	r1, [r5, #0]
1000596a:	ab0c      	add	r3, sp, #48	@ 0x30
1000596c:	1c9a      	adds	r2, r3, #2
1000596e:	068b      	lsls	r3, r1, #26
10005970:	0889      	lsrs	r1, r1, #2
10005972:	0fdb      	lsrs	r3, r3, #31
10005974:	4001      	ands	r1, r0
10005976:	430b      	orrs	r3, r1
10005978:	8013      	strh	r3, [r2, #0]
1000597a:	4658      	mov	r0, fp
1000597c:	2302      	movs	r3, #2
1000597e:	a90e      	add	r1, sp, #56	@ 0x38
10005980:	f000 fa16 	bl	10005db0 <tud_control_xfer>
10005984:	e55f      	b.n	10005446 <tud_task_ext+0x2a>
10005986:	88e3      	ldrh	r3, [r4, #6]
10005988:	2b01      	cmp	r3, #1
1000598a:	d000      	beq.n	1000598e <tud_task_ext+0x572>
1000598c:	e6c5      	b.n	1000571a <tud_task_ext+0x2fe>
1000598e:	2208      	movs	r2, #8
10005990:	782b      	ldrb	r3, [r5, #0]
10005992:	4313      	orrs	r3, r2
10005994:	702b      	strb	r3, [r5, #0]
10005996:	e719      	b.n	100057cc <tud_task_ext+0x3b0>
10005998:	7a23      	ldrb	r3, [r4, #8]
1000599a:	8922      	ldrh	r2, [r4, #8]
1000599c:	2b0f      	cmp	r3, #15
1000599e:	d900      	bls.n	100059a2 <tud_task_ext+0x586>
100059a0:	e6bb      	b.n	1000571a <tud_task_ext+0x2fe>
100059a2:	23ff      	movs	r3, #255	@ 0xff
100059a4:	4013      	ands	r3, r2
100059a6:	18eb      	adds	r3, r5, r3
100059a8:	791d      	ldrb	r5, [r3, #4]
100059aa:	4b44      	ldr	r3, [pc, #272]	@ (10005abc <tud_task_ext+0x6a0>)
100059ac:	781b      	ldrb	r3, [r3, #0]
100059ae:	429d      	cmp	r5, r3
100059b0:	d228      	bcs.n	10005a04 <tud_task_ext+0x5e8>
100059b2:	4b44      	ldr	r3, [pc, #272]	@ (10005ac4 <tud_task_ext+0x6a8>)
100059b4:	016d      	lsls	r5, r5, #5
100059b6:	681b      	ldr	r3, [r3, #0]
100059b8:	195d      	adds	r5, r3, r5
100059ba:	2d00      	cmp	r5, #0
100059bc:	d100      	bne.n	100059c0 <tud_task_ext+0x5a4>
100059be:	e6ac      	b.n	1000571a <tud_task_ext+0x2fe>
100059c0:	6968      	ldr	r0, [r5, #20]
100059c2:	f000 fa4f 	bl	10005e64 <usbd_control_set_complete_callback>
100059c6:	2101      	movs	r1, #1
100059c8:	4658      	mov	r0, fp
100059ca:	696b      	ldr	r3, [r5, #20]
100059cc:	aa0e      	add	r2, sp, #56	@ 0x38
100059ce:	4798      	blx	r3
100059d0:	e6b4      	b.n	1000573c <tud_task_ext+0x320>
100059d2:	2a00      	cmp	r2, #0
100059d4:	d000      	beq.n	100059d8 <tud_task_ext+0x5bc>
100059d6:	e6a0      	b.n	1000571a <tud_task_ext+0x2fe>
100059d8:	2300      	movs	r3, #0
100059da:	4699      	mov	r9, r3
100059dc:	7962      	ldrb	r2, [r4, #5]
100059de:	2002      	movs	r0, #2
100059e0:	0013      	movs	r3, r2
100059e2:	9203      	str	r2, [sp, #12]
100059e4:	4383      	bics	r3, r0
100059e6:	2b01      	cmp	r3, #1
100059e8:	d015      	beq.n	10005a16 <tud_task_ext+0x5fa>
100059ea:	2a00      	cmp	r2, #0
100059ec:	d000      	beq.n	100059f0 <tud_task_ext+0x5d4>
100059ee:	e694      	b.n	1000571a <tud_task_ext+0x2fe>
100059f0:	002b      	movs	r3, r5
100059f2:	4443      	add	r3, r8
100059f4:	4453      	add	r3, sl
100059f6:	3330      	adds	r3, #48	@ 0x30
100059f8:	791b      	ldrb	r3, [r3, #4]
100059fa:	aa0c      	add	r2, sp, #48	@ 0x30
100059fc:	079b      	lsls	r3, r3, #30
100059fe:	0fdb      	lsrs	r3, r3, #31
10005a00:	3202      	adds	r2, #2
10005a02:	e7b9      	b.n	10005978 <tud_task_ext+0x55c>
10005a04:	1c5a      	adds	r2, r3, #1
10005a06:	42aa      	cmp	r2, r5
10005a08:	da00      	bge.n	10005a0c <tud_task_ext+0x5f0>
10005a0a:	e686      	b.n	1000571a <tud_task_ext+0x2fe>
10005a0c:	1aed      	subs	r5, r5, r3
10005a0e:	4b2c      	ldr	r3, [pc, #176]	@ (10005ac0 <tud_task_ext+0x6a4>)
10005a10:	016d      	lsls	r5, r5, #5
10005a12:	18ed      	adds	r5, r5, r3
10005a14:	e7d4      	b.n	100059c0 <tud_task_ext+0x5a4>
10005a16:	88e3      	ldrh	r3, [r4, #6]
10005a18:	2b00      	cmp	r3, #0
10005a1a:	d112      	bne.n	10005a42 <tud_task_ext+0x626>
10005a1c:	9b02      	ldr	r3, [sp, #8]
10005a1e:	7818      	ldrb	r0, [r3, #0]
10005a20:	9b03      	ldr	r3, [sp, #12]
10005a22:	2b01      	cmp	r3, #1
10005a24:	d023      	beq.n	10005a6e <tud_task_ext+0x652>
10005a26:	f7ff fbeb 	bl	10005200 <dcd_edpt_stall>
10005a2a:	4643      	mov	r3, r8
10005a2c:	2102      	movs	r1, #2
10005a2e:	18eb      	adds	r3, r5, r3
10005a30:	4453      	add	r3, sl
10005a32:	3330      	adds	r3, #48	@ 0x30
10005a34:	791a      	ldrb	r2, [r3, #4]
10005a36:	430a      	orrs	r2, r1
10005a38:	2101      	movs	r1, #1
10005a3a:	711a      	strb	r2, [r3, #4]
10005a3c:	791a      	ldrb	r2, [r3, #4]
10005a3e:	430a      	orrs	r2, r1
10005a40:	711a      	strb	r2, [r3, #4]
10005a42:	464b      	mov	r3, r9
10005a44:	2b00      	cmp	r3, #0
10005a46:	d100      	bne.n	10005a4a <tud_task_ext+0x62e>
10005a48:	e4fd      	b.n	10005446 <tud_task_ext+0x2a>
10005a4a:	6958      	ldr	r0, [r3, #20]
10005a4c:	f000 fa0a 	bl	10005e64 <usbd_control_set_complete_callback>
10005a50:	464b      	mov	r3, r9
10005a52:	2101      	movs	r1, #1
10005a54:	695b      	ldr	r3, [r3, #20]
10005a56:	aa0e      	add	r2, sp, #56	@ 0x38
10005a58:	4658      	mov	r0, fp
10005a5a:	4798      	blx	r3
10005a5c:	2000      	movs	r0, #0
10005a5e:	f000 fa01 	bl	10005e64 <usbd_control_set_complete_callback>
10005a62:	2335      	movs	r3, #53	@ 0x35
10005a64:	5ceb      	ldrb	r3, [r5, r3]
10005a66:	07db      	lsls	r3, r3, #31
10005a68:	d500      	bpl.n	10005a6c <tud_task_ext+0x650>
10005a6a:	e4ec      	b.n	10005446 <tud_task_ext+0x2a>
10005a6c:	e6ae      	b.n	100057cc <tud_task_ext+0x3b0>
10005a6e:	f7ff fbe5 	bl	1000523c <dcd_edpt_clear_stall>
10005a72:	4643      	mov	r3, r8
10005a74:	2102      	movs	r1, #2
10005a76:	18eb      	adds	r3, r5, r3
10005a78:	4453      	add	r3, sl
10005a7a:	3330      	adds	r3, #48	@ 0x30
10005a7c:	791a      	ldrb	r2, [r3, #4]
10005a7e:	438a      	bics	r2, r1
10005a80:	711a      	strb	r2, [r3, #4]
10005a82:	791a      	ldrb	r2, [r3, #4]
10005a84:	9903      	ldr	r1, [sp, #12]
10005a86:	438a      	bics	r2, r1
10005a88:	711a      	strb	r2, [r3, #4]
10005a8a:	e7da      	b.n	10005a42 <tud_task_ext+0x626>
10005a8c:	f7ff fc38 	bl	10005300 <tud_umount_cb>
10005a90:	e69c      	b.n	100057cc <tud_task_ext+0x3b0>
10005a92:	2100      	movs	r1, #0
10005a94:	4658      	mov	r0, fp
10005a96:	f7ff faf7 	bl	10005088 <dcd_sof_enable>
10005a9a:	4658      	mov	r0, fp
10005a9c:	f7ff fb9a 	bl	100051d4 <dcd_edpt_close_all>
10005aa0:	78ab      	ldrb	r3, [r5, #2]
10005aa2:	4907      	ldr	r1, [pc, #28]	@ (10005ac0 <tud_task_ext+0x6a4>)
10005aa4:	9303      	str	r3, [sp, #12]
10005aa6:	4b05      	ldr	r3, [pc, #20]	@ (10005abc <tud_task_ext+0x6a0>)
10005aa8:	9104      	str	r1, [sp, #16]
10005aaa:	4698      	mov	r8, r3
10005aac:	781a      	ldrb	r2, [r3, #0]
10005aae:	2300      	movs	r3, #0
10005ab0:	4904      	ldr	r1, [pc, #16]	@ (10005ac4 <tud_task_ext+0x6a8>)
10005ab2:	46aa      	mov	sl, r5
10005ab4:	9105      	str	r1, [sp, #20]
10005ab6:	001d      	movs	r5, r3
10005ab8:	e01b      	b.n	10005af2 <tud_task_ext+0x6d6>
10005aba:	46c0      	nop			@ (mov r8, r8)
10005abc:	20002068 	.word	0x20002068
10005ac0:	10007a8c 	.word	0x10007a8c
10005ac4:	20001530 	.word	0x20001530
10005ac8:	2000162c 	.word	0x2000162c
10005acc:	10007a30 	.word	0x10007a30
10005ad0:	9b05      	ldr	r3, [sp, #20]
10005ad2:	016a      	lsls	r2, r5, #5
10005ad4:	681b      	ldr	r3, [r3, #0]
10005ad6:	189b      	adds	r3, r3, r2
10005ad8:	2b00      	cmp	r3, #0
10005ada:	d04c      	beq.n	10005b76 <tud_task_ext+0x75a>
10005adc:	68db      	ldr	r3, [r3, #12]
10005ade:	4658      	mov	r0, fp
10005ae0:	4798      	blx	r3
10005ae2:	4643      	mov	r3, r8
10005ae4:	781a      	ldrb	r2, [r3, #0]
10005ae6:	3501      	adds	r5, #1
10005ae8:	b2ed      	uxtb	r5, r5
10005aea:	1c51      	adds	r1, r2, #1
10005aec:	002b      	movs	r3, r5
10005aee:	428d      	cmp	r5, r1
10005af0:	dc2d      	bgt.n	10005b4e <tud_task_ext+0x732>
10005af2:	4295      	cmp	r5, r2
10005af4:	d3ec      	bcc.n	10005ad0 <tud_task_ext+0x6b4>
10005af6:	1a9b      	subs	r3, r3, r2
10005af8:	9a04      	ldr	r2, [sp, #16]
10005afa:	015b      	lsls	r3, r3, #5
10005afc:	18d3      	adds	r3, r2, r3
10005afe:	e7ed      	b.n	10005adc <tud_task_ext+0x6c0>
10005b00:	ab0c      	add	r3, sp, #48	@ 0x30
10005b02:	1c9a      	adds	r2, r3, #2
10005b04:	4658      	mov	r0, fp
10005b06:	2301      	movs	r3, #1
10005b08:	a90e      	add	r1, sp, #56	@ 0x38
10005b0a:	7015      	strb	r5, [r2, #0]
10005b0c:	f000 f950 	bl	10005db0 <tud_control_xfer>
10005b10:	e499      	b.n	10005446 <tud_task_ext+0x2a>
10005b12:	9a0b      	ldr	r2, [sp, #44]	@ 0x2c
10005b14:	2a01      	cmp	r2, #1
10005b16:	d04e      	beq.n	10005bb6 <tud_task_ext+0x79a>
10005b18:	2a00      	cmp	r2, #0
10005b1a:	d03c      	beq.n	10005b96 <tud_task_ext+0x77a>
10005b1c:	2300      	movs	r3, #0
10005b1e:	78b0      	ldrb	r0, [r6, #2]
10005b20:	e004      	b.n	10005b2c <tud_task_ext+0x710>
10005b22:	3301      	adds	r3, #1
10005b24:	b2db      	uxtb	r3, r3
10005b26:	710f      	strb	r7, [r1, #4]
10005b28:	4293      	cmp	r3, r2
10005b2a:	d234      	bcs.n	10005b96 <tud_task_ext+0x77a>
10005b2c:	18c1      	adds	r1, r0, r3
10005b2e:	b2c9      	uxtb	r1, r1
10005b30:	4441      	add	r1, r8
10005b32:	790d      	ldrb	r5, [r1, #4]
10005b34:	2dff      	cmp	r5, #255	@ 0xff
10005b36:	d0f4      	beq.n	10005b22 <tud_task_ext+0x706>
10005b38:	464e      	mov	r6, r9
10005b3a:	4645      	mov	r5, r8
10005b3c:	4657      	mov	r7, sl
10005b3e:	2300      	movs	r3, #0
10005b40:	706b      	strb	r3, [r5, #1]
10005b42:	e5ea      	b.n	1000571a <tud_task_ext+0x2fe>
10005b44:	464e      	mov	r6, r9
10005b46:	4657      	mov	r7, sl
10005b48:	f7ff fbd8 	bl	100052fc <tud_mount_cb>
10005b4c:	e63e      	b.n	100057cc <tud_task_ext+0x3b0>
10005b4e:	4655      	mov	r5, sl
10005b50:	2254      	movs	r2, #84	@ 0x54
10005b52:	2100      	movs	r1, #0
10005b54:	0028      	movs	r0, r5
10005b56:	f7fd f841 	bl	10002bdc <__wrap_memset>
10005b5a:	2210      	movs	r2, #16
10005b5c:	21ff      	movs	r1, #255	@ 0xff
10005b5e:	1d28      	adds	r0, r5, #4
10005b60:	f7fd f83c 	bl	10002bdc <__wrap_memset>
10005b64:	0028      	movs	r0, r5
10005b66:	2220      	movs	r2, #32
10005b68:	21ff      	movs	r1, #255	@ 0xff
10005b6a:	3014      	adds	r0, #20
10005b6c:	f7fd f836 	bl	10002bdc <__wrap_memset>
10005b70:	9b03      	ldr	r3, [sp, #12]
10005b72:	70ab      	strb	r3, [r5, #2]
10005b74:	e657      	b.n	10005826 <tud_task_ext+0x40a>
10005b76:	4655      	mov	r5, sl
10005b78:	e7fa      	b.n	10005b70 <tud_task_ext+0x754>
10005b7a:	f7fe fe9b 	bl	100048b4 <tud_descriptor_bos_cb>
10005b7e:	1e02      	subs	r2, r0, #0
10005b80:	d100      	bne.n	10005b84 <tud_task_ext+0x768>
10005b82:	e5ca      	b.n	1000571a <tud_task_ext+0x2fe>
10005b84:	78d3      	ldrb	r3, [r2, #3]
10005b86:	7891      	ldrb	r1, [r2, #2]
10005b88:	021b      	lsls	r3, r3, #8
10005b8a:	430b      	orrs	r3, r1
10005b8c:	4658      	mov	r0, fp
10005b8e:	a90e      	add	r1, sp, #56	@ 0x38
10005b90:	f000 f90e 	bl	10005db0 <tud_control_xfer>
10005b94:	e5d2      	b.n	1000573c <tud_task_ext+0x320>
10005b96:	4665      	mov	r5, ip
10005b98:	003b      	movs	r3, r7
10005b9a:	002a      	movs	r2, r5
10005b9c:	0031      	movs	r1, r6
10005b9e:	980a      	ldr	r0, [sp, #40]	@ 0x28
10005ba0:	f000 fe6a 	bl	10006878 <tu_edpt_bind_driver>
10005ba4:	9b04      	ldr	r3, [sp, #16]
10005ba6:	9a03      	ldr	r2, [sp, #12]
10005ba8:	781b      	ldrb	r3, [r3, #0]
10005baa:	1976      	adds	r6, r6, r5
10005bac:	3301      	adds	r3, #1
10005bae:	4293      	cmp	r3, r2
10005bb0:	db00      	blt.n	10005bb4 <tud_task_ext+0x798>
10005bb2:	e66d      	b.n	10005890 <tud_task_ext+0x474>
10005bb4:	e7c0      	b.n	10005b38 <tud_task_ext+0x71c>
10005bb6:	4b17      	ldr	r3, [pc, #92]	@ (10005c14 <tud_task_ext+0x7f8>)
10005bb8:	6929      	ldr	r1, [r5, #16]
10005bba:	4299      	cmp	r1, r3
10005bbc:	d1ae      	bne.n	10005b1c <tud_task_ext+0x700>
10005bbe:	9a07      	ldr	r2, [sp, #28]
10005bc0:	e7ac      	b.n	10005b1c <tud_task_ext+0x700>
10005bc2:	f7ff fb97 	bl	100052f4 <tud_descriptor_device_qualifier_cb>
10005bc6:	1e02      	subs	r2, r0, #0
10005bc8:	d100      	bne.n	10005bcc <tud_task_ext+0x7b0>
10005bca:	e5a6      	b.n	1000571a <tud_task_ext+0x2fe>
10005bcc:	4658      	mov	r0, fp
10005bce:	7813      	ldrb	r3, [r2, #0]
10005bd0:	a90e      	add	r1, sp, #56	@ 0x38
10005bd2:	f000 f8ed 	bl	10005db0 <tud_control_xfer>
10005bd6:	e5b1      	b.n	1000573c <tud_task_ext+0x320>
10005bd8:	8921      	ldrh	r1, [r4, #8]
10005bda:	f7ff f8af 	bl	10004d3c <tud_descriptor_string_cb>
10005bde:	1e02      	subs	r2, r0, #0
10005be0:	d1f4      	bne.n	10005bcc <tud_task_ext+0x7b0>
10005be2:	e59a      	b.n	1000571a <tud_task_ext+0x2fe>
10005be4:	2b02      	cmp	r3, #2
10005be6:	d00f      	beq.n	10005c08 <tud_task_ext+0x7ec>
10005be8:	f7ff fb86 	bl	100052f8 <tud_descriptor_other_speed_configuration_cb>
10005bec:	1e02      	subs	r2, r0, #0
10005bee:	d1c9      	bne.n	10005b84 <tud_task_ext+0x768>
10005bf0:	e593      	b.n	1000571a <tud_task_ext+0x2fe>
10005bf2:	f7ff f89b 	bl	10004d2c <tud_descriptor_device_cb>
10005bf6:	1e02      	subs	r2, r0, #0
10005bf8:	d100      	bne.n	10005bfc <tud_task_ext+0x7e0>
10005bfa:	e58e      	b.n	1000571a <tud_task_ext+0x2fe>
10005bfc:	2312      	movs	r3, #18
10005bfe:	4658      	mov	r0, fp
10005c00:	a90e      	add	r1, sp, #56	@ 0x38
10005c02:	f000 f8d5 	bl	10005db0 <tud_control_xfer>
10005c06:	e599      	b.n	1000573c <tud_task_ext+0x320>
10005c08:	f7ff f894 	bl	10004d34 <tud_descriptor_configuration_cb>
10005c0c:	1e02      	subs	r2, r0, #0
10005c0e:	d1b9      	bne.n	10005b84 <tud_task_ext+0x768>
10005c10:	e583      	b.n	1000571a <tud_task_ext+0x2fe>
10005c12:	46c0      	nop			@ (mov r8, r8)
10005c14:	1000625d 	.word	0x1000625d

10005c18 <usbd_open_edpt_pair>:
10005c18:	b5f0      	push	{r4, r5, r6, r7, lr}
10005c1a:	464f      	mov	r7, r9
10005c1c:	4646      	mov	r6, r8
10005c1e:	46d6      	mov	lr, sl
10005c20:	b5c0      	push	{r6, r7, lr}
10005c22:	000c      	movs	r4, r1
10005c24:	0016      	movs	r6, r2
10005c26:	001f      	movs	r7, r3
10005c28:	b082      	sub	sp, #8
10005c2a:	2a00      	cmp	r2, #0
10005c2c:	d03a      	beq.n	10005ca4 <usbd_open_edpt_pair+0x8c>
10005c2e:	2370      	movs	r3, #112	@ 0x70
10005c30:	4698      	mov	r8, r3
10005c32:	4b1d      	ldr	r3, [pc, #116]	@ (10005ca8 <usbd_open_edpt_pair+0x90>)
10005c34:	2500      	movs	r5, #0
10005c36:	4699      	mov	r9, r3
10005c38:	4b1c      	ldr	r3, [pc, #112]	@ (10005cac <usbd_open_edpt_pair+0x94>)
10005c3a:	469a      	mov	sl, r3
10005c3c:	e01a      	b.n	10005c74 <usbd_open_edpt_pair+0x5c>
10005c3e:	464b      	mov	r3, r9
10005c40:	781b      	ldrb	r3, [r3, #0]
10005c42:	0020      	movs	r0, r4
10005c44:	9301      	str	r3, [sp, #4]
10005c46:	4653      	mov	r3, sl
10005c48:	7899      	ldrb	r1, [r3, #2]
10005c4a:	f000 fddb 	bl	10006804 <tu_edpt_validate>
10005c4e:	2800      	cmp	r0, #0
10005c50:	d01c      	beq.n	10005c8c <usbd_open_edpt_pair+0x74>
10005c52:	0021      	movs	r1, r4
10005c54:	9801      	ldr	r0, [sp, #4]
10005c56:	f7ff fa33 	bl	100050c0 <dcd_edpt_open>
10005c5a:	2800      	cmp	r0, #0
10005c5c:	d016      	beq.n	10005c8c <usbd_open_edpt_pair+0x74>
10005c5e:	78a3      	ldrb	r3, [r4, #2]
10005c60:	09da      	lsrs	r2, r3, #7
10005c62:	2a01      	cmp	r2, #1
10005c64:	d019      	beq.n	10005c9a <usbd_open_edpt_pair+0x82>
10005c66:	9a0a      	ldr	r2, [sp, #40]	@ 0x28
10005c68:	3501      	adds	r5, #1
10005c6a:	7013      	strb	r3, [r2, #0]
10005c6c:	42b5      	cmp	r5, r6
10005c6e:	da19      	bge.n	10005ca4 <usbd_open_edpt_pair+0x8c>
10005c70:	7823      	ldrb	r3, [r4, #0]
10005c72:	18e4      	adds	r4, r4, r3
10005c74:	7863      	ldrb	r3, [r4, #1]
10005c76:	2b05      	cmp	r3, #5
10005c78:	d108      	bne.n	10005c8c <usbd_open_edpt_pair+0x74>
10005c7a:	78e3      	ldrb	r3, [r4, #3]
10005c7c:	079b      	lsls	r3, r3, #30
10005c7e:	0f9b      	lsrs	r3, r3, #30
10005c80:	42bb      	cmp	r3, r7
10005c82:	d103      	bne.n	10005c8c <usbd_open_edpt_pair+0x74>
10005c84:	4642      	mov	r2, r8
10005c86:	78a3      	ldrb	r3, [r4, #2]
10005c88:	421a      	tst	r2, r3
10005c8a:	d0d8      	beq.n	10005c3e <usbd_open_edpt_pair+0x26>
10005c8c:	2000      	movs	r0, #0
10005c8e:	b002      	add	sp, #8
10005c90:	bce0      	pop	{r5, r6, r7}
10005c92:	46ba      	mov	sl, r7
10005c94:	46b1      	mov	r9, r6
10005c96:	46a8      	mov	r8, r5
10005c98:	bdf0      	pop	{r4, r5, r6, r7, pc}
10005c9a:	9a0b      	ldr	r2, [sp, #44]	@ 0x2c
10005c9c:	3501      	adds	r5, #1
10005c9e:	7013      	strb	r3, [r2, #0]
10005ca0:	42b5      	cmp	r5, r6
10005ca2:	dbe5      	blt.n	10005c70 <usbd_open_edpt_pair+0x58>
10005ca4:	2001      	movs	r0, #1
10005ca6:	e7f2      	b.n	10005c8e <usbd_open_edpt_pair+0x76>
10005ca8:	200010c4 	.word	0x200010c4
10005cac:	20001618 	.word	0x20001618

10005cb0 <usbd_edpt_open>:
10005cb0:	2270      	movs	r2, #112	@ 0x70
10005cb2:	b570      	push	{r4, r5, r6, lr}
10005cb4:	788b      	ldrb	r3, [r1, #2]
10005cb6:	000c      	movs	r4, r1
10005cb8:	421a      	tst	r2, r3
10005cba:	d001      	beq.n	10005cc0 <usbd_edpt_open+0x10>
10005cbc:	2000      	movs	r0, #0
10005cbe:	bd70      	pop	{r4, r5, r6, pc}
10005cc0:	4b06      	ldr	r3, [pc, #24]	@ (10005cdc <usbd_edpt_open+0x2c>)
10005cc2:	0020      	movs	r0, r4
10005cc4:	781d      	ldrb	r5, [r3, #0]
10005cc6:	4b06      	ldr	r3, [pc, #24]	@ (10005ce0 <usbd_edpt_open+0x30>)
10005cc8:	7899      	ldrb	r1, [r3, #2]
10005cca:	f000 fd9b 	bl	10006804 <tu_edpt_validate>
10005cce:	2800      	cmp	r0, #0
10005cd0:	d0f4      	beq.n	10005cbc <usbd_edpt_open+0xc>
10005cd2:	0021      	movs	r1, r4
10005cd4:	0028      	movs	r0, r5
10005cd6:	f7ff f9f3 	bl	100050c0 <dcd_edpt_open>
10005cda:	e7f0      	b.n	10005cbe <usbd_edpt_open+0xe>
10005cdc:	200010c4 	.word	0x200010c4
10005ce0:	20001618 	.word	0x20001618

10005ce4 <usbd_edpt_claim>:
10005ce4:	207f      	movs	r0, #127	@ 0x7f
10005ce6:	4b07      	ldr	r3, [pc, #28]	@ (10005d04 <usbd_edpt_claim+0x20>)
10005ce8:	b510      	push	{r4, lr}
10005cea:	681a      	ldr	r2, [r3, #0]
10005cec:	4008      	ands	r0, r1
10005cee:	09cb      	lsrs	r3, r1, #7
10005cf0:	3334      	adds	r3, #52	@ 0x34
10005cf2:	0040      	lsls	r0, r0, #1
10005cf4:	18c0      	adds	r0, r0, r3
10005cf6:	4b04      	ldr	r3, [pc, #16]	@ (10005d08 <usbd_edpt_claim+0x24>)
10005cf8:	0011      	movs	r1, r2
10005cfa:	18c0      	adds	r0, r0, r3
10005cfc:	f000 fd3e 	bl	1000677c <tu_edpt_claim>
10005d00:	bd10      	pop	{r4, pc}
10005d02:	46c0      	nop			@ (mov r8, r8)
10005d04:	2000166c 	.word	0x2000166c
10005d08:	20001618 	.word	0x20001618

10005d0c <usbd_edpt_release>:
10005d0c:	207f      	movs	r0, #127	@ 0x7f
10005d0e:	4b07      	ldr	r3, [pc, #28]	@ (10005d2c <usbd_edpt_release+0x20>)
10005d10:	b510      	push	{r4, lr}
10005d12:	681a      	ldr	r2, [r3, #0]
10005d14:	4008      	ands	r0, r1
10005d16:	09cb      	lsrs	r3, r1, #7
10005d18:	3334      	adds	r3, #52	@ 0x34
10005d1a:	0040      	lsls	r0, r0, #1
10005d1c:	18c0      	adds	r0, r0, r3
10005d1e:	4b04      	ldr	r3, [pc, #16]	@ (10005d30 <usbd_edpt_release+0x24>)
10005d20:	0011      	movs	r1, r2
10005d22:	18c0      	adds	r0, r0, r3
10005d24:	f000 fd52 	bl	100067cc <tu_edpt_release>
10005d28:	bd10      	pop	{r4, pc}
10005d2a:	46c0      	nop			@ (mov r8, r8)
10005d2c:	2000166c 	.word	0x2000166c
10005d30:	20001618 	.word	0x20001618

10005d34 <usbd_edpt_xfer>:
10005d34:	b570      	push	{r4, r5, r6, lr}
10005d36:	247f      	movs	r4, #127	@ 0x7f
10005d38:	09c8      	lsrs	r0, r1, #7
10005d3a:	4684      	mov	ip, r0
10005d3c:	400c      	ands	r4, r1
10005d3e:	480f      	ldr	r0, [pc, #60]	@ (10005d7c <usbd_edpt_xfer+0x48>)
10005d40:	0064      	lsls	r4, r4, #1
10005d42:	1904      	adds	r4, r0, r4
10005d44:	4464      	add	r4, ip
10005d46:	3430      	adds	r4, #48	@ 0x30
10005d48:	7920      	ldrb	r0, [r4, #4]
10005d4a:	07c0      	lsls	r0, r0, #31
10005d4c:	d501      	bpl.n	10005d52 <usbd_edpt_xfer+0x1e>
10005d4e:	2000      	movs	r0, #0
10005d50:	bd70      	pop	{r4, r5, r6, pc}
10005d52:	480b      	ldr	r0, [pc, #44]	@ (10005d80 <usbd_edpt_xfer+0x4c>)
10005d54:	2501      	movs	r5, #1
10005d56:	7800      	ldrb	r0, [r0, #0]
10005d58:	4684      	mov	ip, r0
10005d5a:	7920      	ldrb	r0, [r4, #4]
10005d5c:	4328      	orrs	r0, r5
10005d5e:	7120      	strb	r0, [r4, #4]
10005d60:	4660      	mov	r0, ip
10005d62:	f7ff fa3b 	bl	100051dc <dcd_edpt_xfer>
10005d66:	2800      	cmp	r0, #0
10005d68:	d1f2      	bne.n	10005d50 <usbd_edpt_xfer+0x1c>
10005d6a:	2201      	movs	r2, #1
10005d6c:	7923      	ldrb	r3, [r4, #4]
10005d6e:	4393      	bics	r3, r2
10005d70:	7123      	strb	r3, [r4, #4]
10005d72:	7923      	ldrb	r3, [r4, #4]
10005d74:	3203      	adds	r2, #3
10005d76:	4393      	bics	r3, r2
10005d78:	7123      	strb	r3, [r4, #4]
10005d7a:	e7e8      	b.n	10005d4e <usbd_edpt_xfer+0x1a>
10005d7c:	20001618 	.word	0x20001618
10005d80:	200010c4 	.word	0x200010c4

10005d84 <tud_control_status>:
10005d84:	b570      	push	{r4, r5, r6, lr}
10005d86:	4c09      	ldr	r4, [pc, #36]	@ (10005dac <tud_control_status+0x28>)
10005d88:	0006      	movs	r6, r0
10005d8a:	2208      	movs	r2, #8
10005d8c:	0020      	movs	r0, r4
10005d8e:	000d      	movs	r5, r1
10005d90:	f7fc ff2a 	bl	10002be8 <__wrap___aeabi_memcpy>
10005d94:	2300      	movs	r3, #0
10005d96:	2180      	movs	r1, #128	@ 0x80
10005d98:	60e3      	str	r3, [r4, #12]
10005d9a:	60a3      	str	r3, [r4, #8]
10005d9c:	782b      	ldrb	r3, [r5, #0]
10005d9e:	0030      	movs	r0, r6
10005da0:	4399      	bics	r1, r3
10005da2:	2200      	movs	r2, #0
10005da4:	2300      	movs	r3, #0
10005da6:	f7ff ffc5 	bl	10005d34 <usbd_edpt_xfer>
10005daa:	bd70      	pop	{r4, r5, r6, pc}
10005dac:	200015f8 	.word	0x200015f8

10005db0 <tud_control_xfer>:
10005db0:	b5f0      	push	{r4, r5, r6, r7, lr}
10005db2:	46c6      	mov	lr, r8
10005db4:	4c24      	ldr	r4, [pc, #144]	@ (10005e48 <tud_control_xfer+0x98>)
10005db6:	0017      	movs	r7, r2
10005db8:	4680      	mov	r8, r0
10005dba:	2208      	movs	r2, #8
10005dbc:	0020      	movs	r0, r4
10005dbe:	b500      	push	{lr}
10005dc0:	000d      	movs	r5, r1
10005dc2:	001e      	movs	r6, r3
10005dc4:	f7fc ff10 	bl	10002be8 <__wrap___aeabi_memcpy>
10005dc8:	2300      	movs	r3, #0
10005dca:	60a7      	str	r7, [r4, #8]
10005dcc:	81e3      	strh	r3, [r4, #14]
10005dce:	79eb      	ldrb	r3, [r5, #7]
10005dd0:	79aa      	ldrb	r2, [r5, #6]
10005dd2:	021b      	lsls	r3, r3, #8
10005dd4:	4313      	orrs	r3, r2
10005dd6:	1c1a      	adds	r2, r3, #0
10005dd8:	42b3      	cmp	r3, r6
10005dda:	d900      	bls.n	10005dde <tud_control_xfer+0x2e>
10005ddc:	1c32      	adds	r2, r6, #0
10005dde:	b296      	uxth	r6, r2
10005de0:	81a2      	strh	r2, [r4, #12]
10005de2:	2b00      	cmp	r3, #0
10005de4:	d00c      	beq.n	10005e00 <tud_control_xfer+0x50>
10005de6:	2e00      	cmp	r6, #0
10005de8:	d015      	beq.n	10005e16 <tud_control_xfer+0x66>
10005dea:	2f00      	cmp	r7, #0
10005dec:	d02a      	beq.n	10005e44 <tud_control_xfer+0x94>
10005dee:	2e40      	cmp	r6, #64	@ 0x40
10005df0:	d81a      	bhi.n	10005e28 <tud_control_xfer+0x78>
10005df2:	7823      	ldrb	r3, [r4, #0]
10005df4:	b296      	uxth	r6, r2
10005df6:	2b7f      	cmp	r3, #127	@ 0x7f
10005df8:	d81b      	bhi.n	10005e32 <tud_control_xfer+0x82>
10005dfa:	2100      	movs	r1, #0
10005dfc:	4a13      	ldr	r2, [pc, #76]	@ (10005e4c <tud_control_xfer+0x9c>)
10005dfe:	e00e      	b.n	10005e1e <tud_control_xfer+0x6e>
10005e00:	2180      	movs	r1, #128	@ 0x80
10005e02:	782b      	ldrb	r3, [r5, #0]
10005e04:	2200      	movs	r2, #0
10005e06:	4399      	bics	r1, r3
10005e08:	4640      	mov	r0, r8
10005e0a:	2300      	movs	r3, #0
10005e0c:	f7ff ff92 	bl	10005d34 <usbd_edpt_xfer>
10005e10:	bc80      	pop	{r7}
10005e12:	46b8      	mov	r8, r7
10005e14:	bdf0      	pop	{r4, r5, r6, r7, pc}
10005e16:	237f      	movs	r3, #127	@ 0x7f
10005e18:	2200      	movs	r2, #0
10005e1a:	7821      	ldrb	r1, [r4, #0]
10005e1c:	4399      	bics	r1, r3
10005e1e:	0033      	movs	r3, r6
10005e20:	4640      	mov	r0, r8
10005e22:	f7ff ff87 	bl	10005d34 <usbd_edpt_xfer>
10005e26:	e7f3      	b.n	10005e10 <tud_control_xfer+0x60>
10005e28:	2240      	movs	r2, #64	@ 0x40
10005e2a:	7823      	ldrb	r3, [r4, #0]
10005e2c:	b296      	uxth	r6, r2
10005e2e:	2b7f      	cmp	r3, #127	@ 0x7f
10005e30:	d9e3      	bls.n	10005dfa <tud_control_xfer+0x4a>
10005e32:	4c06      	ldr	r4, [pc, #24]	@ (10005e4c <tud_control_xfer+0x9c>)
10005e34:	0032      	movs	r2, r6
10005e36:	0039      	movs	r1, r7
10005e38:	0020      	movs	r0, r4
10005e3a:	f7fc fed5 	bl	10002be8 <__wrap___aeabi_memcpy>
10005e3e:	2180      	movs	r1, #128	@ 0x80
10005e40:	0022      	movs	r2, r4
10005e42:	e7ec      	b.n	10005e1e <tud_control_xfer+0x6e>
10005e44:	2000      	movs	r0, #0
10005e46:	e7e3      	b.n	10005e10 <tud_control_xfer+0x60>
10005e48:	200015f8 	.word	0x200015f8
10005e4c:	200015b8 	.word	0x200015b8

10005e50 <usbd_control_reset>:
10005e50:	b510      	push	{r4, lr}
10005e52:	2214      	movs	r2, #20
10005e54:	2100      	movs	r1, #0
10005e56:	4802      	ldr	r0, [pc, #8]	@ (10005e60 <usbd_control_reset+0x10>)
10005e58:	f7fc fec0 	bl	10002bdc <__wrap_memset>
10005e5c:	bd10      	pop	{r4, pc}
10005e5e:	46c0      	nop			@ (mov r8, r8)
10005e60:	200015f8 	.word	0x200015f8

10005e64 <usbd_control_set_complete_callback>:
10005e64:	4b01      	ldr	r3, [pc, #4]	@ (10005e6c <usbd_control_set_complete_callback+0x8>)
10005e66:	6118      	str	r0, [r3, #16]
10005e68:	4770      	bx	lr
10005e6a:	46c0      	nop			@ (mov r8, r8)
10005e6c:	200015f8 	.word	0x200015f8

10005e70 <usbd_control_set_request>:
10005e70:	b510      	push	{r4, lr}
10005e72:	4c05      	ldr	r4, [pc, #20]	@ (10005e88 <usbd_control_set_request+0x18>)
10005e74:	0001      	movs	r1, r0
10005e76:	2208      	movs	r2, #8
10005e78:	0020      	movs	r0, r4
10005e7a:	f7fc feb5 	bl	10002be8 <__wrap___aeabi_memcpy>
10005e7e:	2300      	movs	r3, #0
10005e80:	60a3      	str	r3, [r4, #8]
10005e82:	60e3      	str	r3, [r4, #12]
10005e84:	bd10      	pop	{r4, pc}
10005e86:	46c0      	nop			@ (mov r8, r8)
10005e88:	200015f8 	.word	0x200015f8

10005e8c <usbd_control_xfer_cb>:
10005e8c:	b570      	push	{r4, r5, r6, lr}
10005e8e:	4c37      	ldr	r4, [pc, #220]	@ (10005f6c <usbd_control_xfer_cb+0xe0>)
10005e90:	001d      	movs	r5, r3
10005e92:	7823      	ldrb	r3, [r4, #0]
10005e94:	0006      	movs	r6, r0
10005e96:	09da      	lsrs	r2, r3, #7
10005e98:	09c9      	lsrs	r1, r1, #7
10005e9a:	428a      	cmp	r2, r1
10005e9c:	d010      	beq.n	10005ec0 <usbd_control_xfer_cb+0x34>
10005e9e:	2000      	movs	r0, #0
10005ea0:	2d00      	cmp	r5, #0
10005ea2:	d000      	beq.n	10005ea6 <usbd_control_xfer_cb+0x1a>
10005ea4:	bd70      	pop	{r4, r5, r6, pc}
10005ea6:	0021      	movs	r1, r4
10005ea8:	0030      	movs	r0, r6
10005eaa:	f7ff f8fb 	bl	100050a4 <dcd_edpt0_status_complete>
10005eae:	6923      	ldr	r3, [r4, #16]
10005eb0:	2b00      	cmp	r3, #0
10005eb2:	d003      	beq.n	10005ebc <usbd_control_xfer_cb+0x30>
10005eb4:	0022      	movs	r2, r4
10005eb6:	2103      	movs	r1, #3
10005eb8:	0030      	movs	r0, r6
10005eba:	4798      	blx	r3
10005ebc:	2001      	movs	r0, #1
10005ebe:	e7f1      	b.n	10005ea4 <usbd_control_xfer_cb+0x18>
10005ec0:	2b7f      	cmp	r3, #127	@ 0x7f
10005ec2:	d806      	bhi.n	10005ed2 <usbd_control_xfer_cb+0x46>
10005ec4:	68a0      	ldr	r0, [r4, #8]
10005ec6:	2800      	cmp	r0, #0
10005ec8:	d0ec      	beq.n	10005ea4 <usbd_control_xfer_cb+0x18>
10005eca:	002a      	movs	r2, r5
10005ecc:	4928      	ldr	r1, [pc, #160]	@ (10005f70 <usbd_control_xfer_cb+0xe4>)
10005ece:	f7fc fe8b 	bl	10002be8 <__wrap___aeabi_memcpy>
10005ed2:	89e2      	ldrh	r2, [r4, #14]
10005ed4:	68a1      	ldr	r1, [r4, #8]
10005ed6:	1952      	adds	r2, r2, r5
10005ed8:	88e3      	ldrh	r3, [r4, #6]
10005eda:	b292      	uxth	r2, r2
10005edc:	1949      	adds	r1, r1, r5
10005ede:	81e2      	strh	r2, [r4, #14]
10005ee0:	60a1      	str	r1, [r4, #8]
10005ee2:	4293      	cmp	r3, r2
10005ee4:	d014      	beq.n	10005f10 <usbd_control_xfer_cb+0x84>
10005ee6:	2d3f      	cmp	r5, #63	@ 0x3f
10005ee8:	d912      	bls.n	10005f10 <usbd_control_xfer_cb+0x84>
10005eea:	89a3      	ldrh	r3, [r4, #12]
10005eec:	1a98      	subs	r0, r3, r2
10005eee:	1c05      	adds	r5, r0, #0
10005ef0:	b280      	uxth	r0, r0
10005ef2:	2840      	cmp	r0, #64	@ 0x40
10005ef4:	d828      	bhi.n	10005f48 <usbd_control_xfer_cb+0xbc>
10005ef6:	7820      	ldrb	r0, [r4, #0]
10005ef8:	b2ad      	uxth	r5, r5
10005efa:	287f      	cmp	r0, #127	@ 0x7f
10005efc:	d826      	bhi.n	10005f4c <usbd_control_xfer_cb+0xc0>
10005efe:	2100      	movs	r1, #0
10005f00:	429a      	cmp	r2, r3
10005f02:	d030      	beq.n	10005f66 <usbd_control_xfer_cb+0xda>
10005f04:	4a1a      	ldr	r2, [pc, #104]	@ (10005f70 <usbd_control_xfer_cb+0xe4>)
10005f06:	002b      	movs	r3, r5
10005f08:	0030      	movs	r0, r6
10005f0a:	f7ff ff13 	bl	10005d34 <usbd_edpt_xfer>
10005f0e:	e7c9      	b.n	10005ea4 <usbd_control_xfer_cb+0x18>
10005f10:	6923      	ldr	r3, [r4, #16]
10005f12:	2b00      	cmp	r3, #0
10005f14:	d005      	beq.n	10005f22 <usbd_control_xfer_cb+0x96>
10005f16:	0022      	movs	r2, r4
10005f18:	2102      	movs	r1, #2
10005f1a:	0030      	movs	r0, r6
10005f1c:	4798      	blx	r3
10005f1e:	2800      	cmp	r0, #0
10005f20:	d008      	beq.n	10005f34 <usbd_control_xfer_cb+0xa8>
10005f22:	2180      	movs	r1, #128	@ 0x80
10005f24:	7823      	ldrb	r3, [r4, #0]
10005f26:	2200      	movs	r2, #0
10005f28:	4399      	bics	r1, r3
10005f2a:	0030      	movs	r0, r6
10005f2c:	2300      	movs	r3, #0
10005f2e:	f7ff ff01 	bl	10005d34 <usbd_edpt_xfer>
10005f32:	e7b7      	b.n	10005ea4 <usbd_control_xfer_cb+0x18>
10005f34:	2100      	movs	r1, #0
10005f36:	0030      	movs	r0, r6
10005f38:	f7ff f962 	bl	10005200 <dcd_edpt_stall>
10005f3c:	0030      	movs	r0, r6
10005f3e:	2180      	movs	r1, #128	@ 0x80
10005f40:	f7ff f95e 	bl	10005200 <dcd_edpt_stall>
10005f44:	2001      	movs	r0, #1
10005f46:	e7ad      	b.n	10005ea4 <usbd_control_xfer_cb+0x18>
10005f48:	2540      	movs	r5, #64	@ 0x40
10005f4a:	e7d4      	b.n	10005ef6 <usbd_control_xfer_cb+0x6a>
10005f4c:	429a      	cmp	r2, r3
10005f4e:	d007      	beq.n	10005f60 <usbd_control_xfer_cb+0xd4>
10005f50:	4c07      	ldr	r4, [pc, #28]	@ (10005f70 <usbd_control_xfer_cb+0xe4>)
10005f52:	002a      	movs	r2, r5
10005f54:	0020      	movs	r0, r4
10005f56:	f7fc fe47 	bl	10002be8 <__wrap___aeabi_memcpy>
10005f5a:	2180      	movs	r1, #128	@ 0x80
10005f5c:	0022      	movs	r2, r4
10005f5e:	e7d2      	b.n	10005f06 <usbd_control_xfer_cb+0x7a>
10005f60:	2180      	movs	r1, #128	@ 0x80
10005f62:	2200      	movs	r2, #0
10005f64:	e7cf      	b.n	10005f06 <usbd_control_xfer_cb+0x7a>
10005f66:	2200      	movs	r2, #0
10005f68:	e7cd      	b.n	10005f06 <usbd_control_xfer_cb+0x7a>
10005f6a:	46c0      	nop			@ (mov r8, r8)
10005f6c:	200015f8 	.word	0x200015f8
10005f70:	200015b8 	.word	0x200015b8

10005f74 <_prep_out_transaction.isra.0>:
10005f74:	b570      	push	{r4, r5, r6, lr}
10005f76:	0004      	movs	r4, r0
10005f78:	f7ff f9c8 	bl	1000530c <tud_mounted>
10005f7c:	2800      	cmp	r0, #0
10005f7e:	d100      	bne.n	10005f82 <_prep_out_transaction.isra.0+0xe>
10005f80:	bd70      	pop	{r4, r5, r6, pc}
10005f82:	f7ff f9cb 	bl	1000531c <tud_suspended>
10005f86:	2800      	cmp	r0, #0
10005f88:	d1fa      	bne.n	10005f80 <_prep_out_transaction.isra.0+0xc>
10005f8a:	23c8      	movs	r3, #200	@ 0xc8
10005f8c:	4363      	muls	r3, r4
10005f8e:	4a12      	ldr	r2, [pc, #72]	@ (10005fd8 <_prep_out_transaction.isra.0+0x64>)
10005f90:	0025      	movs	r5, r4
10005f92:	18d4      	adds	r4, r2, r3
10005f94:	78e1      	ldrb	r1, [r4, #3]
10005f96:	2900      	cmp	r1, #0
10005f98:	d0f2      	beq.n	10005f80 <_prep_out_transaction.isra.0+0xc>
10005f9a:	3310      	adds	r3, #16
10005f9c:	189e      	adds	r6, r3, r2
10005f9e:	0030      	movs	r0, r6
10005fa0:	f000 fde2 	bl	10006b68 <tu_fifo_remaining>
10005fa4:	283f      	cmp	r0, #63	@ 0x3f
10005fa6:	d9eb      	bls.n	10005f80 <_prep_out_transaction.isra.0+0xc>
10005fa8:	2000      	movs	r0, #0
10005faa:	78e1      	ldrb	r1, [r4, #3]
10005fac:	f7ff fe9a 	bl	10005ce4 <usbd_edpt_claim>
10005fb0:	2800      	cmp	r0, #0
10005fb2:	d0e5      	beq.n	10005f80 <_prep_out_transaction.isra.0+0xc>
10005fb4:	0030      	movs	r0, r6
10005fb6:	f000 fdd7 	bl	10006b68 <tu_fifo_remaining>
10005fba:	78e1      	ldrb	r1, [r4, #3]
10005fbc:	283f      	cmp	r0, #63	@ 0x3f
10005fbe:	d907      	bls.n	10005fd0 <_prep_out_transaction.isra.0+0x5c>
10005fc0:	4b06      	ldr	r3, [pc, #24]	@ (10005fdc <_prep_out_transaction.isra.0+0x68>)
10005fc2:	01ea      	lsls	r2, r5, #7
10005fc4:	18d2      	adds	r2, r2, r3
10005fc6:	2000      	movs	r0, #0
10005fc8:	2340      	movs	r3, #64	@ 0x40
10005fca:	f7ff feb3 	bl	10005d34 <usbd_edpt_xfer>
10005fce:	e7d7      	b.n	10005f80 <_prep_out_transaction.isra.0+0xc>
10005fd0:	2000      	movs	r0, #0
10005fd2:	f7ff fe9b 	bl	10005d0c <usbd_edpt_release>
10005fd6:	e7d3      	b.n	10005f80 <_prep_out_transaction.isra.0+0xc>
10005fd8:	200010d0 	.word	0x200010d0
10005fdc:	20001534 	.word	0x20001534

10005fe0 <tud_cdc_n_connected>:
10005fe0:	b510      	push	{r4, lr}
10005fe2:	0004      	movs	r4, r0
10005fe4:	f7ff f992 	bl	1000530c <tud_mounted>
10005fe8:	2800      	cmp	r0, #0
10005fea:	d101      	bne.n	10005ff0 <tud_cdc_n_connected+0x10>
10005fec:	2000      	movs	r0, #0
10005fee:	bd10      	pop	{r4, pc}
10005ff0:	f7ff f994 	bl	1000531c <tud_suspended>
10005ff4:	2800      	cmp	r0, #0
10005ff6:	d1f9      	bne.n	10005fec <tud_cdc_n_connected+0xc>
10005ff8:	22c8      	movs	r2, #200	@ 0xc8
10005ffa:	4362      	muls	r2, r4
10005ffc:	4b02      	ldr	r3, [pc, #8]	@ (10006008 <tud_cdc_n_connected+0x28>)
10005ffe:	3001      	adds	r0, #1
10006000:	189b      	adds	r3, r3, r2
10006002:	791b      	ldrb	r3, [r3, #4]
10006004:	4018      	ands	r0, r3
10006006:	e7f2      	b.n	10005fee <tud_cdc_n_connected+0xe>
10006008:	200010d0 	.word	0x200010d0

1000600c <tud_cdc_n_available>:
1000600c:	23c8      	movs	r3, #200	@ 0xc8
1000600e:	b510      	push	{r4, lr}
10006010:	4343      	muls	r3, r0
10006012:	4802      	ldr	r0, [pc, #8]	@ (1000601c <tud_cdc_n_available+0x10>)
10006014:	1818      	adds	r0, r3, r0
10006016:	f000 fd89 	bl	10006b2c <tu_fifo_count>
1000601a:	bd10      	pop	{r4, pc}
1000601c:	200010e0 	.word	0x200010e0

10006020 <tud_cdc_n_read>:
10006020:	b5f8      	push	{r3, r4, r5, r6, r7, lr}
10006022:	23c8      	movs	r3, #200	@ 0xc8
10006024:	4343      	muls	r3, r0
10006026:	4d1d      	ldr	r5, [pc, #116]	@ (1000609c <tud_cdc_n_read+0x7c>)
10006028:	3310      	adds	r3, #16
1000602a:	18ee      	adds	r6, r5, r3
1000602c:	2380      	movs	r3, #128	@ 0x80
1000602e:	0004      	movs	r4, r0
10006030:	025b      	lsls	r3, r3, #9
10006032:	429a      	cmp	r2, r3
10006034:	d300      	bcc.n	10006038 <tud_cdc_n_read+0x18>
10006036:	4a1a      	ldr	r2, [pc, #104]	@ (100060a0 <tud_cdc_n_read+0x80>)
10006038:	0030      	movs	r0, r6
1000603a:	b292      	uxth	r2, r2
1000603c:	f000 fdf8 	bl	10006c30 <tu_fifo_read_n>
10006040:	0007      	movs	r7, r0
10006042:	f7ff f963 	bl	1000530c <tud_mounted>
10006046:	2800      	cmp	r0, #0
10006048:	d101      	bne.n	1000604e <tud_cdc_n_read+0x2e>
1000604a:	0038      	movs	r0, r7
1000604c:	bdf8      	pop	{r3, r4, r5, r6, r7, pc}
1000604e:	f7ff f965 	bl	1000531c <tud_suspended>
10006052:	2800      	cmp	r0, #0
10006054:	d1f9      	bne.n	1000604a <tud_cdc_n_read+0x2a>
10006056:	23c8      	movs	r3, #200	@ 0xc8
10006058:	4363      	muls	r3, r4
1000605a:	18ed      	adds	r5, r5, r3
1000605c:	78eb      	ldrb	r3, [r5, #3]
1000605e:	2b00      	cmp	r3, #0
10006060:	d0f3      	beq.n	1000604a <tud_cdc_n_read+0x2a>
10006062:	0030      	movs	r0, r6
10006064:	f000 fd80 	bl	10006b68 <tu_fifo_remaining>
10006068:	283f      	cmp	r0, #63	@ 0x3f
1000606a:	d9ee      	bls.n	1000604a <tud_cdc_n_read+0x2a>
1000606c:	2000      	movs	r0, #0
1000606e:	78e9      	ldrb	r1, [r5, #3]
10006070:	f7ff fe38 	bl	10005ce4 <usbd_edpt_claim>
10006074:	2800      	cmp	r0, #0
10006076:	d0e8      	beq.n	1000604a <tud_cdc_n_read+0x2a>
10006078:	0030      	movs	r0, r6
1000607a:	f000 fd75 	bl	10006b68 <tu_fifo_remaining>
1000607e:	78e9      	ldrb	r1, [r5, #3]
10006080:	283f      	cmp	r0, #63	@ 0x3f
10006082:	d907      	bls.n	10006094 <tud_cdc_n_read+0x74>
10006084:	4b07      	ldr	r3, [pc, #28]	@ (100060a4 <tud_cdc_n_read+0x84>)
10006086:	01e2      	lsls	r2, r4, #7
10006088:	18d2      	adds	r2, r2, r3
1000608a:	2000      	movs	r0, #0
1000608c:	2340      	movs	r3, #64	@ 0x40
1000608e:	f7ff fe51 	bl	10005d34 <usbd_edpt_xfer>
10006092:	e7da      	b.n	1000604a <tud_cdc_n_read+0x2a>
10006094:	2000      	movs	r0, #0
10006096:	f7ff fe39 	bl	10005d0c <usbd_edpt_release>
1000609a:	e7d6      	b.n	1000604a <tud_cdc_n_read+0x2a>
1000609c:	200010d0 	.word	0x200010d0
100060a0:	0000ffff 	.word	0x0000ffff
100060a4:	20001534 	.word	0x20001534

100060a8 <tud_cdc_n_write_flush>:
100060a8:	b5f8      	push	{r3, r4, r5, r6, r7, lr}
100060aa:	0004      	movs	r4, r0
100060ac:	f7ff f92e 	bl	1000530c <tud_mounted>
100060b0:	2800      	cmp	r0, #0
100060b2:	d101      	bne.n	100060b8 <tud_cdc_n_write_flush+0x10>
100060b4:	2000      	movs	r0, #0
100060b6:	bdf8      	pop	{r3, r4, r5, r6, r7, pc}
100060b8:	f7ff f930 	bl	1000531c <tud_suspended>
100060bc:	2800      	cmp	r0, #0
100060be:	d1f9      	bne.n	100060b4 <tud_cdc_n_write_flush+0xc>
100060c0:	23c8      	movs	r3, #200	@ 0xc8
100060c2:	0025      	movs	r5, r4
100060c4:	435d      	muls	r5, r3
100060c6:	002b      	movs	r3, r5
100060c8:	4e13      	ldr	r6, [pc, #76]	@ (10006118 <tud_cdc_n_write_flush+0x70>)
100060ca:	3324      	adds	r3, #36	@ 0x24
100060cc:	18f7      	adds	r7, r6, r3
100060ce:	0038      	movs	r0, r7
100060d0:	f000 fd2c 	bl	10006b2c <tu_fifo_count>
100060d4:	2800      	cmp	r0, #0
100060d6:	d0ed      	beq.n	100060b4 <tud_cdc_n_write_flush+0xc>
100060d8:	1975      	adds	r5, r6, r5
100060da:	2000      	movs	r0, #0
100060dc:	78a9      	ldrb	r1, [r5, #2]
100060de:	f7ff fe01 	bl	10005ce4 <usbd_edpt_claim>
100060e2:	2800      	cmp	r0, #0
100060e4:	d0e6      	beq.n	100060b4 <tud_cdc_n_write_flush+0xc>
100060e6:	4a0d      	ldr	r2, [pc, #52]	@ (1000611c <tud_cdc_n_write_flush+0x74>)
100060e8:	01e3      	lsls	r3, r4, #7
100060ea:	189c      	adds	r4, r3, r2
100060ec:	0021      	movs	r1, r4
100060ee:	2240      	movs	r2, #64	@ 0x40
100060f0:	0038      	movs	r0, r7
100060f2:	f000 fd9d 	bl	10006c30 <tu_fifo_read_n>
100060f6:	78a9      	ldrb	r1, [r5, #2]
100060f8:	0003      	movs	r3, r0
100060fa:	1e05      	subs	r5, r0, #0
100060fc:	d007      	beq.n	1000610e <tud_cdc_n_write_flush+0x66>
100060fe:	0022      	movs	r2, r4
10006100:	2000      	movs	r0, #0
10006102:	f7ff fe17 	bl	10005d34 <usbd_edpt_xfer>
10006106:	2800      	cmp	r0, #0
10006108:	d0d4      	beq.n	100060b4 <tud_cdc_n_write_flush+0xc>
1000610a:	0028      	movs	r0, r5
1000610c:	e7d3      	b.n	100060b6 <tud_cdc_n_write_flush+0xe>
1000610e:	2000      	movs	r0, #0
10006110:	f7ff fdfc 	bl	10005d0c <usbd_edpt_release>
10006114:	e7ce      	b.n	100060b4 <tud_cdc_n_write_flush+0xc>
10006116:	46c0      	nop			@ (mov r8, r8)
10006118:	200010d0 	.word	0x200010d0
1000611c:	20001574 	.word	0x20001574

10006120 <tud_cdc_n_write>:
10006120:	b570      	push	{r4, r5, r6, lr}
10006122:	24c8      	movs	r4, #200	@ 0xc8
10006124:	4344      	muls	r4, r0
10006126:	4b0c      	ldr	r3, [pc, #48]	@ (10006158 <tud_cdc_n_write+0x38>)
10006128:	0005      	movs	r5, r0
1000612a:	18e4      	adds	r4, r4, r3
1000612c:	2380      	movs	r3, #128	@ 0x80
1000612e:	025b      	lsls	r3, r3, #9
10006130:	429a      	cmp	r2, r3
10006132:	d300      	bcc.n	10006136 <tud_cdc_n_write+0x16>
10006134:	4a09      	ldr	r2, [pc, #36]	@ (1000615c <tud_cdc_n_write+0x3c>)
10006136:	0020      	movs	r0, r4
10006138:	b292      	uxth	r2, r2
1000613a:	f000 fe41 	bl	10006dc0 <tu_fifo_write_n>
1000613e:	0006      	movs	r6, r0
10006140:	0020      	movs	r0, r4
10006142:	f000 fcf3 	bl	10006b2c <tu_fifo_count>
10006146:	283f      	cmp	r0, #63	@ 0x3f
10006148:	d801      	bhi.n	1000614e <tud_cdc_n_write+0x2e>
1000614a:	0030      	movs	r0, r6
1000614c:	bd70      	pop	{r4, r5, r6, pc}
1000614e:	0028      	movs	r0, r5
10006150:	f7ff ffaa 	bl	100060a8 <tud_cdc_n_write_flush>
10006154:	e7f9      	b.n	1000614a <tud_cdc_n_write+0x2a>
10006156:	46c0      	nop			@ (mov r8, r8)
10006158:	200010f4 	.word	0x200010f4
1000615c:	0000ffff 	.word	0x0000ffff

10006160 <tud_cdc_n_write_available>:
10006160:	23c8      	movs	r3, #200	@ 0xc8
10006162:	b510      	push	{r4, lr}
10006164:	4343      	muls	r3, r0
10006166:	4802      	ldr	r0, [pc, #8]	@ (10006170 <tud_cdc_n_write_available+0x10>)
10006168:	1818      	adds	r0, r3, r0
1000616a:	f000 fcfd 	bl	10006b68 <tu_fifo_remaining>
1000616e:	bd10      	pop	{r4, pc}
10006170:	200010f4 	.word	0x200010f4

10006174 <cdcd_init>:
10006174:	b5f0      	push	{r4, r5, r6, r7, lr}
10006176:	2500      	movs	r5, #0
10006178:	4c18      	ldr	r4, [pc, #96]	@ (100061dc <cdcd_init+0x68>)
1000617a:	b083      	sub	sp, #12
1000617c:	22c8      	movs	r2, #200	@ 0xc8
1000617e:	2100      	movs	r1, #0
10006180:	0020      	movs	r0, r4
10006182:	f7fc fd2b 	bl	10002bdc <__wrap_memset>
10006186:	4b16      	ldr	r3, [pc, #88]	@ (100061e0 <cdcd_init+0x6c>)
10006188:	0021      	movs	r1, r4
1000618a:	701d      	strb	r5, [r3, #0]
1000618c:	23ff      	movs	r3, #255	@ 0xff
1000618e:	7163      	strb	r3, [r4, #5]
10006190:	23e1      	movs	r3, #225	@ 0xe1
10006192:	025b      	lsls	r3, r3, #9
10006194:	60a3      	str	r3, [r4, #8]
10006196:	0020      	movs	r0, r4
10006198:	2308      	movs	r3, #8
1000619a:	2240      	movs	r2, #64	@ 0x40
1000619c:	73a3      	strb	r3, [r4, #14]
1000619e:	3138      	adds	r1, #56	@ 0x38
100061a0:	9500      	str	r5, [sp, #0]
100061a2:	3b07      	subs	r3, #7
100061a4:	3010      	adds	r0, #16
100061a6:	f000 fc8b 	bl	10006ac0 <tu_fifo_config>
100061aa:	0027      	movs	r7, r4
100061ac:	2301      	movs	r3, #1
100061ae:	0021      	movs	r1, r4
100061b0:	0020      	movs	r0, r4
100061b2:	0026      	movs	r6, r4
100061b4:	2240      	movs	r2, #64	@ 0x40
100061b6:	3178      	adds	r1, #120	@ 0x78
100061b8:	9300      	str	r3, [sp, #0]
100061ba:	37b8      	adds	r7, #184	@ 0xb8
100061bc:	3024      	adds	r0, #36	@ 0x24
100061be:	f000 fc7f 	bl	10006ac0 <tu_fifo_config>
100061c2:	36c0      	adds	r6, #192	@ 0xc0
100061c4:	0038      	movs	r0, r7
100061c6:	f7fa fe29 	bl	10000e1c <mutex_init>
100061ca:	0030      	movs	r0, r6
100061cc:	f7fa fe26 	bl	10000e1c <mutex_init>
100061d0:	61e5      	str	r5, [r4, #28]
100061d2:	6227      	str	r7, [r4, #32]
100061d4:	6326      	str	r6, [r4, #48]	@ 0x30
100061d6:	6365      	str	r5, [r4, #52]	@ 0x34
100061d8:	b003      	add	sp, #12
100061da:	bdf0      	pop	{r4, r5, r6, r7, pc}
100061dc:	200010d0 	.word	0x200010d0
100061e0:	200015b4 	.word	0x200015b4

100061e4 <cdcd_deinit>:
100061e4:	4b0a      	ldr	r3, [pc, #40]	@ (10006210 <cdcd_deinit+0x2c>)
100061e6:	6b19      	ldr	r1, [r3, #48]	@ 0x30
100061e8:	6a1a      	ldr	r2, [r3, #32]
100061ea:	2900      	cmp	r1, #0
100061ec:	d00c      	beq.n	10006208 <cdcd_deinit+0x24>
100061ee:	2a00      	cmp	r2, #0
100061f0:	d007      	beq.n	10006202 <cdcd_deinit+0x1e>
100061f2:	2200      	movs	r2, #0
100061f4:	61da      	str	r2, [r3, #28]
100061f6:	635a      	str	r2, [r3, #52]	@ 0x34
100061f8:	631a      	str	r2, [r3, #48]	@ 0x30
100061fa:	2200      	movs	r2, #0
100061fc:	621a      	str	r2, [r3, #32]
100061fe:	2001      	movs	r0, #1
10006200:	4770      	bx	lr
10006202:	635a      	str	r2, [r3, #52]	@ 0x34
10006204:	631a      	str	r2, [r3, #48]	@ 0x30
10006206:	e7fa      	b.n	100061fe <cdcd_deinit+0x1a>
10006208:	2a00      	cmp	r2, #0
1000620a:	d0f8      	beq.n	100061fe <cdcd_deinit+0x1a>
1000620c:	61d9      	str	r1, [r3, #28]
1000620e:	e7f4      	b.n	100061fa <cdcd_deinit+0x16>
10006210:	200010d0 	.word	0x200010d0

10006214 <cdcd_reset>:
10006214:	b570      	push	{r4, r5, r6, lr}
10006216:	2205      	movs	r2, #5
10006218:	2100      	movs	r1, #0
1000621a:	480d      	ldr	r0, [pc, #52]	@ (10006250 <cdcd_reset+0x3c>)
1000621c:	f7fc fcde 	bl	10002bdc <__wrap_memset>
10006220:	4d0c      	ldr	r5, [pc, #48]	@ (10006254 <cdcd_reset+0x40>)
10006222:	782b      	ldrb	r3, [r5, #0]
10006224:	07da      	lsls	r2, r3, #31
10006226:	d507      	bpl.n	10006238 <cdcd_reset+0x24>
10006228:	4c0b      	ldr	r4, [pc, #44]	@ (10006258 <cdcd_reset+0x44>)
1000622a:	079b      	lsls	r3, r3, #30
1000622c:	d50c      	bpl.n	10006248 <cdcd_reset+0x34>
1000622e:	2101      	movs	r1, #1
10006230:	0020      	movs	r0, r4
10006232:	f000 fe99 	bl	10006f68 <tu_fifo_set_overwritable>
10006236:	bd70      	pop	{r4, r5, r6, pc}
10006238:	4805      	ldr	r0, [pc, #20]	@ (10006250 <cdcd_reset+0x3c>)
1000623a:	3010      	adds	r0, #16
1000623c:	f000 fe74 	bl	10006f28 <tu_fifo_clear>
10006240:	782b      	ldrb	r3, [r5, #0]
10006242:	4c05      	ldr	r4, [pc, #20]	@ (10006258 <cdcd_reset+0x44>)
10006244:	079b      	lsls	r3, r3, #30
10006246:	d4f2      	bmi.n	1000622e <cdcd_reset+0x1a>
10006248:	0020      	movs	r0, r4
1000624a:	f000 fe6d 	bl	10006f28 <tu_fifo_clear>
1000624e:	e7ee      	b.n	1000622e <cdcd_reset+0x1a>
10006250:	200010d0 	.word	0x200010d0
10006254:	200015b4 	.word	0x200015b4
10006258:	200010f4 	.word	0x200010f4

1000625c <cdcd_open>:
1000625c:	b5f0      	push	{r4, r5, r6, r7, lr}
1000625e:	794b      	ldrb	r3, [r1, #5]
10006260:	0007      	movs	r7, r0
10006262:	b083      	sub	sp, #12
10006264:	2b02      	cmp	r3, #2
10006266:	d102      	bne.n	1000626e <cdcd_open+0x12>
10006268:	798b      	ldrb	r3, [r1, #6]
1000626a:	2b02      	cmp	r3, #2
1000626c:	d003      	beq.n	10006276 <cdcd_open+0x1a>
1000626e:	2400      	movs	r4, #0
10006270:	0020      	movs	r0, r4
10006272:	b003      	add	sp, #12
10006274:	bdf0      	pop	{r4, r5, r6, r7, pc}
10006276:	4b21      	ldr	r3, [pc, #132]	@ (100062fc <cdcd_open+0xa0>)
10006278:	001e      	movs	r6, r3
1000627a:	789b      	ldrb	r3, [r3, #2]
1000627c:	2b00      	cmp	r3, #0
1000627e:	d1f6      	bne.n	1000626e <cdcd_open+0x12>
10006280:	788b      	ldrb	r3, [r1, #2]
10006282:	2409      	movs	r4, #9
10006284:	7033      	strb	r3, [r6, #0]
10006286:	780d      	ldrb	r5, [r1, #0]
10006288:	194d      	adds	r5, r1, r5
1000628a:	786b      	ldrb	r3, [r5, #1]
1000628c:	2b24      	cmp	r3, #36	@ 0x24
1000628e:	d007      	beq.n	100062a0 <cdcd_open+0x44>
10006290:	e00c      	b.n	100062ac <cdcd_open+0x50>
10006292:	782b      	ldrb	r3, [r5, #0]
10006294:	18ed      	adds	r5, r5, r3
10006296:	191c      	adds	r4, r3, r4
10006298:	786b      	ldrb	r3, [r5, #1]
1000629a:	b2a4      	uxth	r4, r4
1000629c:	2b24      	cmp	r3, #36	@ 0x24
1000629e:	d105      	bne.n	100062ac <cdcd_open+0x50>
100062a0:	42a2      	cmp	r2, r4
100062a2:	d2f6      	bcs.n	10006292 <cdcd_open+0x36>
100062a4:	2000      	movs	r0, #0
100062a6:	f7ff fe65 	bl	10005f74 <_prep_out_transaction.isra.0>
100062aa:	e7e1      	b.n	10006270 <cdcd_open+0x14>
100062ac:	001a      	movs	r2, r3
100062ae:	2b05      	cmp	r3, #5
100062b0:	d015      	beq.n	100062de <cdcd_open+0x82>
100062b2:	2a04      	cmp	r2, #4
100062b4:	d1f6      	bne.n	100062a4 <cdcd_open+0x48>
100062b6:	796b      	ldrb	r3, [r5, #5]
100062b8:	2b0a      	cmp	r3, #10
100062ba:	d1f3      	bne.n	100062a4 <cdcd_open+0x48>
100062bc:	4b10      	ldr	r3, [pc, #64]	@ (10006300 <cdcd_open+0xa4>)
100062be:	782e      	ldrb	r6, [r5, #0]
100062c0:	9301      	str	r3, [sp, #4]
100062c2:	3301      	adds	r3, #1
100062c4:	9300      	str	r3, [sp, #0]
100062c6:	0038      	movs	r0, r7
100062c8:	2302      	movs	r3, #2
100062ca:	19a9      	adds	r1, r5, r6
100062cc:	3a02      	subs	r2, #2
100062ce:	f7ff fca3 	bl	10005c18 <usbd_open_edpt_pair>
100062d2:	2800      	cmp	r0, #0
100062d4:	d0cb      	beq.n	1000626e <cdcd_open+0x12>
100062d6:	340e      	adds	r4, #14
100062d8:	19a4      	adds	r4, r4, r6
100062da:	b2a4      	uxth	r4, r4
100062dc:	e7e2      	b.n	100062a4 <cdcd_open+0x48>
100062de:	0029      	movs	r1, r5
100062e0:	0038      	movs	r0, r7
100062e2:	f7ff fce5 	bl	10005cb0 <usbd_edpt_open>
100062e6:	2800      	cmp	r0, #0
100062e8:	d0c1      	beq.n	1000626e <cdcd_open+0x12>
100062ea:	78ab      	ldrb	r3, [r5, #2]
100062ec:	7073      	strb	r3, [r6, #1]
100062ee:	782b      	ldrb	r3, [r5, #0]
100062f0:	191c      	adds	r4, r3, r4
100062f2:	18ed      	adds	r5, r5, r3
100062f4:	786a      	ldrb	r2, [r5, #1]
100062f6:	b2a4      	uxth	r4, r4
100062f8:	e7db      	b.n	100062b2 <cdcd_open+0x56>
100062fa:	46c0      	nop			@ (mov r8, r8)
100062fc:	200010d0 	.word	0x200010d0
10006300:	200010d2 	.word	0x200010d2

10006304 <cdcd_control_xfer_cb>:
10006304:	2360      	movs	r3, #96	@ 0x60
10006306:	468c      	mov	ip, r1
10006308:	0011      	movs	r1, r2
1000630a:	7812      	ldrb	r2, [r2, #0]
1000630c:	b570      	push	{r4, r5, r6, lr}
1000630e:	4013      	ands	r3, r2
10006310:	2200      	movs	r2, #0
10006312:	2b20      	cmp	r3, #32
10006314:	d108      	bne.n	10006328 <cdcd_control_xfer_cb+0x24>
10006316:	4c32      	ldr	r4, [pc, #200]	@ (100063e0 <cdcd_control_xfer_cb+0xdc>)
10006318:	794b      	ldrb	r3, [r1, #5]
1000631a:	0026      	movs	r6, r4
1000631c:	790d      	ldrb	r5, [r1, #4]
1000631e:	7824      	ldrb	r4, [r4, #0]
10006320:	021b      	lsls	r3, r3, #8
10006322:	432b      	orrs	r3, r5
10006324:	429c      	cmp	r4, r3
10006326:	d001      	beq.n	1000632c <cdcd_control_xfer_cb+0x28>
10006328:	0010      	movs	r0, r2
1000632a:	bd70      	pop	{r4, r5, r6, pc}
1000632c:	784b      	ldrb	r3, [r1, #1]
1000632e:	2b22      	cmp	r3, #34	@ 0x22
10006330:	d01c      	beq.n	1000636c <cdcd_control_xfer_cb+0x68>
10006332:	d808      	bhi.n	10006346 <cdcd_control_xfer_cb+0x42>
10006334:	2b20      	cmp	r3, #32
10006336:	d039      	beq.n	100063ac <cdcd_control_xfer_cb+0xa8>
10006338:	2b21      	cmp	r3, #33	@ 0x21
1000633a:	d1f5      	bne.n	10006328 <cdcd_control_xfer_cb+0x24>
1000633c:	4663      	mov	r3, ip
1000633e:	2b01      	cmp	r3, #1
10006340:	d043      	beq.n	100063ca <cdcd_control_xfer_cb+0xc6>
10006342:	2201      	movs	r2, #1
10006344:	e7f0      	b.n	10006328 <cdcd_control_xfer_cb+0x24>
10006346:	2b23      	cmp	r3, #35	@ 0x23
10006348:	d1ee      	bne.n	10006328 <cdcd_control_xfer_cb+0x24>
1000634a:	4663      	mov	r3, ip
1000634c:	2b01      	cmp	r3, #1
1000634e:	d042      	beq.n	100063d6 <cdcd_control_xfer_cb+0xd2>
10006350:	2b03      	cmp	r3, #3
10006352:	d1f6      	bne.n	10006342 <cdcd_control_xfer_cb+0x3e>
10006354:	4b23      	ldr	r3, [pc, #140]	@ (100063e4 <cdcd_control_xfer_cb+0xe0>)
10006356:	2b00      	cmp	r3, #0
10006358:	d0f3      	beq.n	10006342 <cdcd_control_xfer_cb+0x3e>
1000635a:	788b      	ldrb	r3, [r1, #2]
1000635c:	78c9      	ldrb	r1, [r1, #3]
1000635e:	2000      	movs	r0, #0
10006360:	0209      	lsls	r1, r1, #8
10006362:	4319      	orrs	r1, r3
10006364:	e000      	b.n	10006368 <cdcd_control_xfer_cb+0x64>
10006366:	bf00      	nop
10006368:	2201      	movs	r2, #1
1000636a:	e7dd      	b.n	10006328 <cdcd_control_xfer_cb+0x24>
1000636c:	4663      	mov	r3, ip
1000636e:	2b01      	cmp	r3, #1
10006370:	d031      	beq.n	100063d6 <cdcd_control_xfer_cb+0xd2>
10006372:	2b03      	cmp	r3, #3
10006374:	d1e5      	bne.n	10006342 <cdcd_control_xfer_cb+0x3e>
10006376:	2501      	movs	r5, #1
10006378:	78cb      	ldrb	r3, [r1, #3]
1000637a:	788a      	ldrb	r2, [r1, #2]
1000637c:	021b      	lsls	r3, r3, #8
1000637e:	4313      	orrs	r3, r2
10006380:	001c      	movs	r4, r3
10006382:	401d      	ands	r5, r3
10006384:	0033      	movs	r3, r6
10006386:	2101      	movs	r1, #1
10006388:	3324      	adds	r3, #36	@ 0x24
1000638a:	0018      	movs	r0, r3
1000638c:	4069      	eors	r1, r5
1000638e:	7134      	strb	r4, [r6, #4]
10006390:	f000 fdea 	bl	10006f68 <tu_fifo_set_overwritable>
10006394:	4b14      	ldr	r3, [pc, #80]	@ (100063e8 <cdcd_control_xfer_cb+0xe4>)
10006396:	2b00      	cmp	r3, #0
10006398:	d0d3      	beq.n	10006342 <cdcd_control_xfer_cb+0x3e>
1000639a:	2301      	movs	r3, #1
1000639c:	0862      	lsrs	r2, r4, #1
1000639e:	401a      	ands	r2, r3
100063a0:	0029      	movs	r1, r5
100063a2:	2000      	movs	r0, #0
100063a4:	e000      	b.n	100063a8 <cdcd_control_xfer_cb+0xa4>
100063a6:	bf00      	nop
100063a8:	2201      	movs	r2, #1
100063aa:	e7bd      	b.n	10006328 <cdcd_control_xfer_cb+0x24>
100063ac:	4663      	mov	r3, ip
100063ae:	2b01      	cmp	r3, #1
100063b0:	d00b      	beq.n	100063ca <cdcd_control_xfer_cb+0xc6>
100063b2:	2b03      	cmp	r3, #3
100063b4:	d1c5      	bne.n	10006342 <cdcd_control_xfer_cb+0x3e>
100063b6:	4b0d      	ldr	r3, [pc, #52]	@ (100063ec <cdcd_control_xfer_cb+0xe8>)
100063b8:	2b00      	cmp	r3, #0
100063ba:	d0c2      	beq.n	10006342 <cdcd_control_xfer_cb+0x3e>
100063bc:	0031      	movs	r1, r6
100063be:	2000      	movs	r0, #0
100063c0:	3108      	adds	r1, #8
100063c2:	f7fe fa9d 	bl	10004900 <tud_cdc_line_coding_cb>
100063c6:	2201      	movs	r2, #1
100063c8:	e7ae      	b.n	10006328 <cdcd_control_xfer_cb+0x24>
100063ca:	4a09      	ldr	r2, [pc, #36]	@ (100063f0 <cdcd_control_xfer_cb+0xec>)
100063cc:	2307      	movs	r3, #7
100063ce:	f7ff fcef 	bl	10005db0 <tud_control_xfer>
100063d2:	2201      	movs	r2, #1
100063d4:	e7a8      	b.n	10006328 <cdcd_control_xfer_cb+0x24>
100063d6:	f7ff fcd5 	bl	10005d84 <tud_control_status>
100063da:	2201      	movs	r2, #1
100063dc:	e7a4      	b.n	10006328 <cdcd_control_xfer_cb+0x24>
100063de:	46c0      	nop			@ (mov r8, r8)
100063e0:	200010d0 	.word	0x200010d0
	...
100063ec:	10004901 	.word	0x10004901
100063f0:	200010d8 	.word	0x200010d8

100063f4 <cdcd_xfer_cb>:
100063f4:	b5f8      	push	{r3, r4, r5, r6, r7, lr}
100063f6:	4647      	mov	r7, r8
100063f8:	46ce      	mov	lr, r9
100063fa:	b580      	push	{r7, lr}
100063fc:	4c34      	ldr	r4, [pc, #208]	@ (100064d0 <cdcd_xfer_cb+0xdc>)
100063fe:	001f      	movs	r7, r3
10006400:	78e3      	ldrb	r3, [r4, #3]
10006402:	4680      	mov	r8, r0
10006404:	000d      	movs	r5, r1
10006406:	428b      	cmp	r3, r1
10006408:	d03b      	beq.n	10006482 <cdcd_xfer_cb+0x8e>
1000640a:	78a3      	ldrb	r3, [r4, #2]
1000640c:	2000      	movs	r0, #0
1000640e:	428b      	cmp	r3, r1
10006410:	d011      	beq.n	10006436 <cdcd_xfer_cb+0x42>
10006412:	bcc0      	pop	{r6, r7}
10006414:	46b9      	mov	r9, r7
10006416:	46b0      	mov	r8, r6
10006418:	bdf8      	pop	{r3, r4, r5, r6, r7, pc}
1000641a:	4b2e      	ldr	r3, [pc, #184]	@ (100064d4 <cdcd_xfer_cb+0xe0>)
1000641c:	2b00      	cmp	r3, #0
1000641e:	d004      	beq.n	1000642a <cdcd_xfer_cb+0x36>
10006420:	482d      	ldr	r0, [pc, #180]	@ (100064d8 <cdcd_xfer_cb+0xe4>)
10006422:	f000 fb99 	bl	10006b58 <tu_fifo_empty>
10006426:	2800      	cmp	r0, #0
10006428:	d04f      	beq.n	100064ca <cdcd_xfer_cb+0xd6>
1000642a:	2000      	movs	r0, #0
1000642c:	f7ff fda2 	bl	10005f74 <_prep_out_transaction.isra.0>
10006430:	78a3      	ldrb	r3, [r4, #2]
10006432:	42ab      	cmp	r3, r5
10006434:	d10a      	bne.n	1000644c <cdcd_xfer_cb+0x58>
10006436:	4b29      	ldr	r3, [pc, #164]	@ (100064dc <cdcd_xfer_cb+0xe8>)
10006438:	2b00      	cmp	r3, #0
1000643a:	d002      	beq.n	10006442 <cdcd_xfer_cb+0x4e>
1000643c:	2000      	movs	r0, #0
1000643e:	e000      	b.n	10006442 <cdcd_xfer_cb+0x4e>
10006440:	bf00      	nop
10006442:	2000      	movs	r0, #0
10006444:	f7ff fe30 	bl	100060a8 <tud_cdc_n_write_flush>
10006448:	2800      	cmp	r0, #0
1000644a:	d001      	beq.n	10006450 <cdcd_xfer_cb+0x5c>
1000644c:	2001      	movs	r0, #1
1000644e:	e7e0      	b.n	10006412 <cdcd_xfer_cb+0x1e>
10006450:	4c23      	ldr	r4, [pc, #140]	@ (100064e0 <cdcd_xfer_cb+0xec>)
10006452:	0020      	movs	r0, r4
10006454:	f000 fb6a 	bl	10006b2c <tu_fifo_count>
10006458:	2800      	cmp	r0, #0
1000645a:	d1f7      	bne.n	1000644c <cdcd_xfer_cb+0x58>
1000645c:	2f00      	cmp	r7, #0
1000645e:	d0f5      	beq.n	1000644c <cdcd_xfer_cb+0x58>
10006460:	06bb      	lsls	r3, r7, #26
10006462:	d1f3      	bne.n	1000644c <cdcd_xfer_cb+0x58>
10006464:	3c24      	subs	r4, #36	@ 0x24
10006466:	4640      	mov	r0, r8
10006468:	78a1      	ldrb	r1, [r4, #2]
1000646a:	f7ff fc3b 	bl	10005ce4 <usbd_edpt_claim>
1000646e:	2800      	cmp	r0, #0
10006470:	d0ec      	beq.n	1000644c <cdcd_xfer_cb+0x58>
10006472:	2300      	movs	r3, #0
10006474:	2200      	movs	r2, #0
10006476:	4640      	mov	r0, r8
10006478:	78a1      	ldrb	r1, [r4, #2]
1000647a:	f7ff fc5b 	bl	10005d34 <usbd_edpt_xfer>
1000647e:	2001      	movs	r0, #1
10006480:	e7c7      	b.n	10006412 <cdcd_xfer_cb+0x1e>
10006482:	4e18      	ldr	r6, [pc, #96]	@ (100064e4 <cdcd_xfer_cb+0xf0>)
10006484:	4814      	ldr	r0, [pc, #80]	@ (100064d8 <cdcd_xfer_cb+0xe4>)
10006486:	0031      	movs	r1, r6
10006488:	b2ba      	uxth	r2, r7
1000648a:	f000 fc99 	bl	10006dc0 <tu_fifo_write_n>
1000648e:	4b16      	ldr	r3, [pc, #88]	@ (100064e8 <cdcd_xfer_cb+0xf4>)
10006490:	2b00      	cmp	r3, #0
10006492:	d0c2      	beq.n	1000641a <cdcd_xfer_cb+0x26>
10006494:	7963      	ldrb	r3, [r4, #5]
10006496:	2bff      	cmp	r3, #255	@ 0xff
10006498:	d0bf      	beq.n	1000641a <cdcd_xfer_cb+0x26>
1000649a:	2f00      	cmp	r7, #0
1000649c:	d0bd      	beq.n	1000641a <cdcd_xfer_cb+0x26>
1000649e:	46bc      	mov	ip, r7
100064a0:	44b4      	add	ip, r6
100064a2:	46e1      	mov	r9, ip
100064a4:	e003      	b.n	100064ae <cdcd_xfer_cb+0xba>
100064a6:	3601      	adds	r6, #1
100064a8:	454e      	cmp	r6, r9
100064aa:	d0b6      	beq.n	1000641a <cdcd_xfer_cb+0x26>
100064ac:	7963      	ldrb	r3, [r4, #5]
100064ae:	7832      	ldrb	r2, [r6, #0]
100064b0:	429a      	cmp	r2, r3
100064b2:	d1f8      	bne.n	100064a6 <cdcd_xfer_cb+0xb2>
100064b4:	4808      	ldr	r0, [pc, #32]	@ (100064d8 <cdcd_xfer_cb+0xe4>)
100064b6:	f000 fb4f 	bl	10006b58 <tu_fifo_empty>
100064ba:	2800      	cmp	r0, #0
100064bc:	d1f3      	bne.n	100064a6 <cdcd_xfer_cb+0xb2>
100064be:	4b06      	ldr	r3, [pc, #24]	@ (100064d8 <cdcd_xfer_cb+0xe4>)
100064c0:	3b10      	subs	r3, #16
100064c2:	7959      	ldrb	r1, [r3, #5]
100064c4:	e000      	b.n	100064c8 <cdcd_xfer_cb+0xd4>
100064c6:	bf00      	nop
100064c8:	e7ed      	b.n	100064a6 <cdcd_xfer_cb+0xb2>
100064ca:	e000      	b.n	100064ce <cdcd_xfer_cb+0xda>
100064cc:	bf00      	nop
100064ce:	e7ac      	b.n	1000642a <cdcd_xfer_cb+0x36>
100064d0:	200010d0 	.word	0x200010d0
100064d4:	00000000 	.word	0x00000000
100064d8:	200010e0 	.word	0x200010e0
100064dc:	00000000 	.word	0x00000000
100064e0:	200010f4 	.word	0x200010f4
100064e4:	20001534 	.word	0x20001534
100064e8:	00000000 	.word	0x00000000

100064ec <vendord_init>:
100064ec:	2293      	movs	r2, #147	@ 0x93
100064ee:	b5f0      	push	{r4, r5, r6, r7, lr}
100064f0:	4c13      	ldr	r4, [pc, #76]	@ (10006540 <vendord_init+0x54>)
100064f2:	b085      	sub	sp, #20
100064f4:	2100      	movs	r1, #0
100064f6:	0020      	movs	r0, r4
100064f8:	0092      	lsls	r2, r2, #2
100064fa:	f7fc fb6f 	bl	10002bdc <__wrap_memset>
100064fe:	0023      	movs	r3, r4
10006500:	0020      	movs	r0, r4
10006502:	2680      	movs	r6, #128	@ 0x80
10006504:	2740      	movs	r7, #64	@ 0x40
10006506:	4d0f      	ldr	r5, [pc, #60]	@ (10006544 <vendord_init+0x58>)
10006508:	334d      	adds	r3, #77	@ 0x4d
1000650a:	0076      	lsls	r6, r6, #1
1000650c:	33ff      	adds	r3, #255	@ 0xff
1000650e:	3029      	adds	r0, #41	@ 0x29
10006510:	9502      	str	r5, [sp, #8]
10006512:	9300      	str	r3, [sp, #0]
10006514:	2200      	movs	r2, #0
10006516:	2300      	movs	r3, #0
10006518:	2100      	movs	r1, #0
1000651a:	9703      	str	r7, [sp, #12]
1000651c:	9601      	str	r6, [sp, #4]
1000651e:	30ff      	adds	r0, #255	@ 0xff
10006520:	f000 f9c4 	bl	100068ac <tu_edpt_stream_init>
10006524:	3540      	adds	r5, #64	@ 0x40
10006526:	1d20      	adds	r0, r4, #4
10006528:	3428      	adds	r4, #40	@ 0x28
1000652a:	2300      	movs	r3, #0
1000652c:	2201      	movs	r2, #1
1000652e:	2100      	movs	r1, #0
10006530:	9703      	str	r7, [sp, #12]
10006532:	9502      	str	r5, [sp, #8]
10006534:	9601      	str	r6, [sp, #4]
10006536:	9400      	str	r4, [sp, #0]
10006538:	f000 f9b8 	bl	100068ac <tu_edpt_stream_init>
1000653c:	b005      	add	sp, #20
1000653e:	bdf0      	pop	{r4, r5, r6, r7, pc}
10006540:	200017b4 	.word	0x200017b4
10006544:	20001734 	.word	0x20001734

10006548 <vendord_deinit>:
10006548:	b510      	push	{r4, lr}
1000654a:	4c05      	ldr	r4, [pc, #20]	@ (10006560 <vendord_deinit+0x18>)
1000654c:	0020      	movs	r0, r4
1000654e:	f000 f9e1 	bl	10006914 <tu_edpt_stream_deinit>
10006552:	0020      	movs	r0, r4
10006554:	3825      	subs	r0, #37	@ 0x25
10006556:	38ff      	subs	r0, #255	@ 0xff
10006558:	f000 f9dc 	bl	10006914 <tu_edpt_stream_deinit>
1000655c:	2001      	movs	r0, #1
1000655e:	bd10      	pop	{r4, pc}
10006560:	200018dc 	.word	0x200018dc

10006564 <vendord_reset>:
10006564:	b570      	push	{r4, r5, r6, lr}
10006566:	4c08      	ldr	r4, [pc, #32]	@ (10006588 <vendord_reset+0x24>)
10006568:	2500      	movs	r5, #0
1000656a:	0020      	movs	r0, r4
1000656c:	3031      	adds	r0, #49	@ 0x31
1000656e:	30ff      	adds	r0, #255	@ 0xff
10006570:	7025      	strb	r5, [r4, #0]
10006572:	f000 fcd9 	bl	10006f28 <tu_fifo_clear>
10006576:	0020      	movs	r0, r4
10006578:	300c      	adds	r0, #12
1000657a:	f000 fcd5 	bl	10006f28 <tu_fifo_clear>
1000657e:	232a      	movs	r3, #42	@ 0x2a
10006580:	33ff      	adds	r3, #255	@ 0xff
10006582:	54e5      	strb	r5, [r4, r3]
10006584:	7165      	strb	r5, [r4, #5]
10006586:	bd70      	pop	{r4, r5, r6, pc}
10006588:	200017b4 	.word	0x200017b4

1000658c <vendord_open>:
1000658c:	b5f8      	push	{r3, r4, r5, r6, r7, lr}
1000658e:	46ce      	mov	lr, r9
10006590:	4647      	mov	r7, r8
10006592:	b580      	push	{r7, lr}
10006594:	794b      	ldrb	r3, [r1, #5]
10006596:	4680      	mov	r8, r0
10006598:	4689      	mov	r9, r1
1000659a:	2bff      	cmp	r3, #255	@ 0xff
1000659c:	d106      	bne.n	100065ac <vendord_open+0x20>
1000659e:	232a      	movs	r3, #42	@ 0x2a
100065a0:	4f37      	ldr	r7, [pc, #220]	@ (10006680 <vendord_open+0xf4>)
100065a2:	33ff      	adds	r3, #255	@ 0xff
100065a4:	797e      	ldrb	r6, [r7, #5]
100065a6:	5cfb      	ldrb	r3, [r7, r3]
100065a8:	431e      	orrs	r6, r3
100065aa:	d004      	beq.n	100065b6 <vendord_open+0x2a>
100065ac:	2000      	movs	r0, #0
100065ae:	bcc0      	pop	{r6, r7}
100065b0:	46b9      	mov	r9, r7
100065b2:	46b0      	mov	r8, r6
100065b4:	bdf8      	pop	{r3, r4, r5, r6, r7, pc}
100065b6:	788b      	ldrb	r3, [r1, #2]
100065b8:	780c      	ldrb	r4, [r1, #0]
100065ba:	703b      	strb	r3, [r7, #0]
100065bc:	790b      	ldrb	r3, [r1, #4]
100065be:	190c      	adds	r4, r1, r4
100065c0:	2b00      	cmp	r3, #0
100065c2:	d03c      	beq.n	1000663e <vendord_open+0xb2>
100065c4:	18a5      	adds	r5, r4, r2
100065c6:	e003      	b.n	100065d0 <vendord_open+0x44>
100065c8:	42ac      	cmp	r4, r5
100065ca:	d238      	bcs.n	1000663e <vendord_open+0xb2>
100065cc:	7823      	ldrb	r3, [r4, #0]
100065ce:	18e4      	adds	r4, r4, r3
100065d0:	7863      	ldrb	r3, [r4, #1]
100065d2:	2b05      	cmp	r3, #5
100065d4:	d1f8      	bne.n	100065c8 <vendord_open+0x3c>
100065d6:	42ac      	cmp	r4, r5
100065d8:	d231      	bcs.n	1000663e <vendord_open+0xb2>
100065da:	0021      	movs	r1, r4
100065dc:	4640      	mov	r0, r8
100065de:	f7ff fb67 	bl	10005cb0 <usbd_edpt_open>
100065e2:	2800      	cmp	r0, #0
100065e4:	d0e2      	beq.n	100065ac <vendord_open+0x20>
100065e6:	78a3      	ldrb	r3, [r4, #2]
100065e8:	09db      	lsrs	r3, r3, #7
100065ea:	2b01      	cmp	r3, #1
100065ec:	d02b      	beq.n	10006646 <vendord_open+0xba>
100065ee:	4825      	ldr	r0, [pc, #148]	@ (10006684 <vendord_open+0xf8>)
100065f0:	f000 fc9a 	bl	10006f28 <tu_fifo_clear>
100065f4:	232a      	movs	r3, #42	@ 0x2a
100065f6:	78a2      	ldrb	r2, [r4, #2]
100065f8:	33ff      	adds	r3, #255	@ 0xff
100065fa:	54fa      	strb	r2, [r7, r3]
100065fc:	7963      	ldrb	r3, [r4, #5]
100065fe:	7922      	ldrb	r2, [r4, #4]
10006600:	021b      	lsls	r3, r3, #8
10006602:	4313      	orrs	r3, r2
10006604:	2194      	movs	r1, #148	@ 0x94
10006606:	4a20      	ldr	r2, [pc, #128]	@ (10006688 <vendord_open+0xfc>)
10006608:	055b      	lsls	r3, r3, #21
1000660a:	0d5b      	lsrs	r3, r3, #21
1000660c:	189b      	adds	r3, r3, r2
1000660e:	425a      	negs	r2, r3
10006610:	4153      	adcs	r3, r2
10006612:	2002      	movs	r0, #2
10006614:	0049      	lsls	r1, r1, #1
10006616:	5c7a      	ldrb	r2, [r7, r1]
10006618:	005b      	lsls	r3, r3, #1
1000661a:	4382      	bics	r2, r0
1000661c:	4313      	orrs	r3, r2
1000661e:	547b      	strb	r3, [r7, r1]
10006620:	4918      	ldr	r1, [pc, #96]	@ (10006684 <vendord_open+0xf8>)
10006622:	4640      	mov	r0, r8
10006624:	3908      	subs	r1, #8
10006626:	f000 f9df 	bl	100069e8 <tu_edpt_stream_read_xfer>
1000662a:	2800      	cmp	r0, #0
1000662c:	d0be      	beq.n	100065ac <vendord_open+0x20>
1000662e:	7823      	ldrb	r3, [r4, #0]
10006630:	3601      	adds	r6, #1
10006632:	18e4      	adds	r4, r4, r3
10006634:	464b      	mov	r3, r9
10006636:	791b      	ldrb	r3, [r3, #4]
10006638:	b2f6      	uxtb	r6, r6
1000663a:	42b3      	cmp	r3, r6
1000663c:	d8c8      	bhi.n	100065d0 <vendord_open+0x44>
1000663e:	464b      	mov	r3, r9
10006640:	1ae0      	subs	r0, r4, r3
10006642:	b280      	uxth	r0, r0
10006644:	e7b3      	b.n	100065ae <vendord_open+0x22>
10006646:	4811      	ldr	r0, [pc, #68]	@ (1000668c <vendord_open+0x100>)
10006648:	f000 fc6e 	bl	10006f28 <tu_fifo_clear>
1000664c:	4a0f      	ldr	r2, [pc, #60]	@ (1000668c <vendord_open+0x100>)
1000664e:	78a3      	ldrb	r3, [r4, #2]
10006650:	3a0c      	subs	r2, #12
10006652:	7153      	strb	r3, [r2, #5]
10006654:	7963      	ldrb	r3, [r4, #5]
10006656:	7921      	ldrb	r1, [r4, #4]
10006658:	021b      	lsls	r3, r3, #8
1000665a:	430b      	orrs	r3, r1
1000665c:	055b      	lsls	r3, r3, #21
1000665e:	490a      	ldr	r1, [pc, #40]	@ (10006688 <vendord_open+0xfc>)
10006660:	0d5b      	lsrs	r3, r3, #21
10006662:	185b      	adds	r3, r3, r1
10006664:	4259      	negs	r1, r3
10006666:	414b      	adcs	r3, r1
10006668:	2002      	movs	r0, #2
1000666a:	7911      	ldrb	r1, [r2, #4]
1000666c:	005b      	lsls	r3, r3, #1
1000666e:	4381      	bics	r1, r0
10006670:	430b      	orrs	r3, r1
10006672:	4906      	ldr	r1, [pc, #24]	@ (1000668c <vendord_open+0x100>)
10006674:	2000      	movs	r0, #0
10006676:	3908      	subs	r1, #8
10006678:	7113      	strb	r3, [r2, #4]
1000667a:	f000 f97f 	bl	1000697c <tu_edpt_stream_write_xfer>
1000667e:	e7d6      	b.n	1000662e <vendord_open+0xa2>
10006680:	200017b4 	.word	0x200017b4
10006684:	200018e4 	.word	0x200018e4
10006688:	fffffe00 	.word	0xfffffe00
1000668c:	200017c0 	.word	0x200017c0

10006690 <vendord_xfer_cb>:
10006690:	b570      	push	{r4, r5, r6, lr}
10006692:	001d      	movs	r5, r3
10006694:	232a      	movs	r3, #42	@ 0x2a
10006696:	0004      	movs	r4, r0
10006698:	481f      	ldr	r0, [pc, #124]	@ (10006718 <vendord_xfer_cb+0x88>)
1000669a:	33ff      	adds	r3, #255	@ 0xff
1000669c:	5cc3      	ldrb	r3, [r0, r3]
1000669e:	428b      	cmp	r3, r1
100066a0:	d016      	beq.n	100066d0 <vendord_xfer_cb+0x40>
100066a2:	7940      	ldrb	r0, [r0, #5]
100066a4:	4288      	cmp	r0, r1
100066a6:	d001      	beq.n	100066ac <vendord_xfer_cb+0x1c>
100066a8:	2000      	movs	r0, #0
100066aa:	bd70      	pop	{r4, r5, r6, pc}
100066ac:	4b1b      	ldr	r3, [pc, #108]	@ (1000671c <vendord_xfer_cb+0x8c>)
100066ae:	2b00      	cmp	r3, #0
100066b0:	d004      	beq.n	100066bc <vendord_xfer_cb+0x2c>
100066b2:	0429      	lsls	r1, r5, #16
100066b4:	2000      	movs	r0, #0
100066b6:	0c09      	lsrs	r1, r1, #16
100066b8:	e000      	b.n	100066bc <vendord_xfer_cb+0x2c>
100066ba:	bf00      	nop
100066bc:	4b18      	ldr	r3, [pc, #96]	@ (10006720 <vendord_xfer_cb+0x90>)
100066be:	0020      	movs	r0, r4
100066c0:	0019      	movs	r1, r3
100066c2:	001e      	movs	r6, r3
100066c4:	f000 f95a 	bl	1000697c <tu_edpt_stream_write_xfer>
100066c8:	2800      	cmp	r0, #0
100066ca:	d01d      	beq.n	10006708 <vendord_xfer_cb+0x78>
100066cc:	2001      	movs	r0, #1
100066ce:	e7ec      	b.n	100066aa <vendord_xfer_cb+0x1a>
100066d0:	239a      	movs	r3, #154	@ 0x9a
100066d2:	005b      	lsls	r3, r3, #1
100066d4:	5ac3      	ldrh	r3, [r0, r3]
100066d6:	2b00      	cmp	r3, #0
100066d8:	d10d      	bne.n	100066f6 <vendord_xfer_cb+0x66>
100066da:	4b12      	ldr	r3, [pc, #72]	@ (10006724 <vendord_xfer_cb+0x94>)
100066dc:	2b00      	cmp	r3, #0
100066de:	d004      	beq.n	100066ea <vendord_xfer_cb+0x5a>
100066e0:	2000      	movs	r0, #0
100066e2:	4911      	ldr	r1, [pc, #68]	@ (10006728 <vendord_xfer_cb+0x98>)
100066e4:	b2aa      	uxth	r2, r5
100066e6:	e000      	b.n	100066ea <vendord_xfer_cb+0x5a>
100066e8:	bf00      	nop
100066ea:	0020      	movs	r0, r4
100066ec:	490f      	ldr	r1, [pc, #60]	@ (1000672c <vendord_xfer_cb+0x9c>)
100066ee:	f000 f97b 	bl	100069e8 <tu_edpt_stream_read_xfer>
100066f2:	2001      	movs	r0, #1
100066f4:	e7d9      	b.n	100066aa <vendord_xfer_cb+0x1a>
100066f6:	2396      	movs	r3, #150	@ 0x96
100066f8:	005b      	lsls	r3, r3, #1
100066fa:	58c1      	ldr	r1, [r0, r3]
100066fc:	3031      	adds	r0, #49	@ 0x31
100066fe:	b2aa      	uxth	r2, r5
10006700:	30ff      	adds	r0, #255	@ 0xff
10006702:	f000 fb5d 	bl	10006dc0 <tu_fifo_write_n>
10006706:	e7e8      	b.n	100066da <vendord_xfer_cb+0x4a>
10006708:	002a      	movs	r2, r5
1000670a:	0031      	movs	r1, r6
1000670c:	0020      	movs	r0, r4
1000670e:	f000 f903 	bl	10006918 <tu_edpt_stream_write_zlp_if_needed>
10006712:	2001      	movs	r0, #1
10006714:	e7c9      	b.n	100066aa <vendord_xfer_cb+0x1a>
10006716:	46c0      	nop			@ (mov r8, r8)
10006718:	200017b4 	.word	0x200017b4
1000671c:	00000000 	.word	0x00000000
10006720:	200017b8 	.word	0x200017b8
10006724:	00000000 	.word	0x00000000
10006728:	20001734 	.word	0x20001734
1000672c:	200018dc 	.word	0x200018dc

10006730 <tusb_rhport_init>:
10006730:	b500      	push	{lr}
10006732:	0003      	movs	r3, r0
10006734:	b083      	sub	sp, #12
10006736:	2900      	cmp	r1, #0
10006738:	d010      	beq.n	1000675c <tusb_rhport_init+0x2c>
1000673a:	2000      	movs	r0, #0
1000673c:	2b01      	cmp	r3, #1
1000673e:	d807      	bhi.n	10006750 <tusb_rhport_init+0x20>
10006740:	780a      	ldrb	r2, [r1, #0]
10006742:	2a00      	cmp	r2, #0
10006744:	d004      	beq.n	10006750 <tusb_rhport_init+0x20>
10006746:	480c      	ldr	r0, [pc, #48]	@ (10006778 <tusb_rhport_init+0x48>)
10006748:	54c2      	strb	r2, [r0, r3]
1000674a:	2001      	movs	r0, #1
1000674c:	2a01      	cmp	r2, #1
1000674e:	d001      	beq.n	10006754 <tusb_rhport_init+0x24>
10006750:	b003      	add	sp, #12
10006752:	bd00      	pop	{pc}
10006754:	0018      	movs	r0, r3
10006756:	f7fe fde9 	bl	1000532c <tud_rhport_init>
1000675a:	e7f9      	b.n	10006750 <tusb_rhport_init+0x20>
1000675c:	2301      	movs	r3, #1
1000675e:	466a      	mov	r2, sp
10006760:	2000      	movs	r0, #0
10006762:	a901      	add	r1, sp, #4
10006764:	8093      	strh	r3, [r2, #4]
10006766:	f7fe fde1 	bl	1000532c <tud_rhport_init>
1000676a:	2800      	cmp	r0, #0
1000676c:	d0f0      	beq.n	10006750 <tusb_rhport_init+0x20>
1000676e:	2201      	movs	r2, #1
10006770:	4b01      	ldr	r3, [pc, #4]	@ (10006778 <tusb_rhport_init+0x48>)
10006772:	701a      	strb	r2, [r3, #0]
10006774:	e7ec      	b.n	10006750 <tusb_rhport_init+0x20>
10006776:	46c0      	nop			@ (mov r8, r8)
10006778:	2000160c 	.word	0x2000160c

1000677c <tu_edpt_claim>:
1000677c:	b570      	push	{r4, r5, r6, lr}
1000677e:	0004      	movs	r4, r0
10006780:	7823      	ldrb	r3, [r4, #0]
10006782:	0008      	movs	r0, r1
10006784:	07db      	lsls	r3, r3, #31
10006786:	000e      	movs	r6, r1
10006788:	0fdd      	lsrs	r5, r3, #31
1000678a:	2b00      	cmp	r3, #0
1000678c:	d116      	bne.n	100067bc <tu_edpt_claim+0x40>
1000678e:	7823      	ldrb	r3, [r4, #0]
10006790:	075b      	lsls	r3, r3, #29
10006792:	d501      	bpl.n	10006798 <tu_edpt_claim+0x1c>
10006794:	0028      	movs	r0, r5
10006796:	bd70      	pop	{r4, r5, r6, pc}
10006798:	2101      	movs	r1, #1
1000679a:	4249      	negs	r1, r1
1000679c:	f000 fd24 	bl	100071e8 <__mutex_enter_timeout_ms_veneer>
100067a0:	7823      	ldrb	r3, [r4, #0]
100067a2:	07db      	lsls	r3, r3, #31
100067a4:	0fdd      	lsrs	r5, r3, #31
100067a6:	2b00      	cmp	r3, #0
100067a8:	d10a      	bne.n	100067c0 <tu_edpt_claim+0x44>
100067aa:	7823      	ldrb	r3, [r4, #0]
100067ac:	075b      	lsls	r3, r3, #29
100067ae:	d408      	bmi.n	100067c2 <tu_edpt_claim+0x46>
100067b0:	2204      	movs	r2, #4
100067b2:	7823      	ldrb	r3, [r4, #0]
100067b4:	2501      	movs	r5, #1
100067b6:	4313      	orrs	r3, r2
100067b8:	7023      	strb	r3, [r4, #0]
100067ba:	e002      	b.n	100067c2 <tu_edpt_claim+0x46>
100067bc:	2500      	movs	r5, #0
100067be:	e7e9      	b.n	10006794 <tu_edpt_claim+0x18>
100067c0:	2500      	movs	r5, #0
100067c2:	0030      	movs	r0, r6
100067c4:	f000 fcf0 	bl	100071a8 <__mutex_exit_veneer>
100067c8:	e7e4      	b.n	10006794 <tu_edpt_claim+0x18>
100067ca:	46c0      	nop			@ (mov r8, r8)

100067cc <tu_edpt_release>:
100067cc:	b570      	push	{r4, r5, r6, lr}
100067ce:	000d      	movs	r5, r1
100067d0:	2101      	movs	r1, #1
100067d2:	0004      	movs	r4, r0
100067d4:	4249      	negs	r1, r1
100067d6:	0028      	movs	r0, r5
100067d8:	f000 fd06 	bl	100071e8 <__mutex_enter_timeout_ms_veneer>
100067dc:	7823      	ldrb	r3, [r4, #0]
100067de:	075b      	lsls	r3, r3, #29
100067e0:	0fde      	lsrs	r6, r3, #31
100067e2:	2b00      	cmp	r3, #0
100067e4:	db04      	blt.n	100067f0 <tu_edpt_release+0x24>
100067e6:	0028      	movs	r0, r5
100067e8:	f000 fcde 	bl	100071a8 <__mutex_exit_veneer>
100067ec:	0030      	movs	r0, r6
100067ee:	bd70      	pop	{r4, r5, r6, pc}
100067f0:	7823      	ldrb	r3, [r4, #0]
100067f2:	07db      	lsls	r3, r3, #31
100067f4:	d404      	bmi.n	10006800 <tu_edpt_release+0x34>
100067f6:	2204      	movs	r2, #4
100067f8:	7823      	ldrb	r3, [r4, #0]
100067fa:	4393      	bics	r3, r2
100067fc:	7023      	strb	r3, [r4, #0]
100067fe:	e7f2      	b.n	100067e6 <tu_edpt_release+0x1a>
10006800:	2600      	movs	r6, #0
10006802:	e7f0      	b.n	100067e6 <tu_edpt_release+0x1a>

10006804 <tu_edpt_validate>:
10006804:	7943      	ldrb	r3, [r0, #5]
10006806:	7902      	ldrb	r2, [r0, #4]
10006808:	021b      	lsls	r3, r3, #8
1000680a:	4313      	orrs	r3, r2
1000680c:	78c2      	ldrb	r2, [r0, #3]
1000680e:	055b      	lsls	r3, r3, #21
10006810:	0792      	lsls	r2, r2, #30
10006812:	0d5b      	lsrs	r3, r3, #21
10006814:	0f92      	lsrs	r2, r2, #30
10006816:	2a02      	cmp	r2, #2
10006818:	d01a      	beq.n	10006850 <tu_edpt_validate+0x4c>
1000681a:	2a03      	cmp	r2, #3
1000681c:	d00b      	beq.n	10006836 <tu_edpt_validate+0x32>
1000681e:	2000      	movs	r0, #0
10006820:	2a01      	cmp	r2, #1
10006822:	d107      	bne.n	10006834 <tu_edpt_validate+0x30>
10006824:	3902      	subs	r1, #2
10006826:	424a      	negs	r2, r1
10006828:	4151      	adcs	r1, r2
1000682a:	4a10      	ldr	r2, [pc, #64]	@ (1000686c <tu_edpt_validate+0x68>)
1000682c:	1889      	adds	r1, r1, r2
1000682e:	4299      	cmp	r1, r3
10006830:	4140      	adcs	r0, r0
10006832:	b2c0      	uxtb	r0, r0
10006834:	4770      	bx	lr
10006836:	3902      	subs	r1, #2
10006838:	1e4a      	subs	r2, r1, #1
1000683a:	4191      	sbcs	r1, r2
1000683c:	4a0c      	ldr	r2, [pc, #48]	@ (10006870 <tu_edpt_validate+0x6c>)
1000683e:	4249      	negs	r1, r1
10006840:	4011      	ands	r1, r2
10006842:	2280      	movs	r2, #128	@ 0x80
10006844:	2000      	movs	r0, #0
10006846:	00d2      	lsls	r2, r2, #3
10006848:	1889      	adds	r1, r1, r2
1000684a:	4299      	cmp	r1, r3
1000684c:	4140      	adcs	r0, r0
1000684e:	e7f1      	b.n	10006834 <tu_edpt_validate+0x30>
10006850:	2902      	cmp	r1, #2
10006852:	d004      	beq.n	1000685e <tu_edpt_validate+0x5a>
10006854:	2000      	movs	r0, #0
10006856:	2240      	movs	r2, #64	@ 0x40
10006858:	429a      	cmp	r2, r3
1000685a:	4140      	adcs	r0, r0
1000685c:	e7ea      	b.n	10006834 <tu_edpt_validate+0x30>
1000685e:	4a05      	ldr	r2, [pc, #20]	@ (10006874 <tu_edpt_validate+0x70>)
10006860:	1898      	adds	r0, r3, r2
10006862:	4243      	negs	r3, r0
10006864:	4158      	adcs	r0, r3
10006866:	b2c0      	uxtb	r0, r0
10006868:	e7e4      	b.n	10006834 <tu_edpt_validate+0x30>
1000686a:	46c0      	nop			@ (mov r8, r8)
1000686c:	000003ff 	.word	0x000003ff
10006870:	fffffc40 	.word	0xfffffc40
10006874:	fffffe00 	.word	0xfffffe00

10006878 <tu_edpt_bind_driver>:
10006878:	4684      	mov	ip, r0
1000687a:	1888      	adds	r0, r1, r2
1000687c:	b530      	push	{r4, r5, lr}
1000687e:	001c      	movs	r4, r3
10006880:	4281      	cmp	r1, r0
10006882:	d206      	bcs.n	10006892 <tu_edpt_bind_driver+0x1a>
10006884:	784a      	ldrb	r2, [r1, #1]
10006886:	2a05      	cmp	r2, #5
10006888:	d004      	beq.n	10006894 <tu_edpt_bind_driver+0x1c>
1000688a:	780a      	ldrb	r2, [r1, #0]
1000688c:	1889      	adds	r1, r1, r2
1000688e:	4288      	cmp	r0, r1
10006890:	d8f8      	bhi.n	10006884 <tu_edpt_bind_driver+0xc>
10006892:	bd30      	pop	{r4, r5, pc}
10006894:	227f      	movs	r2, #127	@ 0x7f
10006896:	788b      	ldrb	r3, [r1, #2]
10006898:	401a      	ands	r2, r3
1000689a:	0052      	lsls	r2, r2, #1
1000689c:	4462      	add	r2, ip
1000689e:	09db      	lsrs	r3, r3, #7
100068a0:	54d4      	strb	r4, [r2, r3]
100068a2:	780a      	ldrb	r2, [r1, #0]
100068a4:	1889      	adds	r1, r1, r2
100068a6:	4288      	cmp	r0, r1
100068a8:	d8ec      	bhi.n	10006884 <tu_edpt_bind_driver+0xc>
100068aa:	e7f2      	b.n	10006892 <tu_edpt_bind_driver+0x1a>

100068ac <tu_edpt_stream_init>:
100068ac:	b5f0      	push	{r4, r5, r6, r7, lr}
100068ae:	46c6      	mov	lr, r8
100068b0:	b500      	push	{lr}
100068b2:	b082      	sub	sp, #8
100068b4:	4690      	mov	r8, r2
100068b6:	aa08      	add	r2, sp, #32
100068b8:	ca20      	ldmia	r2!, {r5}
100068ba:	0004      	movs	r4, r0
100068bc:	8816      	ldrh	r6, [r2, #0]
100068be:	466a      	mov	r2, sp
100068c0:	2001      	movs	r0, #1
100068c2:	8d97      	ldrh	r7, [r2, #44]	@ 0x2c
100068c4:	000a      	movs	r2, r1
100068c6:	7821      	ldrb	r1, [r4, #0]
100068c8:	4002      	ands	r2, r0
100068ca:	4381      	bics	r1, r0
100068cc:	0020      	movs	r0, r4
100068ce:	4311      	orrs	r1, r2
100068d0:	7021      	strb	r1, [r4, #0]
100068d2:	0032      	movs	r2, r6
100068d4:	9300      	str	r3, [sp, #0]
100068d6:	0029      	movs	r1, r5
100068d8:	2301      	movs	r3, #1
100068da:	3008      	adds	r0, #8
100068dc:	f000 f8f0 	bl	10006ac0 <tu_fifo_config>
100068e0:	2d00      	cmp	r5, #0
100068e2:	d001      	beq.n	100068e8 <tu_edpt_stream_init+0x3c>
100068e4:	2e00      	cmp	r6, #0
100068e6:	d107      	bne.n	100068f8 <tu_edpt_stream_init+0x4c>
100068e8:	2001      	movs	r0, #1
100068ea:	9b0a      	ldr	r3, [sp, #40]	@ 0x28
100068ec:	8067      	strh	r7, [r4, #2]
100068ee:	6063      	str	r3, [r4, #4]
100068f0:	b002      	add	sp, #8
100068f2:	bc80      	pop	{r7}
100068f4:	46b8      	mov	r8, r7
100068f6:	bdf0      	pop	{r4, r5, r6, r7, pc}
100068f8:	0025      	movs	r5, r4
100068fa:	351c      	adds	r5, #28
100068fc:	0028      	movs	r0, r5
100068fe:	f7fa fa8d 	bl	10000e1c <mutex_init>
10006902:	4642      	mov	r2, r8
10006904:	2300      	movs	r3, #0
10006906:	2a00      	cmp	r2, #0
10006908:	d001      	beq.n	1000690e <tu_edpt_stream_init+0x62>
1000690a:	002b      	movs	r3, r5
1000690c:	2500      	movs	r5, #0
1000690e:	6163      	str	r3, [r4, #20]
10006910:	61a5      	str	r5, [r4, #24]
10006912:	e7e9      	b.n	100068e8 <tu_edpt_stream_init+0x3c>

10006914 <tu_edpt_stream_deinit>:
10006914:	2001      	movs	r0, #1
10006916:	4770      	bx	lr

10006918 <tu_edpt_stream_write_zlp_if_needed>:
10006918:	b5f8      	push	{r3, r4, r5, r6, r7, lr}
1000691a:	2402      	movs	r4, #2
1000691c:	780b      	ldrb	r3, [r1, #0]
1000691e:	0007      	movs	r7, r0
10006920:	401c      	ands	r4, r3
10006922:	4263      	negs	r3, r4
10006924:	415c      	adcs	r4, r3
10006926:	0008      	movs	r0, r1
10006928:	4b12      	ldr	r3, [pc, #72]	@ (10006974 <tu_edpt_stream_write_zlp_if_needed+0x5c>)
1000692a:	4264      	negs	r4, r4
1000692c:	401c      	ands	r4, r3
1000692e:	4b12      	ldr	r3, [pc, #72]	@ (10006978 <tu_edpt_stream_write_zlp_if_needed+0x60>)
10006930:	3008      	adds	r0, #8
10006932:	000d      	movs	r5, r1
10006934:	0016      	movs	r6, r2
10006936:	18e4      	adds	r4, r4, r3
10006938:	f000 f8f8 	bl	10006b2c <tu_fifo_count>
1000693c:	2800      	cmp	r0, #0
1000693e:	d107      	bne.n	10006950 <tu_edpt_stream_write_zlp_if_needed+0x38>
10006940:	2e00      	cmp	r6, #0
10006942:	d005      	beq.n	10006950 <tu_edpt_stream_write_zlp_if_needed+0x38>
10006944:	4234      	tst	r4, r6
10006946:	d103      	bne.n	10006950 <tu_edpt_stream_write_zlp_if_needed+0x38>
10006948:	2401      	movs	r4, #1
1000694a:	782b      	ldrb	r3, [r5, #0]
1000694c:	421c      	tst	r4, r3
1000694e:	d001      	beq.n	10006954 <tu_edpt_stream_write_zlp_if_needed+0x3c>
10006950:	2000      	movs	r0, #0
10006952:	bdf8      	pop	{r3, r4, r5, r6, r7, pc}
10006954:	0038      	movs	r0, r7
10006956:	7869      	ldrb	r1, [r5, #1]
10006958:	f7ff f9c4 	bl	10005ce4 <usbd_edpt_claim>
1000695c:	2800      	cmp	r0, #0
1000695e:	d0f7      	beq.n	10006950 <tu_edpt_stream_write_zlp_if_needed+0x38>
10006960:	782b      	ldrb	r3, [r5, #0]
10006962:	421c      	tst	r4, r3
10006964:	d1f4      	bne.n	10006950 <tu_edpt_stream_write_zlp_if_needed+0x38>
10006966:	2300      	movs	r3, #0
10006968:	2200      	movs	r2, #0
1000696a:	0038      	movs	r0, r7
1000696c:	7869      	ldrb	r1, [r5, #1]
1000696e:	f7ff f9e1 	bl	10005d34 <usbd_edpt_xfer>
10006972:	e7ee      	b.n	10006952 <tu_edpt_stream_write_zlp_if_needed+0x3a>
10006974:	fffffe40 	.word	0xfffffe40
10006978:	000001ff 	.word	0x000001ff

1000697c <tu_edpt_stream_write_xfer>:
1000697c:	2308      	movs	r3, #8
1000697e:	469c      	mov	ip, r3
10006980:	448c      	add	ip, r1
10006982:	b570      	push	{r4, r5, r6, lr}
10006984:	0005      	movs	r5, r0
10006986:	4660      	mov	r0, ip
10006988:	000c      	movs	r4, r1
1000698a:	4666      	mov	r6, ip
1000698c:	f000 f8ce 	bl	10006b2c <tu_fifo_count>
10006990:	2800      	cmp	r0, #0
10006992:	d003      	beq.n	1000699c <tu_edpt_stream_write_xfer+0x20>
10006994:	2201      	movs	r2, #1
10006996:	7823      	ldrb	r3, [r4, #0]
10006998:	421a      	tst	r2, r3
1000699a:	d001      	beq.n	100069a0 <tu_edpt_stream_write_xfer+0x24>
1000699c:	2000      	movs	r0, #0
1000699e:	bd70      	pop	{r4, r5, r6, pc}
100069a0:	0028      	movs	r0, r5
100069a2:	7861      	ldrb	r1, [r4, #1]
100069a4:	f7ff f99e 	bl	10005ce4 <usbd_edpt_claim>
100069a8:	2800      	cmp	r0, #0
100069aa:	d0f7      	beq.n	1000699c <tu_edpt_stream_write_xfer+0x20>
100069ac:	8862      	ldrh	r2, [r4, #2]
100069ae:	0030      	movs	r0, r6
100069b0:	6861      	ldr	r1, [r4, #4]
100069b2:	f000 f93d 	bl	10006c30 <tu_fifo_read_n>
100069b6:	2201      	movs	r2, #1
100069b8:	7823      	ldrb	r3, [r4, #0]
100069ba:	4013      	ands	r3, r2
100069bc:	2800      	cmp	r0, #0
100069be:	d00c      	beq.n	100069da <tu_edpt_stream_write_xfer+0x5e>
100069c0:	2b00      	cmp	r3, #0
100069c2:	d1eb      	bne.n	1000699c <tu_edpt_stream_write_xfer+0x20>
100069c4:	0003      	movs	r3, r0
100069c6:	6862      	ldr	r2, [r4, #4]
100069c8:	7861      	ldrb	r1, [r4, #1]
100069ca:	0004      	movs	r4, r0
100069cc:	0028      	movs	r0, r5
100069ce:	f7ff f9b1 	bl	10005d34 <usbd_edpt_xfer>
100069d2:	2800      	cmp	r0, #0
100069d4:	d0e2      	beq.n	1000699c <tu_edpt_stream_write_xfer+0x20>
100069d6:	0020      	movs	r0, r4
100069d8:	e7e1      	b.n	1000699e <tu_edpt_stream_write_xfer+0x22>
100069da:	2b00      	cmp	r3, #0
100069dc:	d1de      	bne.n	1000699c <tu_edpt_stream_write_xfer+0x20>
100069de:	0028      	movs	r0, r5
100069e0:	7861      	ldrb	r1, [r4, #1]
100069e2:	f7ff f993 	bl	10005d0c <usbd_edpt_release>
100069e6:	e7d9      	b.n	1000699c <tu_edpt_stream_write_xfer+0x20>

100069e8 <tu_edpt_stream_read_xfer>:
100069e8:	b5f0      	push	{r4, r5, r6, r7, lr}
100069ea:	46c6      	mov	lr, r8
100069ec:	b500      	push	{lr}
100069ee:	898a      	ldrh	r2, [r1, #12]
100069f0:	0006      	movs	r6, r0
100069f2:	000c      	movs	r4, r1
100069f4:	780b      	ldrb	r3, [r1, #0]
100069f6:	2a00      	cmp	r2, #0
100069f8:	d106      	bne.n	10006a08 <tu_edpt_stream_read_xfer+0x20>
100069fa:	3201      	adds	r2, #1
100069fc:	421a      	tst	r2, r3
100069fe:	d040      	beq.n	10006a82 <tu_edpt_stream_read_xfer+0x9a>
10006a00:	2000      	movs	r0, #0
10006a02:	bc80      	pop	{r7}
10006a04:	46b8      	mov	r8, r7
10006a06:	bdf0      	pop	{r4, r5, r6, r7, pc}
10006a08:	079b      	lsls	r3, r3, #30
10006a0a:	d434      	bmi.n	10006a76 <tu_edpt_stream_read_xfer+0x8e>
10006a0c:	4b2b      	ldr	r3, [pc, #172]	@ (10006abc <tu_edpt_stream_read_xfer+0xd4>)
10006a0e:	2540      	movs	r5, #64	@ 0x40
10006a10:	4698      	mov	r8, r3
10006a12:	2308      	movs	r3, #8
10006a14:	469c      	mov	ip, r3
10006a16:	44a4      	add	ip, r4
10006a18:	4660      	mov	r0, ip
10006a1a:	4667      	mov	r7, ip
10006a1c:	f000 f8a4 	bl	10006b68 <tu_fifo_remaining>
10006a20:	4285      	cmp	r5, r0
10006a22:	d8ed      	bhi.n	10006a00 <tu_edpt_stream_read_xfer+0x18>
10006a24:	2201      	movs	r2, #1
10006a26:	7823      	ldrb	r3, [r4, #0]
10006a28:	421a      	tst	r2, r3
10006a2a:	d1e9      	bne.n	10006a00 <tu_edpt_stream_read_xfer+0x18>
10006a2c:	0030      	movs	r0, r6
10006a2e:	7861      	ldrb	r1, [r4, #1]
10006a30:	f7ff f958 	bl	10005ce4 <usbd_edpt_claim>
10006a34:	2800      	cmp	r0, #0
10006a36:	d0e3      	beq.n	10006a00 <tu_edpt_stream_read_xfer+0x18>
10006a38:	0038      	movs	r0, r7
10006a3a:	f000 f895 	bl	10006b68 <tu_fifo_remaining>
10006a3e:	2201      	movs	r2, #1
10006a40:	7823      	ldrb	r3, [r4, #0]
10006a42:	4013      	ands	r3, r2
10006a44:	4285      	cmp	r5, r0
10006a46:	d832      	bhi.n	10006aae <tu_edpt_stream_read_xfer+0xc6>
10006a48:	2b00      	cmp	r3, #0
10006a4a:	d1d9      	bne.n	10006a00 <tu_edpt_stream_read_xfer+0x18>
10006a4c:	4641      	mov	r1, r8
10006a4e:	8862      	ldrh	r2, [r4, #2]
10006a50:	4001      	ands	r1, r0
10006a52:	1c13      	adds	r3, r2, #0
10006a54:	428a      	cmp	r2, r1
10006a56:	d900      	bls.n	10006a5a <tu_edpt_stream_read_xfer+0x72>
10006a58:	1c0b      	adds	r3, r1, #0
10006a5a:	b29b      	uxth	r3, r3
10006a5c:	2200      	movs	r2, #0
10006a5e:	7861      	ldrb	r1, [r4, #1]
10006a60:	2b00      	cmp	r3, #0
10006a62:	d000      	beq.n	10006a66 <tu_edpt_stream_read_xfer+0x7e>
10006a64:	6862      	ldr	r2, [r4, #4]
10006a66:	0030      	movs	r0, r6
10006a68:	001c      	movs	r4, r3
10006a6a:	f7ff f963 	bl	10005d34 <usbd_edpt_xfer>
10006a6e:	2800      	cmp	r0, #0
10006a70:	d0c6      	beq.n	10006a00 <tu_edpt_stream_read_xfer+0x18>
10006a72:	0020      	movs	r0, r4
10006a74:	e7c5      	b.n	10006a02 <tu_edpt_stream_read_xfer+0x1a>
10006a76:	23fe      	movs	r3, #254	@ 0xfe
10006a78:	2580      	movs	r5, #128	@ 0x80
10006a7a:	021b      	lsls	r3, r3, #8
10006a7c:	4698      	mov	r8, r3
10006a7e:	00ad      	lsls	r5, r5, #2
10006a80:	e7c7      	b.n	10006a12 <tu_edpt_stream_read_xfer+0x2a>
10006a82:	7849      	ldrb	r1, [r1, #1]
10006a84:	f7ff f92e 	bl	10005ce4 <usbd_edpt_claim>
10006a88:	2800      	cmp	r0, #0
10006a8a:	d0b9      	beq.n	10006a00 <tu_edpt_stream_read_xfer+0x18>
10006a8c:	2201      	movs	r2, #1
10006a8e:	7823      	ldrb	r3, [r4, #0]
10006a90:	421a      	tst	r2, r3
10006a92:	d1b5      	bne.n	10006a00 <tu_edpt_stream_read_xfer+0x18>
10006a94:	8863      	ldrh	r3, [r4, #2]
10006a96:	2200      	movs	r2, #0
10006a98:	7861      	ldrb	r1, [r4, #1]
10006a9a:	2b00      	cmp	r3, #0
10006a9c:	d000      	beq.n	10006aa0 <tu_edpt_stream_read_xfer+0xb8>
10006a9e:	6862      	ldr	r2, [r4, #4]
10006aa0:	0030      	movs	r0, r6
10006aa2:	f7ff f947 	bl	10005d34 <usbd_edpt_xfer>
10006aa6:	2800      	cmp	r0, #0
10006aa8:	d0aa      	beq.n	10006a00 <tu_edpt_stream_read_xfer+0x18>
10006aaa:	8860      	ldrh	r0, [r4, #2]
10006aac:	e7a9      	b.n	10006a02 <tu_edpt_stream_read_xfer+0x1a>
10006aae:	2b00      	cmp	r3, #0
10006ab0:	d1a6      	bne.n	10006a00 <tu_edpt_stream_read_xfer+0x18>
10006ab2:	0030      	movs	r0, r6
10006ab4:	7861      	ldrb	r1, [r4, #1]
10006ab6:	f7ff f929 	bl	10005d0c <usbd_edpt_release>
10006aba:	e7a1      	b.n	10006a00 <tu_edpt_stream_read_xfer+0x18>
10006abc:	0000ffc0 	.word	0x0000ffc0

10006ac0 <tu_fifo_config>:
10006ac0:	b5f0      	push	{r4, r5, r6, r7, lr}
10006ac2:	46c6      	mov	lr, r8
10006ac4:	b500      	push	{lr}
10006ac6:	4698      	mov	r8, r3
10006ac8:	466b      	mov	r3, sp
10006aca:	7e1e      	ldrb	r6, [r3, #24]
10006acc:	2380      	movs	r3, #128	@ 0x80
10006ace:	0004      	movs	r4, r0
10006ad0:	000f      	movs	r7, r1
10006ad2:	0015      	movs	r5, r2
10006ad4:	021b      	lsls	r3, r3, #8
10006ad6:	429a      	cmp	r2, r3
10006ad8:	d826      	bhi.n	10006b28 <tu_fifo_config+0x68>
10006ada:	68c0      	ldr	r0, [r0, #12]
10006adc:	2800      	cmp	r0, #0
10006ade:	d003      	beq.n	10006ae8 <tu_fifo_config+0x28>
10006ae0:	2101      	movs	r1, #1
10006ae2:	4249      	negs	r1, r1
10006ae4:	f000 fb80 	bl	100071e8 <__mutex_enter_timeout_ms_veneer>
10006ae8:	6920      	ldr	r0, [r4, #16]
10006aea:	2800      	cmp	r0, #0
10006aec:	d003      	beq.n	10006af6 <tu_fifo_config+0x36>
10006aee:	2101      	movs	r1, #1
10006af0:	4249      	negs	r1, r1
10006af2:	f000 fb79 	bl	100071e8 <__mutex_enter_timeout_ms_veneer>
10006af6:	4642      	mov	r2, r8
10006af8:	0452      	lsls	r2, r2, #17
10006afa:	03f3      	lsls	r3, r6, #15
10006afc:	0c52      	lsrs	r2, r2, #17
10006afe:	4313      	orrs	r3, r2
10006b00:	80e3      	strh	r3, [r4, #6]
10006b02:	2300      	movs	r3, #0
10006b04:	68e0      	ldr	r0, [r4, #12]
10006b06:	8163      	strh	r3, [r4, #10]
10006b08:	6027      	str	r7, [r4, #0]
10006b0a:	80a5      	strh	r5, [r4, #4]
10006b0c:	8123      	strh	r3, [r4, #8]
10006b0e:	2800      	cmp	r0, #0
10006b10:	d001      	beq.n	10006b16 <tu_fifo_config+0x56>
10006b12:	f000 fb49 	bl	100071a8 <__mutex_exit_veneer>
10006b16:	6920      	ldr	r0, [r4, #16]
10006b18:	2800      	cmp	r0, #0
10006b1a:	d001      	beq.n	10006b20 <tu_fifo_config+0x60>
10006b1c:	f000 fb44 	bl	100071a8 <__mutex_exit_veneer>
10006b20:	2001      	movs	r0, #1
10006b22:	bc80      	pop	{r7}
10006b24:	46b8      	mov	r8, r7
10006b26:	bdf0      	pop	{r4, r5, r6, r7, pc}
10006b28:	2000      	movs	r0, #0
10006b2a:	e7fa      	b.n	10006b22 <tu_fifo_config+0x62>

10006b2c <tu_fifo_count>:
10006b2c:	8903      	ldrh	r3, [r0, #8]
10006b2e:	8941      	ldrh	r1, [r0, #10]
10006b30:	469c      	mov	ip, r3
10006b32:	8882      	ldrh	r2, [r0, #4]
10006b34:	b29b      	uxth	r3, r3
10006b36:	b288      	uxth	r0, r1
10006b38:	458c      	cmp	ip, r1
10006b3a:	d307      	bcc.n	10006b4c <tu_fifo_count+0x20>
10006b3c:	1a1b      	subs	r3, r3, r0
10006b3e:	b29b      	uxth	r3, r3
10006b40:	1c10      	adds	r0, r2, #0
10006b42:	429a      	cmp	r2, r3
10006b44:	d900      	bls.n	10006b48 <tu_fifo_count+0x1c>
10006b46:	1c18      	adds	r0, r3, #0
10006b48:	b280      	uxth	r0, r0
10006b4a:	4770      	bx	lr
10006b4c:	0051      	lsls	r1, r2, #1
10006b4e:	1a09      	subs	r1, r1, r0
10006b50:	185b      	adds	r3, r3, r1
10006b52:	b29b      	uxth	r3, r3
10006b54:	e7f4      	b.n	10006b40 <tu_fifo_count+0x14>
10006b56:	46c0      	nop			@ (mov r8, r8)

10006b58 <tu_fifo_empty>:
10006b58:	8903      	ldrh	r3, [r0, #8]
10006b5a:	8940      	ldrh	r0, [r0, #10]
10006b5c:	1a18      	subs	r0, r3, r0
10006b5e:	4243      	negs	r3, r0
10006b60:	4158      	adcs	r0, r3
10006b62:	b2c0      	uxtb	r0, r0
10006b64:	4770      	bx	lr
10006b66:	46c0      	nop			@ (mov r8, r8)

10006b68 <tu_fifo_remaining>:
10006b68:	8903      	ldrh	r3, [r0, #8]
10006b6a:	8941      	ldrh	r1, [r0, #10]
10006b6c:	469c      	mov	ip, r3
10006b6e:	8882      	ldrh	r2, [r0, #4]
10006b70:	b29b      	uxth	r3, r3
10006b72:	b288      	uxth	r0, r1
10006b74:	458c      	cmp	ip, r1
10006b76:	d307      	bcc.n	10006b88 <tu_fifo_remaining+0x20>
10006b78:	1a1b      	subs	r3, r3, r0
10006b7a:	b29b      	uxth	r3, r3
10006b7c:	2000      	movs	r0, #0
10006b7e:	429a      	cmp	r2, r3
10006b80:	d901      	bls.n	10006b86 <tu_fifo_remaining+0x1e>
10006b82:	1ad2      	subs	r2, r2, r3
10006b84:	b290      	uxth	r0, r2
10006b86:	4770      	bx	lr
10006b88:	0051      	lsls	r1, r2, #1
10006b8a:	1a09      	subs	r1, r1, r0
10006b8c:	185b      	adds	r3, r3, r1
10006b8e:	b29b      	uxth	r3, r3
10006b90:	e7f4      	b.n	10006b7c <tu_fifo_remaining+0x14>
10006b92:	46c0      	nop			@ (mov r8, r8)

10006b94 <tu_fifo_read>:
10006b94:	b570      	push	{r4, r5, r6, lr}
10006b96:	0004      	movs	r4, r0
10006b98:	6900      	ldr	r0, [r0, #16]
10006b9a:	000d      	movs	r5, r1
10006b9c:	2800      	cmp	r0, #0
10006b9e:	d003      	beq.n	10006ba8 <tu_fifo_read+0x14>
10006ba0:	2101      	movs	r1, #1
10006ba2:	4249      	negs	r1, r1
10006ba4:	f000 fb20 	bl	100071e8 <__mutex_enter_timeout_ms_veneer>
10006ba8:	8923      	ldrh	r3, [r4, #8]
10006baa:	8962      	ldrh	r2, [r4, #10]
10006bac:	469c      	mov	ip, r3
10006bae:	b298      	uxth	r0, r3
10006bb0:	b291      	uxth	r1, r2
10006bb2:	88a3      	ldrh	r3, [r4, #4]
10006bb4:	4594      	cmp	ip, r2
10006bb6:	d332      	bcc.n	10006c1e <tu_fifo_read+0x8a>
10006bb8:	1a42      	subs	r2, r0, r1
10006bba:	b292      	uxth	r2, r2
10006bbc:	2a00      	cmp	r2, #0
10006bbe:	d027      	beq.n	10006c10 <tu_fifo_read+0x7c>
10006bc0:	4293      	cmp	r3, r2
10006bc2:	d208      	bcs.n	10006bd6 <tu_fifo_read+0x42>
10006bc4:	4298      	cmp	r0, r3
10006bc6:	d32f      	bcc.n	10006c28 <tu_fifo_read+0x94>
10006bc8:	1ac0      	subs	r0, r0, r3
10006bca:	b281      	uxth	r1, r0
10006bcc:	8161      	strh	r1, [r4, #10]
10006bce:	428b      	cmp	r3, r1
10006bd0:	d803      	bhi.n	10006bda <tu_fifo_read+0x46>
10006bd2:	1ac9      	subs	r1, r1, r3
10006bd4:	b289      	uxth	r1, r1
10006bd6:	428b      	cmp	r3, r1
10006bd8:	d9fb      	bls.n	10006bd2 <tu_fifo_read+0x3e>
10006bda:	88e2      	ldrh	r2, [r4, #6]
10006bdc:	6823      	ldr	r3, [r4, #0]
10006bde:	0452      	lsls	r2, r2, #17
10006be0:	0c52      	lsrs	r2, r2, #17
10006be2:	4351      	muls	r1, r2
10006be4:	0028      	movs	r0, r5
10006be6:	1859      	adds	r1, r3, r1
10006be8:	f7fb fffe 	bl	10002be8 <__wrap___aeabi_memcpy>
10006bec:	8961      	ldrh	r1, [r4, #10]
10006bee:	2501      	movs	r5, #1
10006bf0:	1c4a      	adds	r2, r1, #1
10006bf2:	b292      	uxth	r2, r2
10006bf4:	88a3      	ldrh	r3, [r4, #4]
10006bf6:	4291      	cmp	r1, r2
10006bf8:	d90d      	bls.n	10006c16 <tu_fifo_read+0x82>
10006bfa:	2200      	movs	r2, #0
10006bfc:	005b      	lsls	r3, r3, #1
10006bfe:	1ad2      	subs	r2, r2, r3
10006c00:	6920      	ldr	r0, [r4, #16]
10006c02:	8162      	strh	r2, [r4, #10]
10006c04:	2800      	cmp	r0, #0
10006c06:	d001      	beq.n	10006c0c <tu_fifo_read+0x78>
10006c08:	f000 face 	bl	100071a8 <__mutex_exit_veneer>
10006c0c:	0028      	movs	r0, r5
10006c0e:	bd70      	pop	{r4, r5, r6, pc}
10006c10:	2500      	movs	r5, #0
10006c12:	8962      	ldrh	r2, [r4, #10]
10006c14:	b292      	uxth	r2, r2
10006c16:	005b      	lsls	r3, r3, #1
10006c18:	429a      	cmp	r2, r3
10006c1a:	dbf1      	blt.n	10006c00 <tu_fifo_read+0x6c>
10006c1c:	e7ef      	b.n	10006bfe <tu_fifo_read+0x6a>
10006c1e:	005a      	lsls	r2, r3, #1
10006c20:	1a52      	subs	r2, r2, r1
10006c22:	1882      	adds	r2, r0, r2
10006c24:	b292      	uxth	r2, r2
10006c26:	e7c9      	b.n	10006bbc <tu_fifo_read+0x28>
10006c28:	18c0      	adds	r0, r0, r3
10006c2a:	b281      	uxth	r1, r0
10006c2c:	8161      	strh	r1, [r4, #10]
10006c2e:	e7ce      	b.n	10006bce <tu_fifo_read+0x3a>

10006c30 <tu_fifo_read_n>:
10006c30:	b5f0      	push	{r4, r5, r6, r7, lr}
10006c32:	4646      	mov	r6, r8
10006c34:	46d6      	mov	lr, sl
10006c36:	464f      	mov	r7, r9
10006c38:	b5c0      	push	{r6, r7, lr}
10006c3a:	0006      	movs	r6, r0
10006c3c:	6900      	ldr	r0, [r0, #16]
10006c3e:	468a      	mov	sl, r1
10006c40:	4690      	mov	r8, r2
10006c42:	b082      	sub	sp, #8
10006c44:	2800      	cmp	r0, #0
10006c46:	d003      	beq.n	10006c50 <tu_fifo_read_n+0x20>
10006c48:	2101      	movs	r1, #1
10006c4a:	4249      	negs	r1, r1
10006c4c:	f000 facc 	bl	100071e8 <__mutex_enter_timeout_ms_veneer>
10006c50:	8931      	ldrh	r1, [r6, #8]
10006c52:	8972      	ldrh	r2, [r6, #10]
10006c54:	88b5      	ldrh	r5, [r6, #4]
10006c56:	b28b      	uxth	r3, r1
10006c58:	b294      	uxth	r4, r2
10006c5a:	4291      	cmp	r1, r2
10006c5c:	d355      	bcc.n	10006d0a <tu_fifo_read_n+0xda>
10006c5e:	1b1f      	subs	r7, r3, r4
10006c60:	b2bf      	uxth	r7, r7
10006c62:	2f00      	cmp	r7, #0
10006c64:	d04b      	beq.n	10006cfe <tu_fifo_read_n+0xce>
10006c66:	42bd      	cmp	r5, r7
10006c68:	d205      	bcs.n	10006c76 <tu_fifo_read_n+0x46>
10006c6a:	42ab      	cmp	r3, r5
10006c6c:	d252      	bcs.n	10006d14 <tu_fifo_read_n+0xe4>
10006c6e:	195b      	adds	r3, r3, r5
10006c70:	b29c      	uxth	r4, r3
10006c72:	002f      	movs	r7, r5
10006c74:	8174      	strh	r4, [r6, #10]
10006c76:	4643      	mov	r3, r8
10006c78:	45b8      	cmp	r8, r7
10006c7a:	d83e      	bhi.n	10006cfa <tu_fifo_read_n+0xca>
10006c7c:	b29f      	uxth	r7, r3
10006c7e:	42a5      	cmp	r5, r4
10006c80:	d803      	bhi.n	10006c8a <tu_fifo_read_n+0x5a>
10006c82:	1b64      	subs	r4, r4, r5
10006c84:	b2a4      	uxth	r4, r4
10006c86:	42a5      	cmp	r5, r4
10006c88:	d9fb      	bls.n	10006c82 <tu_fifo_read_n+0x52>
10006c8a:	88f2      	ldrh	r2, [r6, #6]
10006c8c:	6831      	ldr	r1, [r6, #0]
10006c8e:	0452      	lsls	r2, r2, #17
10006c90:	0c50      	lsrs	r0, r2, #17
10006c92:	0002      	movs	r2, r0
10006c94:	4362      	muls	r2, r4
10006c96:	1b2b      	subs	r3, r5, r4
10006c98:	b29b      	uxth	r3, r3
10006c9a:	1889      	adds	r1, r1, r2
10006c9c:	9001      	str	r0, [sp, #4]
10006c9e:	0002      	movs	r2, r0
10006ca0:	429f      	cmp	r7, r3
10006ca2:	d925      	bls.n	10006cf0 <tu_fifo_read_n+0xc0>
10006ca4:	4343      	muls	r3, r0
10006ca6:	b29b      	uxth	r3, r3
10006ca8:	001a      	movs	r2, r3
10006caa:	4650      	mov	r0, sl
10006cac:	4699      	mov	r9, r3
10006cae:	f7fb ff9b 	bl	10002be8 <__wrap___aeabi_memcpy>
10006cb2:	4650      	mov	r0, sl
10006cb4:	9a01      	ldr	r2, [sp, #4]
10006cb6:	1b7d      	subs	r5, r7, r5
10006cb8:	1964      	adds	r4, r4, r5
10006cba:	4354      	muls	r4, r2
10006cbc:	6831      	ldr	r1, [r6, #0]
10006cbe:	4448      	add	r0, r9
10006cc0:	b2a2      	uxth	r2, r4
10006cc2:	f7fb ff91 	bl	10002be8 <__wrap___aeabi_memcpy>
10006cc6:	8971      	ldrh	r1, [r6, #10]
10006cc8:	88b5      	ldrh	r5, [r6, #4]
10006cca:	19cb      	adds	r3, r1, r7
10006ccc:	b29b      	uxth	r3, r3
10006cce:	006a      	lsls	r2, r5, #1
10006cd0:	4299      	cmp	r1, r3
10006cd2:	d916      	bls.n	10006d02 <tu_fifo_read_n+0xd2>
10006cd4:	1a9b      	subs	r3, r3, r2
10006cd6:	6930      	ldr	r0, [r6, #16]
10006cd8:	8173      	strh	r3, [r6, #10]
10006cda:	2800      	cmp	r0, #0
10006cdc:	d001      	beq.n	10006ce2 <tu_fifo_read_n+0xb2>
10006cde:	f000 fa63 	bl	100071a8 <__mutex_exit_veneer>
10006ce2:	0038      	movs	r0, r7
10006ce4:	b002      	add	sp, #8
10006ce6:	bce0      	pop	{r5, r6, r7}
10006ce8:	46ba      	mov	sl, r7
10006cea:	46b1      	mov	r9, r6
10006cec:	46a8      	mov	r8, r5
10006cee:	bdf0      	pop	{r4, r5, r6, r7, pc}
10006cf0:	4650      	mov	r0, sl
10006cf2:	437a      	muls	r2, r7
10006cf4:	f7fb ff78 	bl	10002be8 <__wrap___aeabi_memcpy>
10006cf8:	e7e5      	b.n	10006cc6 <tu_fifo_read_n+0x96>
10006cfa:	1c3b      	adds	r3, r7, #0
10006cfc:	e7be      	b.n	10006c7c <tu_fifo_read_n+0x4c>
10006cfe:	8973      	ldrh	r3, [r6, #10]
10006d00:	b29b      	uxth	r3, r3
10006d02:	006a      	lsls	r2, r5, #1
10006d04:	4293      	cmp	r3, r2
10006d06:	dbe6      	blt.n	10006cd6 <tu_fifo_read_n+0xa6>
10006d08:	e7e4      	b.n	10006cd4 <tu_fifo_read_n+0xa4>
10006d0a:	006f      	lsls	r7, r5, #1
10006d0c:	1b3f      	subs	r7, r7, r4
10006d0e:	19df      	adds	r7, r3, r7
10006d10:	b2bf      	uxth	r7, r7
10006d12:	e7a6      	b.n	10006c62 <tu_fifo_read_n+0x32>
10006d14:	1b5b      	subs	r3, r3, r5
10006d16:	b29c      	uxth	r4, r3
10006d18:	e7ab      	b.n	10006c72 <tu_fifo_read_n+0x42>
10006d1a:	46c0      	nop			@ (mov r8, r8)

10006d1c <tu_fifo_write>:
10006d1c:	b5f8      	push	{r3, r4, r5, r6, r7, lr}
10006d1e:	0004      	movs	r4, r0
10006d20:	68c0      	ldr	r0, [r0, #12]
10006d22:	000f      	movs	r7, r1
10006d24:	2800      	cmp	r0, #0
10006d26:	d003      	beq.n	10006d30 <tu_fifo_write+0x14>
10006d28:	2101      	movs	r1, #1
10006d2a:	4249      	negs	r1, r1
10006d2c:	f000 fa5c 	bl	100071e8 <__mutex_enter_timeout_ms_veneer>
10006d30:	8925      	ldrh	r5, [r4, #8]
10006d32:	8920      	ldrh	r0, [r4, #8]
10006d34:	8961      	ldrh	r1, [r4, #10]
10006d36:	88a2      	ldrh	r2, [r4, #4]
10006d38:	b2ad      	uxth	r5, r5
10006d3a:	b283      	uxth	r3, r0
10006d3c:	b28e      	uxth	r6, r1
10006d3e:	4288      	cmp	r0, r1
10006d40:	d328      	bcc.n	10006d94 <tu_fifo_write+0x78>
10006d42:	1b9b      	subs	r3, r3, r6
10006d44:	b29b      	uxth	r3, r3
10006d46:	429a      	cmp	r2, r3
10006d48:	d809      	bhi.n	10006d5e <tu_fifo_write+0x42>
10006d4a:	79e6      	ldrb	r6, [r4, #7]
10006d4c:	09f6      	lsrs	r6, r6, #7
10006d4e:	d106      	bne.n	10006d5e <tu_fifo_write+0x42>
10006d50:	68e0      	ldr	r0, [r4, #12]
10006d52:	2800      	cmp	r0, #0
10006d54:	d001      	beq.n	10006d5a <tu_fifo_write+0x3e>
10006d56:	f000 fa27 	bl	100071a8 <__mutex_exit_veneer>
10006d5a:	0030      	movs	r0, r6
10006d5c:	bdf8      	pop	{r3, r4, r5, r6, r7, pc}
10006d5e:	002b      	movs	r3, r5
10006d60:	4295      	cmp	r5, r2
10006d62:	d31c      	bcc.n	10006d9e <tu_fifo_write+0x82>
10006d64:	1a9b      	subs	r3, r3, r2
10006d66:	b29b      	uxth	r3, r3
10006d68:	4293      	cmp	r3, r2
10006d6a:	d2fb      	bcs.n	10006d64 <tu_fifo_write+0x48>
10006d6c:	88e2      	ldrh	r2, [r4, #6]
10006d6e:	6820      	ldr	r0, [r4, #0]
10006d70:	0452      	lsls	r2, r2, #17
10006d72:	0c52      	lsrs	r2, r2, #17
10006d74:	4353      	muls	r3, r2
10006d76:	0039      	movs	r1, r7
10006d78:	18c0      	adds	r0, r0, r3
10006d7a:	f7fb ff35 	bl	10002be8 <__wrap___aeabi_memcpy>
10006d7e:	1c6b      	adds	r3, r5, #1
10006d80:	b29b      	uxth	r3, r3
10006d82:	88a2      	ldrh	r2, [r4, #4]
10006d84:	429d      	cmp	r5, r3
10006d86:	d916      	bls.n	10006db6 <tu_fifo_write+0x9a>
10006d88:	2300      	movs	r3, #0
10006d8a:	0052      	lsls	r2, r2, #1
10006d8c:	1a9b      	subs	r3, r3, r2
10006d8e:	2601      	movs	r6, #1
10006d90:	8123      	strh	r3, [r4, #8]
10006d92:	e7dd      	b.n	10006d50 <tu_fifo_write+0x34>
10006d94:	0051      	lsls	r1, r2, #1
10006d96:	1b89      	subs	r1, r1, r6
10006d98:	185b      	adds	r3, r3, r1
10006d9a:	b29b      	uxth	r3, r3
10006d9c:	e7d3      	b.n	10006d46 <tu_fifo_write+0x2a>
10006d9e:	88e2      	ldrh	r2, [r4, #6]
10006da0:	6820      	ldr	r0, [r4, #0]
10006da2:	0452      	lsls	r2, r2, #17
10006da4:	0c52      	lsrs	r2, r2, #17
10006da6:	4353      	muls	r3, r2
10006da8:	0039      	movs	r1, r7
10006daa:	18c0      	adds	r0, r0, r3
10006dac:	f7fb ff1c 	bl	10002be8 <__wrap___aeabi_memcpy>
10006db0:	3501      	adds	r5, #1
10006db2:	88a2      	ldrh	r2, [r4, #4]
10006db4:	b2ab      	uxth	r3, r5
10006db6:	0052      	lsls	r2, r2, #1
10006db8:	4293      	cmp	r3, r2
10006dba:	dbe8      	blt.n	10006d8e <tu_fifo_write+0x72>
10006dbc:	e7e6      	b.n	10006d8c <tu_fifo_write+0x70>
10006dbe:	46c0      	nop			@ (mov r8, r8)

10006dc0 <tu_fifo_write_n>:
10006dc0:	b5f0      	push	{r4, r5, r6, r7, lr}
10006dc2:	464e      	mov	r6, r9
10006dc4:	4645      	mov	r5, r8
10006dc6:	46de      	mov	lr, fp
10006dc8:	4657      	mov	r7, sl
10006dca:	b5e0      	push	{r5, r6, r7, lr}
10006dcc:	4689      	mov	r9, r1
10006dce:	0005      	movs	r5, r0
10006dd0:	0016      	movs	r6, r2
10006dd2:	b083      	sub	sp, #12
10006dd4:	2a00      	cmp	r2, #0
10006dd6:	d06b      	beq.n	10006eb0 <tu_fifo_write_n+0xf0>
10006dd8:	68c0      	ldr	r0, [r0, #12]
10006dda:	2800      	cmp	r0, #0
10006ddc:	d003      	beq.n	10006de6 <tu_fifo_write_n+0x26>
10006dde:	2101      	movs	r1, #1
10006de0:	4249      	negs	r1, r1
10006de2:	f000 fa01 	bl	100071e8 <__mutex_enter_timeout_ms_veneer>
10006de6:	892f      	ldrh	r7, [r5, #8]
10006de8:	79ea      	ldrb	r2, [r5, #7]
10006dea:	b2bb      	uxth	r3, r7
10006dec:	4698      	mov	r8, r3
10006dee:	896b      	ldrh	r3, [r5, #10]
10006df0:	88af      	ldrh	r7, [r5, #4]
10006df2:	b29b      	uxth	r3, r3
10006df4:	09d2      	lsrs	r2, r2, #7
10006df6:	d13d      	bne.n	10006e74 <tu_fifo_write_n+0xb4>
10006df8:	4598      	cmp	r8, r3
10006dfa:	d262      	bcs.n	10006ec2 <tu_fifo_write_n+0x102>
10006dfc:	007a      	lsls	r2, r7, #1
10006dfe:	1ad3      	subs	r3, r2, r3
10006e00:	4443      	add	r3, r8
10006e02:	b29b      	uxth	r3, r3
10006e04:	42bb      	cmp	r3, r7
10006e06:	d261      	bcs.n	10006ecc <tu_fifo_write_n+0x10c>
10006e08:	1afb      	subs	r3, r7, r3
10006e0a:	1c1a      	adds	r2, r3, #0
10006e0c:	b29b      	uxth	r3, r3
10006e0e:	42b3      	cmp	r3, r6
10006e10:	d900      	bls.n	10006e14 <tu_fifo_write_n+0x54>
10006e12:	1c32      	adds	r2, r6, #0
10006e14:	b296      	uxth	r6, r2
10006e16:	1bf3      	subs	r3, r6, r7
10006e18:	9301      	str	r3, [sp, #4]
10006e1a:	4643      	mov	r3, r8
10006e1c:	18f3      	adds	r3, r6, r3
10006e1e:	b29b      	uxth	r3, r3
10006e20:	469b      	mov	fp, r3
10006e22:	88ea      	ldrh	r2, [r5, #6]
10006e24:	4644      	mov	r4, r8
10006e26:	45b8      	cmp	r8, r7
10006e28:	d303      	bcc.n	10006e32 <tu_fifo_write_n+0x72>
10006e2a:	1be4      	subs	r4, r4, r7
10006e2c:	b2a4      	uxth	r4, r4
10006e2e:	42bc      	cmp	r4, r7
10006e30:	d2fb      	bcs.n	10006e2a <tu_fifo_write_n+0x6a>
10006e32:	0452      	lsls	r2, r2, #17
10006e34:	1b3b      	subs	r3, r7, r4
10006e36:	0c57      	lsrs	r7, r2, #17
10006e38:	003a      	movs	r2, r7
10006e3a:	4362      	muls	r2, r4
10006e3c:	6828      	ldr	r0, [r5, #0]
10006e3e:	b29b      	uxth	r3, r3
10006e40:	1880      	adds	r0, r0, r2
10006e42:	42b3      	cmp	r3, r6
10006e44:	d356      	bcc.n	10006ef4 <tu_fifo_write_n+0x134>
10006e46:	003a      	movs	r2, r7
10006e48:	4649      	mov	r1, r9
10006e4a:	4372      	muls	r2, r6
10006e4c:	f7fb fecc 	bl	10002be8 <__wrap___aeabi_memcpy>
10006e50:	88ab      	ldrh	r3, [r5, #4]
10006e52:	005b      	lsls	r3, r3, #1
10006e54:	45d8      	cmp	r8, fp
10006e56:	d801      	bhi.n	10006e5c <tu_fifo_write_n+0x9c>
10006e58:	459b      	cmp	fp, r3
10006e5a:	db02      	blt.n	10006e62 <tu_fifo_write_n+0xa2>
10006e5c:	465a      	mov	r2, fp
10006e5e:	1ad3      	subs	r3, r2, r3
10006e60:	469b      	mov	fp, r3
10006e62:	465b      	mov	r3, fp
10006e64:	0037      	movs	r7, r6
10006e66:	812b      	strh	r3, [r5, #8]
10006e68:	68e8      	ldr	r0, [r5, #12]
10006e6a:	2800      	cmp	r0, #0
10006e6c:	d021      	beq.n	10006eb2 <tu_fifo_write_n+0xf2>
10006e6e:	f000 f99b 	bl	100071a8 <__mutex_exit_veneer>
10006e72:	e01e      	b.n	10006eb2 <tu_fifo_write_n+0xf2>
10006e74:	42be      	cmp	r6, r7
10006e76:	d22b      	bcs.n	10006ed0 <tu_fifo_write_n+0x110>
10006e78:	4598      	cmp	r8, r3
10006e7a:	d34c      	bcc.n	10006f16 <tu_fifo_write_n+0x156>
10006e7c:	4642      	mov	r2, r8
10006e7e:	1ad2      	subs	r2, r2, r3
10006e80:	b292      	uxth	r2, r2
10006e82:	0079      	lsls	r1, r7, #1
10006e84:	1bf0      	subs	r0, r6, r7
10006e86:	1992      	adds	r2, r2, r6
10006e88:	9001      	str	r0, [sp, #4]
10006e8a:	428a      	cmp	r2, r1
10006e8c:	dbc5      	blt.n	10006e1a <tu_fifo_write_n+0x5a>
10006e8e:	19da      	adds	r2, r3, r7
10006e90:	b292      	uxth	r2, r2
10006e92:	4693      	mov	fp, r2
10006e94:	1b92      	subs	r2, r2, r6
10006e96:	b292      	uxth	r2, r2
10006e98:	4690      	mov	r8, r2
10006e9a:	4293      	cmp	r3, r2
10006e9c:	d940      	bls.n	10006f20 <tu_fifo_write_n+0x160>
10006e9e:	4643      	mov	r3, r8
10006ea0:	1a59      	subs	r1, r3, r1
10006ea2:	b28b      	uxth	r3, r1
10006ea4:	4698      	mov	r8, r3
10006ea6:	18f3      	adds	r3, r6, r3
10006ea8:	b29b      	uxth	r3, r3
10006eaa:	469b      	mov	fp, r3
10006eac:	88ea      	ldrh	r2, [r5, #6]
10006eae:	e7b9      	b.n	10006e24 <tu_fifo_write_n+0x64>
10006eb0:	2700      	movs	r7, #0
10006eb2:	0038      	movs	r0, r7
10006eb4:	b003      	add	sp, #12
10006eb6:	bcf0      	pop	{r4, r5, r6, r7}
10006eb8:	46bb      	mov	fp, r7
10006eba:	46b2      	mov	sl, r6
10006ebc:	46a9      	mov	r9, r5
10006ebe:	46a0      	mov	r8, r4
10006ec0:	bdf0      	pop	{r4, r5, r6, r7, pc}
10006ec2:	4642      	mov	r2, r8
10006ec4:	1ad3      	subs	r3, r2, r3
10006ec6:	b29b      	uxth	r3, r3
10006ec8:	42bb      	cmp	r3, r7
10006eca:	d39d      	bcc.n	10006e08 <tu_fifo_write_n+0x48>
10006ecc:	2700      	movs	r7, #0
10006ece:	e7cb      	b.n	10006e68 <tu_fifo_write_n+0xa8>
10006ed0:	2f00      	cmp	r7, #0
10006ed2:	d0c9      	beq.n	10006e68 <tu_fifo_write_n+0xa8>
10006ed4:	46cc      	mov	ip, r9
10006ed6:	88ea      	ldrh	r2, [r5, #6]
10006ed8:	1bf6      	subs	r6, r6, r7
10006eda:	0451      	lsls	r1, r2, #17
10006edc:	0c49      	lsrs	r1, r1, #17
10006ede:	4371      	muls	r1, r6
10006ee0:	4698      	mov	r8, r3
10006ee2:	448c      	add	ip, r1
10006ee4:	19d9      	adds	r1, r3, r7
10006ee6:	2300      	movs	r3, #0
10006ee8:	b289      	uxth	r1, r1
10006eea:	46e1      	mov	r9, ip
10006eec:	468b      	mov	fp, r1
10006eee:	003e      	movs	r6, r7
10006ef0:	9301      	str	r3, [sp, #4]
10006ef2:	e797      	b.n	10006e24 <tu_fifo_write_n+0x64>
10006ef4:	437b      	muls	r3, r7
10006ef6:	b29b      	uxth	r3, r3
10006ef8:	001a      	movs	r2, r3
10006efa:	4649      	mov	r1, r9
10006efc:	469a      	mov	sl, r3
10006efe:	f7fb fe73 	bl	10002be8 <__wrap___aeabi_memcpy>
10006f02:	4649      	mov	r1, r9
10006f04:	9b01      	ldr	r3, [sp, #4]
10006f06:	6828      	ldr	r0, [r5, #0]
10006f08:	18e2      	adds	r2, r4, r3
10006f0a:	437a      	muls	r2, r7
10006f0c:	4451      	add	r1, sl
10006f0e:	b292      	uxth	r2, r2
10006f10:	f7fb fe6a 	bl	10002be8 <__wrap___aeabi_memcpy>
10006f14:	e79c      	b.n	10006e50 <tu_fifo_write_n+0x90>
10006f16:	0079      	lsls	r1, r7, #1
10006f18:	1aca      	subs	r2, r1, r3
10006f1a:	4442      	add	r2, r8
10006f1c:	b292      	uxth	r2, r2
10006f1e:	e7b1      	b.n	10006e84 <tu_fifo_write_n+0xc4>
10006f20:	4291      	cmp	r1, r2
10006f22:	ddbc      	ble.n	10006e9e <tu_fifo_write_n+0xde>
10006f24:	e7c2      	b.n	10006eac <tu_fifo_write_n+0xec>
10006f26:	46c0      	nop			@ (mov r8, r8)

10006f28 <tu_fifo_clear>:
10006f28:	b510      	push	{r4, lr}
10006f2a:	0004      	movs	r4, r0
10006f2c:	68c0      	ldr	r0, [r0, #12]
10006f2e:	2800      	cmp	r0, #0
10006f30:	d003      	beq.n	10006f3a <tu_fifo_clear+0x12>
10006f32:	2101      	movs	r1, #1
10006f34:	4249      	negs	r1, r1
10006f36:	f000 f957 	bl	100071e8 <__mutex_enter_timeout_ms_veneer>
10006f3a:	6920      	ldr	r0, [r4, #16]
10006f3c:	2800      	cmp	r0, #0
10006f3e:	d003      	beq.n	10006f48 <tu_fifo_clear+0x20>
10006f40:	2101      	movs	r1, #1
10006f42:	4249      	negs	r1, r1
10006f44:	f000 f950 	bl	100071e8 <__mutex_enter_timeout_ms_veneer>
10006f48:	2300      	movs	r3, #0
10006f4a:	68e0      	ldr	r0, [r4, #12]
10006f4c:	8163      	strh	r3, [r4, #10]
10006f4e:	8123      	strh	r3, [r4, #8]
10006f50:	2800      	cmp	r0, #0
10006f52:	d001      	beq.n	10006f58 <tu_fifo_clear+0x30>
10006f54:	f000 f928 	bl	100071a8 <__mutex_exit_veneer>
10006f58:	6920      	ldr	r0, [r4, #16]
10006f5a:	2800      	cmp	r0, #0
10006f5c:	d001      	beq.n	10006f62 <tu_fifo_clear+0x3a>
10006f5e:	f000 f923 	bl	100071a8 <__mutex_exit_veneer>
10006f62:	2001      	movs	r0, #1
10006f64:	bd10      	pop	{r4, pc}
10006f66:	46c0      	nop			@ (mov r8, r8)

10006f68 <tu_fifo_set_overwritable>:
10006f68:	b570      	push	{r4, r5, r6, lr}
10006f6a:	0004      	movs	r4, r0
10006f6c:	68c0      	ldr	r0, [r0, #12]
10006f6e:	000d      	movs	r5, r1
10006f70:	2800      	cmp	r0, #0
10006f72:	d003      	beq.n	10006f7c <tu_fifo_set_overwritable+0x14>
10006f74:	2101      	movs	r1, #1
10006f76:	4249      	negs	r1, r1
10006f78:	f000 f936 	bl	100071e8 <__mutex_enter_timeout_ms_veneer>
10006f7c:	6920      	ldr	r0, [r4, #16]
10006f7e:	2800      	cmp	r0, #0
10006f80:	d003      	beq.n	10006f8a <tu_fifo_set_overwritable+0x22>
10006f82:	2101      	movs	r1, #1
10006f84:	4249      	negs	r1, r1
10006f86:	f000 f92f 	bl	100071e8 <__mutex_enter_timeout_ms_veneer>
10006f8a:	217f      	movs	r1, #127	@ 0x7f
10006f8c:	79e2      	ldrb	r2, [r4, #7]
10006f8e:	01eb      	lsls	r3, r5, #7
10006f90:	4011      	ands	r1, r2
10006f92:	68e0      	ldr	r0, [r4, #12]
10006f94:	4319      	orrs	r1, r3
10006f96:	71e1      	strb	r1, [r4, #7]
10006f98:	2800      	cmp	r0, #0
10006f9a:	d001      	beq.n	10006fa0 <tu_fifo_set_overwritable+0x38>
10006f9c:	f000 f904 	bl	100071a8 <__mutex_exit_veneer>
10006fa0:	6920      	ldr	r0, [r4, #16]
10006fa2:	2800      	cmp	r0, #0
10006fa4:	d001      	beq.n	10006faa <tu_fifo_set_overwritable+0x42>
10006fa6:	f000 f8ff 	bl	100071a8 <__mutex_exit_veneer>
10006faa:	2001      	movs	r0, #1
10006fac:	bd70      	pop	{r4, r5, r6, pc}
10006fae:	46c0      	nop			@ (mov r8, r8)

10006fb0 <adc_init>:
10006fb0:	2301      	movs	r3, #1
10006fb2:	2101      	movs	r1, #1
10006fb4:	4a08      	ldr	r2, [pc, #32]	@ (10006fd8 <adc_init+0x28>)
10006fb6:	6013      	str	r3, [r2, #0]
10006fb8:	4a08      	ldr	r2, [pc, #32]	@ (10006fdc <adc_init+0x2c>)
10006fba:	6013      	str	r3, [r2, #0]
10006fbc:	4a08      	ldr	r2, [pc, #32]	@ (10006fe0 <adc_init+0x30>)
10006fbe:	0008      	movs	r0, r1
10006fc0:	6813      	ldr	r3, [r2, #0]
10006fc2:	4398      	bics	r0, r3
10006fc4:	d1fb      	bne.n	10006fbe <adc_init+0xe>
10006fc6:	4a07      	ldr	r2, [pc, #28]	@ (10006fe4 <adc_init+0x34>)
10006fc8:	6011      	str	r1, [r2, #0]
10006fca:	2180      	movs	r1, #128	@ 0x80
10006fcc:	0049      	lsls	r1, r1, #1
10006fce:	6813      	ldr	r3, [r2, #0]
10006fd0:	420b      	tst	r3, r1
10006fd2:	d0fc      	beq.n	10006fce <adc_init+0x1e>
10006fd4:	4770      	bx	lr
10006fd6:	46c0      	nop			@ (mov r8, r8)
10006fd8:	4000e000 	.word	0x4000e000
10006fdc:	4000f000 	.word	0x4000f000
10006fe0:	4000c008 	.word	0x4000c008
10006fe4:	4004c000 	.word	0x4004c000

10006fe8 <strchr>:
10006fe8:	2303      	movs	r3, #3
10006fea:	b2ca      	uxtb	r2, r1
10006fec:	b530      	push	{r4, r5, lr}
10006fee:	4003      	ands	r3, r0
10006ff0:	000c      	movs	r4, r1
10006ff2:	2a00      	cmp	r2, #0
10006ff4:	d02c      	beq.n	10007050 <strchr+0x68>
10006ff6:	2103      	movs	r1, #3
10006ff8:	2b00      	cmp	r3, #0
10006ffa:	d124      	bne.n	10007046 <strchr+0x5e>
10006ffc:	21ff      	movs	r1, #255	@ 0xff
10006ffe:	4021      	ands	r1, r4
10007000:	020b      	lsls	r3, r1, #8
10007002:	185b      	adds	r3, r3, r1
10007004:	469c      	mov	ip, r3
10007006:	0419      	lsls	r1, r3, #16
10007008:	448c      	add	ip, r1
1000700a:	e000      	b.n	1000700e <strchr+0x26>
1000700c:	3004      	adds	r0, #4
1000700e:	4664      	mov	r4, ip
10007010:	6801      	ldr	r1, [r0, #0]
10007012:	4d20      	ldr	r5, [pc, #128]	@ (10007094 <strchr+0xac>)
10007014:	404c      	eors	r4, r1
10007016:	194b      	adds	r3, r1, r5
10007018:	438b      	bics	r3, r1
1000701a:	1961      	adds	r1, r4, r5
1000701c:	43a1      	bics	r1, r4
1000701e:	430b      	orrs	r3, r1
10007020:	491d      	ldr	r1, [pc, #116]	@ (10007098 <strchr+0xb0>)
10007022:	420b      	tst	r3, r1
10007024:	d0f2      	beq.n	1000700c <strchr+0x24>
10007026:	7803      	ldrb	r3, [r0, #0]
10007028:	2b00      	cmp	r3, #0
1000702a:	d005      	beq.n	10007038 <strchr+0x50>
1000702c:	429a      	cmp	r2, r3
1000702e:	d004      	beq.n	1000703a <strchr+0x52>
10007030:	7843      	ldrb	r3, [r0, #1]
10007032:	3001      	adds	r0, #1
10007034:	2b00      	cmp	r3, #0
10007036:	d1f9      	bne.n	1000702c <strchr+0x44>
10007038:	2000      	movs	r0, #0
1000703a:	bd30      	pop	{r4, r5, pc}
1000703c:	4293      	cmp	r3, r2
1000703e:	d0fc      	beq.n	1000703a <strchr+0x52>
10007040:	3001      	adds	r0, #1
10007042:	4208      	tst	r0, r1
10007044:	d0da      	beq.n	10006ffc <strchr+0x14>
10007046:	7803      	ldrb	r3, [r0, #0]
10007048:	2b00      	cmp	r3, #0
1000704a:	d1f7      	bne.n	1000703c <strchr+0x54>
1000704c:	2000      	movs	r0, #0
1000704e:	e7f4      	b.n	1000703a <strchr+0x52>
10007050:	2b00      	cmp	r3, #0
10007052:	d008      	beq.n	10007066 <strchr+0x7e>
10007054:	2203      	movs	r2, #3
10007056:	e002      	b.n	1000705e <strchr+0x76>
10007058:	3001      	adds	r0, #1
1000705a:	4210      	tst	r0, r2
1000705c:	d003      	beq.n	10007066 <strchr+0x7e>
1000705e:	7803      	ldrb	r3, [r0, #0]
10007060:	2b00      	cmp	r3, #0
10007062:	d1f9      	bne.n	10007058 <strchr+0x70>
10007064:	e7e9      	b.n	1000703a <strchr+0x52>
10007066:	6802      	ldr	r2, [r0, #0]
10007068:	4b0a      	ldr	r3, [pc, #40]	@ (10007094 <strchr+0xac>)
1000706a:	490b      	ldr	r1, [pc, #44]	@ (10007098 <strchr+0xb0>)
1000706c:	18d3      	adds	r3, r2, r3
1000706e:	4393      	bics	r3, r2
10007070:	420b      	tst	r3, r1
10007072:	d106      	bne.n	10007082 <strchr+0x9a>
10007074:	6842      	ldr	r2, [r0, #4]
10007076:	4b07      	ldr	r3, [pc, #28]	@ (10007094 <strchr+0xac>)
10007078:	3004      	adds	r0, #4
1000707a:	18d3      	adds	r3, r2, r3
1000707c:	4393      	bics	r3, r2
1000707e:	420b      	tst	r3, r1
10007080:	d0f8      	beq.n	10007074 <strchr+0x8c>
10007082:	7803      	ldrb	r3, [r0, #0]
10007084:	2b00      	cmp	r3, #0
10007086:	d0d8      	beq.n	1000703a <strchr+0x52>
10007088:	7843      	ldrb	r3, [r0, #1]
1000708a:	3001      	adds	r0, #1
1000708c:	2b00      	cmp	r3, #0
1000708e:	d1fb      	bne.n	10007088 <strchr+0xa0>
10007090:	e7d3      	b.n	1000703a <strchr+0x52>
10007092:	46c0      	nop			@ (mov r8, r8)
10007094:	fefefeff 	.word	0xfefefeff
10007098:	80808080 	.word	0x80808080

1000709c <strcmp>:
1000709c:	4602      	mov	r2, r0
1000709e:	b570      	push	{r4, r5, r6, lr}
100070a0:	430a      	orrs	r2, r1
100070a2:	0792      	lsls	r2, r2, #30
100070a4:	d12a      	bne.n	100070fc <strcmp+0x60>
100070a6:	4d1e      	ldr	r5, [pc, #120]	@ (10007120 <strcmp+0x84>)
100070a8:	01ee      	lsls	r6, r5, #7
100070aa:	c804      	ldmia	r0!, {r2}
100070ac:	c908      	ldmia	r1!, {r3}
100070ae:	1b54      	subs	r4, r2, r5
100070b0:	4394      	bics	r4, r2
100070b2:	4034      	ands	r4, r6
100070b4:	d017      	beq.n	100070e6 <strcmp+0x4a>
100070b6:	b2d0      	uxtb	r0, r2
100070b8:	b2d9      	uxtb	r1, r3
100070ba:	1a40      	subs	r0, r0, r1
100070bc:	0621      	lsls	r1, r4, #24
100070be:	4301      	orrs	r1, r0
100070c0:	d110      	bne.n	100070e4 <strcmp+0x48>
100070c2:	b290      	uxth	r0, r2
100070c4:	b299      	uxth	r1, r3
100070c6:	1a40      	subs	r0, r0, r1
100070c8:	0421      	lsls	r1, r4, #16
100070ca:	4301      	orrs	r1, r0
100070cc:	d10a      	bne.n	100070e4 <strcmp+0x48>
100070ce:	0210      	lsls	r0, r2, #8
100070d0:	0219      	lsls	r1, r3, #8
100070d2:	0a00      	lsrs	r0, r0, #8
100070d4:	0a09      	lsrs	r1, r1, #8
100070d6:	1a40      	subs	r0, r0, r1
100070d8:	0221      	lsls	r1, r4, #8
100070da:	4301      	orrs	r1, r0
100070dc:	d102      	bne.n	100070e4 <strcmp+0x48>
100070de:	0e10      	lsrs	r0, r2, #24
100070e0:	0e19      	lsrs	r1, r3, #24
100070e2:	1a40      	subs	r0, r0, r1
100070e4:	bd70      	pop	{r4, r5, r6, pc}
100070e6:	429a      	cmp	r2, r3
100070e8:	d0df      	beq.n	100070aa <strcmp+0xe>
100070ea:	ba10      	rev	r0, r2
100070ec:	ba19      	rev	r1, r3
100070ee:	4288      	cmp	r0, r1
100070f0:	d901      	bls.n	100070f6 <strcmp+0x5a>
100070f2:	2001      	movs	r0, #1
100070f4:	bd70      	pop	{r4, r5, r6, pc}
100070f6:	2000      	movs	r0, #0
100070f8:	43c0      	mvns	r0, r0
100070fa:	bd70      	pop	{r4, r5, r6, pc}
100070fc:	7802      	ldrb	r2, [r0, #0]
100070fe:	780b      	ldrb	r3, [r1, #0]
10007100:	3001      	adds	r0, #1
10007102:	3101      	adds	r1, #1
10007104:	2a00      	cmp	r2, #0
10007106:	d009      	beq.n	1000711c <strcmp+0x80>
10007108:	429a      	cmp	r2, r3
1000710a:	d107      	bne.n	1000711c <strcmp+0x80>
1000710c:	7802      	ldrb	r2, [r0, #0]
1000710e:	780b      	ldrb	r3, [r1, #0]
10007110:	3001      	adds	r0, #1
10007112:	3101      	adds	r1, #1
10007114:	2a00      	cmp	r2, #0
10007116:	d001      	beq.n	1000711c <strcmp+0x80>
10007118:	429a      	cmp	r2, r3
1000711a:	d0ef      	beq.n	100070fc <strcmp+0x60>
1000711c:	1ad0      	subs	r0, r2, r3
1000711e:	bd70      	pop	{r4, r5, r6, pc}
10007120:	01010101 	.word	0x01010101

10007124 <strlen>:
10007124:	0003      	movs	r3, r0
10007126:	4684      	mov	ip, r0
10007128:	079b      	lsls	r3, r3, #30
1000712a:	d00b      	beq.n	10007144 <strlen+0x20>
1000712c:	0003      	movs	r3, r0
1000712e:	2103      	movs	r1, #3
10007130:	e002      	b.n	10007138 <strlen+0x14>
10007132:	3301      	adds	r3, #1
10007134:	420b      	tst	r3, r1
10007136:	d006      	beq.n	10007146 <strlen+0x22>
10007138:	781a      	ldrb	r2, [r3, #0]
1000713a:	2a00      	cmp	r2, #0
1000713c:	d1f9      	bne.n	10007132 <strlen+0xe>
1000713e:	4662      	mov	r2, ip
10007140:	1a98      	subs	r0, r3, r2
10007142:	4770      	bx	lr
10007144:	0003      	movs	r3, r0
10007146:	6819      	ldr	r1, [r3, #0]
10007148:	4a0c      	ldr	r2, [pc, #48]	@ (1000717c <strlen+0x58>)
1000714a:	480d      	ldr	r0, [pc, #52]	@ (10007180 <strlen+0x5c>)
1000714c:	188a      	adds	r2, r1, r2
1000714e:	438a      	bics	r2, r1
10007150:	4202      	tst	r2, r0
10007152:	d10f      	bne.n	10007174 <strlen+0x50>
10007154:	6859      	ldr	r1, [r3, #4]
10007156:	4a09      	ldr	r2, [pc, #36]	@ (1000717c <strlen+0x58>)
10007158:	3304      	adds	r3, #4
1000715a:	188a      	adds	r2, r1, r2
1000715c:	438a      	bics	r2, r1
1000715e:	4202      	tst	r2, r0
10007160:	d108      	bne.n	10007174 <strlen+0x50>
10007162:	6859      	ldr	r1, [r3, #4]
10007164:	4a05      	ldr	r2, [pc, #20]	@ (1000717c <strlen+0x58>)
10007166:	3304      	adds	r3, #4
10007168:	188a      	adds	r2, r1, r2
1000716a:	438a      	bics	r2, r1
1000716c:	4202      	tst	r2, r0
1000716e:	d0f1      	beq.n	10007154 <strlen+0x30>
10007170:	e000      	b.n	10007174 <strlen+0x50>
10007172:	3301      	adds	r3, #1
10007174:	781a      	ldrb	r2, [r3, #0]
10007176:	2a00      	cmp	r2, #0
10007178:	d1fb      	bne.n	10007172 <strlen+0x4e>
1000717a:	e7e0      	b.n	1000713e <strlen+0x1a>
1000717c:	fefefeff 	.word	0xfefefeff
10007180:	80808080 	.word	0x80808080

10007184 <_fini>:
10007184:	b5f8      	push	{r3, r4, r5, r6, r7, lr}
10007186:	46c0      	nop			@ (mov r8, r8)

10007188 <__e15_is_critical_frame_period_veneer>:
10007188:	b401      	push	{r0}
1000718a:	4802      	ldr	r0, [pc, #8]	@ (10007194 <__e15_is_critical_frame_period_veneer+0xc>)
1000718c:	4684      	mov	ip, r0
1000718e:	bc01      	pop	{r0}
10007190:	4760      	bx	ip
10007192:	bf00      	nop
10007194:	20000c05 	.word	0x20000c05

10007198 <__flash_do_cmd_veneer>:
10007198:	b401      	push	{r0}
1000719a:	4802      	ldr	r0, [pc, #8]	@ (100071a4 <__flash_do_cmd_veneer+0xc>)
1000719c:	4684      	mov	ip, r0
1000719e:	bc01      	pop	{r0}
100071a0:	4760      	bx	ip
100071a2:	bf00      	nop
100071a4:	20000301 	.word	0x20000301

100071a8 <__mutex_exit_veneer>:
100071a8:	b401      	push	{r0}
100071aa:	4802      	ldr	r0, [pc, #8]	@ (100071b4 <__mutex_exit_veneer+0xc>)
100071ac:	4684      	mov	ip, r0
100071ae:	bc01      	pop	{r0}
100071b0:	4760      	bx	ip
100071b2:	bf00      	nop
100071b4:	20000225 	.word	0x20000225

100071b8 <____aeabi_ldiv0_veneer>:
100071b8:	b401      	push	{r0}
100071ba:	4802      	ldr	r0, [pc, #8]	@ (100071c4 <____aeabi_ldiv0_veneer+0xc>)
100071bc:	4684      	mov	ip, r0
100071be:	bc01      	pop	{r0}
100071c0:	4760      	bx	ip
100071c2:	bf00      	nop
100071c4:	20000f11 	.word	0x20000f11

100071c8 <____aeabi_idiv0_veneer>:
100071c8:	b401      	push	{r0}
100071ca:	4802      	ldr	r0, [pc, #8]	@ (100071d4 <____aeabi_idiv0_veneer+0xc>)
100071cc:	4684      	mov	ip, r0
100071ce:	bc01      	pop	{r0}
100071d0:	4760      	bx	ip
100071d2:	bf00      	nop
100071d4:	20000f11 	.word	0x20000f11

100071d8 <__mutex_try_enter_veneer>:
100071d8:	b401      	push	{r0}
100071da:	4802      	ldr	r0, [pc, #8]	@ (100071e4 <__mutex_try_enter_veneer+0xc>)
100071dc:	4684      	mov	ip, r0
100071de:	bc01      	pop	{r0}
100071e0:	4760      	bx	ip
100071e2:	bf00      	nop
100071e4:	200000c1 	.word	0x200000c1

100071e8 <__mutex_enter_timeout_ms_veneer>:
100071e8:	b401      	push	{r0}
100071ea:	4802      	ldr	r0, [pc, #8]	@ (100071f4 <__mutex_enter_timeout_ms_veneer+0xc>)
100071ec:	4684      	mov	ip, r0
100071ee:	bc01      	pop	{r0}
100071f0:	4760      	bx	ip
100071f2:	bf00      	nop
100071f4:	20000199 	.word	0x20000199

100071f8 <__e15_is_bulkin_ep_veneer>:
100071f8:	b401      	push	{r0}
100071fa:	4802      	ldr	r0, [pc, #8]	@ (10007204 <__e15_is_bulkin_ep_veneer+0xc>)
100071fc:	4684      	mov	ip, r0
100071fe:	bc01      	pop	{r0}
10007200:	4760      	bx	ip
10007202:	bf00      	nop
10007204:	20000bdd 	.word	0x20000bdd

10007208 <__mutex_try_enter_block_until_veneer>:
10007208:	b401      	push	{r0}
1000720a:	4802      	ldr	r0, [pc, #8]	@ (10007214 <__mutex_try_enter_block_until_veneer+0xc>)
1000720c:	4684      	mov	ip, r0
1000720e:	bc01      	pop	{r0}
10007210:	4760      	bx	ip
10007212:	bf00      	nop
10007214:	20000101 	.word	0x20000101

10007218 <__hw_endpoint_start_next_buffer_veneer>:
10007218:	b401      	push	{r0}
1000721a:	4802      	ldr	r0, [pc, #8]	@ (10007224 <__hw_endpoint_start_next_buffer_veneer+0xc>)
1000721c:	4684      	mov	ip, r0
1000721e:	bc01      	pop	{r0}
10007220:	4760      	bx	ip
10007222:	bf00      	nop
10007224:	20000c91 	.word	0x20000c91

10007228 <__reset_non_control_endpoints_veneer>:
10007228:	b401      	push	{r0}
1000722a:	4802      	ldr	r0, [pc, #8]	@ (10007234 <__reset_non_control_endpoints_veneer+0xc>)
1000722c:	4684      	mov	ip, r0
1000722e:	bc01      	pop	{r0}
10007230:	4760      	bx	ip
10007232:	bf00      	nop
10007234:	20000425 	.word	0x20000425

10007238 <___hw_endpoint_buffer_control_update32_veneer>:
10007238:	b401      	push	{r0}
1000723a:	4802      	ldr	r0, [pc, #8]	@ (10007244 <___hw_endpoint_buffer_control_update32_veneer+0xc>)
1000723c:	4684      	mov	ip, r0
1000723e:	bc01      	pop	{r0}
10007240:	4760      	bx	ip
10007242:	bf00      	nop
10007244:	20000c41 	.word	0x20000c41

10007248 <__pre_init_runtime_init_early_resets>:
10007248:	10001b49                                I...

1000724c <__pre_init_runtime_init_usb_power_down>:
1000724c:	10001b75 10001d5d 10002bcd 10002419     u...]....+...$..
1000725c:	10002b09                                .+..

10007260 <__pre_init_runtime_init_clocks>:
10007260:	10001c85                                ....

10007264 <__pre_init_runtime_init_post_clock_resets>:
10007264:	10001b91                                ....

10007268 <__pre_init_runtime_init_rp2040_gpio_ie_disable>:
10007268:	10001bb1                                ....

1000726c <__pre_init_runtime_init_spin_locks_reset>:
1000726c:	10001bc5                                ....

10007270 <__pre_init_runtime_init_mutex>:
10007270:	10000dcd                                ....

10007274 <__pre_init_runtime_init_install_ram_vector_table>:
10007274:	10001bcd                                ....

10007278 <__pre_init_runtime_init_default_alarm_pool>:
10007278:	1000118d                                ....

1000727c <__pre_init_first_per_core_initializer>:
1000727c:	10001b11                                ....

10007280 <__pre_init_runtime_init_per_core_irq_priorities>:
10007280:	10000a0d                                ....

10007284 <__init_array_start>:
10007284:	10004dad 	.word	0x10004dad

10007288 <__frame_dummy_init_array_entry>:
10007288:	100002b1                                ....

Disassembly of section .data:

200000c0 <mutex_try_enter>:
200000c0:	0003      	movs	r3, r0
200000c2:	6800      	ldr	r0, [r0, #0]
200000c4:	f3ef 8c10 	mrs	ip, PRIMASK
200000c8:	b672      	cpsid	i
200000ca:	6802      	ldr	r2, [r0, #0]
200000cc:	2a00      	cmp	r2, #0
200000ce:	d0fc      	beq.n	200000ca <mutex_try_enter+0xa>
200000d0:	f3bf 8f5f 	dmb	sy
200000d4:	2204      	movs	r2, #4
200000d6:	569a      	ldrsb	r2, [r3, r2]
200000d8:	2a00      	cmp	r2, #0
200000da:	db0b      	blt.n	200000f4 <mutex_try_enter+0x34>
200000dc:	2900      	cmp	r1, #0
200000de:	d000      	beq.n	200000e2 <mutex_try_enter+0x22>
200000e0:	600a      	str	r2, [r1, #0]
200000e2:	2000      	movs	r0, #0
200000e4:	681b      	ldr	r3, [r3, #0]
200000e6:	f3bf 8f5f 	dmb	sy
200000ea:	2200      	movs	r2, #0
200000ec:	601a      	str	r2, [r3, #0]
200000ee:	f38c 8810 	msr	PRIMASK, ip
200000f2:	4770      	bx	lr
200000f4:	22d0      	movs	r2, #208	@ 0xd0
200000f6:	0612      	lsls	r2, r2, #24
200000f8:	6812      	ldr	r2, [r2, #0]
200000fa:	2001      	movs	r0, #1
200000fc:	711a      	strb	r2, [r3, #4]
200000fe:	e7f1      	b.n	200000e4 <mutex_try_enter+0x24>

20000100 <mutex_try_enter_block_until>:
20000100:	b5f0      	push	{r4, r5, r6, r7, lr}
20000102:	46c6      	mov	lr, r8
20000104:	0016      	movs	r6, r2
20000106:	b500      	push	{lr}
20000108:	0004      	movs	r4, r0
2000010a:	001f      	movs	r7, r3
2000010c:	6802      	ldr	r2, [r0, #0]
2000010e:	f3ef 8110 	mrs	r1, PRIMASK
20000112:	b672      	cpsid	i
20000114:	6813      	ldr	r3, [r2, #0]
20000116:	2b00      	cmp	r3, #0
20000118:	d0fc      	beq.n	20000114 <mutex_try_enter_block_until+0x14>
2000011a:	f3bf 8f5f 	dmb	sy
2000011e:	2304      	movs	r3, #4
20000120:	56e3      	ldrsb	r3, [r4, r3]
20000122:	6822      	ldr	r2, [r4, #0]
20000124:	2b00      	cmp	r3, #0
20000126:	db2b      	blt.n	20000180 <mutex_try_enter_block_until+0x80>
20000128:	f3bf 8f5f 	dmb	sy
2000012c:	2000      	movs	r0, #0
2000012e:	6010      	str	r0, [r2, #0]
20000130:	f381 8810 	msr	PRIMASK, r1
20000134:	22d0      	movs	r2, #208	@ 0xd0
20000136:	0612      	lsls	r2, r2, #24
20000138:	7812      	ldrb	r2, [r2, #0]
2000013a:	2500      	movs	r5, #0
2000013c:	b252      	sxtb	r2, r2
2000013e:	4690      	mov	r8, r2
20000140:	429a      	cmp	r2, r3
20000142:	d10e      	bne.n	20000162 <mutex_try_enter_block_until+0x62>
20000144:	2000      	movs	r0, #0
20000146:	bc80      	pop	{r7}
20000148:	46b8      	mov	r8, r7
2000014a:	bdf0      	pop	{r4, r5, r6, r7, pc}
2000014c:	f3bf 8f5f 	dmb	sy
20000150:	6015      	str	r5, [r2, #0]
20000152:	f381 8810 	msr	PRIMASK, r1
20000156:	0030      	movs	r0, r6
20000158:	0039      	movs	r1, r7
2000015a:	f000 feed 	bl	20000f38 <__best_effort_wfe_or_timeout_veneer>
2000015e:	2800      	cmp	r0, #0
20000160:	d1f0      	bne.n	20000144 <mutex_try_enter_block_until+0x44>
20000162:	6822      	ldr	r2, [r4, #0]
20000164:	f3ef 8110 	mrs	r1, PRIMASK
20000168:	b672      	cpsid	i
2000016a:	6813      	ldr	r3, [r2, #0]
2000016c:	2b00      	cmp	r3, #0
2000016e:	d0fc      	beq.n	2000016a <mutex_try_enter_block_until+0x6a>
20000170:	f3bf 8f5f 	dmb	sy
20000174:	7923      	ldrb	r3, [r4, #4]
20000176:	6822      	ldr	r2, [r4, #0]
20000178:	2b7f      	cmp	r3, #127	@ 0x7f
2000017a:	d9e7      	bls.n	2000014c <mutex_try_enter_block_until+0x4c>
2000017c:	4643      	mov	r3, r8
2000017e:	e002      	b.n	20000186 <mutex_try_enter_block_until+0x86>
20000180:	23d0      	movs	r3, #208	@ 0xd0
20000182:	061b      	lsls	r3, r3, #24
20000184:	681b      	ldr	r3, [r3, #0]
20000186:	7123      	strb	r3, [r4, #4]
20000188:	f3bf 8f5f 	dmb	sy
2000018c:	2300      	movs	r3, #0
2000018e:	6013      	str	r3, [r2, #0]
20000190:	f381 8810 	msr	PRIMASK, r1
20000194:	2001      	movs	r0, #1
20000196:	e7d6      	b.n	20000146 <mutex_try_enter_block_until+0x46>

20000198 <mutex_enter_timeout_ms>:
20000198:	b5f0      	push	{r4, r5, r6, r7, lr}
2000019a:	46c6      	mov	lr, r8
2000019c:	b500      	push	{lr}
2000019e:	000f      	movs	r7, r1
200001a0:	0004      	movs	r4, r0
200001a2:	f000 fed1 	bl	20000f48 <__time_us_64_veneer>
200001a6:	22fa      	movs	r2, #250	@ 0xfa
200001a8:	000e      	movs	r6, r1
200001aa:	0005      	movs	r5, r0
200001ac:	2300      	movs	r3, #0
200001ae:	0038      	movs	r0, r7
200001b0:	2100      	movs	r1, #0
200001b2:	0092      	lsls	r2, r2, #2
200001b4:	f000 feb8 	bl	20000f28 <____wrap___aeabi_lmul_veneer>
200001b8:	1940      	adds	r0, r0, r5
200001ba:	4171      	adcs	r1, r6
200001bc:	0006      	movs	r6, r0
200001be:	1e0f      	subs	r7, r1, #0
200001c0:	da02      	bge.n	200001c8 <mutex_enter_timeout_ms+0x30>
200001c2:	2601      	movs	r6, #1
200001c4:	4f16      	ldr	r7, [pc, #88]	@ (20000220 <mutex_enter_timeout_ms+0x88>)
200001c6:	4276      	negs	r6, r6
200001c8:	23d0      	movs	r3, #208	@ 0xd0
200001ca:	061b      	lsls	r3, r3, #24
200001cc:	681b      	ldr	r3, [r3, #0]
200001ce:	2500      	movs	r5, #0
200001d0:	4698      	mov	r8, r3
200001d2:	e00a      	b.n	200001ea <mutex_enter_timeout_ms+0x52>
200001d4:	f3bf 8f5f 	dmb	sy
200001d8:	6015      	str	r5, [r2, #0]
200001da:	f381 8810 	msr	PRIMASK, r1
200001de:	0030      	movs	r0, r6
200001e0:	0039      	movs	r1, r7
200001e2:	f000 fea9 	bl	20000f38 <__best_effort_wfe_or_timeout_veneer>
200001e6:	2800      	cmp	r0, #0
200001e8:	d118      	bne.n	2000021c <mutex_enter_timeout_ms+0x84>
200001ea:	6822      	ldr	r2, [r4, #0]
200001ec:	f3ef 8110 	mrs	r1, PRIMASK
200001f0:	b672      	cpsid	i
200001f2:	6813      	ldr	r3, [r2, #0]
200001f4:	2b00      	cmp	r3, #0
200001f6:	d0fc      	beq.n	200001f2 <mutex_enter_timeout_ms+0x5a>
200001f8:	f3bf 8f5f 	dmb	sy
200001fc:	7923      	ldrb	r3, [r4, #4]
200001fe:	6822      	ldr	r2, [r4, #0]
20000200:	2b7f      	cmp	r3, #127	@ 0x7f
20000202:	d9e7      	bls.n	200001d4 <mutex_enter_timeout_ms+0x3c>
20000204:	4643      	mov	r3, r8
20000206:	7123      	strb	r3, [r4, #4]
20000208:	f3bf 8f5f 	dmb	sy
2000020c:	2300      	movs	r3, #0
2000020e:	6013      	str	r3, [r2, #0]
20000210:	f381 8810 	msr	PRIMASK, r1
20000214:	2001      	movs	r0, #1
20000216:	bc80      	pop	{r7}
20000218:	46b8      	mov	r8, r7
2000021a:	bdf0      	pop	{r4, r5, r6, r7, pc}
2000021c:	2000      	movs	r0, #0
2000021e:	e7fa      	b.n	20000216 <mutex_enter_timeout_ms+0x7e>
20000220:	7fffffff 	.word	0x7fffffff

20000224 <mutex_exit>:
20000224:	6802      	ldr	r2, [r0, #0]
20000226:	f3ef 8110 	mrs	r1, PRIMASK
2000022a:	b672      	cpsid	i
2000022c:	6813      	ldr	r3, [r2, #0]
2000022e:	2b00      	cmp	r3, #0
20000230:	d0fc      	beq.n	2000022c <mutex_exit+0x8>
20000232:	f3bf 8f5f 	dmb	sy
20000236:	23ff      	movs	r3, #255	@ 0xff
20000238:	7103      	strb	r3, [r0, #4]
2000023a:	6803      	ldr	r3, [r0, #0]
2000023c:	f3bf 8f5f 	dmb	sy
20000240:	2200      	movs	r2, #0
20000242:	601a      	str	r2, [r3, #0]
20000244:	f381 8810 	msr	PRIMASK, r1
20000248:	bf40      	sev
2000024a:	4770      	bx	lr

2000024c <flash_init_boot2_copyout>:
2000024c:	4b08      	ldr	r3, [pc, #32]	@ (20000270 <flash_init_boot2_copyout+0x24>)
2000024e:	469c      	mov	ip, r3
20000250:	781b      	ldrb	r3, [r3, #0]
20000252:	2b00      	cmp	r3, #0
20000254:	d10b      	bne.n	2000026e <flash_init_boot2_copyout+0x22>
20000256:	2380      	movs	r3, #128	@ 0x80
20000258:	4806      	ldr	r0, [pc, #24]	@ (20000274 <flash_init_boot2_copyout+0x28>)
2000025a:	4907      	ldr	r1, [pc, #28]	@ (20000278 <flash_init_boot2_copyout+0x2c>)
2000025c:	055b      	lsls	r3, r3, #21
2000025e:	681a      	ldr	r2, [r3, #0]
20000260:	50c2      	str	r2, [r0, r3]
20000262:	3304      	adds	r3, #4
20000264:	428b      	cmp	r3, r1
20000266:	d1fa      	bne.n	2000025e <flash_init_boot2_copyout+0x12>
20000268:	2301      	movs	r3, #1
2000026a:	4662      	mov	r2, ip
2000026c:	7013      	strb	r3, [r2, #0]
2000026e:	4770      	bx	lr
20000270:	2000206c 	.word	0x2000206c
20000274:	10001a04 	.word	0x10001a04
20000278:	10000100 	.word	0x10000100

2000027c <flash_enable_xip_via_boot2>:
2000027c:	b510      	push	{r4, lr}
2000027e:	4b01      	ldr	r3, [pc, #4]	@ (20000284 <flash_enable_xip_via_boot2+0x8>)
20000280:	4798      	blx	r3
20000282:	bd10      	pop	{r4, pc}
20000284:	20001a05 	.word	0x20001a05

20000288 <flash_save_hardware_state>:
20000288:	4b06      	ldr	r3, [pc, #24]	@ (200002a4 <flash_save_hardware_state+0x1c>)
2000028a:	685a      	ldr	r2, [r3, #4]
2000028c:	6002      	str	r2, [r0, #0]
2000028e:	689a      	ldr	r2, [r3, #8]
20000290:	6042      	str	r2, [r0, #4]
20000292:	68da      	ldr	r2, [r3, #12]
20000294:	6082      	str	r2, [r0, #8]
20000296:	691a      	ldr	r2, [r3, #16]
20000298:	60c2      	str	r2, [r0, #12]
2000029a:	695a      	ldr	r2, [r3, #20]
2000029c:	6102      	str	r2, [r0, #16]
2000029e:	699b      	ldr	r3, [r3, #24]
200002a0:	6143      	str	r3, [r0, #20]
200002a2:	4770      	bx	lr
200002a4:	40020000 	.word	0x40020000

200002a8 <flash_restore_hardware_state>:
200002a8:	6802      	ldr	r2, [r0, #0]
200002aa:	4b06      	ldr	r3, [pc, #24]	@ (200002c4 <flash_restore_hardware_state+0x1c>)
200002ac:	605a      	str	r2, [r3, #4]
200002ae:	6842      	ldr	r2, [r0, #4]
200002b0:	609a      	str	r2, [r3, #8]
200002b2:	6882      	ldr	r2, [r0, #8]
200002b4:	60da      	str	r2, [r3, #12]
200002b6:	68c2      	ldr	r2, [r0, #12]
200002b8:	611a      	str	r2, [r3, #16]
200002ba:	6902      	ldr	r2, [r0, #16]
200002bc:	615a      	str	r2, [r3, #20]
200002be:	6942      	ldr	r2, [r0, #20]
200002c0:	619a      	str	r2, [r3, #24]
200002c2:	4770      	bx	lr
200002c4:	40020000 	.word	0x40020000

200002c8 <flash_cs_force.constprop.0>:
200002c8:	4b03      	ldr	r3, [pc, #12]	@ (200002d8 <flash_cs_force.constprop.0+0x10>)
200002ca:	681a      	ldr	r2, [r3, #0]
200002cc:	23c0      	movs	r3, #192	@ 0xc0
200002ce:	009b      	lsls	r3, r3, #2
200002d0:	4393      	bics	r3, r2
200002d2:	4a02      	ldr	r2, [pc, #8]	@ (200002dc <flash_cs_force.constprop.0+0x14>)
200002d4:	6013      	str	r3, [r2, #0]
200002d6:	4770      	bx	lr
200002d8:	4001800c 	.word	0x4001800c
200002dc:	4001900c 	.word	0x4001900c

200002e0 <flash_cs_force.constprop.1>:
200002e0:	4b05      	ldr	r3, [pc, #20]	@ (200002f8 <flash_cs_force.constprop.1+0x18>)
200002e2:	681a      	ldr	r2, [r3, #0]
200002e4:	2380      	movs	r3, #128	@ 0x80
200002e6:	009b      	lsls	r3, r3, #2
200002e8:	4053      	eors	r3, r2
200002ea:	22c0      	movs	r2, #192	@ 0xc0
200002ec:	0092      	lsls	r2, r2, #2
200002ee:	4013      	ands	r3, r2
200002f0:	4a02      	ldr	r2, [pc, #8]	@ (200002fc <flash_cs_force.constprop.1+0x1c>)
200002f2:	6013      	str	r3, [r2, #0]
200002f4:	4770      	bx	lr
200002f6:	46c0      	nop			@ (mov r8, r8)
200002f8:	4001800c 	.word	0x4001800c
200002fc:	4001900c 	.word	0x4001900c

20000300 <flash_do_cmd>:
20000300:	b5f0      	push	{r4, r5, r6, r7, lr}
20000302:	46d6      	mov	lr, sl
20000304:	464f      	mov	r7, r9
20000306:	4646      	mov	r6, r8
20000308:	2300      	movs	r3, #0
2000030a:	b5c0      	push	{r6, r7, lr}
2000030c:	2718      	movs	r7, #24
2000030e:	b086      	sub	sp, #24
20000310:	001e      	movs	r6, r3
20000312:	4681      	mov	r9, r0
20000314:	000d      	movs	r5, r1
20000316:	8a98      	ldrh	r0, [r3, #20]
20000318:	493f      	ldr	r1, [pc, #252]	@ (20000418 <flash_do_cmd+0x118>)
2000031a:	883b      	ldrh	r3, [r7, #0]
2000031c:	0014      	movs	r4, r2
2000031e:	4798      	blx	r3
20000320:	883b      	ldrh	r3, [r7, #0]
20000322:	4680      	mov	r8, r0
20000324:	493d      	ldr	r1, [pc, #244]	@ (2000041c <flash_do_cmd+0x11c>)
20000326:	8ab0      	ldrh	r0, [r6, #20]
20000328:	4798      	blx	r3
2000032a:	2300      	movs	r3, #0
2000032c:	493c      	ldr	r1, [pc, #240]	@ (20000420 <flash_do_cmd+0x120>)
2000032e:	0006      	movs	r6, r0
20000330:	8a98      	ldrh	r0, [r3, #20]
20000332:	883b      	ldrh	r3, [r7, #0]
20000334:	4798      	blx	r3
20000336:	4682      	mov	sl, r0
20000338:	f7ff ff88 	bl	2000024c <flash_init_boot2_copyout>
2000033c:	4668      	mov	r0, sp
2000033e:	f7ff ffa3 	bl	20000288 <flash_save_hardware_state>
20000342:	47c0      	blx	r8
20000344:	47b0      	blx	r6
20000346:	f7ff ffcb 	bl	200002e0 <flash_cs_force.constprop.1>
2000034a:	1e21      	subs	r1, r4, #0
2000034c:	d01c      	beq.n	20000388 <flash_do_cmd+0x88>
2000034e:	2308      	movs	r3, #8
20000350:	20c0      	movs	r0, #192	@ 0xc0
20000352:	469c      	mov	ip, r3
20000354:	0540      	lsls	r0, r0, #21
20000356:	3f16      	subs	r7, #22
20000358:	4662      	mov	r2, ip
2000035a:	6a83      	ldr	r3, [r0, #40]	@ 0x28
2000035c:	401a      	ands	r2, r3
2000035e:	421f      	tst	r7, r3
20000360:	d034      	beq.n	200003cc <flash_do_cmd+0xcc>
20000362:	1a63      	subs	r3, r4, r1
20000364:	2900      	cmp	r1, #0
20000366:	d126      	bne.n	200003b6 <flash_do_cmd+0xb6>
20000368:	2a00      	cmp	r2, #0
2000036a:	d10b      	bne.n	20000384 <flash_do_cmd+0x84>
2000036c:	2c00      	cmp	r4, #0
2000036e:	d00b      	beq.n	20000388 <flash_do_cmd+0x88>
20000370:	23c0      	movs	r3, #192	@ 0xc0
20000372:	2208      	movs	r2, #8
20000374:	2602      	movs	r6, #2
20000376:	055b      	lsls	r3, r3, #21
20000378:	6a9b      	ldr	r3, [r3, #40]	@ 0x28
2000037a:	401a      	ands	r2, r3
2000037c:	421e      	tst	r6, r3
2000037e:	d03d      	beq.n	200003fc <flash_do_cmd+0xfc>
20000380:	2a00      	cmp	r2, #0
20000382:	d0f5      	beq.n	20000370 <flash_do_cmd+0x70>
20000384:	2c00      	cmp	r4, #0
20000386:	d12b      	bne.n	200003e0 <flash_do_cmd+0xe0>
20000388:	f7ff ff9e 	bl	200002c8 <flash_cs_force.constprop.0>
2000038c:	47d0      	blx	sl
2000038e:	f7ff ff75 	bl	2000027c <flash_enable_xip_via_boot2>
20000392:	4668      	mov	r0, sp
20000394:	f7ff ff88 	bl	200002a8 <flash_restore_hardware_state>
20000398:	b006      	add	sp, #24
2000039a:	bce0      	pop	{r5, r6, r7}
2000039c:	46ba      	mov	sl, r7
2000039e:	46b1      	mov	r9, r6
200003a0:	46a8      	mov	r8, r5
200003a2:	bdf0      	pop	{r4, r5, r6, r7, pc}
200003a4:	2c00      	cmp	r4, #0
200003a6:	d12b      	bne.n	20000400 <flash_do_cmd+0x100>
200003a8:	22c0      	movs	r2, #192	@ 0xc0
200003aa:	0552      	lsls	r2, r2, #21
200003ac:	6a96      	ldr	r6, [r2, #40]	@ 0x28
200003ae:	2208      	movs	r2, #8
200003b0:	4032      	ands	r2, r6
200003b2:	07b6      	lsls	r6, r6, #30
200003b4:	d52b      	bpl.n	2000040e <flash_do_cmd+0x10e>
200003b6:	2b0d      	cmp	r3, #13
200003b8:	d919      	bls.n	200003ee <flash_do_cmd+0xee>
200003ba:	2a00      	cmp	r2, #0
200003bc:	d1f2      	bne.n	200003a4 <flash_do_cmd+0xa4>
200003be:	22c0      	movs	r2, #192	@ 0xc0
200003c0:	0552      	lsls	r2, r2, #21
200003c2:	6a96      	ldr	r6, [r2, #40]	@ 0x28
200003c4:	2208      	movs	r2, #8
200003c6:	4032      	ands	r2, r6
200003c8:	07b6      	lsls	r6, r6, #30
200003ca:	d4f4      	bmi.n	200003b6 <flash_do_cmd+0xb6>
200003cc:	2a00      	cmp	r2, #0
200003ce:	d104      	bne.n	200003da <flash_do_cmd+0xda>
200003d0:	000b      	movs	r3, r1
200003d2:	4323      	orrs	r3, r4
200003d4:	2b00      	cmp	r3, #0
200003d6:	d1bf      	bne.n	20000358 <flash_do_cmd+0x58>
200003d8:	e7d6      	b.n	20000388 <flash_do_cmd+0x88>
200003da:	000b      	movs	r3, r1
200003dc:	2c00      	cmp	r4, #0
200003de:	d0f9      	beq.n	200003d4 <flash_do_cmd+0xd4>
200003e0:	6e03      	ldr	r3, [r0, #96]	@ 0x60
200003e2:	3c01      	subs	r4, #1
200003e4:	702b      	strb	r3, [r5, #0]
200003e6:	0023      	movs	r3, r4
200003e8:	3501      	adds	r5, #1
200003ea:	430b      	orrs	r3, r1
200003ec:	e7f2      	b.n	200003d4 <flash_do_cmd+0xd4>
200003ee:	464b      	mov	r3, r9
200003f0:	781b      	ldrb	r3, [r3, #0]
200003f2:	3901      	subs	r1, #1
200003f4:	6603      	str	r3, [r0, #96]	@ 0x60
200003f6:	2301      	movs	r3, #1
200003f8:	4499      	add	r9, r3
200003fa:	e7e7      	b.n	200003cc <flash_do_cmd+0xcc>
200003fc:	2100      	movs	r1, #0
200003fe:	e7e5      	b.n	200003cc <flash_do_cmd+0xcc>
20000400:	23c0      	movs	r3, #192	@ 0xc0
20000402:	055b      	lsls	r3, r3, #21
20000404:	6e1b      	ldr	r3, [r3, #96]	@ 0x60
20000406:	3c01      	subs	r4, #1
20000408:	702b      	strb	r3, [r5, #0]
2000040a:	3501      	adds	r5, #1
2000040c:	e7a4      	b.n	20000358 <flash_do_cmd+0x58>
2000040e:	000b      	movs	r3, r1
20000410:	42a2      	cmp	r2, r4
20000412:	d1df      	bne.n	200003d4 <flash_do_cmd+0xd4>
20000414:	e7dc      	b.n	200003d0 <flash_do_cmd+0xd0>
20000416:	46c0      	nop			@ (mov r8, r8)
20000418:	00004649 	.word	0x00004649
2000041c:	00005845 	.word	0x00005845
20000420:	00004346 	.word	0x00004346

20000424 <reset_non_control_endpoints>:
20000424:	2200      	movs	r2, #0
20000426:	4b15      	ldr	r3, [pc, #84]	@ (2000047c <reset_non_control_endpoints+0x58>)
20000428:	b510      	push	{r4, lr}
2000042a:	609a      	str	r2, [r3, #8]
2000042c:	60da      	str	r2, [r3, #12]
2000042e:	611a      	str	r2, [r3, #16]
20000430:	615a      	str	r2, [r3, #20]
20000432:	619a      	str	r2, [r3, #24]
20000434:	61da      	str	r2, [r3, #28]
20000436:	621a      	str	r2, [r3, #32]
20000438:	625a      	str	r2, [r3, #36]	@ 0x24
2000043a:	629a      	str	r2, [r3, #40]	@ 0x28
2000043c:	62da      	str	r2, [r3, #44]	@ 0x2c
2000043e:	631a      	str	r2, [r3, #48]	@ 0x30
20000440:	635a      	str	r2, [r3, #52]	@ 0x34
20000442:	639a      	str	r2, [r3, #56]	@ 0x38
20000444:	63da      	str	r2, [r3, #60]	@ 0x3c
20000446:	641a      	str	r2, [r3, #64]	@ 0x40
20000448:	645a      	str	r2, [r3, #68]	@ 0x44
2000044a:	649a      	str	r2, [r3, #72]	@ 0x48
2000044c:	64da      	str	r2, [r3, #76]	@ 0x4c
2000044e:	651a      	str	r2, [r3, #80]	@ 0x50
20000450:	655a      	str	r2, [r3, #84]	@ 0x54
20000452:	659a      	str	r2, [r3, #88]	@ 0x58
20000454:	65da      	str	r2, [r3, #92]	@ 0x5c
20000456:	661a      	str	r2, [r3, #96]	@ 0x60
20000458:	665a      	str	r2, [r3, #100]	@ 0x64
2000045a:	669a      	str	r2, [r3, #104]	@ 0x68
2000045c:	66da      	str	r2, [r3, #108]	@ 0x6c
2000045e:	671a      	str	r2, [r3, #112]	@ 0x70
20000460:	675a      	str	r2, [r3, #116]	@ 0x74
20000462:	679a      	str	r2, [r3, #120]	@ 0x78
20000464:	67da      	str	r2, [r3, #124]	@ 0x7c
20000466:	32f0      	adds	r2, #240	@ 0xf0
20000468:	0092      	lsls	r2, r2, #2
2000046a:	2100      	movs	r1, #0
2000046c:	4804      	ldr	r0, [pc, #16]	@ (20000480 <reset_non_control_endpoints+0x5c>)
2000046e:	f000 fd8b 	bl	20000f88 <____wrap_memset_veneer>
20000472:	4b04      	ldr	r3, [pc, #16]	@ (20000484 <reset_non_control_endpoints+0x60>)
20000474:	4a04      	ldr	r2, [pc, #16]	@ (20000488 <reset_non_control_endpoints+0x64>)
20000476:	601a      	str	r2, [r3, #0]
20000478:	bd10      	pop	{r4, pc}
2000047a:	46c0      	nop			@ (mov r8, r8)
2000047c:	50100000 	.word	0x50100000
20000480:	20001c38 	.word	0x20001c38
20000484:	20002000 	.word	0x20002000
20000488:	50100180 	.word	0x50100180

2000048c <hw_handle_buff_status>:
2000048c:	b5f0      	push	{r4, r5, r6, r7, lr}
2000048e:	4647      	mov	r7, r8
20000490:	46ce      	mov	lr, r9
20000492:	b580      	push	{r7, lr}
20000494:	4b1c      	ldr	r3, [pc, #112]	@ (20000508 <hw_handle_buff_status+0x7c>)
20000496:	2400      	movs	r4, #0
20000498:	6d9f      	ldr	r7, [r3, #88]	@ 0x58
2000049a:	2601      	movs	r6, #1
2000049c:	b085      	sub	sp, #20
2000049e:	2f00      	cmp	r7, #0
200004a0:	d01b      	beq.n	200004da <hw_handle_buff_status+0x4e>
200004a2:	4b1a      	ldr	r3, [pc, #104]	@ (2000050c <hw_handle_buff_status+0x80>)
200004a4:	4698      	mov	r8, r3
200004a6:	4b1a      	ldr	r3, [pc, #104]	@ (20000510 <hw_handle_buff_status+0x84>)
200004a8:	4699      	mov	r9, r3
200004aa:	e004      	b.n	200004b6 <hw_handle_buff_status+0x2a>
200004ac:	3401      	adds	r4, #1
200004ae:	b2e4      	uxtb	r4, r4
200004b0:	0076      	lsls	r6, r6, #1
200004b2:	2c20      	cmp	r4, #32
200004b4:	d011      	beq.n	200004da <hw_handle_buff_status+0x4e>
200004b6:	423e      	tst	r6, r7
200004b8:	d0f8      	beq.n	200004ac <hw_handle_buff_status+0x20>
200004ba:	4643      	mov	r3, r8
200004bc:	659e      	str	r6, [r3, #88]	@ 0x58
200004be:	2301      	movs	r3, #1
200004c0:	0865      	lsrs	r5, r4, #1
200004c2:	006d      	lsls	r5, r5, #1
200004c4:	43a3      	bics	r3, r4
200004c6:	18ed      	adds	r5, r5, r3
200004c8:	016d      	lsls	r5, r5, #5
200004ca:	444d      	add	r5, r9
200004cc:	0028      	movs	r0, r5
200004ce:	f000 fc13 	bl	20000cf8 <hw_endpoint_xfer_continue>
200004d2:	2800      	cmp	r0, #0
200004d4:	d106      	bne.n	200004e4 <hw_handle_buff_status+0x58>
200004d6:	43b7      	bics	r7, r6
200004d8:	d1e8      	bne.n	200004ac <hw_handle_buff_status+0x20>
200004da:	b005      	add	sp, #20
200004dc:	bcc0      	pop	{r6, r7}
200004de:	46b9      	mov	r9, r7
200004e0:	46b0      	mov	r8, r6
200004e2:	bdf0      	pop	{r4, r5, r6, r7, pc}
200004e4:	8aeb      	ldrh	r3, [r5, #22]
200004e6:	21e0      	movs	r1, #224	@ 0xe0
200004e8:	9303      	str	r3, [sp, #12]
200004ea:	2300      	movs	r3, #0
200004ec:	a801      	add	r0, sp, #4
200004ee:	78aa      	ldrb	r2, [r5, #2]
200004f0:	00c9      	lsls	r1, r1, #3
200004f2:	8001      	strh	r1, [r0, #0]
200004f4:	2101      	movs	r1, #1
200004f6:	7102      	strb	r2, [r0, #4]
200004f8:	7143      	strb	r3, [r0, #5]
200004fa:	f000 fc1d 	bl	20000d38 <dcd_event_handler>
200004fe:	0028      	movs	r0, r5
20000500:	f000 fb98 	bl	20000c34 <hw_endpoint_reset_transfer>
20000504:	e7e7      	b.n	200004d6 <hw_handle_buff_status+0x4a>
20000506:	46c0      	nop			@ (mov r8, r8)
20000508:	50110000 	.word	0x50110000
2000050c:	50113000 	.word	0x50113000
20000510:	20001bf8 	.word	0x20001bf8

20000514 <dcd_rp2040_irq>:
20000514:	2398      	movs	r3, #152	@ 0x98
20000516:	4ac6      	ldr	r2, [pc, #792]	@ (20000830 <dcd_rp2040_irq+0x31c>)
20000518:	b5f0      	push	{r4, r5, r6, r7, lr}
2000051a:	58d5      	ldr	r5, [r2, r3]
2000051c:	2380      	movs	r3, #128	@ 0x80
2000051e:	002e      	movs	r6, r5
20000520:	029b      	lsls	r3, r3, #10
20000522:	2410      	movs	r4, #16
20000524:	b085      	sub	sp, #20
20000526:	401e      	ands	r6, r3
20000528:	421d      	tst	r5, r3
2000052a:	d074      	beq.n	20000616 <dcd_rp2040_irq+0x102>
2000052c:	4bc1      	ldr	r3, [pc, #772]	@ (20000834 <dcd_rp2040_irq+0x320>)
2000052e:	4cc2      	ldr	r4, [pc, #776]	@ (20000838 <dcd_rp2040_irq+0x324>)
20000530:	6a9a      	ldr	r2, [r3, #40]	@ 0x28
20000532:	4bc2      	ldr	r3, [pc, #776]	@ (2000083c <dcd_rp2040_irq+0x328>)
20000534:	2600      	movs	r6, #0
20000536:	601a      	str	r2, [r3, #0]
20000538:	233b      	movs	r3, #59	@ 0x3b
2000053a:	5ce3      	ldrb	r3, [r4, r3]
2000053c:	2b02      	cmp	r3, #2
2000053e:	d100      	bne.n	20000542 <dcd_rp2040_irq+0x2e>
20000540:	e14b      	b.n	200007da <dcd_rp2040_irq+0x2c6>
20000542:	237b      	movs	r3, #123	@ 0x7b
20000544:	5ce3      	ldrb	r3, [r4, r3]
20000546:	2b02      	cmp	r3, #2
20000548:	d100      	bne.n	2000054c <dcd_rp2040_irq+0x38>
2000054a:	e0ef      	b.n	2000072c <dcd_rp2040_irq+0x218>
2000054c:	23bb      	movs	r3, #187	@ 0xbb
2000054e:	5ce3      	ldrb	r3, [r4, r3]
20000550:	2b02      	cmp	r3, #2
20000552:	d100      	bne.n	20000556 <dcd_rp2040_irq+0x42>
20000554:	e0f6      	b.n	20000744 <dcd_rp2040_irq+0x230>
20000556:	23fb      	movs	r3, #251	@ 0xfb
20000558:	5ce3      	ldrb	r3, [r4, r3]
2000055a:	2b02      	cmp	r3, #2
2000055c:	d100      	bne.n	20000560 <dcd_rp2040_irq+0x4c>
2000055e:	e0fd      	b.n	2000075c <dcd_rp2040_irq+0x248>
20000560:	233c      	movs	r3, #60	@ 0x3c
20000562:	33ff      	adds	r3, #255	@ 0xff
20000564:	5ce3      	ldrb	r3, [r4, r3]
20000566:	2b02      	cmp	r3, #2
20000568:	d100      	bne.n	2000056c <dcd_rp2040_irq+0x58>
2000056a:	e129      	b.n	200007c0 <dcd_rp2040_irq+0x2ac>
2000056c:	237c      	movs	r3, #124	@ 0x7c
2000056e:	33ff      	adds	r3, #255	@ 0xff
20000570:	5ce3      	ldrb	r3, [r4, r3]
20000572:	2b02      	cmp	r3, #2
20000574:	d100      	bne.n	20000578 <dcd_rp2040_irq+0x64>
20000576:	e10a      	b.n	2000078e <dcd_rp2040_irq+0x27a>
20000578:	23bc      	movs	r3, #188	@ 0xbc
2000057a:	33ff      	adds	r3, #255	@ 0xff
2000057c:	5ce3      	ldrb	r3, [r4, r3]
2000057e:	2b02      	cmp	r3, #2
20000580:	d100      	bne.n	20000584 <dcd_rp2040_irq+0x70>
20000582:	e13b      	b.n	200007fc <dcd_rp2040_irq+0x2e8>
20000584:	23fc      	movs	r3, #252	@ 0xfc
20000586:	33ff      	adds	r3, #255	@ 0xff
20000588:	5ce3      	ldrb	r3, [r4, r3]
2000058a:	2b02      	cmp	r3, #2
2000058c:	d100      	bne.n	20000590 <dcd_rp2040_irq+0x7c>
2000058e:	e0f1      	b.n	20000774 <dcd_rp2040_irq+0x260>
20000590:	4bab      	ldr	r3, [pc, #684]	@ (20000840 <dcd_rp2040_irq+0x32c>)
20000592:	5ce3      	ldrb	r3, [r4, r3]
20000594:	2b02      	cmp	r3, #2
20000596:	d100      	bne.n	2000059a <dcd_rp2040_irq+0x86>
20000598:	e170      	b.n	2000087c <dcd_rp2040_irq+0x368>
2000059a:	4baa      	ldr	r3, [pc, #680]	@ (20000844 <dcd_rp2040_irq+0x330>)
2000059c:	5ce3      	ldrb	r3, [r4, r3]
2000059e:	2b02      	cmp	r3, #2
200005a0:	d100      	bne.n	200005a4 <dcd_rp2040_irq+0x90>
200005a2:	e101      	b.n	200007a8 <dcd_rp2040_irq+0x294>
200005a4:	4ba8      	ldr	r3, [pc, #672]	@ (20000848 <dcd_rp2040_irq+0x334>)
200005a6:	5ce3      	ldrb	r3, [r4, r3]
200005a8:	2b02      	cmp	r3, #2
200005aa:	d100      	bne.n	200005ae <dcd_rp2040_irq+0x9a>
200005ac:	e171      	b.n	20000892 <dcd_rp2040_irq+0x37e>
200005ae:	4ba7      	ldr	r3, [pc, #668]	@ (2000084c <dcd_rp2040_irq+0x338>)
200005b0:	5ce3      	ldrb	r3, [r4, r3]
200005b2:	2b02      	cmp	r3, #2
200005b4:	d100      	bne.n	200005b8 <dcd_rp2040_irq+0xa4>
200005b6:	e12e      	b.n	20000816 <dcd_rp2040_irq+0x302>
200005b8:	4ba5      	ldr	r3, [pc, #660]	@ (20000850 <dcd_rp2040_irq+0x33c>)
200005ba:	5ce3      	ldrb	r3, [r4, r3]
200005bc:	2b02      	cmp	r3, #2
200005be:	d100      	bne.n	200005c2 <dcd_rp2040_irq+0xae>
200005c0:	e19c      	b.n	200008fc <dcd_rp2040_irq+0x3e8>
200005c2:	4ba4      	ldr	r3, [pc, #656]	@ (20000854 <dcd_rp2040_irq+0x340>)
200005c4:	5ce3      	ldrb	r3, [r4, r3]
200005c6:	2b02      	cmp	r3, #2
200005c8:	d100      	bne.n	200005cc <dcd_rp2040_irq+0xb8>
200005ca:	e16d      	b.n	200008a8 <dcd_rp2040_irq+0x394>
200005cc:	4ba2      	ldr	r3, [pc, #648]	@ (20000858 <dcd_rp2040_irq+0x344>)
200005ce:	5ce3      	ldrb	r3, [r4, r3]
200005d0:	2b02      	cmp	r3, #2
200005d2:	d100      	bne.n	200005d6 <dcd_rp2040_irq+0xc2>
200005d4:	e19d      	b.n	20000912 <dcd_rp2040_irq+0x3fe>
200005d6:	4ba1      	ldr	r3, [pc, #644]	@ (2000085c <dcd_rp2040_irq+0x348>)
200005d8:	5ce3      	ldrb	r3, [r4, r3]
200005da:	2b02      	cmp	r3, #2
200005dc:	d100      	bne.n	200005e0 <dcd_rp2040_irq+0xcc>
200005de:	e17b      	b.n	200008d8 <dcd_rp2040_irq+0x3c4>
200005e0:	2e00      	cmp	r6, #0
200005e2:	d108      	bne.n	200005f6 <dcd_rp2040_irq+0xe2>
200005e4:	4b9e      	ldr	r3, [pc, #632]	@ (20000860 <dcd_rp2040_irq+0x34c>)
200005e6:	781b      	ldrb	r3, [r3, #0]
200005e8:	2b00      	cmp	r3, #0
200005ea:	d104      	bne.n	200005f6 <dcd_rp2040_irq+0xe2>
200005ec:	2180      	movs	r1, #128	@ 0x80
200005ee:	4a9d      	ldr	r2, [pc, #628]	@ (20000864 <dcd_rp2040_irq+0x350>)
200005f0:	3390      	adds	r3, #144	@ 0x90
200005f2:	0289      	lsls	r1, r1, #10
200005f4:	50d1      	str	r1, [r2, r3]
200005f6:	22c0      	movs	r2, #192	@ 0xc0
200005f8:	4669      	mov	r1, sp
200005fa:	4b8d      	ldr	r3, [pc, #564]	@ (20000830 <dcd_rp2040_irq+0x31c>)
200005fc:	0092      	lsls	r2, r2, #2
200005fe:	6c9b      	ldr	r3, [r3, #72]	@ 0x48
20000600:	2680      	movs	r6, #128	@ 0x80
20000602:	055b      	lsls	r3, r3, #21
20000604:	808a      	strh	r2, [r1, #4]
20000606:	0d5b      	lsrs	r3, r3, #21
20000608:	2101      	movs	r1, #1
2000060a:	a801      	add	r0, sp, #4
2000060c:	9302      	str	r3, [sp, #8]
2000060e:	f000 fb93 	bl	20000d38 <dcd_event_handler>
20000612:	4c95      	ldr	r4, [pc, #596]	@ (20000868 <dcd_rp2040_irq+0x354>)
20000614:	02b6      	lsls	r6, r6, #10
20000616:	06eb      	lsls	r3, r5, #27
20000618:	d500      	bpl.n	2000061c <dcd_rp2040_irq+0x108>
2000061a:	e07b      	b.n	20000714 <dcd_rp2040_irq+0x200>
2000061c:	2380      	movs	r3, #128	@ 0x80
2000061e:	025b      	lsls	r3, r3, #9
20000620:	421d      	tst	r5, r3
20000622:	d02f      	beq.n	20000684 <dcd_rp2040_irq+0x170>
20000624:	2402      	movs	r4, #2
20000626:	4f84      	ldr	r7, [pc, #528]	@ (20000838 <dcd_rp2040_irq+0x324>)
20000628:	431e      	orrs	r6, r3
2000062a:	7ebb      	ldrb	r3, [r7, #26]
2000062c:	2b00      	cmp	r3, #0
2000062e:	d014      	beq.n	2000065a <dcd_rp2040_irq+0x146>
20000630:	f000 fc92 	bl	20000f58 <__rp2040_chip_version_veneer>
20000634:	2801      	cmp	r0, #1
20000636:	d900      	bls.n	2000063a <dcd_rp2040_irq+0x126>
20000638:	e070      	b.n	2000071c <dcd_rp2040_irq+0x208>
2000063a:	22c0      	movs	r2, #192	@ 0xc0
2000063c:	2100      	movs	r1, #0
2000063e:	0038      	movs	r0, r7
20000640:	0192      	lsls	r2, r2, #6
20000642:	f000 fafd 	bl	20000c40 <_hw_endpoint_buffer_control_update32>
20000646:	0038      	movs	r0, r7
20000648:	f000 faf4 	bl	20000c34 <hw_endpoint_reset_transfer>
2000064c:	f000 fc84 	bl	20000f58 <__rp2040_chip_version_veneer>
20000650:	2801      	cmp	r0, #1
20000652:	d902      	bls.n	2000065a <dcd_rp2040_irq+0x146>
20000654:	4b83      	ldr	r3, [pc, #524]	@ (20000864 <dcd_rp2040_irq+0x350>)
20000656:	665c      	str	r4, [r3, #100]	@ 0x64
20000658:	661c      	str	r4, [r3, #96]	@ 0x60
2000065a:	2301      	movs	r3, #1
2000065c:	70fb      	strb	r3, [r7, #3]
2000065e:	3720      	adds	r7, #32
20000660:	2c01      	cmp	r4, #1
20000662:	d120      	bne.n	200006a6 <dcd_rp2040_irq+0x192>
20000664:	23c0      	movs	r3, #192	@ 0xc0
20000666:	466a      	mov	r2, sp
20000668:	00db      	lsls	r3, r3, #3
2000066a:	8093      	strh	r3, [r2, #4]
2000066c:	4a7f      	ldr	r2, [pc, #508]	@ (2000086c <dcd_rp2040_irq+0x358>)
2000066e:	ab02      	add	r3, sp, #8
20000670:	ca03      	ldmia	r2!, {r0, r1}
20000672:	c303      	stmia	r3!, {r0, r1}
20000674:	2101      	movs	r1, #1
20000676:	a801      	add	r0, sp, #4
20000678:	f000 fb5e 	bl	20000d38 <dcd_event_handler>
2000067c:	2280      	movs	r2, #128	@ 0x80
2000067e:	4b79      	ldr	r3, [pc, #484]	@ (20000864 <dcd_rp2040_irq+0x350>)
20000680:	0292      	lsls	r2, r2, #10
20000682:	651a      	str	r2, [r3, #80]	@ 0x50
20000684:	2380      	movs	r3, #128	@ 0x80
20000686:	015b      	lsls	r3, r3, #5
20000688:	421d      	tst	r5, r3
2000068a:	d10e      	bne.n	200006aa <dcd_rp2040_irq+0x196>
2000068c:	2380      	movs	r3, #128	@ 0x80
2000068e:	01db      	lsls	r3, r3, #7
20000690:	421d      	tst	r5, r3
20000692:	d121      	bne.n	200006d8 <dcd_rp2040_irq+0x1c4>
20000694:	2380      	movs	r3, #128	@ 0x80
20000696:	021b      	lsls	r3, r3, #8
20000698:	421d      	tst	r5, r3
2000069a:	d12d      	bne.n	200006f8 <dcd_rp2040_irq+0x1e4>
2000069c:	42ae      	cmp	r6, r5
2000069e:	d000      	beq.n	200006a2 <dcd_rp2040_irq+0x18e>
200006a0:	e1be      	b.n	20000a20 <dcd_rp2040_irq+0x50c>
200006a2:	b005      	add	sp, #20
200006a4:	bdf0      	pop	{r4, r5, r6, r7, pc}
200006a6:	2401      	movs	r4, #1
200006a8:	e7bf      	b.n	2000062a <dcd_rp2040_irq+0x116>
200006aa:	2400      	movs	r4, #0
200006ac:	431e      	orrs	r6, r3
200006ae:	4b60      	ldr	r3, [pc, #384]	@ (20000830 <dcd_rp2040_irq+0x31c>)
200006b0:	601c      	str	r4, [r3, #0]
200006b2:	f7ff feb7 	bl	20000424 <reset_non_control_endpoints>
200006b6:	2380      	movs	r3, #128	@ 0x80
200006b8:	466a      	mov	r2, sp
200006ba:	005b      	lsls	r3, r3, #1
200006bc:	8093      	strh	r3, [r2, #4]
200006be:	7214      	strb	r4, [r2, #8]
200006c0:	2101      	movs	r1, #1
200006c2:	a801      	add	r0, sp, #4
200006c4:	f000 fb38 	bl	20000d38 <dcd_event_handler>
200006c8:	2280      	movs	r2, #128	@ 0x80
200006ca:	4b66      	ldr	r3, [pc, #408]	@ (20000864 <dcd_rp2040_irq+0x350>)
200006cc:	0312      	lsls	r2, r2, #12
200006ce:	651a      	str	r2, [r3, #80]	@ 0x50
200006d0:	2380      	movs	r3, #128	@ 0x80
200006d2:	01db      	lsls	r3, r3, #7
200006d4:	421d      	tst	r5, r3
200006d6:	d0dd      	beq.n	20000694 <dcd_rp2040_irq+0x180>
200006d8:	431e      	orrs	r6, r3
200006da:	2380      	movs	r3, #128	@ 0x80
200006dc:	466a      	mov	r2, sp
200006de:	00db      	lsls	r3, r3, #3
200006e0:	8093      	strh	r3, [r2, #4]
200006e2:	2101      	movs	r1, #1
200006e4:	a801      	add	r0, sp, #4
200006e6:	f000 fb27 	bl	20000d38 <dcd_event_handler>
200006ea:	2210      	movs	r2, #16
200006ec:	4b5d      	ldr	r3, [pc, #372]	@ (20000864 <dcd_rp2040_irq+0x350>)
200006ee:	651a      	str	r2, [r3, #80]	@ 0x50
200006f0:	2380      	movs	r3, #128	@ 0x80
200006f2:	021b      	lsls	r3, r3, #8
200006f4:	421d      	tst	r5, r3
200006f6:	d0d1      	beq.n	2000069c <dcd_rp2040_irq+0x188>
200006f8:	431e      	orrs	r6, r3
200006fa:	23a0      	movs	r3, #160	@ 0xa0
200006fc:	466a      	mov	r2, sp
200006fe:	00db      	lsls	r3, r3, #3
20000700:	8093      	strh	r3, [r2, #4]
20000702:	2101      	movs	r1, #1
20000704:	a801      	add	r0, sp, #4
20000706:	f000 fb17 	bl	20000d38 <dcd_event_handler>
2000070a:	2280      	movs	r2, #128	@ 0x80
2000070c:	4b55      	ldr	r3, [pc, #340]	@ (20000864 <dcd_rp2040_irq+0x350>)
2000070e:	0112      	lsls	r2, r2, #4
20000710:	651a      	str	r2, [r3, #80]	@ 0x50
20000712:	e7c3      	b.n	2000069c <dcd_rp2040_irq+0x188>
20000714:	f7ff feba 	bl	2000048c <hw_handle_buff_status>
20000718:	0026      	movs	r6, r4
2000071a:	e77f      	b.n	2000061c <dcd_rp2040_irq+0x108>
2000071c:	4b54      	ldr	r3, [pc, #336]	@ (20000870 <dcd_rp2040_irq+0x35c>)
2000071e:	4a44      	ldr	r2, [pc, #272]	@ (20000830 <dcd_rp2040_irq+0x31c>)
20000720:	661c      	str	r4, [r3, #96]	@ 0x60
20000722:	6e53      	ldr	r3, [r2, #100]	@ 0x64
20000724:	4023      	ands	r3, r4
20000726:	42a3      	cmp	r3, r4
20000728:	d1fb      	bne.n	20000722 <dcd_rp2040_irq+0x20e>
2000072a:	e786      	b.n	2000063a <dcd_rp2040_irq+0x126>
2000072c:	3378      	adds	r3, #120	@ 0x78
2000072e:	5ce7      	ldrb	r7, [r4, r3]
20000730:	2f00      	cmp	r7, #0
20000732:	d100      	bne.n	20000736 <dcd_rp2040_irq+0x222>
20000734:	e70a      	b.n	2000054c <dcd_rp2040_irq+0x38>
20000736:	3302      	adds	r3, #2
20000738:	5ce2      	ldrb	r2, [r4, r3]
2000073a:	2a00      	cmp	r2, #0
2000073c:	d000      	beq.n	20000740 <dcd_rp2040_irq+0x22c>
2000073e:	e10d      	b.n	2000095c <dcd_rp2040_irq+0x448>
20000740:	003e      	movs	r6, r7
20000742:	e703      	b.n	2000054c <dcd_rp2040_irq+0x38>
20000744:	33b8      	adds	r3, #184	@ 0xb8
20000746:	5ce7      	ldrb	r7, [r4, r3]
20000748:	2f00      	cmp	r7, #0
2000074a:	d100      	bne.n	2000074e <dcd_rp2040_irq+0x23a>
2000074c:	e703      	b.n	20000556 <dcd_rp2040_irq+0x42>
2000074e:	3302      	adds	r3, #2
20000750:	5ce2      	ldrb	r2, [r4, r3]
20000752:	2a00      	cmp	r2, #0
20000754:	d000      	beq.n	20000758 <dcd_rp2040_irq+0x244>
20000756:	e0f9      	b.n	2000094c <dcd_rp2040_irq+0x438>
20000758:	003e      	movs	r6, r7
2000075a:	e6fc      	b.n	20000556 <dcd_rp2040_irq+0x42>
2000075c:	33f8      	adds	r3, #248	@ 0xf8
2000075e:	5ce7      	ldrb	r7, [r4, r3]
20000760:	2f00      	cmp	r7, #0
20000762:	d100      	bne.n	20000766 <dcd_rp2040_irq+0x252>
20000764:	e6fc      	b.n	20000560 <dcd_rp2040_irq+0x4c>
20000766:	3302      	adds	r3, #2
20000768:	5ce2      	ldrb	r2, [r4, r3]
2000076a:	2a00      	cmp	r2, #0
2000076c:	d000      	beq.n	20000770 <dcd_rp2040_irq+0x25c>
2000076e:	e141      	b.n	200009f4 <dcd_rp2040_irq+0x4e0>
20000770:	003e      	movs	r6, r7
20000772:	e6f5      	b.n	20000560 <dcd_rp2040_irq+0x4c>
20000774:	33f9      	adds	r3, #249	@ 0xf9
20000776:	33ff      	adds	r3, #255	@ 0xff
20000778:	5ce7      	ldrb	r7, [r4, r3]
2000077a:	2f00      	cmp	r7, #0
2000077c:	d100      	bne.n	20000780 <dcd_rp2040_irq+0x26c>
2000077e:	e707      	b.n	20000590 <dcd_rp2040_irq+0x7c>
20000780:	3302      	adds	r3, #2
20000782:	5ce2      	ldrb	r2, [r4, r3]
20000784:	2a00      	cmp	r2, #0
20000786:	d000      	beq.n	2000078a <dcd_rp2040_irq+0x276>
20000788:	e12b      	b.n	200009e2 <dcd_rp2040_irq+0x4ce>
2000078a:	003e      	movs	r6, r7
2000078c:	e700      	b.n	20000590 <dcd_rp2040_irq+0x7c>
2000078e:	3379      	adds	r3, #121	@ 0x79
20000790:	33ff      	adds	r3, #255	@ 0xff
20000792:	5ce7      	ldrb	r7, [r4, r3]
20000794:	2f00      	cmp	r7, #0
20000796:	d100      	bne.n	2000079a <dcd_rp2040_irq+0x286>
20000798:	e6ee      	b.n	20000578 <dcd_rp2040_irq+0x64>
2000079a:	3302      	adds	r3, #2
2000079c:	5ce2      	ldrb	r2, [r4, r3]
2000079e:	2a00      	cmp	r2, #0
200007a0:	d000      	beq.n	200007a4 <dcd_rp2040_irq+0x290>
200007a2:	e115      	b.n	200009d0 <dcd_rp2040_irq+0x4bc>
200007a4:	003e      	movs	r6, r7
200007a6:	e6e7      	b.n	20000578 <dcd_rp2040_irq+0x64>
200007a8:	4b32      	ldr	r3, [pc, #200]	@ (20000874 <dcd_rp2040_irq+0x360>)
200007aa:	5ce7      	ldrb	r7, [r4, r3]
200007ac:	2f00      	cmp	r7, #0
200007ae:	d100      	bne.n	200007b2 <dcd_rp2040_irq+0x29e>
200007b0:	e6f8      	b.n	200005a4 <dcd_rp2040_irq+0x90>
200007b2:	3302      	adds	r3, #2
200007b4:	5ce2      	ldrb	r2, [r4, r3]
200007b6:	2a00      	cmp	r2, #0
200007b8:	d000      	beq.n	200007bc <dcd_rp2040_irq+0x2a8>
200007ba:	e101      	b.n	200009c0 <dcd_rp2040_irq+0x4ac>
200007bc:	003e      	movs	r6, r7
200007be:	e6f1      	b.n	200005a4 <dcd_rp2040_irq+0x90>
200007c0:	3339      	adds	r3, #57	@ 0x39
200007c2:	33ff      	adds	r3, #255	@ 0xff
200007c4:	5ce7      	ldrb	r7, [r4, r3]
200007c6:	2f00      	cmp	r7, #0
200007c8:	d100      	bne.n	200007cc <dcd_rp2040_irq+0x2b8>
200007ca:	e6cf      	b.n	2000056c <dcd_rp2040_irq+0x58>
200007cc:	3302      	adds	r3, #2
200007ce:	5ce2      	ldrb	r2, [r4, r3]
200007d0:	2a00      	cmp	r2, #0
200007d2:	d000      	beq.n	200007d6 <dcd_rp2040_irq+0x2c2>
200007d4:	e0eb      	b.n	200009ae <dcd_rp2040_irq+0x49a>
200007d6:	003e      	movs	r6, r7
200007d8:	e6c8      	b.n	2000056c <dcd_rp2040_irq+0x58>
200007da:	3338      	adds	r3, #56	@ 0x38
200007dc:	5ce6      	ldrb	r6, [r4, r3]
200007de:	2e00      	cmp	r6, #0
200007e0:	d100      	bne.n	200007e4 <dcd_rp2040_irq+0x2d0>
200007e2:	e6ae      	b.n	20000542 <dcd_rp2040_irq+0x2e>
200007e4:	3302      	adds	r3, #2
200007e6:	5ce2      	ldrb	r2, [r4, r3]
200007e8:	2a00      	cmp	r2, #0
200007ea:	d100      	bne.n	200007ee <dcd_rp2040_irq+0x2da>
200007ec:	e6a9      	b.n	20000542 <dcd_rp2040_irq+0x2e>
200007ee:	0020      	movs	r0, r4
200007f0:	2200      	movs	r2, #0
200007f2:	3020      	adds	r0, #32
200007f4:	54e2      	strb	r2, [r4, r3]
200007f6:	f000 fa4b 	bl	20000c90 <hw_endpoint_start_next_buffer>
200007fa:	e6a2      	b.n	20000542 <dcd_rp2040_irq+0x2e>
200007fc:	33b9      	adds	r3, #185	@ 0xb9
200007fe:	33ff      	adds	r3, #255	@ 0xff
20000800:	5ce7      	ldrb	r7, [r4, r3]
20000802:	2f00      	cmp	r7, #0
20000804:	d100      	bne.n	20000808 <dcd_rp2040_irq+0x2f4>
20000806:	e6bd      	b.n	20000584 <dcd_rp2040_irq+0x70>
20000808:	3302      	adds	r3, #2
2000080a:	5ce2      	ldrb	r2, [r4, r3]
2000080c:	2a00      	cmp	r2, #0
2000080e:	d000      	beq.n	20000812 <dcd_rp2040_irq+0x2fe>
20000810:	e0c4      	b.n	2000099c <dcd_rp2040_irq+0x488>
20000812:	003e      	movs	r6, r7
20000814:	e6b6      	b.n	20000584 <dcd_rp2040_irq+0x70>
20000816:	4b18      	ldr	r3, [pc, #96]	@ (20000878 <dcd_rp2040_irq+0x364>)
20000818:	5ce7      	ldrb	r7, [r4, r3]
2000081a:	2f00      	cmp	r7, #0
2000081c:	d100      	bne.n	20000820 <dcd_rp2040_irq+0x30c>
2000081e:	e6cb      	b.n	200005b8 <dcd_rp2040_irq+0xa4>
20000820:	3302      	adds	r3, #2
20000822:	5ce2      	ldrb	r2, [r4, r3]
20000824:	2a00      	cmp	r2, #0
20000826:	d000      	beq.n	2000082a <dcd_rp2040_irq+0x316>
20000828:	e0b0      	b.n	2000098c <dcd_rp2040_irq+0x478>
2000082a:	003e      	movs	r6, r7
2000082c:	e6c4      	b.n	200005b8 <dcd_rp2040_irq+0xa4>
2000082e:	46c0      	nop			@ (mov r8, r8)
20000830:	50110000 	.word	0x50110000
20000834:	40054000 	.word	0x40054000
20000838:	20001bf8 	.word	0x20001bf8
2000083c:	20001bf0 	.word	0x20001bf0
20000840:	0000023b 	.word	0x0000023b
20000844:	0000027b 	.word	0x0000027b
20000848:	000002bb 	.word	0x000002bb
2000084c:	000002fb 	.word	0x000002fb
20000850:	0000033b 	.word	0x0000033b
20000854:	0000037b 	.word	0x0000037b
20000858:	000003bb 	.word	0x000003bb
2000085c:	000003fb 	.word	0x000003fb
20000860:	20002069 	.word	0x20002069
20000864:	50113000 	.word	0x50113000
20000868:	00020010 	.word	0x00020010
2000086c:	50100000 	.word	0x50100000
20000870:	50112000 	.word	0x50112000
20000874:	0000027a 	.word	0x0000027a
20000878:	000002fa 	.word	0x000002fa
2000087c:	4b6b      	ldr	r3, [pc, #428]	@ (20000a2c <dcd_rp2040_irq+0x518>)
2000087e:	5ce7      	ldrb	r7, [r4, r3]
20000880:	2f00      	cmp	r7, #0
20000882:	d100      	bne.n	20000886 <dcd_rp2040_irq+0x372>
20000884:	e689      	b.n	2000059a <dcd_rp2040_irq+0x86>
20000886:	3302      	adds	r3, #2
20000888:	5ce2      	ldrb	r2, [r4, r3]
2000088a:	2a00      	cmp	r2, #0
2000088c:	d176      	bne.n	2000097c <dcd_rp2040_irq+0x468>
2000088e:	003e      	movs	r6, r7
20000890:	e683      	b.n	2000059a <dcd_rp2040_irq+0x86>
20000892:	4b67      	ldr	r3, [pc, #412]	@ (20000a30 <dcd_rp2040_irq+0x51c>)
20000894:	5ce7      	ldrb	r7, [r4, r3]
20000896:	2f00      	cmp	r7, #0
20000898:	d100      	bne.n	2000089c <dcd_rp2040_irq+0x388>
2000089a:	e688      	b.n	200005ae <dcd_rp2040_irq+0x9a>
2000089c:	3302      	adds	r3, #2
2000089e:	5ce2      	ldrb	r2, [r4, r3]
200008a0:	2a00      	cmp	r2, #0
200008a2:	d163      	bne.n	2000096c <dcd_rp2040_irq+0x458>
200008a4:	003e      	movs	r6, r7
200008a6:	e682      	b.n	200005ae <dcd_rp2040_irq+0x9a>
200008a8:	4b62      	ldr	r3, [pc, #392]	@ (20000a34 <dcd_rp2040_irq+0x520>)
200008aa:	5ce7      	ldrb	r7, [r4, r3]
200008ac:	2f00      	cmp	r7, #0
200008ae:	d100      	bne.n	200008b2 <dcd_rp2040_irq+0x39e>
200008b0:	e68c      	b.n	200005cc <dcd_rp2040_irq+0xb8>
200008b2:	3302      	adds	r3, #2
200008b4:	5ce2      	ldrb	r2, [r4, r3]
200008b6:	2a00      	cmp	r2, #0
200008b8:	d000      	beq.n	200008bc <dcd_rp2040_irq+0x3a8>
200008ba:	e0a3      	b.n	20000a04 <dcd_rp2040_irq+0x4f0>
200008bc:	4b5e      	ldr	r3, [pc, #376]	@ (20000a38 <dcd_rp2040_irq+0x524>)
200008be:	5ce3      	ldrb	r3, [r4, r3]
200008c0:	2b02      	cmp	r3, #2
200008c2:	d130      	bne.n	20000926 <dcd_rp2040_irq+0x412>
200008c4:	4b5d      	ldr	r3, [pc, #372]	@ (20000a3c <dcd_rp2040_irq+0x528>)
200008c6:	5ce3      	ldrb	r3, [r4, r3]
200008c8:	2b00      	cmp	r3, #0
200008ca:	d127      	bne.n	2000091c <dcd_rp2040_irq+0x408>
200008cc:	4b5c      	ldr	r3, [pc, #368]	@ (20000a40 <dcd_rp2040_irq+0x52c>)
200008ce:	5ce3      	ldrb	r3, [r4, r3]
200008d0:	2b02      	cmp	r3, #2
200008d2:	d000      	beq.n	200008d6 <dcd_rp2040_irq+0x3c2>
200008d4:	e68f      	b.n	200005f6 <dcd_rp2040_irq+0xe2>
200008d6:	003e      	movs	r6, r7
200008d8:	4b5a      	ldr	r3, [pc, #360]	@ (20000a44 <dcd_rp2040_irq+0x530>)
200008da:	5ce3      	ldrb	r3, [r4, r3]
200008dc:	2b00      	cmp	r3, #0
200008de:	d100      	bne.n	200008e2 <dcd_rp2040_irq+0x3ce>
200008e0:	e67e      	b.n	200005e0 <dcd_rp2040_irq+0xcc>
200008e2:	23ff      	movs	r3, #255	@ 0xff
200008e4:	009b      	lsls	r3, r3, #2
200008e6:	5ce2      	ldrb	r2, [r4, r3]
200008e8:	2a00      	cmp	r2, #0
200008ea:	d100      	bne.n	200008ee <dcd_rp2040_irq+0x3da>
200008ec:	e683      	b.n	200005f6 <dcd_rp2040_irq+0xe2>
200008ee:	2200      	movs	r2, #0
200008f0:	54e2      	strb	r2, [r4, r3]
200008f2:	3b1c      	subs	r3, #28
200008f4:	18e0      	adds	r0, r4, r3
200008f6:	f000 f9cb 	bl	20000c90 <hw_endpoint_start_next_buffer>
200008fa:	e67c      	b.n	200005f6 <dcd_rp2040_irq+0xe2>
200008fc:	4b52      	ldr	r3, [pc, #328]	@ (20000a48 <dcd_rp2040_irq+0x534>)
200008fe:	5ce7      	ldrb	r7, [r4, r3]
20000900:	2f00      	cmp	r7, #0
20000902:	d100      	bne.n	20000906 <dcd_rp2040_irq+0x3f2>
20000904:	e65d      	b.n	200005c2 <dcd_rp2040_irq+0xae>
20000906:	3302      	adds	r3, #2
20000908:	5ce2      	ldrb	r2, [r4, r3]
2000090a:	2a00      	cmp	r2, #0
2000090c:	d116      	bne.n	2000093c <dcd_rp2040_irq+0x428>
2000090e:	003e      	movs	r6, r7
20000910:	e657      	b.n	200005c2 <dcd_rp2040_irq+0xae>
20000912:	4b4a      	ldr	r3, [pc, #296]	@ (20000a3c <dcd_rp2040_irq+0x528>)
20000914:	5ce3      	ldrb	r3, [r4, r3]
20000916:	2b00      	cmp	r3, #0
20000918:	d100      	bne.n	2000091c <dcd_rp2040_irq+0x408>
2000091a:	e65c      	b.n	200005d6 <dcd_rp2040_irq+0xc2>
2000091c:	23ef      	movs	r3, #239	@ 0xef
2000091e:	009b      	lsls	r3, r3, #2
20000920:	5ce2      	ldrb	r2, [r4, r3]
20000922:	2a00      	cmp	r2, #0
20000924:	d175      	bne.n	20000a12 <dcd_rp2040_irq+0x4fe>
20000926:	4b46      	ldr	r3, [pc, #280]	@ (20000a40 <dcd_rp2040_irq+0x52c>)
20000928:	5ce3      	ldrb	r3, [r4, r3]
2000092a:	2b02      	cmp	r3, #2
2000092c:	d000      	beq.n	20000930 <dcd_rp2040_irq+0x41c>
2000092e:	e662      	b.n	200005f6 <dcd_rp2040_irq+0xe2>
20000930:	4b44      	ldr	r3, [pc, #272]	@ (20000a44 <dcd_rp2040_irq+0x530>)
20000932:	5ce3      	ldrb	r3, [r4, r3]
20000934:	2b00      	cmp	r3, #0
20000936:	d100      	bne.n	2000093a <dcd_rp2040_irq+0x426>
20000938:	e65d      	b.n	200005f6 <dcd_rp2040_irq+0xe2>
2000093a:	e7d2      	b.n	200008e2 <dcd_rp2040_irq+0x3ce>
2000093c:	2200      	movs	r2, #0
2000093e:	54e2      	strb	r2, [r4, r3]
20000940:	3b1c      	subs	r3, #28
20000942:	18e0      	adds	r0, r4, r3
20000944:	f000 f9a4 	bl	20000c90 <hw_endpoint_start_next_buffer>
20000948:	003e      	movs	r6, r7
2000094a:	e63a      	b.n	200005c2 <dcd_rp2040_irq+0xae>
2000094c:	0020      	movs	r0, r4
2000094e:	2200      	movs	r2, #0
20000950:	30a0      	adds	r0, #160	@ 0xa0
20000952:	54e2      	strb	r2, [r4, r3]
20000954:	003e      	movs	r6, r7
20000956:	f000 f99b 	bl	20000c90 <hw_endpoint_start_next_buffer>
2000095a:	e5fc      	b.n	20000556 <dcd_rp2040_irq+0x42>
2000095c:	0020      	movs	r0, r4
2000095e:	2200      	movs	r2, #0
20000960:	3060      	adds	r0, #96	@ 0x60
20000962:	54e2      	strb	r2, [r4, r3]
20000964:	003e      	movs	r6, r7
20000966:	f000 f993 	bl	20000c90 <hw_endpoint_start_next_buffer>
2000096a:	e5ef      	b.n	2000054c <dcd_rp2040_irq+0x38>
2000096c:	2200      	movs	r2, #0
2000096e:	54e2      	strb	r2, [r4, r3]
20000970:	3b1c      	subs	r3, #28
20000972:	18e0      	adds	r0, r4, r3
20000974:	f000 f98c 	bl	20000c90 <hw_endpoint_start_next_buffer>
20000978:	003e      	movs	r6, r7
2000097a:	e618      	b.n	200005ae <dcd_rp2040_irq+0x9a>
2000097c:	2200      	movs	r2, #0
2000097e:	54e2      	strb	r2, [r4, r3]
20000980:	3b1c      	subs	r3, #28
20000982:	18e0      	adds	r0, r4, r3
20000984:	f000 f984 	bl	20000c90 <hw_endpoint_start_next_buffer>
20000988:	003e      	movs	r6, r7
2000098a:	e606      	b.n	2000059a <dcd_rp2040_irq+0x86>
2000098c:	2200      	movs	r2, #0
2000098e:	54e2      	strb	r2, [r4, r3]
20000990:	3b1c      	subs	r3, #28
20000992:	18e0      	adds	r0, r4, r3
20000994:	f000 f97c 	bl	20000c90 <hw_endpoint_start_next_buffer>
20000998:	003e      	movs	r6, r7
2000099a:	e60d      	b.n	200005b8 <dcd_rp2040_irq+0xa4>
2000099c:	0020      	movs	r0, r4
2000099e:	2200      	movs	r2, #0
200009a0:	30a1      	adds	r0, #161	@ 0xa1
200009a2:	30ff      	adds	r0, #255	@ 0xff
200009a4:	54e2      	strb	r2, [r4, r3]
200009a6:	003e      	movs	r6, r7
200009a8:	f000 f972 	bl	20000c90 <hw_endpoint_start_next_buffer>
200009ac:	e5ea      	b.n	20000584 <dcd_rp2040_irq+0x70>
200009ae:	0020      	movs	r0, r4
200009b0:	2200      	movs	r2, #0
200009b2:	3021      	adds	r0, #33	@ 0x21
200009b4:	30ff      	adds	r0, #255	@ 0xff
200009b6:	54e2      	strb	r2, [r4, r3]
200009b8:	003e      	movs	r6, r7
200009ba:	f000 f969 	bl	20000c90 <hw_endpoint_start_next_buffer>
200009be:	e5d5      	b.n	2000056c <dcd_rp2040_irq+0x58>
200009c0:	2200      	movs	r2, #0
200009c2:	54e2      	strb	r2, [r4, r3]
200009c4:	3b1c      	subs	r3, #28
200009c6:	18e0      	adds	r0, r4, r3
200009c8:	f000 f962 	bl	20000c90 <hw_endpoint_start_next_buffer>
200009cc:	003e      	movs	r6, r7
200009ce:	e5e9      	b.n	200005a4 <dcd_rp2040_irq+0x90>
200009d0:	0020      	movs	r0, r4
200009d2:	2200      	movs	r2, #0
200009d4:	3061      	adds	r0, #97	@ 0x61
200009d6:	30ff      	adds	r0, #255	@ 0xff
200009d8:	54e2      	strb	r2, [r4, r3]
200009da:	003e      	movs	r6, r7
200009dc:	f000 f958 	bl	20000c90 <hw_endpoint_start_next_buffer>
200009e0:	e5ca      	b.n	20000578 <dcd_rp2040_irq+0x64>
200009e2:	0020      	movs	r0, r4
200009e4:	2200      	movs	r2, #0
200009e6:	30e1      	adds	r0, #225	@ 0xe1
200009e8:	30ff      	adds	r0, #255	@ 0xff
200009ea:	54e2      	strb	r2, [r4, r3]
200009ec:	003e      	movs	r6, r7
200009ee:	f000 f94f 	bl	20000c90 <hw_endpoint_start_next_buffer>
200009f2:	e5cd      	b.n	20000590 <dcd_rp2040_irq+0x7c>
200009f4:	0020      	movs	r0, r4
200009f6:	2200      	movs	r2, #0
200009f8:	30e0      	adds	r0, #224	@ 0xe0
200009fa:	54e2      	strb	r2, [r4, r3]
200009fc:	003e      	movs	r6, r7
200009fe:	f000 f947 	bl	20000c90 <hw_endpoint_start_next_buffer>
20000a02:	e5ad      	b.n	20000560 <dcd_rp2040_irq+0x4c>
20000a04:	2200      	movs	r2, #0
20000a06:	54e2      	strb	r2, [r4, r3]
20000a08:	3b1c      	subs	r3, #28
20000a0a:	18e0      	adds	r0, r4, r3
20000a0c:	f000 f940 	bl	20000c90 <hw_endpoint_start_next_buffer>
20000a10:	e754      	b.n	200008bc <dcd_rp2040_irq+0x3a8>
20000a12:	2200      	movs	r2, #0
20000a14:	54e2      	strb	r2, [r4, r3]
20000a16:	3b1c      	subs	r3, #28
20000a18:	18e0      	adds	r0, r4, r3
20000a1a:	f000 f939 	bl	20000c90 <hw_endpoint_start_next_buffer>
20000a1e:	e782      	b.n	20000926 <dcd_rp2040_irq+0x412>
20000a20:	0031      	movs	r1, r6
20000a22:	480a      	ldr	r0, [pc, #40]	@ (20000a4c <dcd_rp2040_irq+0x538>)
20000a24:	4069      	eors	r1, r5
20000a26:	f000 fa77 	bl	20000f18 <__panic_veneer>
20000a2a:	46c0      	nop			@ (mov r8, r8)
20000a2c:	0000023a 	.word	0x0000023a
20000a30:	000002ba 	.word	0x000002ba
20000a34:	0000037a 	.word	0x0000037a
20000a38:	000003bb 	.word	0x000003bb
20000a3c:	000003ba 	.word	0x000003ba
20000a40:	000003fb 	.word	0x000003fb
20000a44:	000003fa 	.word	0x000003fa
20000a48:	0000033a 	.word	0x0000033a
20000a4c:	100075cc 	.word	0x100075cc

20000a50 <prepare_ep_buffer>:
20000a50:	b5f0      	push	{r4, r5, r6, r7, lr}
20000a52:	468c      	mov	ip, r1
20000a54:	8a83      	ldrh	r3, [r0, #20]
20000a56:	8b01      	ldrh	r1, [r0, #24]
20000a58:	0002      	movs	r2, r0
20000a5a:	b083      	sub	sp, #12
20000a5c:	1c0e      	adds	r6, r1, #0
20000a5e:	4299      	cmp	r1, r3
20000a60:	d900      	bls.n	20000a64 <prepare_ep_buffer+0x14>
20000a62:	1c1e      	adds	r6, r3, #0
20000a64:	b2b6      	uxth	r6, r6
20000a66:	1b9b      	subs	r3, r3, r6
20000a68:	b29c      	uxth	r4, r3
20000a6a:	78d3      	ldrb	r3, [r2, #3]
20000a6c:	2180      	movs	r1, #128	@ 0x80
20000a6e:	0018      	movs	r0, r3
20000a70:	1e45      	subs	r5, r0, #1
20000a72:	41a8      	sbcs	r0, r5
20000a74:	00c9      	lsls	r1, r1, #3
20000a76:	4331      	orrs	r1, r6
20000a78:	0340      	lsls	r0, r0, #13
20000a7a:	4308      	orrs	r0, r1
20000a7c:	2101      	movs	r1, #1
20000a7e:	404b      	eors	r3, r1
20000a80:	70d3      	strb	r3, [r2, #3]
20000a82:	7853      	ldrb	r3, [r2, #1]
20000a84:	8294      	strh	r4, [r2, #20]
20000a86:	2b00      	cmp	r3, #0
20000a88:	d132      	bne.n	20000af0 <prepare_ep_buffer+0xa0>
20000a8a:	6911      	ldr	r1, [r2, #16]
20000a8c:	2e00      	cmp	r6, #0
20000a8e:	d02a      	beq.n	20000ae6 <prepare_ep_buffer+0x96>
20000a90:	4663      	mov	r3, ip
20000a92:	68d4      	ldr	r4, [r2, #12]
20000a94:	019b      	lsls	r3, r3, #6
20000a96:	18e4      	adds	r4, r4, r3
20000a98:	1e73      	subs	r3, r6, #1
20000a9a:	9301      	str	r3, [sp, #4]
20000a9c:	2b06      	cmp	r3, #6
20000a9e:	d932      	bls.n	20000b06 <prepare_ep_buffer+0xb6>
20000aa0:	0023      	movs	r3, r4
20000aa2:	430b      	orrs	r3, r1
20000aa4:	079b      	lsls	r3, r3, #30
20000aa6:	d12e      	bne.n	20000b06 <prepare_ep_buffer+0xb6>
20000aa8:	1a63      	subs	r3, r4, r1
20000aaa:	3b01      	subs	r3, #1
20000aac:	2b02      	cmp	r3, #2
20000aae:	d92a      	bls.n	20000b06 <prepare_ep_buffer+0xb6>
20000ab0:	2300      	movs	r3, #0
20000ab2:	08b7      	lsrs	r7, r6, #2
20000ab4:	00bf      	lsls	r7, r7, #2
20000ab6:	58cd      	ldr	r5, [r1, r3]
20000ab8:	50e5      	str	r5, [r4, r3]
20000aba:	3304      	adds	r3, #4
20000abc:	42bb      	cmp	r3, r7
20000abe:	d1fa      	bne.n	20000ab6 <prepare_ep_buffer+0x66>
20000ac0:	429e      	cmp	r6, r3
20000ac2:	d00e      	beq.n	20000ae2 <prepare_ep_buffer+0x92>
20000ac4:	9d01      	ldr	r5, [sp, #4]
20000ac6:	18e4      	adds	r4, r4, r3
20000ac8:	1aef      	subs	r7, r5, r3
20000aca:	18cd      	adds	r5, r1, r3
20000acc:	5cc9      	ldrb	r1, [r1, r3]
20000ace:	7021      	strb	r1, [r4, #0]
20000ad0:	9901      	ldr	r1, [sp, #4]
20000ad2:	4299      	cmp	r1, r3
20000ad4:	d005      	beq.n	20000ae2 <prepare_ep_buffer+0x92>
20000ad6:	786b      	ldrb	r3, [r5, #1]
20000ad8:	7063      	strb	r3, [r4, #1]
20000ada:	2f01      	cmp	r7, #1
20000adc:	d001      	beq.n	20000ae2 <prepare_ep_buffer+0x92>
20000ade:	78ab      	ldrb	r3, [r5, #2]
20000ae0:	70a3      	strb	r3, [r4, #2]
20000ae2:	6911      	ldr	r1, [r2, #16]
20000ae4:	8a94      	ldrh	r4, [r2, #20]
20000ae6:	2380      	movs	r3, #128	@ 0x80
20000ae8:	1989      	adds	r1, r1, r6
20000aea:	021b      	lsls	r3, r3, #8
20000aec:	6111      	str	r1, [r2, #16]
20000aee:	4318      	orrs	r0, r3
20000af0:	2c00      	cmp	r4, #0
20000af2:	d102      	bne.n	20000afa <prepare_ep_buffer+0xaa>
20000af4:	2380      	movs	r3, #128	@ 0x80
20000af6:	01db      	lsls	r3, r3, #7
20000af8:	4318      	orrs	r0, r3
20000afa:	4663      	mov	r3, ip
20000afc:	2b00      	cmp	r3, #0
20000afe:	d000      	beq.n	20000b02 <prepare_ep_buffer+0xb2>
20000b00:	0400      	lsls	r0, r0, #16
20000b02:	b003      	add	sp, #12
20000b04:	bdf0      	pop	{r4, r5, r6, r7, pc}
20000b06:	2300      	movs	r3, #0
20000b08:	5ccd      	ldrb	r5, [r1, r3]
20000b0a:	54e5      	strb	r5, [r4, r3]
20000b0c:	3301      	adds	r3, #1
20000b0e:	429e      	cmp	r6, r3
20000b10:	d1fa      	bne.n	20000b08 <prepare_ep_buffer+0xb8>
20000b12:	e7e6      	b.n	20000ae2 <prepare_ep_buffer+0x92>

20000b14 <sync_ep_buffer>:
20000b14:	6883      	ldr	r3, [r0, #8]
20000b16:	b5f0      	push	{r4, r5, r6, r7, lr}
20000b18:	681a      	ldr	r2, [r3, #0]
20000b1a:	2900      	cmp	r1, #0
20000b1c:	d000      	beq.n	20000b20 <sync_ep_buffer+0xc>
20000b1e:	0c12      	lsrs	r2, r2, #16
20000b20:	7843      	ldrb	r3, [r0, #1]
20000b22:	0592      	lsls	r2, r2, #22
20000b24:	0d95      	lsrs	r5, r2, #22
20000b26:	2b00      	cmp	r3, #0
20000b28:	d109      	bne.n	20000b3e <sync_ep_buffer+0x2a>
20000b2a:	8ac3      	ldrh	r3, [r0, #22]
20000b2c:	18eb      	adds	r3, r5, r3
20000b2e:	82c3      	strh	r3, [r0, #22]
20000b30:	8b03      	ldrh	r3, [r0, #24]
20000b32:	42ab      	cmp	r3, r5
20000b34:	d901      	bls.n	20000b3a <sync_ep_buffer+0x26>
20000b36:	2300      	movs	r3, #0
20000b38:	8283      	strh	r3, [r0, #20]
20000b3a:	0028      	movs	r0, r5
20000b3c:	bdf0      	pop	{r4, r5, r6, r7, pc}
20000b3e:	6904      	ldr	r4, [r0, #16]
20000b40:	2d00      	cmp	r5, #0
20000b42:	d028      	beq.n	20000b96 <sync_ep_buffer+0x82>
20000b44:	68c3      	ldr	r3, [r0, #12]
20000b46:	0189      	lsls	r1, r1, #6
20000b48:	1e6f      	subs	r7, r5, #1
20000b4a:	46bc      	mov	ip, r7
20000b4c:	185e      	adds	r6, r3, r1
20000b4e:	2f06      	cmp	r7, #6
20000b50:	d927      	bls.n	20000ba2 <sync_ep_buffer+0x8e>
20000b52:	3101      	adds	r1, #1
20000b54:	185b      	adds	r3, r3, r1
20000b56:	1ae3      	subs	r3, r4, r3
20000b58:	2b02      	cmp	r3, #2
20000b5a:	d922      	bls.n	20000ba2 <sync_ep_buffer+0x8e>
20000b5c:	0023      	movs	r3, r4
20000b5e:	4333      	orrs	r3, r6
20000b60:	079b      	lsls	r3, r3, #30
20000b62:	d11e      	bne.n	20000ba2 <sync_ep_buffer+0x8e>
20000b64:	2300      	movs	r3, #0
20000b66:	0e12      	lsrs	r2, r2, #24
20000b68:	0092      	lsls	r2, r2, #2
20000b6a:	58f1      	ldr	r1, [r6, r3]
20000b6c:	50e1      	str	r1, [r4, r3]
20000b6e:	3304      	adds	r3, #4
20000b70:	429a      	cmp	r2, r3
20000b72:	d1fa      	bne.n	20000b6a <sync_ep_buffer+0x56>
20000b74:	4295      	cmp	r5, r2
20000b76:	d00d      	beq.n	20000b94 <sync_ep_buffer+0x80>
20000b78:	4663      	mov	r3, ip
20000b7a:	1a9f      	subs	r7, r3, r2
20000b7c:	18a3      	adds	r3, r4, r2
20000b7e:	5cb4      	ldrb	r4, [r6, r2]
20000b80:	18b1      	adds	r1, r6, r2
20000b82:	701c      	strb	r4, [r3, #0]
20000b84:	4594      	cmp	ip, r2
20000b86:	d005      	beq.n	20000b94 <sync_ep_buffer+0x80>
20000b88:	784a      	ldrb	r2, [r1, #1]
20000b8a:	705a      	strb	r2, [r3, #1]
20000b8c:	2f01      	cmp	r7, #1
20000b8e:	d001      	beq.n	20000b94 <sync_ep_buffer+0x80>
20000b90:	788a      	ldrb	r2, [r1, #2]
20000b92:	709a      	strb	r2, [r3, #2]
20000b94:	6904      	ldr	r4, [r0, #16]
20000b96:	8ac3      	ldrh	r3, [r0, #22]
20000b98:	1964      	adds	r4, r4, r5
20000b9a:	18eb      	adds	r3, r5, r3
20000b9c:	82c3      	strh	r3, [r0, #22]
20000b9e:	6104      	str	r4, [r0, #16]
20000ba0:	e7c6      	b.n	20000b30 <sync_ep_buffer+0x1c>
20000ba2:	2200      	movs	r2, #0
20000ba4:	5cb3      	ldrb	r3, [r6, r2]
20000ba6:	54a3      	strb	r3, [r4, r2]
20000ba8:	3201      	adds	r2, #1
20000baa:	4295      	cmp	r5, r2
20000bac:	d1fa      	bne.n	20000ba4 <sync_ep_buffer+0x90>
20000bae:	6904      	ldr	r4, [r0, #16]
20000bb0:	e7f1      	b.n	20000b96 <sync_ep_buffer+0x82>
20000bb2:	46c0      	nop			@ (mov r8, r8)

20000bb4 <_hw_endpoint_xfer_sync>:
20000bb4:	b510      	push	{r4, lr}
20000bb6:	0004      	movs	r4, r0
20000bb8:	6883      	ldr	r3, [r0, #8]
20000bba:	2100      	movs	r1, #0
20000bbc:	681b      	ldr	r3, [r3, #0]
20000bbe:	f7ff ffa9 	bl	20000b14 <sync_ep_buffer>
20000bc2:	6863      	ldr	r3, [r4, #4]
20000bc4:	681b      	ldr	r3, [r3, #0]
20000bc6:	005b      	lsls	r3, r3, #1
20000bc8:	d502      	bpl.n	20000bd0 <_hw_endpoint_xfer_sync+0x1c>
20000bca:	8b23      	ldrh	r3, [r4, #24]
20000bcc:	4283      	cmp	r3, r0
20000bce:	d000      	beq.n	20000bd2 <_hw_endpoint_xfer_sync+0x1e>
20000bd0:	bd10      	pop	{r4, pc}
20000bd2:	2101      	movs	r1, #1
20000bd4:	0020      	movs	r0, r4
20000bd6:	f7ff ff9d 	bl	20000b14 <sync_ep_buffer>
20000bda:	e7f9      	b.n	20000bd0 <_hw_endpoint_xfer_sync+0x1c>

20000bdc <e15_is_bulkin_ep>:
20000bdc:	4b08      	ldr	r3, [pc, #32]	@ (20000c00 <e15_is_bulkin_ep+0x24>)
20000bde:	6c1a      	ldr	r2, [r3, #64]	@ 0x40
20000be0:	2300      	movs	r3, #0
20000be2:	0792      	lsls	r2, r2, #30
20000be4:	d403      	bmi.n	20000bee <e15_is_bulkin_ep+0x12>
20000be6:	7882      	ldrb	r2, [r0, #2]
20000be8:	09d2      	lsrs	r2, r2, #7
20000bea:	2a01      	cmp	r2, #1
20000bec:	d001      	beq.n	20000bf2 <e15_is_bulkin_ep+0x16>
20000bee:	0018      	movs	r0, r3
20000bf0:	4770      	bx	lr
20000bf2:	7ec3      	ldrb	r3, [r0, #27]
20000bf4:	3b02      	subs	r3, #2
20000bf6:	425a      	negs	r2, r3
20000bf8:	4153      	adcs	r3, r2
20000bfa:	b2db      	uxtb	r3, r3
20000bfc:	e7f7      	b.n	20000bee <e15_is_bulkin_ep+0x12>
20000bfe:	46c0      	nop			@ (mov r8, r8)
20000c00:	50110000 	.word	0x50110000

20000c04 <e15_is_critical_frame_period>:
20000c04:	b510      	push	{r4, lr}
20000c06:	f7ff ffe9 	bl	20000bdc <e15_is_bulkin_ep>
20000c0a:	2800      	cmp	r0, #0
20000c0c:	d00a      	beq.n	20000c24 <e15_is_critical_frame_period+0x20>
20000c0e:	4b06      	ldr	r3, [pc, #24]	@ (20000c28 <e15_is_critical_frame_period+0x24>)
20000c10:	4a06      	ldr	r2, [pc, #24]	@ (20000c2c <e15_is_critical_frame_period+0x28>)
20000c12:	6a9b      	ldr	r3, [r3, #40]	@ 0x28
20000c14:	4906      	ldr	r1, [pc, #24]	@ (20000c30 <e15_is_critical_frame_period+0x2c>)
20000c16:	6812      	ldr	r2, [r2, #0]
20000c18:	185b      	adds	r3, r3, r1
20000c1a:	1a9b      	subs	r3, r3, r2
20000c1c:	2000      	movs	r0, #0
20000c1e:	22c6      	movs	r2, #198	@ 0xc6
20000c20:	429a      	cmp	r2, r3
20000c22:	4140      	adcs	r0, r0
20000c24:	bd10      	pop	{r4, pc}
20000c26:	46c0      	nop			@ (mov r8, r8)
20000c28:	40054000 	.word	0x40054000
20000c2c:	20001bf0 	.word	0x20001bf0
20000c30:	fffffce0 	.word	0xfffffce0

20000c34 <hw_endpoint_reset_transfer>:
20000c34:	2300      	movs	r3, #0
20000c36:	7683      	strb	r3, [r0, #26]
20000c38:	6143      	str	r3, [r0, #20]
20000c3a:	6103      	str	r3, [r0, #16]
20000c3c:	4770      	bx	lr
20000c3e:	46c0      	nop			@ (mov r8, r8)

20000c40 <_hw_endpoint_buffer_control_update32>:
20000c40:	b510      	push	{r4, lr}
20000c42:	6883      	ldr	r3, [r0, #8]
20000c44:	2900      	cmp	r1, #0
20000c46:	d001      	beq.n	20000c4c <_hw_endpoint_buffer_control_update32+0xc>
20000c48:	681c      	ldr	r4, [r3, #0]
20000c4a:	4021      	ands	r1, r4
20000c4c:	2a00      	cmp	r2, #0
20000c4e:	d012      	beq.n	20000c76 <_hw_endpoint_buffer_control_update32+0x36>
20000c50:	2480      	movs	r4, #128	@ 0x80
20000c52:	00e4      	lsls	r4, r4, #3
20000c54:	4311      	orrs	r1, r2
20000c56:	4222      	tst	r2, r4
20000c58:	d00d      	beq.n	20000c76 <_hw_endpoint_buffer_control_update32+0x36>
20000c5a:	681a      	ldr	r2, [r3, #0]
20000c5c:	4222      	tst	r2, r4
20000c5e:	d10c      	bne.n	20000c7a <_hw_endpoint_buffer_control_update32+0x3a>
20000c60:	4a08      	ldr	r2, [pc, #32]	@ (20000c84 <_hw_endpoint_buffer_control_update32+0x44>)
20000c62:	400a      	ands	r2, r1
20000c64:	601a      	str	r2, [r3, #0]
20000c66:	4a08      	ldr	r2, [pc, #32]	@ (20000c88 <_hw_endpoint_buffer_control_update32+0x48>)
20000c68:	6c12      	ldr	r2, [r2, #64]	@ 0x40
20000c6a:	0792      	lsls	r2, r2, #30
20000c6c:	d403      	bmi.n	20000c76 <_hw_endpoint_buffer_control_update32+0x36>
20000c6e:	230c      	movs	r3, #12
20000c70:	3b03      	subs	r3, #3
20000c72:	d2fd      	bcs.n	20000c70 <_hw_endpoint_buffer_control_update32+0x30>
20000c74:	6883      	ldr	r3, [r0, #8]
20000c76:	6019      	str	r1, [r3, #0]
20000c78:	bd10      	pop	{r4, pc}
20000c7a:	7881      	ldrb	r1, [r0, #2]
20000c7c:	4803      	ldr	r0, [pc, #12]	@ (20000c8c <_hw_endpoint_buffer_control_update32+0x4c>)
20000c7e:	f000 f94b 	bl	20000f18 <__panic_veneer>
20000c82:	46c0      	nop			@ (mov r8, r8)
20000c84:	fffffbff 	.word	0xfffffbff
20000c88:	50110000 	.word	0x50110000
20000c8c:	100075e0 	.word	0x100075e0

20000c90 <hw_endpoint_start_next_buffer>:
20000c90:	6843      	ldr	r3, [r0, #4]
20000c92:	b570      	push	{r4, r5, r6, lr}
20000c94:	2100      	movs	r1, #0
20000c96:	2580      	movs	r5, #128	@ 0x80
20000c98:	0004      	movs	r4, r0
20000c9a:	681e      	ldr	r6, [r3, #0]
20000c9c:	f7ff fed8 	bl	20000a50 <prepare_ep_buffer>
20000ca0:	4b12      	ldr	r3, [pc, #72]	@ (20000cec <hw_endpoint_start_next_buffer+0x5c>)
20000ca2:	016d      	lsls	r5, r5, #5
20000ca4:	6c1a      	ldr	r2, [r3, #64]	@ 0x40
20000ca6:	4305      	orrs	r5, r0
20000ca8:	78a3      	ldrb	r3, [r4, #2]
20000caa:	0792      	lsls	r2, r2, #30
20000cac:	d50e      	bpl.n	20000ccc <hw_endpoint_start_next_buffer+0x3c>
20000cae:	065b      	lsls	r3, r3, #25
20000cb0:	d00e      	beq.n	20000cd0 <hw_endpoint_start_next_buffer+0x40>
20000cb2:	4b0f      	ldr	r3, [pc, #60]	@ (20000cf0 <hw_endpoint_start_next_buffer+0x60>)
20000cb4:	401e      	ands	r6, r3
20000cb6:	2380      	movs	r3, #128	@ 0x80
20000cb8:	059b      	lsls	r3, r3, #22
20000cba:	4333      	orrs	r3, r6
20000cbc:	6862      	ldr	r2, [r4, #4]
20000cbe:	2100      	movs	r1, #0
20000cc0:	6013      	str	r3, [r2, #0]
20000cc2:	0020      	movs	r0, r4
20000cc4:	002a      	movs	r2, r5
20000cc6:	f7ff ffbb 	bl	20000c40 <_hw_endpoint_buffer_control_update32>
20000cca:	bd70      	pop	{r4, r5, r6, pc}
20000ccc:	09db      	lsrs	r3, r3, #7
20000cce:	d0f0      	beq.n	20000cb2 <hw_endpoint_start_next_buffer+0x22>
20000cd0:	8aa3      	ldrh	r3, [r4, #20]
20000cd2:	2b00      	cmp	r3, #0
20000cd4:	d0ed      	beq.n	20000cb2 <hw_endpoint_start_next_buffer+0x22>
20000cd6:	2101      	movs	r1, #1
20000cd8:	0020      	movs	r0, r4
20000cda:	f7ff feb9 	bl	20000a50 <prepare_ep_buffer>
20000cde:	23a0      	movs	r3, #160	@ 0xa0
20000ce0:	4a04      	ldr	r2, [pc, #16]	@ (20000cf4 <hw_endpoint_start_next_buffer+0x64>)
20000ce2:	05db      	lsls	r3, r3, #23
20000ce4:	4032      	ands	r2, r6
20000ce6:	4305      	orrs	r5, r0
20000ce8:	4313      	orrs	r3, r2
20000cea:	e7e7      	b.n	20000cbc <hw_endpoint_start_next_buffer+0x2c>
20000cec:	50110000 	.word	0x50110000
20000cf0:	afffffff 	.word	0xafffffff
20000cf4:	dfffffff 	.word	0xdfffffff

20000cf8 <hw_endpoint_xfer_continue>:
20000cf8:	b570      	push	{r4, r5, r6, lr}
20000cfa:	7e85      	ldrb	r5, [r0, #26]
20000cfc:	0004      	movs	r4, r0
20000cfe:	2d00      	cmp	r5, #0
20000d00:	d014      	beq.n	20000d2c <hw_endpoint_xfer_continue+0x34>
20000d02:	f7ff ff57 	bl	20000bb4 <_hw_endpoint_xfer_sync>
20000d06:	8aa3      	ldrh	r3, [r4, #20]
20000d08:	2b00      	cmp	r3, #0
20000d0a:	d101      	bne.n	20000d10 <hw_endpoint_xfer_continue+0x18>
20000d0c:	0028      	movs	r0, r5
20000d0e:	bd70      	pop	{r4, r5, r6, pc}
20000d10:	0020      	movs	r0, r4
20000d12:	f7ff ff77 	bl	20000c04 <e15_is_critical_frame_period>
20000d16:	2800      	cmp	r0, #0
20000d18:	d003      	beq.n	20000d22 <hw_endpoint_xfer_continue+0x2a>
20000d1a:	2301      	movs	r3, #1
20000d1c:	2500      	movs	r5, #0
20000d1e:	7723      	strb	r3, [r4, #28]
20000d20:	e7f4      	b.n	20000d0c <hw_endpoint_xfer_continue+0x14>
20000d22:	0020      	movs	r0, r4
20000d24:	f7ff ffb4 	bl	20000c90 <hw_endpoint_start_next_buffer>
20000d28:	2500      	movs	r5, #0
20000d2a:	e7ef      	b.n	20000d0c <hw_endpoint_xfer_continue+0x14>
20000d2c:	7881      	ldrb	r1, [r0, #2]
20000d2e:	4801      	ldr	r0, [pc, #4]	@ (20000d34 <hw_endpoint_xfer_continue+0x3c>)
20000d30:	f000 f8f2 	bl	20000f18 <__panic_veneer>
20000d34:	10007600 	.word	0x10007600

20000d38 <dcd_event_handler>:
20000d38:	b5f0      	push	{r4, r5, r6, r7, lr}
20000d3a:	4647      	mov	r7, r8
20000d3c:	46ce      	mov	lr, r9
20000d3e:	b580      	push	{r7, lr}
20000d40:	7843      	ldrb	r3, [r0, #1]
20000d42:	0005      	movs	r5, r0
20000d44:	000f      	movs	r7, r1
20000d46:	b085      	sub	sp, #20
20000d48:	2b06      	cmp	r3, #6
20000d4a:	d807      	bhi.n	20000d5c <dcd_event_handler+0x24>
20000d4c:	4a69      	ldr	r2, [pc, #420]	@ (20000ef4 <dcd_event_handler+0x1bc>)
20000d4e:	009b      	lsls	r3, r3, #2
20000d50:	58d3      	ldr	r3, [r2, r3]
20000d52:	469f      	mov	pc, r3
20000d54:	4a68      	ldr	r2, [pc, #416]	@ (20000ef8 <dcd_event_handler+0x1c0>)
20000d56:	7813      	ldrb	r3, [r2, #0]
20000d58:	3301      	adds	r3, #1
20000d5a:	7013      	strb	r3, [r2, #0]
20000d5c:	4b67      	ldr	r3, [pc, #412]	@ (20000efc <dcd_event_handler+0x1c4>)
20000d5e:	681c      	ldr	r4, [r3, #0]
20000d60:	6962      	ldr	r2, [r4, #20]
20000d62:	f3ef 8110 	mrs	r1, PRIMASK
20000d66:	b672      	cpsid	i
20000d68:	6813      	ldr	r3, [r2, #0]
20000d6a:	2b00      	cmp	r3, #0
20000d6c:	d0fc      	beq.n	20000d68 <dcd_event_handler+0x30>
20000d6e:	f3bf 8f5f 	dmb	sy
20000d72:	61a1      	str	r1, [r4, #24]
20000d74:	0020      	movs	r0, r4
20000d76:	0029      	movs	r1, r5
20000d78:	f000 f8fe 	bl	20000f78 <__tu_fifo_write_veneer>
20000d7c:	6962      	ldr	r2, [r4, #20]
20000d7e:	69a3      	ldr	r3, [r4, #24]
20000d80:	f3bf 8f5f 	dmb	sy
20000d84:	2100      	movs	r1, #0
20000d86:	6011      	str	r1, [r2, #0]
20000d88:	f383 8810 	msr	PRIMASK, r3
20000d8c:	2800      	cmp	r0, #0
20000d8e:	d104      	bne.n	20000d9a <dcd_event_handler+0x62>
20000d90:	b005      	add	sp, #20
20000d92:	bcc0      	pop	{r6, r7}
20000d94:	46b9      	mov	r9, r7
20000d96:	46b0      	mov	r8, r6
20000d98:	bdf0      	pop	{r4, r5, r6, r7, pc}
20000d9a:	003a      	movs	r2, r7
20000d9c:	7869      	ldrb	r1, [r5, #1]
20000d9e:	7828      	ldrb	r0, [r5, #0]
20000da0:	f000 f8e2 	bl	20000f68 <__tud_event_hook_cb_veneer>
20000da4:	e7f4      	b.n	20000d90 <dcd_event_handler+0x58>
20000da6:	2101      	movs	r1, #1
20000da8:	4b55      	ldr	r3, [pc, #340]	@ (20000f00 <dcd_event_handler+0x1c8>)
20000daa:	781a      	ldrb	r2, [r3, #0]
20000dac:	438a      	bics	r2, r1
20000dae:	701a      	strb	r2, [r3, #0]
20000db0:	781a      	ldrb	r2, [r3, #0]
20000db2:	3101      	adds	r1, #1
20000db4:	438a      	bics	r2, r1
20000db6:	701a      	strb	r2, [r3, #0]
20000db8:	2200      	movs	r2, #0
20000dba:	705a      	strb	r2, [r3, #1]
20000dbc:	781a      	ldrb	r2, [r3, #0]
20000dbe:	3102      	adds	r1, #2
20000dc0:	438a      	bics	r2, r1
20000dc2:	701a      	strb	r2, [r3, #0]
20000dc4:	e7ca      	b.n	20000d5c <dcd_event_handler+0x24>
20000dc6:	494f      	ldr	r1, [pc, #316]	@ (20000f04 <dcd_event_handler+0x1cc>)
20000dc8:	4b4f      	ldr	r3, [pc, #316]	@ (20000f08 <dcd_event_handler+0x1d0>)
20000dca:	4688      	mov	r8, r1
20000dcc:	494f      	ldr	r1, [pc, #316]	@ (20000f0c <dcd_event_handler+0x1d4>)
20000dce:	001e      	movs	r6, r3
20000dd0:	781a      	ldrb	r2, [r3, #0]
20000dd2:	2400      	movs	r4, #0
20000dd4:	2300      	movs	r3, #0
20000dd6:	4689      	mov	r9, r1
20000dd8:	e012      	b.n	20000e00 <dcd_event_handler+0xc8>
20000dda:	464b      	mov	r3, r9
20000ddc:	681b      	ldr	r3, [r3, #0]
20000dde:	0161      	lsls	r1, r4, #5
20000de0:	185b      	adds	r3, r3, r1
20000de2:	2b00      	cmp	r3, #0
20000de4:	d006      	beq.n	20000df4 <dcd_event_handler+0xbc>
20000de6:	69db      	ldr	r3, [r3, #28]
20000de8:	2b00      	cmp	r3, #0
20000dea:	d003      	beq.n	20000df4 <dcd_event_handler+0xbc>
20000dec:	6869      	ldr	r1, [r5, #4]
20000dee:	7828      	ldrb	r0, [r5, #0]
20000df0:	4798      	blx	r3
20000df2:	7832      	ldrb	r2, [r6, #0]
20000df4:	3401      	adds	r4, #1
20000df6:	b2e4      	uxtb	r4, r4
20000df8:	1c51      	adds	r1, r2, #1
20000dfa:	0023      	movs	r3, r4
20000dfc:	42a1      	cmp	r1, r4
20000dfe:	db17      	blt.n	20000e30 <dcd_event_handler+0xf8>
20000e00:	42a2      	cmp	r2, r4
20000e02:	d8ea      	bhi.n	20000dda <dcd_event_handler+0xa2>
20000e04:	1a9b      	subs	r3, r3, r2
20000e06:	015b      	lsls	r3, r3, #5
20000e08:	4443      	add	r3, r8
20000e0a:	e7ec      	b.n	20000de6 <dcd_event_handler+0xae>
20000e0c:	4b3c      	ldr	r3, [pc, #240]	@ (20000f00 <dcd_event_handler+0x1c8>)
20000e0e:	781a      	ldrb	r2, [r3, #0]
20000e10:	07d2      	lsls	r2, r2, #31
20000e12:	d5bd      	bpl.n	20000d90 <dcd_event_handler+0x58>
20000e14:	2104      	movs	r1, #4
20000e16:	781a      	ldrb	r2, [r3, #0]
20000e18:	430a      	orrs	r2, r1
20000e1a:	701a      	strb	r2, [r3, #0]
20000e1c:	e79e      	b.n	20000d5c <dcd_event_handler+0x24>
20000e1e:	4b38      	ldr	r3, [pc, #224]	@ (20000f00 <dcd_event_handler+0x1c8>)
20000e20:	781a      	ldrb	r2, [r3, #0]
20000e22:	07d2      	lsls	r2, r2, #31
20000e24:	d5b4      	bpl.n	20000d90 <dcd_event_handler+0x58>
20000e26:	2104      	movs	r1, #4
20000e28:	781a      	ldrb	r2, [r3, #0]
20000e2a:	438a      	bics	r2, r1
20000e2c:	701a      	strb	r2, [r3, #0]
20000e2e:	e795      	b.n	20000d5c <dcd_event_handler+0x24>
20000e30:	4a33      	ldr	r2, [pc, #204]	@ (20000f00 <dcd_event_handler+0x1c8>)
20000e32:	7813      	ldrb	r3, [r2, #0]
20000e34:	4690      	mov	r8, r2
20000e36:	0011      	movs	r1, r2
20000e38:	075b      	lsls	r3, r3, #29
20000e3a:	d528      	bpl.n	20000e8e <dcd_event_handler+0x156>
20000e3c:	7813      	ldrb	r3, [r2, #0]
20000e3e:	2204      	movs	r2, #4
20000e40:	ac01      	add	r4, sp, #4
20000e42:	4393      	bics	r3, r2
20000e44:	700b      	strb	r3, [r1, #0]
20000e46:	0020      	movs	r0, r4
20000e48:	2100      	movs	r1, #0
20000e4a:	3208      	adds	r2, #8
20000e4c:	f000 f89c 	bl	20000f88 <____wrap_memset_veneer>
20000e50:	782b      	ldrb	r3, [r5, #0]
20000e52:	7023      	strb	r3, [r4, #0]
20000e54:	2305      	movs	r3, #5
20000e56:	7063      	strb	r3, [r4, #1]
20000e58:	4b28      	ldr	r3, [pc, #160]	@ (20000efc <dcd_event_handler+0x1c4>)
20000e5a:	681b      	ldr	r3, [r3, #0]
20000e5c:	0018      	movs	r0, r3
20000e5e:	695a      	ldr	r2, [r3, #20]
20000e60:	f3ef 8110 	mrs	r1, PRIMASK
20000e64:	b672      	cpsid	i
20000e66:	6813      	ldr	r3, [r2, #0]
20000e68:	2b00      	cmp	r3, #0
20000e6a:	d0fc      	beq.n	20000e66 <dcd_event_handler+0x12e>
20000e6c:	f3bf 8f5f 	dmb	sy
20000e70:	0006      	movs	r6, r0
20000e72:	6181      	str	r1, [r0, #24]
20000e74:	0021      	movs	r1, r4
20000e76:	f000 f87f 	bl	20000f78 <__tu_fifo_write_veneer>
20000e7a:	6972      	ldr	r2, [r6, #20]
20000e7c:	69b3      	ldr	r3, [r6, #24]
20000e7e:	f3bf 8f5f 	dmb	sy
20000e82:	2100      	movs	r1, #0
20000e84:	6011      	str	r1, [r2, #0]
20000e86:	f383 8810 	msr	PRIMASK, r3
20000e8a:	2800      	cmp	r0, #0
20000e8c:	d12c      	bne.n	20000ee8 <dcd_event_handler+0x1b0>
20000e8e:	4643      	mov	r3, r8
20000e90:	78db      	ldrb	r3, [r3, #3]
20000e92:	07db      	lsls	r3, r3, #31
20000e94:	d400      	bmi.n	20000e98 <dcd_event_handler+0x160>
20000e96:	e77b      	b.n	20000d90 <dcd_event_handler+0x58>
20000e98:	782b      	ldrb	r3, [r5, #0]
20000e9a:	ac01      	add	r4, sp, #4
20000e9c:	7023      	strb	r3, [r4, #0]
20000e9e:	2303      	movs	r3, #3
20000ea0:	7063      	strb	r3, [r4, #1]
20000ea2:	686b      	ldr	r3, [r5, #4]
20000ea4:	6063      	str	r3, [r4, #4]
20000ea6:	4b15      	ldr	r3, [pc, #84]	@ (20000efc <dcd_event_handler+0x1c4>)
20000ea8:	681d      	ldr	r5, [r3, #0]
20000eaa:	696a      	ldr	r2, [r5, #20]
20000eac:	f3ef 8110 	mrs	r1, PRIMASK
20000eb0:	b672      	cpsid	i
20000eb2:	6813      	ldr	r3, [r2, #0]
20000eb4:	2b00      	cmp	r3, #0
20000eb6:	d0fc      	beq.n	20000eb2 <dcd_event_handler+0x17a>
20000eb8:	f3bf 8f5f 	dmb	sy
20000ebc:	61a9      	str	r1, [r5, #24]
20000ebe:	0028      	movs	r0, r5
20000ec0:	0021      	movs	r1, r4
20000ec2:	f000 f859 	bl	20000f78 <__tu_fifo_write_veneer>
20000ec6:	696a      	ldr	r2, [r5, #20]
20000ec8:	69ab      	ldr	r3, [r5, #24]
20000eca:	f3bf 8f5f 	dmb	sy
20000ece:	2100      	movs	r1, #0
20000ed0:	6011      	str	r1, [r2, #0]
20000ed2:	f383 8810 	msr	PRIMASK, r3
20000ed6:	2800      	cmp	r0, #0
20000ed8:	d100      	bne.n	20000edc <dcd_event_handler+0x1a4>
20000eda:	e759      	b.n	20000d90 <dcd_event_handler+0x58>
20000edc:	003a      	movs	r2, r7
20000ede:	7861      	ldrb	r1, [r4, #1]
20000ee0:	7820      	ldrb	r0, [r4, #0]
20000ee2:	f000 f841 	bl	20000f68 <__tud_event_hook_cb_veneer>
20000ee6:	e753      	b.n	20000d90 <dcd_event_handler+0x58>
20000ee8:	003a      	movs	r2, r7
20000eea:	7861      	ldrb	r1, [r4, #1]
20000eec:	7820      	ldrb	r0, [r4, #0]
20000eee:	f000 f83b 	bl	20000f68 <__tud_event_hook_cb_veneer>
20000ef2:	e7cc      	b.n	20000e8e <dcd_event_handler+0x156>
20000ef4:	10007a70 	.word	0x10007a70
20000ef8:	2000206a 	.word	0x2000206a
20000efc:	20001670 	.word	0x20001670
20000f00:	20001618 	.word	0x20001618
20000f04:	10007a8c 	.word	0x10007a8c
20000f08:	20002068 	.word	0x20002068
20000f0c:	20001530 	.word	0x20001530

20000f10 <__aeabi_idiv0>:
20000f10:	4770      	bx	lr
20000f12:	46c0      	nop			@ (mov r8, r8)
20000f14:	0000      	movs	r0, r0
	...

20000f18 <__panic_veneer>:
20000f18:	b401      	push	{r0}
20000f1a:	4802      	ldr	r0, [pc, #8]	@ (20000f24 <__panic_veneer+0xc>)
20000f1c:	4684      	mov	ip, r0
20000f1e:	bc01      	pop	{r0}
20000f20:	4760      	bx	ip
20000f22:	bf00      	nop
20000f24:	100008b1 	.word	0x100008b1

20000f28 <____wrap___aeabi_lmul_veneer>:
20000f28:	b401      	push	{r0}
20000f2a:	4802      	ldr	r0, [pc, #8]	@ (20000f34 <____wrap___aeabi_lmul_veneer+0xc>)
20000f2c:	4684      	mov	ip, r0
20000f2e:	bc01      	pop	{r0}
20000f30:	4760      	bx	ip
20000f32:	bf00      	nop
20000f34:	10002a79 	.word	0x10002a79

20000f38 <__best_effort_wfe_or_timeout_veneer>:
20000f38:	b401      	push	{r0}
20000f3a:	4802      	ldr	r0, [pc, #8]	@ (20000f44 <__best_effort_wfe_or_timeout_veneer+0xc>)
20000f3c:	4684      	mov	ip, r0
20000f3e:	bc01      	pop	{r0}
20000f40:	4760      	bx	ip
20000f42:	bf00      	nop
20000f44:	10001569 	.word	0x10001569

20000f48 <__time_us_64_veneer>:
20000f48:	b401      	push	{r0}
20000f4a:	4802      	ldr	r0, [pc, #8]	@ (20000f54 <__time_us_64_veneer+0xc>)
20000f4c:	4684      	mov	ip, r0
20000f4e:	bc01      	pop	{r0}
20000f50:	4760      	bx	ip
20000f52:	bf00      	nop
20000f54:	1000168d 	.word	0x1000168d

20000f58 <__rp2040_chip_version_veneer>:
20000f58:	b401      	push	{r0}
20000f5a:	4802      	ldr	r0, [pc, #8]	@ (20000f64 <__rp2040_chip_version_veneer+0xc>)
20000f5c:	4684      	mov	ip, r0
20000f5e:	bc01      	pop	{r0}
20000f60:	4760      	bx	ip
20000f62:	bf00      	nop
20000f64:	100008a5 	.word	0x100008a5

20000f68 <__tud_event_hook_cb_veneer>:
20000f68:	b401      	push	{r0}
20000f6a:	4802      	ldr	r0, [pc, #8]	@ (20000f74 <__tud_event_hook_cb_veneer+0xc>)
20000f6c:	4684      	mov	ip, r0
20000f6e:	bc01      	pop	{r0}
20000f70:	4760      	bx	ip
20000f72:	bf00      	nop
20000f74:	100052ed 	.word	0x100052ed

20000f78 <__tu_fifo_write_veneer>:
20000f78:	b401      	push	{r0}
20000f7a:	4802      	ldr	r0, [pc, #8]	@ (20000f84 <__tu_fifo_write_veneer+0xc>)
20000f7c:	4684      	mov	ip, r0
20000f7e:	bc01      	pop	{r0}
20000f80:	4760      	bx	ip
20000f82:	bf00      	nop
20000f84:	10006d1d 	.word	0x10006d1d

20000f88 <____wrap_memset_veneer>:
20000f88:	b401      	push	{r0}
20000f8a:	4802      	ldr	r0, [pc, #8]	@ (20000f94 <____wrap_memset_veneer+0xc>)
20000f8c:	4684      	mov	ip, r0
20000f8e:	bc01      	pop	{r0}
20000f90:	4760      	bx	ip
20000f92:	bf00      	nop
20000f94:	10002bdd 	.word	0x10002bdd

20000f98 <device_api>:
20000f98:	10007320 100002d5 10007328 10007350      s......(s..Ps..
20000fa8:	100002f1 10007354 10007364 10000305     ....Ts..ds......
20000fb8:	10007368 10007378 10000319 10007380     hs..xs.......s..
20000fc8:	1000739c 1000032d 100073a4 100073b8     .s..-....s...s..
20000fd8:	10000349 100073c4 100073dc 10000365     I....s...s..e...
20000fe8:	100073e8 100073fc 10000379 10007404     .s...s..y....t..
	...

20001004 <LED_BLINK_PERIOD_US>:
20001004:	0007a120                                 ...

20001008 <ADC_TASK_MEAS_PERIOD_US>:
20001008:	000186a0                                ....

2000100c <striped_spin_lock_num>:
2000100c:	00000010                                ....

20001010 <irq_handler_chain_slots>:
20001010:	00000000 	.word	0x00000000
20001014:	00010000 	.word	0x00010000
	...
20001020:	00020000 	.word	0x00020000
	...
2000102c:	00030000 	.word	0x00030000
	...
20001038:	00ff0000 	.word	0x00ff0000
2000103c:	00000000 	.word	0x00000000

20001040 <irq_handler_chain_first_slot>:
20001040:	b501      	push	{r0, lr}
20001042:	6848      	ldr	r0, [r1, #4]
20001044:	3101      	adds	r1, #1
20001046:	468e      	mov	lr, r1
20001048:	4700      	bx	r0

2000104a <irq_handler_chain_remove_tail>:
2000104a:	4670      	mov	r0, lr
2000104c:	3809      	subs	r0, #9
2000104e:	4901      	ldr	r1, [pc, #4]	@ (20001054 <irq_handler_chain_remove_tail+0xa>)
20001050:	4788      	blx	r1
20001052:	bd01      	pop	{r0, pc}
20001054:	10000ce1 	.word	0x10000ce1

20001058 <default_alarm_pool>:
	...
2000106c:	20001198                                ... 

20001070 <aeabi_bits_funcs>:
20001070:	00003350 	.word	0x00003350
20001074:	0000334c 	.word	0x0000334c
20001078:	00003354 	.word	0x00003354
2000107c:	00003352 	.word	0x00003352

20001080 <aeabi_bits_funcs_end>:
20001080:	0000534d 	.word	0x0000534d
20001084:	0000434d 	.word	0x0000434d
20001088:	00003453 	.word	0x00003453
2000108c:	00003443 	.word	0x00003443

20001090 <stdio_usb>:
20001090:	10004a8d 10004a41 100049b5 1000492d     .J..AJ...I..-I..
200010a0:	00000000 00000100                       ........

200010a8 <_usbd_qdef>:
200010a8:	20001674 000c0010 00000000 00000000     t.. ............
	...

200010c4 <_usbd_rhport>:
200010c4:	000000ff                                ....

200010c8 <print_mutex>:
	...
