:020000041000EA
:1000000000B5324B212058609868022188439860DF
:10001000D860186158612E4B002199600221596106
:100020000121F02299502B49196001219960352056
:1000300000F044F80222904214D00621196600F024
:1000400034F8196E01211966002018661A6600F04E
:100050002CF8196E196E196E052000F02FF8012189
:100060000842F9D1002199601B49196000215960AB
:100070001A491B48016001219960EB211966A021F2
:10008000196600F012F800219960164914480160C1
:100090000121996001BC002800D000471248134993
:1000A000086003C880F30888084703B5996A0420EC
:1000B0000142FBD001200142F8D103BD02B5186610
:1000C0001866FFF7F2FF186E186E02BD00000240BE
:1000D000000000180000070000035F00212200005C
:1000E000F4000018222000A00001001008ED00E03C
:1000F00000000000000000000000000074B24E7A12
:1001000000200420F7010010CB010010CD010010E9
:10011000C9010010C9010010C9010010C901001077
:10012000C9010010C9010010C9010010CF01001061
:10013000C9010010C9010010D1010010D301001045
:10014000C1010010C1010010C1010010C101001067
:10015000C1010010C1010010C1010010C101001057
:10016000C1010010C1010010C1010010C101001047
:10017000C1010010C1010010C1010010C101001037
:10018000C1010010C1010010C1010010C101001027
:10019000C1010010C1010010C1010010C101001017
:1001A000C1010010C1010010C1010010C101001007
:1001B000C1010010C1010010C1010010C1010010F7
:1001C000EFF30580103800BE00BE00BE00BE00BECA
:1001D00000BE00BEF2EB8871CC7A0010EC7A001001
:1001E0003802001090A31AE71E481F49086006C88D
:1001F00081F3088810471D480068002801D019487D
:10020000F3E70DA40ECC002902D000F012F8F9E7B4
:100210001749184A002000E001C19142FCD116495B
:100220008847164988471649884700BEFDE701C937
:1002300001C29A42FBD37047EC7A0010C000002044
:10024000D0100020FC8A00100000042000000420D0
:10025000FC8A0010001004200010042000000000A0
:10026000704700000000000008ED00E0000000D032
:10027000D010002074200020814300108D03001056
:1002800079430010F8B5C04606480749091A8B1093
:10029000C90FC91810B5491003D0044B002B00D06A
:1002A000984710BDD0100020D010002000000000A2
:1002B000054B10B5002B03D00449054800E000BFF2
:1002C000FFF7E2FF10BDC046000000000420002040
:1002D0008C72001010B5034A0349044804F096FAE2
:1002E00010BDC0469072001098720010A8720010E5
:1002F00010B5034804F008FA012000F055F910BDCC
:10030000D472001010B5034804F0FEF9002000F08C
:100310004BF910BDDC72001010B5034804F0F4F97D
:10032000022000F041F910BDE872001010B500F095
:1003300057F902F0DFFB02000B00024804F066FAF6
:1003400010BDC046F472001010B500F073F902F051
:10035000D1FB02000B00024804F058FA10BDC04661
:10036000F472001010B5012000F0A4F9014804F067
:10037000CBF910BDF872001010B5002000F09AF90A
:10038000014804F0C1F910BD0C73001010B500F065
:1003900019F804F01FF90A4800F044F800F0A8F832
:1003A00000F008F900F0BAF800F012F8040000F0CC
:1003B00091F9002CF6D0200000F050F8F2E7C0468A
:1003C000980F00200022014B1A607047941B0020F8
:1003D00010B5002004F002F90400831C0DD004F0D5
:1003E00049F90D4A13680D2C09D00A2C07D07E2B31
:1003F0000FDC0A49CC5401331360002010BD0021EA
:10040000064C1160E1540648210004F0FFF9200079
:10041000F4E700231360F0E7941B0020141B002076
:10042000187400100B4B18600B4B9C46002362465F
:10043000136000280CD00368002B09D001230C3076
:10044000026819000C300133002AF9D163461960A3
:100450007047C046001A0020981B0020F0B5C64621
:10046000060000B5002825D0202106F0BDFD00289B
:100470002CD000230370431C98463100154804F02B
:10048000C5F94146144804F0C1F9144B1F68002F08
:1004900013DD134B00251C6803E001350C34BD420D
:1004A0000BD03000216806F0F9FD0028F5D1404658
:1004B0006368984780BCB846F0BD6421094804F0E1
:1004C000A5F93100084804F0A1F9F3E7074B984675
:1004D000D3E7C0463074001058740010981B0020F9
:1004E000001A00207474001078740010D07200108C
:1004F000002200200021074B10B51A70064B03C3E1
:10050000193000F0B1F9D02380221B0692045A6200
:1005100010BDC0466F2000202813002070B51E4B70
:100520001B78012B2DD0022B0AD0002B07D1D02312
:1005300080221B06920432209A6100F097FF70BD62
:1005400001F0A4F8154B1D005B688B4203D3F6D174
:100550002B688342F3D201F099F8114B1B685A08BB
:10056000002312184B41D02180200CC50D4A0906EA
:1005700013788004002B0DD1886101214B4013704A
:10058000DDE7D02380221B06920432205A6100F05E
:100590006DFFD4E74861F0E76F20002028130020AA
:1005A0000410002072200020014B18707047C046D4
:1005B0006F20002010B506F0FBFC1F211A2000F070
:1005C00017F9002200211A2000F02AF900211A2030
:1005D00000F038F90222014B1A6010BD00E004401F
:1005E000E0210E4AC901136810B50B400C490B609D
:1005F00004210C4B1960FC3113680B42FCD050688D
:100600000004000C01F0B4FE074B084A01F041FE63
:1006100001F0F6FE064B186010BDC04600C0044055
:1006200000D0044000E0044066664A3F66666666A5
:10063000642000208023154ADB01116810B54B406F
:10064000E021C9010B4012490B600421114B1960D4
:10065000FC3113680B42FCD050680004000C01F020
:1006600087FE0D4A0D4B01F014FE01F0C9FE0C4B44
:100670000C49186002F01DFA0B4902F020FA011C27
:100680000A4802F016FA0A4B186010BD00C0044078
:1006900000D0044000E004406666666666664A3F35
:1006A000642000206ABC343F2D93E13A0000D84119
:1006B0004C200020054B10B51870012800D010BD4B
:1006C00000F0E4FF024B03C3F9E7C0466B200020B3
:1006D00020130020F0B5384B83B01B78012B01D0DC
:1006E00003B0F0BD00F0D2FF344B1A68344B1C68E5
:1006F0005D6826002F0004000D00A41BBD41002DE5
:1007000056D0E0222F4C03C32368D20113402E4A57
:10071000136004222D4B1A60FC3223681342FCD074
:1007200060680004000C01F023FE294A294B01F007
:10073000B0FD01F065FE80232268DB015340E0221A
:10074000D2011340204A8021136004221F4B051C54
:100750001A601C4A490013680B42FCD05068000420
:10076000000C01F005FE1A4A1A4B01F092FD01F04F
:1007700047FE194B1949186002F09BF9184902F01D
:100780009EF9011C174802F094F9174B041C1860DD
:10079000281C02F0AFF90500201C0E0002F0AAF997
:1007A0002A00009001913300104804F02FF897E7D9
:1007B000A242A6D994E7C0466B2000200810002072
:1007C0002013002000C0044000D0044000E004409A
:1007D0006666666666664A3F642000206ABC343FEF
:1007E0002D93E13A0000D8414C200020B474001051
:1007F00010B54024074A83009A181268C00054407C
:10080000C0222240044C1B191A60044BC0184160DE
:1008100010BDC04604C0014004D00140004001406A
:10082000064B8000C3181B68C90092000A435A4057
:100830000C231340024A80180360704704C0014033
:1008400004D001408000002904D0054BC01840238B
:1008500003607047034BC01840230360F9E7C046AC
:1008600004E0014004F001400123D022834012063D
:1008700093629361084A83009A181168402251409C
:1008800080320A400549C0005B181A60044BC0184A
:10089000052343607047C04604C0014004D00140B6
:1008A000004001408023DB051868000F7047C046F8
:1008B0000FB400B5084883B003F026FF049B002B5B
:1008C00007D005A91800019103F03CFD034803F08F
:1008D0001BFF012003F04EFDBC740010707400106B
:1008E00070B58C461600EFF3108472B60F490B6892
:1008F000002BFCD0BFF35F8F6346DB08C5180722CF
:10090000C05C63461A40012393401A000240034230
:1009100007D118432870BFF35F8F0A6084F31088F3
:1009200070BD61463000FFF7C3FFC0462C0100D008
:10093000F8B5CE4647468C4680B51C00EFF31088CC
:1009400072B61C490B68002BFCD0BFF35F8FA2422C
:1009500021D80723994602E00132944218D3494630
:10096000012611408E40D308C718C35C1E42F3D144
:10097000100033433B70BFF35F8F00220D4B1A60B2
:1009800088F3108800280EDBC0BCB946B046F8BD1D
:1009900001204042EFE7BFF35F8F00230B6088F335
:1009A0001088012040426346002BEDD00898FFF7E5
:1009B0007FFFC0462C0100D0044A1078431CDBB2F4
:1009C000172B00D9102313707047C0460C1000205D
:1009D00000B5054B83B00100009318221F23034884
:1009E000FFF7A6FF03B000BDCC7400100C1B002065
:1009F0000021044B044ABFF35F8F02C39342FAD134
:100A00007047C046000100D0800100D0084B094A61
:100A10001360094A1360094A1360094A1360094ABE
:100A20001360094A1360094A1360094A136070474A
:100A30008080808000E400E004E400E008E400E05E
:100A40000CE400E010E400E014E400E018E400E04E
:100A50001CE400E01F2318401E3B8340002905D002
:100A6000C021044A49005350136070478022014955
:100A70008B50FAE700E100E001228240034B1B6843
:100A800013405A1E9341D8B27047C04600E100E0BF
:100A900001238340014A13607047C04600E200E032
:100AA000054B10309B688000C358044A00209B1AF5
:100AB0002F229A424041704700ED00E010100020C4
:100AC00070B50D00EFF3108672B60F4A1368002B55
:100AD000FCD0BFF35F8F0D4B10309B6884001B5917
:100AE0000B4A934203D09D4201D001F013F8074B0B
:100AF0009B681D51BFF35F8FBFF35F8F0022024BD6
:100B00001A6086F3108870BD240100D000ED00E06B
:100B1000C1010010F0B5DE4657464E464546E0B5E9
:100B2000824683B08B461700EFF3108872B6604A96
:100B30001368002BFCD0BFF35F8F00255D4B5D5722
:100B40009946002D00DA9AE04A466B005A4C5E192D
:100B5000B6000193A31900939B791370574B9A68C1
:100B6000534610339B00D15899460B1B2F2B32D97B
:100B7000534B994200D098E0019B0236ED18514B3F
:100B8000AD006353504BA619043B9B1B4F4A1B05FA
:100B90005B0D651913436B804D4B0121AB80FF2327
:100BA000AB715B46AB60009BEF710B4319004A468B
:100BB000424B9B689950BFF35F8FBFF35F8F00225A
:100BC0003B4B1A6088F3108803B0F0BCBB46B246BA
:100BD000A946A046F0BD01200A008243D379B4465D
:100BE000BB422DD83B4BB51C190013001B1B5B41AE
:100BF0005943090D8C46334B6519A353324B009969
:100C0000043B5B1B1B05314D5B0D2B4304364B80B6
:100C1000A619131F9B1B1B055B0D1D4363468B71A0
:100C20005B468B602C4B8D80CF7113600143BEE718
:100C30005800C01880002018C679BE4225D902008D
:100C40000623D356002BF3DA9A46131D9C462348FD
:100C50006346009E9571043EF61A36051B4B760DD1
:100C60001E43019B96805A1953469200A418A37103
:100C70005B46194AA0802260E771A36097E700F005
:100C800049FF00254B465D575EE766469A46131DB1
:100C90009C469088043640050015A6196044801BC8
:100CA00000050A4E400D3043D2E700F033FF63E702
:100CB000240100D06D2000201010002000ED00E085
:100CC000C101001000A1FFFF4010002000E0FFFF65
:100CD00001BDFFFFAAAA00000148804701BD000036
:100CE0000123034370B59C46EFF30581EFF31085B4
:100CF00072B6214A1368002BFCD0BFF35F8F1F4BE5
:100D000004001F4AE41A64416243120D1D4C89001D
:100D1000A66852B2765866451CD0062159569142B3
:100D20001CD012215956914222D01E21595691426F
:100D300020D02A2159560324914210D0124B197801
:100D40001A708171BFF35F8F00220B4B1A6085F31D
:100D5000108870BDA3680D4C5C50EFE70024610063
:100D6000091989005B18FF21997109499980E5E704
:100D70000124F4E70224F2E7240100D0101000203F
:100D8000AAAA000000ED00E06D200020C1010010C3
:100D900001BDFFFF00B5074B83B0010000930022A7
:100DA00005230548FFF7C4FD002801DB1F23181A9F
:100DB00003B000BDE874001073200020024BC91876
:100DC000890001607047C0464000003470B5114C86
:100DD000114DAC420FD2FF262368002B0CD0FFF739
:100DE000EBFD01002000FFF7E9FFA680BFF35F8F56
:100DF0000834AC42F0D370BDFFF7DEFD01002000E7
:100E0000FFF7DCFF2671BFF35F8F0834AC42E3D3FA
:100E1000F1E7C046C8100020D010002010B5040033
:100E2000FFF7CAFD01002000FFF7C8FFFF23237171
:100E3000BFF35F8F10BDC04610B504000120FFF75F
:100E4000C7FD034BC01880002060BFF35F8F10BD4B
:100E500040000034034BC91889000160BFF35F8F65
:100E60007047C046400000340A4B1968EFF3108009
:100E700072B60A68002AFCD0BFF35F8F1B68BFF30D
:100E80005F8F00221A6080F3108840BF002000218D
:100E90007047C04640200020F0B5DE4657464E461B
:100EA0004546E0B585B0EFF3058303221A40B34B06
:100EB00091005F58012393409B4602925A46884610
:100EC000AF4B1A60AF4B03935B46AF4843630823B5
:100ED000FE5E002E37DABB881BB2002B00DBA4E0DD
:100EE000BB79002B00D0E5E00823F95E002920DB68
:100EF0004B007A695B18DB00D3189D68DC686B1CBB
:100F000000D104E1A04801004144826A0B69AE1A95
:100F10009B1A9E4215D30123026A029883401A420B
:100F20000FD0994800F0AAFB8C4202DCCCD185425C
:100F3000CAD940BF05B0F0BCBB46B246A946A046E0
:100F4000F0BD0D61EDE77A69730091469B19DB00F6
:100F500099444B469C68DD6800F090FB8D42BADCFA
:100F600000D1F6E0002D00DADBE04A464B4652693C
:100F70001B699246039A934200D1CCE04A4608216D
:100F8000785E5288000451461043984700900191C2
:100F90000099019A0B00134300D1C2E013000A002C
:100FA000002B00DBD9E020002900801A99414B4634
:100FB0009860D96000229B5E002B00DA8BE75D0011
:100FC0007C69EA18D200A21800949468D268A246FC
:100FD0008A4200DD7FE702D1844200D97BE7082402
:100FE000A4463B81BC44009C00972F006546B44654
:100FF0003E0006E05E00F218D200A2189768D268A0
:10100000BA468A4207DC00D1B4E0F318DB00E518E9
:10101000E35E002BEEDA66464A46009F13802E8080
:10102000BB881BB2002B00DA5AE73A69EFF3108154
:1010300072B61368002BFCD0BFF35F8F0123BE880C
:101040005B42BB8036B23B69BFF35F8F00221A6000
:1010500081F31088002E00DA42E73B0008333A00A3
:1010600099467D6973009B190824115FDB0048468F
:10107000EB18002913DB9C680093A446DC6806E0AB
:10108000A34240D00023F95E3800002906DB4F0060
:101090007F18FF00EF19FB68A342F1DD009B06807B
:1010A00000201E5E1980002EDCDA1700BB79002BB1
:1010B00000D119E70023BB710823F95E4B1C00D156
:1010C00037E73D000835AC467C6903E084464B1C9D
:1010D00000D109E74B005B18DB00E0180A00E15E75
:1010E00043881BB2002BF1DA01256D42EE178560B3
:1010F000C66008257B5F9342E9D0634619803B892F
:1011000003803A81E3E7BB686345BBD9C6E7631C4C
:1011100000D0F7E605E7534650461B69984700287C
:1011200023D14B461B883A693B81EFF3108372B69B
:1011300011680029FCD0BFF35F8F49467A880A8086
:101140003A697E80BFF35F8F0021116083F31088BE
:10115000C1E6844200D805E7BDE60B4800F08EFAF0
:10116000009B019CC018614121E753460CCB0092C3
:1011700001930DE7824500D847E74CE72420002083
:101180003C700540990E00100040054070B52D4C94
:101190002569002D04D00A212B48FFF70FFE70BDF2
:1011A0002A4E0321294800F05FFAE660FFF704FCAD
:1011B000274B0322C018D02322701B061B68012175
:1011C0006370244B8000A3600F23206102206380A2
:1011D00063694942A18019800231198647311D8314
:1011E000585218315A5275325C39995218320131BD
:1011F00099521832013199521832013199520835F9
:1012000018329D52023118329952183201319952D6
:101210001832013199521832013199521832013184
:1012200099521832013199520B4B0C49DC60013054
:101230003562FFF745FC01210320FFF70BFC084B4B
:101240001D60A8E758100020402000200040054005
:1012500040000034FFFF100024200020990E0010F1
:10126000386005400048704758100020F8B51F004E
:1012700008AB1B7804001600002B07D100F006FA1B
:1012800032003B00121A8B41002B51DB2269EFF335
:10129000108C72B61368002BFCD0BFF35F8F022353
:1012A000E15E256900293ADB4B0060695B18DB00D1
:1012B000C218C35A6380BFF35F8F00232B608CF387
:1012C0001088069B9660D7601361079B5361538813
:1012D00001335B045B0C181C002B1ED083B25080C2
:1012E000080418432569EFF3108672B62B68002BAB
:1012F000FCD0BFF35F8FA3881380A1802369BFF365
:101300005F8F00221A6086F31088237801329A409A
:101310000849E3685B181A60F8BD0120DEE7BFF3F7
:101320005F8F00232B608CF3108801204042F3E78D
:101330000020F1E73C20000070B582B000920193DC
:1013400001000269EFF3108472B61368002BFCD021
:10135000BFF35F8F0223C85E0D6900283FDB4A6937
:10136000430016001B18DB00D218F35A4B80BFF362
:101370005F8F00232B6084F31088069B1361079B0B
:101380005361009B019C9360D460538801335B04DC
:101390005B0C1D1C002B20D0ACB2030455802343F2
:1013A0000D69EFF3108C72B62C68002CFCD0BFF3E3
:1013B0005F8F8C88148088800A69BFF35F8F00205C
:1013C00010608CF310880A7801309040CA68084990
:1013D00052181060180002B070BD0125DCE7BFF3A1
:1013E0005F8F00232B6084F31088013BF2E7C04637
:1013F0003C20000010B543890A1493421ADD5300C3
:101400009B184269DB00D3180469EFF3108C72B6A5
:101410002268002AFCD0BFF35F8F5A88090494B277
:10142000090C8A4208D00369BFF35F8F00221A605B
:101430008CF31088002010BD094A22435A800123F2
:1014400002698371BFF35F8F002111608CF31088F4
:10145000027804499340C268012052181360EAE7F9
:101460000080FFFF3C20000040787047F0B5C64682
:1014700000B582B0040000F009F9FA2206000F005E
:10148000200000230021920001F0F6FA8019794132
:1014900004000D1E02DA01242E4D64420626764217
:1014A000F71736196F41AF4214D811D000F0EEF89B
:1014B00032003B00121A8B41002B15DC002B46D06A
:1014C0002000290000F022F902B080BCB846F0BD2F
:1014D000A642EBD90026002700F0D8F832003B00E6
:1014E000121A8B41002BE9DD00F0D0F832003B00EE
:1014F000121A8B41002B0ADB00230193164B32009A
:10150000009316483B00FFF717FF0130D8D00023A7
:101510003900B0469C46124A1248536A994204D890
:10152000966A4645CCD29942CAD10668EFF3108735
:1015300072B63368002BFCD0BFF35F8F0368BFF334
:101540005F8F66461E6087F3108820BFE5E7002A9C
:10155000B6D0C9E7FFFFFF7F690E001058100020CA
:101560000040054040200020F0B5CE46474680B5FB
:1015700004000D0085B0EFF305868946002E10D0DB
:10158000364900204B6AAB4206D38A6A5B1B591E60
:101590008B41A2424041184305B0C0BCB946B04699
:1015A000F0BD2F4FFB683A7898461800039200F080
:1015B00065F8039A131D42469B009B5822001B1A94
:1015C0009C462B00121A8B419E4210DC0DD020BF8E
:1015D000224A0020536A4B45DED3926A5B1B591E98
:1015E0008B41A24240411843D6E79445EFD900F021
:1015F0004DF822002B00121A8B41002B1BDB00231D
:101600000193184B2200009338002B00FFF794FE43
:10161000002810DD114B5A6A4A451CD39B6AA3422D
:1016200017D301003800FFF7E5FE0C4A0020536A8B
:101630004B45B1D3D1E7094A0020536A4B45ABD3A0
:101640000020926A5B1BA24240415A1E93411843FC
:10165000A2E74A45E5D120BFE3E7C0460040054088
:1016600058100020690E001010B5024A0248FFF71A
:1016700037F910BD04750010101B00200300416AEB
:101680000A00986A596A8A42FAD17047034B596A2C
:101690000A00986A596A9142FAD1704700400540A1
:1016A00070B505000E00184A536A1900946A536A0F
:1016B0008B42FAD1200019002C00350024184D412E
:1016C000AB4216D813D0104B2A005B6A9D4203D957
:1016D0000D494B6A9342FCD3934207D10A4A02E078
:1016E000516A994202D1916AA142F9D370BDA042D8
:1016F000E9D9054B5B6A1C005A1CEFD0012201247A
:101700006442E5175242E3E700400540064A536A47
:101710009942FCD807D1044B02E05A6A914202D1A7
:101720009A6A9042F9D8704700400540F8B5DE4605
:101730004E4645465746E0B505008B4618000A99C7
:10174000914600F03BFB0A9B6C001E026419304B73
:10175000A400E418636880469E4200D966602F1F8B
:10176000FBB29A46012B2FD9C0238022294FAD000E
:101770009B0179591201E3181A6000291BD14B46CD
:1017800022685B015340E022134080225201A218DC
:1017900013605346012B2FD9802380229B01E3182D
:1017A00012011A60434666607B51F0BCBB46B246EC
:1017B000A946A046F8BD786900F000FB013043005F
:1017C0001B18033BFDD2DAE75B46012BCCD1C023CB
:1017D00003229B01E3181A60023AA3681A42FCD064
:1017E0004A46236852015A40E023134080225201A6
:1017F000A218084F1360AD005846032321684140EA
:101800000B40136001228240A3681A42FCD0C3E758
:10181000008000409C1B0020F0B5D6464F4646464F
:10182000440098462418324BA400E41863688A46A2
:101830009146C0B5FF2B02D880235B006360061F72
:10184000F6B2012E2FD9C02380222A4F85009B019A
:1018500079591201E3181A6000291BD14B462268FE
:101860005B015340E022134080225201A218136012
:10187000012E30D9802380229B01E31812011A60C7
:1018800080235B00636043467B51E0BCBA46B146AF
:10189000A846F0BD786900F091FA013043001B18AA
:1018A000033BFDD2DAE75346012BCCD1C023032200
:1018B0009B01E3181A60023AA3681A42FCD04A4618
:1018C000236852015A40E023134080225201A2189B
:1018D000084F1360850050460323216841400B40A8
:1018E000136001228240A3681A42FCD0C2E7C046BE
:1018F000008000409C1B0020014B8000C0587047B6
:101900009C1B0020F0B5C646040000B52348160015
:1019100098460D0000F052FA0100300000F04EFA37
:101920004346069A1B04120313439C462368060091
:10193000002B22DB1A4B1B48E218531E9A418023CE
:101940005242120B9B011203D218174B1A60174B0D
:101950001A60130001688B43FBD12122144B2560D0
:10196000E318A6601A602268002AFCDA6246E26088
:1019700008221A6080BCB846F0BD3F23226813409D
:10198000AB42D7D1A3681B051B0D8342D2D1EE22F7
:10199000E368D20213406345CCD1EBE7001BB700EC
:1019A0000040FDBF08C0004000E0004000F00040E3
:1019B0000430000010B580241C4BE4051C60002896
:1019C0001AD001231A4C18431A4BDC611A4C4440BC
:1019D0001C62596298628021144BC905196017482E
:1019E00017490860E021C9041960002A07D1802244
:1019F000144B12061A6010BD0E4BD861EBE7530171
:101A00009B1A9B009A18802312015B049A4209D208
:101A100013000D490B60074B5A608022094BD20519
:101A20001A60E8E7094B1A00F3E7C04600B005402A
:101A3000D3C007B0008005402D3FF84FFCFF0100E8
:101A40000820014000A00540FC1F0020FFFFFF0010
:101A50008023024A9B000B43D362704700800540FD
:101A6000002310B50100988A1B8B984710BDC04613
:101A7000162310B5010018885B88984710BDC04632
:101A8000F8B54746CE4680B50F1E18D014239946A8
:101A9000043304000025012698464B461888434627
:101AA00021681B88984701C4431E984101350640B0
:101AB000AF42F2D13000C0BCB946B046F8BD0126F5
:101AC000F8E7C046002370B504000D00988A054968
:101AD0001B8B984703000020002C01DB0130A04045
:101AE0002900984755420000AA23064A1B011360AB
:101AF0008D235B00D3600449044B19605368002BAD
:101B0000FCDA70470040024000B0FA00006002407A
:101B10007047C04610B50148FEF7CAFE2875001090
:101B200070B5074D074EB54209D20024013E761B21
:101B3000B608013608CD01349847B442FAD170BDD9
:101B40004872001084720010054B064A06491A605C
:101B5000064A074B1A6010000B689843FBD1704788
:101B600000E00040BFCDFBFE08C00040FE7F3C000F
:101B700000F00040044BDB6C002B03D18022034BB0
:101B8000D2021A607047C046000011504C2011501C
:101B9000044A054B1A60054A1368DB018033FBD108
:101BA0007047C046FFFFFF0100F0004008C0004042
:101BB0004022034B9A675A671A67DA667047C04635
:101BC00000F0014010B5FEF713FF10BD70B52849B5
:101BD000284D294E6D1AAC102200302C00D930222D
:101BE0003000920001F000F8BC2D3DD823002A3BC4
:101BF000224A052B1DD9302075196D07A446001BFC
:101C0000EB0F002D03DA611C8C46A1007250C01A44
:101C1000E3189B004108F318C900C9181A605A60FC
:101C200008339942FAD1012303421DD098436044FE
:101C30000400A300F250631C2F2C15D09B00F2501F
:101C4000A31C2E2C10D09B00F250E31C2D2C0BD08B
:101C50009B00F250231D2C2C06D09B00F250631DDC
:101C60002B2C01D09B00F250054B9E6070BDC046EE
:101C700000010010C001001000000020C101001090
:101C800000ED00E0002310B5294C82B0A367FFF7F8
:101C90002BFF0122274B1A60636C012BFCD103221E
:101CA000254B1A60224A936B012BFCD10133009320
:101CB0000121224A22480433FFF724FE0523012193
:101CC0000093204A2048FFF71DFE00220221042035
:101CD0001E4BFFF7A1FD0022012105201C4BFFF741
:101CE0009BFD0022002107201A4BFFF795FD0022E3
:101CF00000210820174BFFF78FFD8023DB000093A6
:101D0000002200210920134BFFF710FD0022104B89
:101D100000210620FFF780FD0420FFF7EDFD0E49AE
:101D200000F04CF801000020FFF792FE02B010BD59
:101D3000008000403CB0004030B00040002F6859A7
:101D400000800240008C864700C00240001BB700A4
:101D500040597307006CDC0240420F000148042127
:101D6000014B184770100020811A0010124A936F1F
:101D70009B0815D29066D166002905D0FFE7FFE7E2
:101D8000FFE7516F106F704704B580210906C21735
:101D90005140002800D0C84305F016FA002104BDC8
:101DA000F0B5146E556E576F166FFFF7E3FF1466AC
:101DB000556657671667F0BD000000D0114A936F53
:101DC0009B0813D210665166002905D0FFE7FFE794
:101DD000FFE7516F106F704704B5002801D0002055
:101DE000C04305F0F1F9002104BDC046F0B5146E02
:101DF000556E576F166FFFF7E5FF14665566576708
:101E00001667F0BD000000D094464A4A926F9208CF
:101E1000624601D228E0C046F0B5464E346E756E7B
:101E2000776F366F00F020F89446424A1466556684
:101E3000576716676246F0BD94463E4A926F920815
:101E4000624601D254E0C046F0B53A4E346E756E2B
:101E5000776F366F00F04CF89446364A1466556634
:101E6000576716676246F0BD002B24DB11D00029AE
:101E70003EDA00B5C943404200D1013100F038F8E4
:101E8000C943404200D10131DB43524200D101330A
:101E900000BD002AEBD1002801D1002905D0002087
:101EA000C90FC90701D1C043410800B505F084F945
:101EB0000022002300BD00B500290ADBDB435242AB
:101EC00000D1013300F014F8C943404200D1013180
:101ED00000BDC943404200D10131DB43524200D131
:101EE000013300F005F8DB43524200D1013300BD5D
:101EF000002923D1002B18D1002A0CD0BC460D4F4D
:101F000038667A6600210023FFE7FFE7FFE77A6F74
:101F1000386F67467047002801D00748010000B5B8
:101F200005F04AF90022002300BD02000B0000204A
:101F300000217047000000D0FFFFFFFF002B00D002
:101F4000BFE0130C28D1002AE7D080B4114F3966C6
:101F50007A66FFE7FFE730B4040C7B6F396F1B0430
:101F600023433B667A66FFE7FFE7FFE7C04684B29C
:101F70007B6F3D6F1B0423433B667A66FFE7FFE7F9
:101F8000C04600232C042D0C7A6F386F001969416C
:101F9000B0BC7047000000D0F0B594460025140E88
:101FA00001D112020835140F01D112010435940F2A
:101FB00001D192000235D40F01D152000135D40B6A
:101FC0000134254F7C66254C3C660E0C93B2FFE72E
:101FD000FFE7FFE73C6F6643360C7703BE4673436B
:101FE000DF0B5B04C01AB941130C7343DB18C91A29
:101FF000CE086643360CB64493B273431F0F1B01E1
:10200000C01AB941130C73431F0B1B05C01AB94109
:10201000860D8F023E436643360C092D24DB520A9F
:102020007243801A7703460A6643360C16235B1BFD
:10203000DE40DF40BF1964466643821B70460435AC
:1020400006330100D940A840C01900D30131A24293
:1020500006D20023F0BD0000000000D0FFFFFFFF0C
:10206000121B0130F3D3F1E709277F1BFE406446C2
:10207000A2B27243801A00D20139220C7243130CAF
:102080001204821A99410B0070460435133701007F
:10209000F940A840801900D30131002B02D1A2429F
:1020A0000AD2F0BD013000D30131121BFAD2013B3C
:1020B000F8D1A24200D2F0BD013000D30131121B91
:1020C000F7E7F0B51C0C00D080E00CB400251C0A2A
:1020D00004D11B02160E3343120208351C0B04D127
:1020E0001B01160F3343120104359C0B04D19B00D6
:1020F000960F334392000235DC0B02D192185B41FC
:1021000001351C00971864410134464F7C66464CEB
:102110003C660E0CFFE7FFE7FFE7C0463C6F6643F7
:10212000360C7703BE4697B27743C01B00D2013905
:10213000C01B00D201399FB27743C91BC91B170CC2
:1021400077437E04FF0B801BB941CE086643360CF3
:102150000C2D33DBB644120B1F053A431B0B97B211
:102160007743C01B00D201399FB27743C91B170CBC
:1021700077433E043F0C801BB941860D8F023E43DE
:10218000664329277F1BFE400C3D7746AF40BF19B1
:1021900030BCA2B2ABB272437343801A9941220C95
:1021A0007243130C1204801A994102000B0001378C
:1021B000001BA941F9D2781E0021F0BD0C277F1B1E
:1021C000FE4077467F0BAF40FF19E0E700245D1C1F
:1021D00007D0144F7D663966FFE7FFE7FFE7FFE7AB
:1021E0003C6F95B29EB265436643401BB141150CEE
:1021F0001E0C6543664336042F0C3E432D04401BE2
:10220000B141994204D202000B0020000021F0BD30
:1022100001D19042F7D3801A994101349942F2D307
:10222000F6E70000000000D0FFFFFFFF48404140FC
:10223000484018B41B4B5B68FC46019308BD04DFA3
:10224000EF24001018B4174B1B68FC46019308BD1F
:1022500000DFF92400109446134A926F920809D2C5
:10226000624618B40F4BDB68FC46019308BD0CDFD7
:10227000B12700100C4AF0B5146E556E576F166FEB
:102280006246FFF7EEFF084A146655665767166701
:10229000F0BD18B4034B9B68FC46019308BD08DFF2
:1022A0005526001030130020000000D0FFB550402C
:1022B0004240504059404B40594000E0FFB5154F57
:1022C0004C00640D03D0BC4204D10C0314D8002090
:1022D000090D09055C00640D03D0BC4204D11C0348
:1022E0000AD800221B0D1B0501264B4009D44B4088
:1022F00003D58B4200D18242FFBD9942FCD190426E
:10230000FFBD0B43DB1803431343F5D0C943491802
:10231000FFBD0000FF07000000B5FFF7CFFF8041C1
:1023200000BDC04600B5FFF7C9FF01D9002000BDC0
:10233000012000BD00B5FFF7B9FF01D9002000BDA5
:10234000012000BD00B5FFF7B1FF804100BD0120B5
:1023500040054A00121804D85A00121801D800206B
:1023600070470120704700000021002805D1704708
:10237000C1174840401AFAD0C90713B5064B1B686D
:1023800098470CBC441CA2401005120B0349091BC2
:1023900009051943114310BD3C2000201F04000013
:1023A00010B54C00620D8023D218DB00D21A5B05F9
:1023B0007E2A10DD9E3A13DACC1709034908194327
:1023C0005242D140640001341532202A05DAD0404F
:1023D0000843604310BD002010BD0846604310BD97
:1023E000C80FC018013810BD18B4044B5B6AFC4616
:1023F000019308BD24DF6129001000003013002084
:1024000018B4044BDB6FFC46019308BD7CDFE12967
:102410000010000030130020132370B51D78012D2B
:1024200019D014DD1F48FFF723FB06001E48FFF7F5
:102430001FFB1E4C80223100200000F0D5FB022D36
:102440002DD01B48FFF70CFB1A4B186070BD1A4BC0
:10245000164CA364F5E7184B144C23606360A3602B
:10246000E36023616361A361E36123626362A3624A
:10247000E36223636363A363E36323646364A3642A
:10248000E36423656365A365E36523666366A3660A
:10249000E36623676367A367E367A364D1E7064B3B
:1024A000A364CEE7534400005346000030130020DD
:1024B0004C3300003C200020BD24001007B56046CE
:1024C00001880A0A0230DF2AFAD1C9B2820804D38D
:1024D000028840880004104300E00068014A505020
:1024E000039007BD301300200FB403BC0CBCF0B543
:1024F0000124E407634000E0F0B50C0DCF0F661E29
:102500003605891B640503D3C943404200D301311A
:10251000640D03D0661CF60A07D0E41B00207F0080
:10252000791C89078912803C24031D0DDF0F6E1E64
:1025300036059B1B6D0503D3DB43524200D30133A9
:102540006D0D03D06E1CF60A07D0ED1B00227F0034
:102550007B1C9B079B12803D2D032F1B661B58D4B1
:10256000A446202E46DA20371400BC401D00BD4092
:10257000F24033412A4380185941CB0F05D0C9435B
:10258000C043002264425041514162464D0D28D162
:102590000D0D07D100281FD0241940414941013AAF
:1025A0000D0DF9D0640006D3013000D30131002CA9
:1025B00001D140084000013A0BD4941CE40A04D134
:1025C00012051144DB071944F0BDD907204B19430C
:1025D00000E0D9070020F0BD0029DDD1002CDBD1BF
:1025E000F0BD0132C6074008CD0728434908002E38
:1025F000E1D0D9E73C2E29DA203E40371400BC4018
:1026000000D00124F24014431A00BB401C43D317EE
:10261000ACE7AC46202F08DA20360400B4400D00A9
:10262000B540F84039412843A5E73C2F0CDA203F5C
:1026300040360400B44000D00124F84004430800B0
:10264000B1400C43C117EAE710001900002494E7D9
:102650000000F07FF0B50C0D661E3605891BE60AFA
:102660006405640D02D0651CED0A04D00020012130
:102670000905803C2403A4461C0D671E3F05DB1B97
:10268000E70A6405640D02D0651CED0A04D000223F
:1026900001231B05803C24037740644497B484B233
:1026A00096B27443070C7E43150C6F4380B26843A7
:1026B000361802D3012000043F183004350C0019ED
:1026C0007D41844688B29AB250430C0C62431F0C81
:1026D0007C438EB27E43921902D301263604A4199C
:1026E0001604170C3618674101BC81B29AB25143E7
:1026F000040C62431B0C5C4380B25843121802D393
:102700000120000424181004130C401863412D18F4
:102710005E410020474106BC88B293B258430C0C7E
:102720006343120C544389B251435B1802D3012115
:102730000904641819041A0C091862416D185641ED
:102740000020474118BCF902720D1143F0026A0DD6
:102750001043ED020A0D03D16D1940414941013B7F
:10276000124E9B1B7600B3420ED26D0007D3013090
:10277000002671416646354301D1400840001B05E3
:10278000C918E4072144F0BD0BDA013306D101304A
:1027900004D101314F0D01D04908F2E7E1070020D3
:1027A000F0BD013631050020EBE70000FF0300001B
:1027B000F0B51C0D671E3F05DB1BE70A6405640DC1
:1027C00002D0661CF60A04D0002201231B05803CBF
:1027D0002403D0252D060026F6432E661E096E66BC
:1027E000CE0FF619B44649004F0D02D07E1CF60AF2
:1027F00003D000200021403F3F033E1BB600B444FD
:10280000013F7F05C91B49082E6F013676089C02DF
:10281000950D25437543ED137543AD1301356D10CB
:10282000F603761B0CB4CC02450D2C43A2B2B3B216
:102830005A43270C7B43350C6F43A4B26C431B19DE
:1028400002D3012424043F191C041D0CA4187D414B
:1028500024196D41009A91B2ACB26143170C7C43CC
:102860002B0C5F4392B25A43A41802D301221204E4
:10287000BF182204230C52187B41019C6C431B1986
:10288000520ED9010A434401A01A81B2B2B2514397
:1028900003145A43360C734387B27743D617D219C1
:1028A00000277E4136049B191704160C7F185E41E1
:1028B0007316ED18F301002680337541A90F06D178
:1028C0006400690AE8055B0A184309D22FE0042274
:1028D000944480337541A90AA8059B0A184326D35E
:1028E000404149412404009A019B0D005543641B5B
:1028F0004343E41A95B286B27543170C7E43030C2A
:102900005F4392B25A43B61802D301221204BF1891
:102910003204330C52197B4152429C41002C02D4A8
:102920000022013051414008CA071043490802B053
:102930006246D7079210084BD218084B9A4203D22E
:1029400012058918C919F0BD0020002A01DC3900E0
:10295000F0BD01331905F5E7FD030000FE07000097
:10296000002200B5203200F004F8080000BD00008D
:1029700000220B150AD410B5944600F05FF8141429
:10298000013400DA0021CB17144C2047002000212D
:1029900070476244343A0CD40C2A07DA04009140A0
:1029A000904052422032D440214310BDD843D943F5
:1029B00010BD203207D40C469440524220321141BF
:1029C000D040204310BD0800C917203203D4524222
:1029D0002032104110BD1800190010BD93290010BD
:1029E0004A00520D144BD21A13DDFF2A1EDAD2050B
:1029F000CB0FDB071A43C300400F0903490A084302
:102A000010435B0001D301D0013070474308FBD273
:102A1000704702D0C80FC00770470A031213013273
:102A2000F8D1420F072AF5D1012200E0FF22C80F9A
:102A300000028018C0057047800300000A0DCC0F0B
:102A4000531E1B05C91A520503D3C943404200D384
:102A50000131520D03D0531CDB0A07D0121B00209A
:102A60006400611C89078912803A1203014BD21A53
:102A700070470000FF03000051434343C9188C46D0
:102A8000110C83B24B4310B4040C614392B280B278
:102A9000504362431C041B0C001910BC5941130421
:102AA000120CC01851416144704700004840414039
:102AB00048400E4B5B6818470C4B1B6818470C4A84
:102AC000936F9B0802D2094BDB681847F0B5146E70
:102AD000556E576F166FFFF7F6FF054A1466556679
:102AE00057671667F0BD014B9B68184730140020EC
:102AF000000000D0034BDB6FFC4618477CDF9D2BAA
:102B00000010000030140020132310B51C78134867
:102B1000FEF7AEFF012C0BD004DD0100802210482F
:102B200000F062F80F48FEF79BFF0F4B186010BDD6
:102B30000B4C01005422200000F056F80B4B63654B
:102B4000A365E36523666366A366E366236763673D
:102B5000A367E3672362E361E4E7C04653460000EE
:102B6000301400204C3300003C200020712B00105A
:102B700007B5604601880A0A0230DF2AFAD1C9B2D5
:102B8000820804D3028840880004104300E00068F3
:102B9000014A5050039007BD30140020C30FDB07DB
:102BA00041000A0E07D0FF2A08D00909054A8918F2
:102BB0001943400770471900002070470249C9189F
:102BC000FAE70000000000380000F07F014804210F
:102BD000014B184780100020811A0010014B1B6820
:102BE0001847000080100020014B5B681847000068
:102BF000801000207047C046F8B5DE4657464E4666
:102C00004546E0B599460D9B0700884693469B07CD
:102C100028D00B9B002B3CD016000B9C0A9D36192C
:102C2000321B013C4B464146285DB847002CF7D18A
:102C300035000D9B9B070ED55B46EC1A0C9BA342FF
:102C400009D91E002A004B46414620200134B847CE
:102C50000135B442F6D32800F0BCBB46B246A946C3
:102C6000A046F8BD0B9B0C9A934214D213005D460C
:102C70000C000B9A9E1A76192A004B46013521004A
:102C80002020B847B542F7D10B9BA046002BC4D1FA
:102C9000E1E71500CDE75E46002BBED15D46DAE7E1
:102CA000F0B54F46D6464646C0B584B09C460EABFE
:102CB0001F78129B9146BA460D9C109E119D9B0752
:102CC0004CD4002D41D1B44248D20123129F1F4061
:102CD000B8460C9B5F1E302303E001343B55A642EF
:102CE00001D9202CF9D14346002B00D187E00C9B61
:102CF0005F1E3023A54204D830E001343B55AC427E
:102D00002CD0202CF9D1129BDB060DD5129B5B0534
:102D100057D4A64267D0A54265D00F9B102B53D045
:102D2000022B5BD0202C36D12023129C01930C9BCC
:102D30004A460093039463460295FFF75DFF04B093
:102D4000E0BCBA46B146A846F0BD0123129A134032
:102D50009846012313422DD1B442BAD3129BDB060D
:102D60001ED5129B5B05D8D4002CD2D10F9B102B03
:102D700060D00F9B022B71D0302301240C9A13706A
:102D80005346002B11D1129B5B0740D52B260C9A82
:102D9000631C1655C9E72300013430260C9AD6541B
:102DA000202CC1D05346002BEDD02D260C9A631C4D
:102DB0001655BAE7002F34D0013DB44200D288E75F
:102DC00095E70F9B102BAFD1129B9B063CD5202C77
:102DD000AAD058230C9A13550134A3E7202CA3D072
:102DE0002300013407E0631E012CBFD00F9A102A84
:102DF00036D0022AD1D162260C9AD65492E7129B81
:102E0000DB06CDD5129B5B0500D482E785E7129ADD
:102E10002300160700D488E720260C9A01331655A4
:102E200083E70C2313405F1EBB41ED1AB44200D26E
:102E30004FE75CE7129B9B060ED478230C9A022482
:102E40001370302353709BE7202C00D16CE778235C
:102E50000C9A1355013465E75823EFE76033EDE72B
:102E60000C9AA61EB618129A920602D558223270F3
:102E700093E77822327090E710B5002800D110BD9A
:102E800001F0F8FBFBE7C04610B5002803D04A6804
:102E90000B681100984710BDF0B54E46DE46574608
:102EA0004546E0B595B083468946924698461E9AB7
:102EB0001F9B10001900209EFFF749FA002800D040
:102EC000D2E11E981F990122C44B5242FFF724FA07
:102ED000002800D001E11E981F990122C04B5242E8
:102EE000FFF730FA002800D0D6E01E981F99002284
:102EF000BC4BFFF727FA002800D0B5E01E981F99B9
:102F00000022B94BFFF708FA002800D0ACE01E9869
:102F10001F9900220023FFF7FFF9002800D0D1E01D
:102F200000230B93229B5B0500D40626002430234C
:102F300006E006AA013417321355013E202C01D0B9
:102F4000092EF6D81E981F99FFF72AFAA74BF20010
:102F50009B180CCB050008920993FFF709FA0200B1
:102F60000B001E981F99FFF764F9089A099BFFF759
:102F700090F906900791FFF737FA0700FFF7F4F989
:102F800002000B0006980799FFF753F90022984BAF
:102F900006900791FFF7D6F9002800D1E9E0013744
:102FA0003800FFF7E1F902000B0008980999FFF7D4
:102FB000B9F9002801D000270135002E00D1B7E073
:102FC000069513E0172306AA9B180A21380001343E
:102FD0001D19FEF7F3FE3031297038000A21013E39
:102FE000FEF7ECFE092F00D8E1E00700202CE9D124
:102FF000069D20240CAB0693172706ABFF180DE0A7
:1030000028000A21FEF7B2FE01343031280039557C
:103010000A21FEF7ABFE051E00D1B7E0202CEFD150
:103020000323229A1340012B17D1219B002B14D08C
:103030000B9B002B00D1E3E0219B013B2193202B34
:103040000BD93023219A06E006A9013417310B551C
:10305000944200D3A0E0202CF6D1229B019403934C
:10306000219B0293069B21E0229B52460493219BC5
:103070004946039358461E9B1F9C02960093019459
:10308000434600F043F90400200015B0F0BCBB46F5
:10309000B246A946A046F0BD229B5B070FD403228F
:1030A000544B229901920391219902910093524627
:1030B000434649465846FFF79FFD0400E4E70422D3
:1030C0004D4BEEE71E9A1F9B00200021FFF7B1F841
:1030D00001231E901F910B9324E70223229A54464A
:1030E0001A40229B06929B0700D1ACE02600434D7C
:1030F00008942F1F3200E87843464946013DD847DF
:103100000136BD42F6D1089C069B0434002BBBD08F
:103110005746219AE31B9A42B6D91500220043462E
:10312000494620200134D847E31BAB42F6D3ABE736
:103130002800FFF71DF902000B001E981F99FFF7EA
:1031400078F82B4B002206000F00FFF7E5F80CABD8
:103150000693002800D04FE7002230003900244BAE
:10316000FFF7F0F8002800D046E7012301359D4322
:1031700042E70022069807991D4BFFF7CDF800287B
:1031800000D01AE7002F59D1013716E70323229AFE
:103190001340012B00D1A6E0202C00D15DE70B9B52
:1031A000002B3AD02D23069A1355013455E7069D7E
:1031B000202C00D11DE73023361906E006AA013481
:1031C00017321355202C00D113E7A642F6D12E2337
:1031D0000CAA0134069293550EE7C046FFFFEFFF9D
:1031E000FFFFEF7F65CDCD4165CDCDC118780010D3
:1031F0000000E03F7C7500107475001084750010AD
:103200000C23229A134257D0219B013B2193A342C6
:1032100000D916E7202C00D11FE7229B5B0704D5BD
:103220002B23069A1355013417E7229B1B0700D462
:1032300013E72023069A135501340EE7FB0700D449
:10324000BBE60137B9E6219B042B00D84EE7554673
:103250004F46043CE4182A0043460135390020203B
:10326000D847AC42F7D141E70227229B55461F4081
:103270009B0726D006975F46234EEC1C2A00B078A9
:10328000434649460135B847013EAC42F6D1069F58
:10329000002F00D1F8E65746219AE31B9A4200D846
:1032A000F2E6150022004346494620200134D84763
:1032B000E31BAB42F6D3E7E6219BA34200D9C0E66D
:1032C000CBE6219B032BD5D9069754464F46033DA9
:1032D000ED1822004346013439002020D847A5428A
:1032E000F7D1069FC6E7219B002B00D154E70B9B2B
:1032F000002B85D0219B013B21939C4200D2A0E66C
:10330000202C00D04EE7A8E680750010F0B54546A9
:10331000DE4657464E46E0B59BB0249C259D82462E
:1033200088469346994622002B0020002900FFF78B
:103330000EF8002800D0C1E00122200029007C4BBB
:103340005242FEF7FFFF002800D0B7E00122200024
:103350002900784B5242FEF7DFFF002800D0ADE095
:103360000022002320002900FEF7D6FF002800D00D
:10337000BBE108940995089809998023289ADB00F5
:103380001A400F928022289E1201164032000E969B
:10339000289E0F000A901E4200D0A4E00B000343B9
:1033A00000D0CBE0002A00D012E232000633269390
:1033B000022313400C930223134200D00AE2279BFE
:1033C000042B00D215E200270426043B0E930022B2
:1033D000002320002900FEF79FFF002800D0C8E14D
:1033E000554B289A134004930E9B0393269B0293FC
:1033F000089B099C0093019441464B465A4650460F
:10340000FFF74AFD02002020289B00250340594277
:103410004B415B421840531C089341464B46453094
:10342000D047FB17FC185C40FB0F1F270A93731E45
:103430000E930AABFF1806E020000A21FEF7BEFC3F
:103440000400202D08D00A212000FEF7B7FC01352A
:1034500030317955092CEFD8052306930E9B56463B
:103460000593002304930A3303930A9B4146029376
:1034700012AB009330004B46089A0195FFF710FC01
:103480000C9B002B28D05F46279BC41BA34223D94B
:1034900082461D003A194B46414620200134B04770
:1034A000A542F7D850465946279C421A01320023BC
:1034B000944200D395E1013018180DE0289B009448
:1034C00001950493279B0393269B02934B465A46F0
:1034D00041465046FFF7E0FC1BB0F0BCBB46B2468D
:1034E000A946A046F0BD01432AD10E9B3200002B15
:1034F00000D15DE70027269B0026BB4200DD82E16C
:103500000022002320002900FEF706FF002800D03B
:103510004BE1289B084A02961A408023DB001343A4
:103520000493279B0393089B099C00930194CDE788
:10353000FFFFEF7FFFFFEFFFFFF7FFFF062326935D
:10354000B24B7800400DC018FEF712FFB04AB14BE5
:10355000FEF79FFEB04AB14BFEF774FE3F03B04B3F
:103560003F0B3B430C900D9100220A981900AD4B84
:10357000FEF75FFEAC4AAD4BFEF78BFE02000B0080
:103580000C980D99FEF75EFEFEF70AFF0700FEF7A6
:10359000EFFEA74AA74B0A900B91FEF77AFE002296
:1035A000A54BFEF74FFEFEF7FBFEA44A06000A9865
:1035B0000B99A34BFEF76DFE0A900B913000FEF7BE
:1035C000D7FEA04AA04BFEF764FE02000B000A984B
:1035D0000B99FEF72EFE02000B000A900B91FEF7EE
:1035E00058FE0C900D910A980B9902000B00FEF703
:1035F00029FE0022109011910C980D99934BFEF723
:103600002AFE0022924BFEF71DFE02000B000C98D2
:103610000D99FEF720FE00228E4BFEF713FE0200EE
:103620000B000C980D99FEF716FE0A9A0B9B0C9056
:103630000D9180210020C905FEF7FBFD02000B0063
:103640000C980D99FEF7FEFD02000B0010981199E1
:10365000FEF701FE0022724BFEF7F4FD7E4B0022C6
:10366000F6183305FEF715FE02000B000A900B91C9
:1036700008980999FEF750FE002808D00A980B997F
:103680000022734BFEF7E7FD0A900B91013F0A9968
:103690000B9A0B0011003A006332C62A12D802229C
:1036A0002898042610400E9A0C90002A26D1279BB9
:1036B000042B05D9002800D0A1E0279B043B0E93E2
:1036C000042642E00222289810400E9A0C90002A0C
:1036D00013D1279B052B00D889E0002800D084E077
:1036E000279B0526053B0E9332E080231B069C4654
:1036F000AC446346089409933DE605260B4300D18C
:10370000F9E608980999554A554BFEF713FE00282B
:1037100008D0089809990022524BFEF7FDFD0028B9
:1037200000D0E8E6269B002B34D00F9B002B31D035
:10373000269B013B2693279BB34204D90C9B002B6D
:1037400059D002230C9300230E93002F00D13EE6A4
:103750000A9A0B9B08980999FEF77DFD00220890B4
:103760000991002320002900FEF7D6FD002800D192
:1037700036E6089C099D289A80203B4B00061340A2
:10378000220004930E9B0393269B02932B18009216
:10379000019331E6279BB342D5D90C9B002B2AD04D
:1037A00000230E9302330C93CFE7289B2E4A8020F0
:1037B000089C099D1A408023DB00134322000493D8
:1037C000279B000603932B180092019302967DE637
:1037D000052695E600230E930233002704260C935A
:1037E000F5E54B1E1B191B1A65E602230C930526F3
:1037F000AEE70423E7E5279B9B1B0E93A5E7022377
:1038000004260C93A1E7DB1B5E1E79E601FCFFFF9B
:10381000FB799F501344D33FB3C8608B288AC63FBF
:103820000000F03F0000F83F61436F63A787D23F7D
:1038300071A379094F930A400000E03F1655B5BBCC
:10384000B16B0240EF39FAFE422EE63F00002C40F9
:103850000000244000001840FF0300002D431CEB33
:10386000E2361A3F80842E41FFF7FFFFF0B557463E
:10387000DE464E464546E0B5A3B01F002C9B92465F
:103880000C93C94AC94B8B460B901A60002900D192
:10389000BFE1002338789946002800D1C1E1C44B2C
:1038A0004C460993C34B0E935B460A9308E02200F3
:1038B00053460A990B9DA84701343878002876D0E2
:1038C00001372528F3D110239B46083B9946043B3A
:1038D0009846033B002602259C463878791C030055
:1038E000203BDBB2102B03D8099A9B00D3589F468C
:1038F0000300303B092B36D900252A2800D1A7E048
:1039000000230D932E283FD00300683BDBB2122B1F
:103910001BD80E9A9B00D3589F4663460F001E4348
:10392000DBE70F002E43D8E743460F001E43D4E7E2
:103930005B460F001E43D0E74B460F001E43CCE70B
:10394000802378785B001E4301310F00672845D83B
:103950002428ACD90300253BDBB2422BA7D89649DB
:103960009B00CB589F460025AB005D196D002D18BC
:1039700008780F000300303B303D0131092BF3D9AB
:1039800000230D932E28BFD1302280205242904632
:10399000C000064378780B0080444246092A00D8CC
:1039A00051E12A2800D15EE10F000131ACE70A9B0A
:1039B000A1469B46CA4503D801235B42534499461E
:1039C00053464A46594600200B9DA847200023B085
:1039D000F0BCBB46B246A946A046F0BD0300693B19
:1039E000DBB20F2B00D962E7012199408846734A68
:1039F00011408B46110042460A4200D013E10A2BC7
:103A00002FD0072B00D052E70C9D01CD002800D10C
:103A100034E121231E43B0461F260D9A12ABF6183F
:103A2000A14694465946340002E0000920290AD0F4
:103A30000F26064032003732092E00D8073A0131EE
:103A400062540F28F1D863464C468B460D9322E111
:103A50000C9B20CB002D52DB78780C930F000131AA
:103A60004EE70C9B0D9904CB90469B46002900D154
:103A700028E1434618784144002801D100F029FC90
:103A80000D9A94460A0004E059780133002900D1C8
:103A900095E19A42F8D163460D934346D31A0F93AA
:103AA000730500D46CE10F9B0D9A934200D90F92DD
:103AB00002231A0032400C92334200D191E20C935F
:103AC0000D9BB9461E1943461B1BA84622001F002A
:103AD0000B9D08E0541C53460A99A847385D0028FE
:103AE00000D163E122009642F4D145464F463400AE
:103AF0000C9B002B00D097E15B460C93DDE6022285
:103B0000787816430F006D420C930131F8E678780F
:103B10006C2800D159E180235B001E43013114E77A
:103B200080239B0078781E4301310EE7787868285F
:103B300000D150E1802301311E4306E7672800D100
:103B4000C2E0472800D134E1452800D134E1072103
:103B50000C9B0D9A07338B43190004960395029230
:103B60000CC90B98009201930C91220053460A99BC
:103B7000FFF7CCFB0400A0E6462800D1A8E007210F
:103B80000C9B0D9A07338B43190004960395029200
:103B90000CC90B98009201930C91220053460A998C
:103BA000FFF77AF9040088E66D380010F81F00204E
:103BB0007C760010C07600100C7700104190000059
:103BC0002200534625200A990B9DA847013474E62C
:103BD0000C9B04339B46631C9846B60700D4FFE059
:103BE0000C9B220018780A9953460B9EB047641923
:103BF000012D00D849E245460B9EB8460A9F2A008F
:103C00005346013539002020B047A542F7D1474639
:103C100072E7DB4B38780B9300239946002800D0DD
:103C20003DE60024C6E66F2855D000D8BCE210233C
:103C3000782800D19EE09E430A239C4600230F93E0
:103C40000A339B464DE000218A005218520001338E
:103C50001118187830390200303A092AF4D90D9138
:103C60001F00591C50E60C9BB87804CB0237D14397
:103C7000C9170A400D920C93791C45E610233000B9
:103C8000984311331843802380463000DB001840EE
:103C90001E4200D1C0E643460693082305930D9BC0
:103CA0002200049310230393002302935B460193A5
:103CB0001AAB00930A9953460B98FEF7F1FF0C9547
:103CC0000400FAE50139D4E680231B011E433EE7D8
:103CD00020231E4353E708239C4600230F930833F9
:103CE0009B4680233000DB0018401E4200D11AE1C1
:103CF0000D233100994380230A009B001A4091460E
:103D0000194200D0C3E180230A005B001A409046AC
:103D10000C9A04320F92194200D08FE24B0600D564
:103D200097E10B0600D4E5E20C9B1B8899464B46B5
:103D3000002B00D005E210339943002800D100E2A7
:103D4000002398460D9B069104935B460393002342
:103D5000059502934346D9E0582808D0622878D1C7
:103D600002239C4600230F9302339B46B9E720238E
:103D70001E43103B9C4600230F9310339B46B0E735
:103D800002231A0032400C92334200D105E20C9318
:103D90004346B9460B9E0A9FA8461D1B2200534668
:103DA00039000134B047285D0028F7D145464F4619
:103DB0009EE680231B011E4320231E43C7E6624666
:103DC0000D9242469B1A0F936AE6C0239B00B87877
:103DD0001E43F91CB9E5C023B8781E43F91CB4E5AD
:103DE000012D00D84AE1631E9946A9444B4652462C
:103DF0002600A146BA461C001700A8460B9D3200BB
:103E00003B00013620200A99A847A642F7D13B0083
:103E100057469A464C460C9B320018780A995346EE
:103E20000B9D4444A84767E6A0460F9B9D4200D8DF
:103E300062E62C190B9E4546B8460A9FE41A2A00F2
:103E40005346013539002020B047A542F7D14746F7
:103E500052E680233200DB001A4090461E4200D119
:103E6000F3E011218E43B4469846802362469B00BE
:103E70001A40934662461A4259D180235B001A4089
:103E800091460C9A04320F9262461A4200D0A0E189
:103E900063465B0600D5D4E063461B0600D412E2FD
:103EA0000C9B00229B5ED8171918414089B2DA0F8B
:103EB0000C92002B00D187E188461F2612ABBB462F
:103EC0001495F71845464E46E046A14606E0280000
:103ED0000A21FDF773FF0500202E08D00A212800D3
:103EE000FDF76CFF01363031B955092DEFD84C463E
:103EF000C446B1465F46149D634606930D9B0595E7
:103F000004930A2303930C9B02934B4601931AAB31
:103F1000220000930A9953460B98FEF7C1FE0F9BAF
:103F200004000C93C9E40C2331009943E3E6082212
:103F3000072191460C9B07338B4399444A460ACB91
:103F400008000C92DA0F9346184300D085E0002356
:103F500099464346002B2FD1002200231092119343
:103F600000231F26994612ABF6185B461495BB46F4
:103F7000E04637000F934E46A146109C119D05E088
:103F8000F52B001004000D00202E0CD00A22002377
:103F900020002900FDF750FF01363032BA55002DC0
:103FA000F0D1092CEED80F9B109411955F464C462A
:103FB000C446B1469B46149D634606930D9B0595EA
:103FC00004930A2303935B4602934B4601931AAB77
:103FD000220000930A9953460B98FEF761FE0400F5
:103FE0006BE40F9B9D4200D896E18023DB000C938D
:103FF0000F9B2E19F61A43460F930D9BA846994620
:104000005346BA461F000B9D22003B00013420207E
:104010000A99A847B442F7D10F9B454698464B46AC
:104020000D933B0057469A4643461878002800D126
:1040300062E56B1C0F930C9B002B00D1A8E60023BC
:104040003DE50C9B1B78190031E710239E43B446D5
:104050000BE70C9B1B78994669E6DA1712921392CC
:104060004A401092129813990A005A401192109ADD
:10407000119B121A8B411092119371E70C9B220035
:1040800018780A9953460B9CA047444634E5082209
:10409000072690460C9B0733B343984442460C9244
:1040A0001A685B68149208931300089A134305D1A9
:1040B0001033994300239846002838D161208B069D
:1040C00000D5412000231F2698465A4612ABF61809
:1040D000030018920F9A0A3BB14616951794199748
:1040E0004446664690469B46149F089D159103E002
:1040F00007000D00202C13D03200002338002900C7
:10410000FDF79AFE5B46D2B2D318092A01D81300F4
:1041100030334A4601341355A845E9D1BE42E7D9A8
:10412000189BA0469B461599169D179C199F0D9BA1
:10413000069104935B46039300230595029343463F
:1041400044E761208B0600D541201F2612ABF218F0
:1041500003000A3B0C934B464646A146A8461C006A
:104160005D461491BB46170002E00400202E0DD0DE
:1041700029002000FDF722FE0C9BCB18092901D84D
:104180000B0030330136BB55AC42EED25F464C4695
:10419000AB4614994546B046D4E50F9B9D4200D9E5
:1041A00026E701330F93F3E5102332009A43944638
:1041B000692800D0A2E080233200DB001A4090463C
:1041C0001E4200D151E64CE64346002B00D093E658
:1041D00073E60C9B1B68DA0F002B70D0D9175B18A5
:1041E0004B4098461F2612ABF618A14614955C4624
:1041F0004546BB46E04637000C9206E028000A21FF
:10420000FDF7DCFD0500202C08D00A212800FDF771
:10421000D5FD013430313955092DEFD85F46C446FC
:10422000A3464C46149D0C9A634606930D9B059538
:1042300004930A23029203935B4667E60C9B1B6878
:104240009846002B03D11033994300282DD16120CB
:104250008B0600D541201F2612ABF61803000A3B3F
:104260004A460C93149143463100A846A1465E4647
:104270001400BB461D000F0002E00500202C0DD0ED
:1042800031002800FDF79AFD0C9BCB18092901D8B5
:104290000B00303301343B55B542EED223005F466C
:1042A0004C464546B346994614990D9B0691049396
:1042B0005B4603930023059502934B4626E643464F
:1042C000002BB1D18EE70C9B1B68D8171918414001
:1042D000EDE580233200DB001A400F921E420FD022
:1042E0000230020032400F92304219D00023A04623
:1042F0000F939AE50C9B1B68994618E516009BE402
:1043000002231A0032400C92334200D08CE5002D7B
:1043100000D06DE6FFF7F0FB01330F93FFF7D0FB02
:104320000C93F4E700B585B003910121029000934E
:10433000034813004A4202A9FFF798FA05B000BDEE
:10434000892E001010B5094A0300146884B0002CAF
:1043500008D0012200910648524203A9A04701203B
:1043600004B010BD00F0D0F90020F9E7F81F0020DC
:10437000792E001000BEFDE710B5FFF7FBFFC04629
:1043800070B5FDF7CDFB074D074EB54209D20024AD
:10439000013E761BB608013608CD01349847B44279
:1043A000FAD170BD847200108C720010030010B539
:1043B000080011001B68984710BDC046F8B5437D42
:1043C00007000D001600002B38D0002A1ADD0B78EC
:1043D0000A2B18D00020012E09D0012421006B5C8B
:1043E00001340A2B1AD0B442F8D1864203DD311AC7
:1043F0003B6828189847AD19013D2B780D3B5A4270
:1044000053413B75F8BD037D002BE3D102210E48DB
:104410003B689847012EEED00120DEE76B1E5B5C07
:104420000D2BE0D0884203DA091A3B682818984718
:10443000054802213B6898472000D4E70368110033
:1044400028009847DEE7C04668780010F0B5C646F9
:104450000B6807000D0000B5802B06D05A1C2A609F
:10446000ED182F7180BCB846F0BD0F4B1C68002CB6
:1044700016D00B1D98460D4E02E02469002C0FD07B
:104480002368002BF9D03368002B01D0A342F4D16C
:10449000200041462A68FFF791FF2469002CEFD1E4
:1044A00001220023DBE7C046EC1B0020F41B0020A8
:1044B000F0B54646D6464F46C0B582B090461C0081
:1044C00006000D00FDF7E2F800232F4A12184B41B9
:1044D000002B02DA01222D4B52422D4908008A4658
:1044E00002F092FE81466B1C03D1300002F01AFEEE
:1044F0000500002C27D0274F274B1C68002C18D014
:104500004346002B21D1254B984602E02469002C1C
:104510000FD02368002BF9D043461B68002B01D035
:104520009C42F3D120002A003100B8472469002CB6
:10453000EFD14B46002B23D1280002B0E0BCBA4695
:10454000B146A846F0BD164FD6E7144B984602E098
:104550002469002CEDD02368002BF9D043461B685A
:10456000002B01D0A342F3D12A0031002000B8472C
:104570006B460A222000DA71D91D093AB847E7E7ED
:10458000504602F011FED7E740420F00FFFFFF7FC9
:10459000C8100020BD430010EC1B0020F41B0020BD
:1045A000AD4300100A4A1368002B05D10CE01A0035
:1045B0001B691032002B07D08342F8D1002902D1A9
:1045C00018691060196170470029FCD01060FAE783
:1045D000EC1B002010B500F037FB10BDF0B5CE4647
:1045E0004746040080B583B0FDF750F82600002749
:1045F00036184F41002F02DA01261A4F76421A4B25
:104600001A4D994601AB98464B461C68002C03D1C5
:1046100016E02469002C13D02B68002B01D09C429B
:10462000F7D1A368002BF4D0012140469847002819
:10463000EFDD4346187803B0C0BCB946B046F0BDC4
:104640000B4B5A6A974207D89B6AB34202D30220A7
:104650004042F0E79742FAD101200021FDF720F80F
:10466000D2E7C046FFFFFF7FEC1B0020F41B0020B9
:1046700000400540F0B5CE46474680B583B06B4656
:104680000600DD1D2870FDF701F80023194A1218F5
:104690004B41002B02DA0122174B52421749080006
:1046A000894602F0B1FD164B80461C68002C14D0E0
:1046B000144F02E02469002C0FD02368002BF9D09E
:1046C0003B68002B01D09C42F4D12000012229003C
:1046D000FFF774FE2469002CEFD14346002B05D16F
:1046E000300003B0C0BCB946B046F0BD484602F049
:1046F0005BFDF5E740420F00FFFFFF7FC810002081
:10470000EC1B0020F41B002070B5040002F00AFD31
:1047100001230100050001222000FFF7C9FE084B1C
:104720001C68002C06D06368002B05D098472469CC
:10473000002CF8D1280070BD2469002CF3D1F9E7D2
:10474000EC1B0020F0B5CE46474680B5A3B0040070
:104750000E00FCF79BFF0023264A12184B41002B4A
:1047600002DA0122244B5242244802F04DFD00237C
:104770002200019380463300214801A9FFF7D2FDB2
:10478000204F019B81463C68002B19D0002C2FD074
:104790001D4E02E02469002C0FD02368002BF9D0B5
:1047A0003368002B01D0A342F4D12000019A02A962
:1047B000FFF704FE2469002CEFD100233C6801932D
:1047C000002C06D06368002B0CD098472469002C7D
:1047D000F8D14346002B07D1484623B0C0BCB946A8
:1047E000B046F0BD2469EBE7044802F0DDFCF3E7D6
:1047F0000194EEE740420F00FFFFFF7FC81000204A
:104800004D440010EC1B0020F41B00200FB400B539
:1048100083B004A901C90191FFF794FF03B008BC5C
:1048200004B018477047C0460022014B1A70704709
:104830006E2000204B790020FF2B0BD18B79002BB1
:1048400008D1CB79012B05D1082A03D9024B8A78EC
:1048500009301A707047C0466E2000200120704752
:1048600010B5012913D112495379107909781B0227
:1048700003430020994200D010BD5378012B08D08B
:10488000022BF9D1642200210020FDF793F80120CA
:10489000F2E7D37891781B021943480ADB0501D46B
:1048A000012040427F238A05D20F1940FDF70AF903
:1048B0006E20002000487047347900109446012390
:1048C00010B501290AD152780023012A06D1624687
:1048D0001179527912020A43072A01D0180010BD3B
:1048E000A6336146024A01F063FA0300F6E7C046C8
:1048F0008C78001001230370004870476C7800101A
:104900004B780A781B0213438A7810B512041A43B5
:10491000CB781B0613439622D200934200D010BDE1
:104920000022012011004042FDF7CCF8024B186034
:10493000024B19607047C046041B0020081B002072
:1049400010B5024B1878FCF7A3F810BD70200020BA
:10495000154B70B51A68002A22D0EFF3108172B699
:1049600010680028FCD0BFF35F8F00200F4A596009
:1049700010701B68BFF35F8F186081F310880024EC
:1049800000250B4E3078FCF777F8002804D100247E
:1049900000252900200070BD3078FCF779F8F8E791
:1049A000FA240025A400ECE71C2000207120002040
:1049B0007020002070B5050000200E0001F010FBF3
:1049C000002834D0002001F021FB00282FD0FCF774
:1049D0005DFE0023174A12184B41002B16DB164CC4
:1049E000200002F011FC002821D0002001F0F8FA8C
:1049F00000280FD101200021404200F00FFD0325C7
:104A00006D42200002F0D0FB280070BD01220B4B4C
:104A10005242E4E7002001F0F9FA0028EAD0290028
:104A20003200002001F0FCFA051EEAD1E7E7032579
:104A30006D42E9E740420F0044200020FFFFFF7F66
:104A400010B5FCF723FE00230D4A12184B41002B32
:104A500002DA01220B4B52420B4802F0D5FB002830
:104A60000CD001200021404200F0D8FC002001F0D1
:104A70001BFB0028F5D1044802F096FB10BDC04690
:104A800040420F00FFFFFF7F44200020F8B5CE46D4
:104A9000474680B505000C00FCF7F8FD0023344ABA
:104AA00012184B41002B02DA0122324B524232499A
:104AB0000800884602F0A8FB002803D1C0BCB94614
:104AC000B046F8BD002001F08BFA002848D000263F
:104AD000002C41DD294B994613E0A919002001F073
:104AE0001FFB070001200021404200F097FC00203E
:104AF00001F0DAFAFCF7CAFD204BF61903C3B44201
:104B00002ADD002001F02CFBA71B0200B84200DDCB
:104B10003A00002AE1D101200021404200F07EFC51
:104B2000002001F0C1FA002001F05AFA002813D049
:104B3000002001F015FB0028E1D1FCF7A7FD4B4652
:104B40000F000CCB002184460D4812184B419F42A8
:104B500002D8D4D19445D2D9404602F025FBADE726
:104B600000200021054B03C3404602F01DFBA5E7D2
:104B700040420F00FFFFFF7F442000201813002059
:104B800020A1070030B5002185B0284802F024FBA1
:104B900000281CD1264B1A68002A16D0EFF310818A
:104BA00072B610680028FCD0BFF35F8F0124214843
:104BB000596002781B68D2B20470BFF35F8F002087
:104BC000186081F31088002A17D005B030BD01208D
:104BD0000021404200F022FC002001F017FA0500FD
:104BE000124802F0E1FA002DEFD0134B1B68002BA6
:104BF000EBD0124A10689847E7E7FCF733FB040054
:104C0000FCF744FDFA220023920012184B41002BBE
:104C100002DA01220A4B5242012102910021019144
:104C2000084920000091FCF721FBCEE7442000203A
:104C30001C20002071200020041B0020081B0020E5
:104C4000FFFFFF7F51490010D02310B51B0684B031
:104C50001C68FCF707FBFCF707FCA04202D0002011
:104C600004B010BD284B002100201B7801F060FD2E
:104C700026480368002B44D00120FCF78BF8FF2363
:104C8000234C244920701840FBF71AFF207801219B
:104C9000FBF7E0FE0520FBF703FF002824D10822E4
:104CA00000211D48FDF79AFFFCF7DCFA0400FCF731
:104CB000EDFCFA220023920012184B41002B02DA7D
:104CC0000122164B52420121029100210191144907
:104CD00020000091FCF7CAFA0028C0DB114801212E
:104CE000FFF760FC0120BBE70120FBF771FE01002C
:104CF0000948FCF7AFF8002205200B49FBF70AFF33
:104D0000ECE7FCF78BF8B7E7E87A001044200020C6
:104D100070200020854B00101C200020FFFFFF7F2B
:104D20005149001090100020414900100048704780
:104D3000D0790010004870477C79001010B504004D
:104D400016480378002B20D0002C06D1144B1548B0
:104D50004380063BFF3B038010BD052C1CD8124B43
:104D6000A400E4580F480123811C013C04E00133F6
:104D70000A800231142B0CD0E25C002AF7D1C02249
:104D8000DBB25B0092001343E5E7112100F016F857
:104D9000DAE7CA239B00DEE70020DDE75020002091
:104DA00009040000C41B00206479001010B50248FB
:104DB00000F0F4F810BDC0463420002030B50129C1
:104DC00000D1BBE0744B01391A7812111400303451
:104DD000092A00DDB5E00470012900D1DAE00F22D4
:104DE0001C78224014003034092A00D9ACE0447009
:104DF000022900D1CEE05A789446121114003034C2
:104E0000092A00DDA3E08470032900D1C2E06446D2
:104E10000F22224014003034092A00D99AE0C470CD
:104E2000042900D1B6E09A78944612111400303467
:104E3000092A00DD91E00471052900D1AAE0644649
:104E40000F22224014003034092A00D988E044712E
:104E5000062900D19EE03025AC46DC78221194442E
:104E6000092A00DD7FE062468271072900D191E0C6
:104E70000F22224014003034092A00D977E0C4718F
:104E8000082900D186E03025AC461C7922119444D3
:104E9000092A00DD6EE062460272092900D179E03C
:104EA0000F22224014003034092A67D844720A299C
:104EB00000D16FE03025AC465C7922119444092A78
:104EC0005FDC624682720B2964D00F2222401400FC
:104ED0003034092A59D8C4720C295BD03025AC462D
:104EE0009C7922119444092A02DD0735AC4694448A
:104EF000624602730D294DD00F2222401400303437
:104F0000092A01D93732140044730E2942D0DA79C4
:104F100013111C003034092B01DD37331C0084735E
:104F20000F2937D00F2313401A003732092B01D82D
:104F300030331A00C27310292CD0103000230370B4
:104F400030BD3732140046E7373214004FE73732AE
:104F5000140058E73732140061E7373214006AE76B
:104F60003732140073E70735AC4694447BE7373299
:104F7000140084E70735AC4694448CE737321400BC
:104F800094E70735AC4694449BE737321400C4726B
:104F90000C29A3D14018D1E73420002010B588B0E7
:104FA00004000D2200216846FDF718FE0D220021A5
:104FB00004A8FDF713FE4B236A466846137004A944
:104FC0000D2202F0E9F81521082220006944FDF7BE
:104FD0000BFE08B010BDC046F8B500F047F90C2331
:104FE000194DFF22AB6705201849FBF793FD184CBC
:104FF000402200212000FDF7F1FD4027002301267B
:105000002121144A66702783A260136063545F31C4
:10501000618445396354104A10496360E260278710
:10502000A1620B606362E26202F0FEF880239B05DE
:105030002E64EB6490230A4A0120EA508022094B37
:105040005202DA64F8BDC046000011501505002078
:10505000F81B0020840010500001105080001050F8
:1050600010D001000020115010B501210520FBF7E0
:10507000F1FC10BD10B500220021024800F016F925
:1050800010BDC046181C0020044B1970002904D024
:1050900080219023024A8902D15070476920002064
:1050A000002011500B785B0600D070474B78052B21
:1050B000FBD18A78014B1A60F7E7C0460000115017
:1050C000F8B5CE464746C87880B58007830F1800EC
:1050D000012B61D08B780A799C464B797F211B028A
:1050E00013435B055E0D63461940DC094B001A193A
:1050F0001F0063462F4D5201AA189370012363408D
:10510000537000231683D370D076B146CA00012CA9
:1051100031D0294E92198E01B446AC446646B26035
:105120001360002931D0254BC900C91871604B4666
:105130003F339B09022836D09B0121483919026868
:10514000490169180E00CA601E49D31803608B42DA
:105150002BD83B195B01ED18EB7E1B499B064A409F
:1051600013438022120613436A6813600120C0BCF7
:10517000B946B046F8BD154E92198E01B446AC44FE
:105180006646B2621360002908D1002364012C191D
:1051900063600F4BE360E9E70020E8E70A4BC900D2
:1051A000C9187162C3E7DB01C7E7FCF7B3FCF2681B
:1051B000CFE7C046F81B00208400105004001050B8
:1051C00000200020FF0F10500000105080001050F1
:1051D0000001105010B502F027F810BD7F2010B567
:1051E00008404000C90940181100044A40018018D5
:1051F0001A0000F05BF8012010BDC046F81B00202B
:105200007F23180000B5084083B00B4204D14B4205
:105210004B41084A013393668022C9094000064B7E
:10522000401840010021C018120102F005F803B037
:1052300000BDC04600201150F81B00207F22130043
:1052400010B50B400A4200D110BDC9095B005B18C4
:1052500004485B01C018002300220349C37001F019
:10526000EBFFF1E7F81B0020FFF7FFFF80220A4B5E
:10527000520410B51A60094B09491A6010000B68F6
:105280009843FBD18022002152010648FDF7A6FC7D
:105290000922054B5A6710BD00E0004000F00040B5
:1052A00008C000400000105000001150002310B54D
:1052B000C3820133828283760161040001F09CFF86
:1052C000002804D080219023074A8902D150200071
:1052D00001F05AFF002802D00123237710BD2000DF
:1052E00001F09AFFFAE7C046002011507047C0460F
:1052F0007047C04600207047002070477047C04686
:105300007047C0467047C0467047C046024B587849
:10531000431E9841C0B2704718160020024B1878FF
:105320004007C00F7047C04618160020F0B5D6469B
:105330004F464646C0B52E4B814698461B788A4656
:10534000FF2B4ED100293ED0002154222948FDF7E1
:1053500045FC0022284C294B20001A70FBF75EFD0B
:10536000274B1C60274C2000143CFBF765FD2000F8
:1053700001F0DAFD244B254D1C60254B002B04D099
:105380002800FFF7B7FA234B1860002400232A787F
:10539000214F204E0FE0336862019B18002B12D082
:1053A0005B68002B0FD098472A780134E4B2511C77
:1053B0002300A14209DBA242EDD89B1A5B01DB1955
:1053C0005B68002BEFD100200CE042464B46514673
:1053D00048461370FFF700FE0028F4D04846FFF758
:1053E00043FE0120E0BCBA46B146A846F0BDC04627
:1053F000C410002018160020101600206A2000207B
:105400006C160020BC1000207016002068200020C0
:10541000F5480010301500208C7A0010F0B5DE46FB
:1054200057464E464546E0B5C64B91B002931B78B1
:10543000FF2B00D13BE1C44BC44E1F00C44B0DAC4D
:105440000193C44B009335686A69EFF3108172B61B
:105450001368002BFCD0BFF35F8FA96128002100E7
:1054600001F098FB6A69AB69BFF35F8F002111609F
:1054700083F31088002800D119E16378082BE2D863
:105480009B00FB589F466368002BDCD0A0689847C0
:10549000D9E77F222179AE4D0A405300EB18984698
:1054A000C809804440460123303005799D43057189
:1054B000057903339D430571002A00D1FEE0434680
:1054C000A54A1B7D1278934200D3EDE0A34A5B010D
:1054D0001568ED18002D00D1E9E0A3686279207805
:1054E000AD69A847AFE79E4B1A78002A00D1DEE0ED
:1054F0001A78013A1A701B78002BA4D10122944D1E
:1055000001212B78042013432B703423EA5C8A4357
:10551000EA54EA5C8243EA540133EA5C8A43EA547F
:10552000EA5C8243EA54237800209B4600F09AFC10
:10553000602223791A40602A00D1EEE0402A00D18F
:10554000F4E0DB06DB0E012B00D111E1022B00D1D0
:10555000C6E0002B00D0E0E0202A00D11CE2002AA7
:1055600000D0DAE06379092B00D9D6E07D4A9B00B0
:10557000D3589F46764D2B78DB0700D463E7FFF7BF
:10558000C3FE60E7019BDB78DB0700D45BE7606864
:10559000FFF7AEFE57E76E4D2B78DB0700D452E7DE
:1055A00028780007C00FFFF7ADFE4CE72378694964
:1055B00099468B46684B694998468A4639001A785D
:1055C00047460023B04600254E46894610E0534624
:1055D0001B686A019B18002B00D175E0DB68300066
:1055E00098473A780135EDB2511C2B008D4243DCCF
:1055F0009542ECD39B1A5B015B44EFE72378574954
:105600009946554B8A4698463100BB464E461A7815
:1056100000250023474689460FE053461B686A0170
:105620009B18002B54D0DB68300098473A7801353E
:10563000EDB2511C2B008D4206DC9542EDD39B1A36
:10564000009A5B01D318EEE7019D54220021280047
:10565000FDF7C4FA1022FF214348FDF7BFFA2800E6
:105660002022FF2114304E465F46FDF7B7FA00F0C6
:10567000EFFBFFF745FEE6E6354D542200212800FA
:10568000FDF7ACFA1022FF21281DFDF7A7FA28002C
:105690002022FF21143046464F46FDF79FFA00F0C6
:1056A000D7FB2379AB70CEE6501C984213DA11B0C9
:1056B000F0BCBB46B246A946A046F0BDA3686279DD
:1056C000207800F0E3FBBEE646464F46204DE6E775
:1056D0004E465F46CBE71F4D9B1A5B015D19FCE60A
:1056E0007023217A0B4218D1C80982460F330B4030
:1056F0005B0098461848EB1853441B7D0078994688
:10570000834268D215485B01006881469944002AAB
:1057100000D163E14B46002B6AD120780021FFF7CE
:105720006FFD80212078FFF76BFD8CE60F4800F0BD
:1057300099FB012158460EAAFFF7C0F8002800D0B7
:1057400081E6EAE7C4100020E4790010701600201A
:10575000181600208C7A00106820002030150020D8
:105760006A200020087A00101C160020BD48001096
:10577000237A22890F2BD0D8FF231340CF4AEB186E
:105780001B791578AB423ED3691C9942C5DB5D1B82
:10579000CB4B6D01ED18686900F064FB01215846A0
:1057A0006B690EAA9847002800D04CE660221500CD
:1057B00023791D401A42B0D163790A3B012BACD842
:1057C00000F050FB63790A2B00D199E158460EA9ED
:1057D00000F0D8FA37E6431C4B4500DAF9E04B46B7
:1057E0001B1A5B019946B6488144002A00D1F5E0B6
:1057F0004B46586900F036FB4B46012158465B6921
:105800000EAA98479AE7AF4A5B011568ED18002D7C
:10581000C1D182E7A37999466B789945D6D06B7848
:10582000002B00D035E14B466B70002B00D12DE1F1
:1058300048460138C0B2FFF77DFA002800D17EE16A
:1058400043780793022B00D079E10122C179B14658
:105850008B11491113400A40302112015B0113439F
:105860002A78A8468A4313432B7009239A46824418
:105870005646BA46C37882781B021343C318059371
:105880008E4B04938E4B08938E4B09938E4B0A9349
:10589000059BB34200D855E1737801220B2B03D14D
:1058A0003378F278F6187378042B00D044E1059B26
:1058B00000279B1B9BB20693049B0B921D78002331
:1058C00003931BE0099A7B011568ED18002D00D1A8
:1058D00032E1310058462B69069A984784460828D9
:1058E00003D9069A824200D313E1049B01371D7845
:1058F000FFB26B1C03979F4200DD1DE1BD42E1D862
:10590000039B5D1B089B6D015D19E2E76B780CAA98
:1059100002321370584601230EA900F049FA92E5AD
:10592000E088030AC0B20F2B00D9F6E667499A0057
:105930008A5897460EA800F09BFA5846A179FFF7BF
:1059400099FB02222B7813432B707CE5E388012B13
:1059500000D0E2E608222B78584693430EA92B701C
:1059600000F010FA6FE5022029780CAB9A1C8B0628
:105970008908DB0F01400B431380584602230EA910
:1059800000F016FA5FE5E388012B00D0C5E6082297
:105990002B7813432B7019E7237A22890F2B00D918
:1059A000BBE6FF231340EB181D79444B1B789D4247
:1059B00028D2444B6D011B685D19002D00D1ACE667
:1059C000686900F04FFA012158466B690EAA9847A2
:1059D000B4E6002A00D0A0E60023994662790220AE
:1059E000130003928343012B15D0002A00D094E6C4
:1059F0002B004344534430331B790CAA9B07DB0F25
:105A00000232B9E75A1CAA4200DA86E6ED1A2C4B9C
:105A10006D01ED18D4E7E388002B12D1029B1878B2
:105A2000039B012B23D0FFF7EBFB43460221EB182E
:105A3000534430331A790A4301211A711A790A43FF
:105A40001A714B46002B00D1FDE4586900F00AFAA8
:105A50004B4601215B690EAA58469847002000F08A
:105A600001FA3523EB5CDB0700D5ECE4AEE6FFF78B
:105A7000E5FB43460221EB18534430331A798A433D
:105A80001A711A7903998A431A71DAE7FFF738FC19
:105A90009CE600215846FFF7F7FA5846FFF79AFBB5
:105AA000AB7807490393054B049198461A78002375
:105AB0000449AA4605911D001BE0C046682000204D
:105AC0008C7A0010301500202C160020307A00103F
:105AD000059B6A011B689B18002B4CD0DB6858465D
:105AE000984743461A780135EDB2511C2B008D4280
:105AF0002DDC9542ECD39B1A049A5B01D318EDE799
:105B00000CAB9A1C584601230EA9157000F050F9F1
:105B100099E40B9A012A4ED0002A3CD00023B07899
:105B200004E00133DBB20F71934234D2C118C9B221
:105B300041440D79FF2DF4D04E464546574600238B
:105B40006B70EAE54E465746FFF7D8FB3EE65546F2
:105B5000542200212800FDF741F81022FF21281DC2
:105B6000FDF73CF828002022FF211430FDF736F81D
:105B7000039BAB7057E65546FAE7FEF79BFE021E05
:105B800000D1CAE5D37891781B020B4358460EA981
:105B900000F00EF9D2E565463B002A0031000A9874
:105BA00000F06AFE049B039A1B7876190133934236
:105BB00000DB6DE6C0E7174B29699942AED1079A21
:105BC000ACE7FFF797FB021E00D1A6E55846137815
:105BD0000EA900F0EDF8B1E52189FFF7AFF8021E3C
:105BE000F4D19AE5022B0FD0FFF786FB021EC9D134
:105BF00093E5FFF79BF8021E00D18EE5122358466D
:105C00000EA900F0D5F899E5FFF794F8021EB9D176
:105C100083E5C0465D620010F0B54F464646D64665
:105C2000C0B50C0016001F0082B0002A3AD07023C5
:105C300098461D4B002599461C4B9A461AE04B4648
:105C40001B78200001935346997800F0DBFD002873
:105C50001CD021000198FFF733FA002816D0A37852
:105C6000DA09012A19D00A9A01351370B54219DAF6
:105C70002378E4186378052B08D1E3789B079B0F02
:105C8000BB4203D14246A3781A42D8D0002002B0CA
:105C9000E0BCBA46B146A846F0BD0B9A0135137078
:105CA000B542E5DB0120F2E7C41000201816002001
:105CB000702270B58B780C001A4201D0002070BDA4
:105CC000064B20001D78064B997800F09BFD0028BC
:105CD000F4D021002800FFF7F3F9F0E7C41000200A
:105CE000181600207F20074B10B51A680840CB0912
:105CF00034334000C018044B1100C01800F03EFDC2
:105D000010BDC0466C160020181600207F20074BDF
:105D100010B51A680840CB0934334000C018044B52
:105D20001100C01800F052FD10BDC0466C160020D6
:105D30001816002070B57F24C80984460C400F480F
:105D400064000419644430342079C00701D5002070
:105D500070BD0B48012500788446207928432071C6
:105D60006046FFF73BFA0028F2D1012223799343E2
:105D700023712379033293432371E8E71816002037
:105D8000C410002070B5094C0600082220000D0048
:105D9000FCF72AFF00238021E360A3602B7830000A
:105DA000994300220023FFF7C5FF70BDF8150020BE
:105DB000F0B5C646244C170080460822200000B5E6
:105DC0000D001E00FCF710FF0023A760E381EB79B4
:105DD000AA791B0213431A1CB34200D9321C96B293
:105DE000A281002B0CD0002E15D0002F2AD0402EDF
:105DF0001AD8237896B27F2B1BD80021134A0EE0C5
:105E000080212B780022994340460023FFF792FF20
:105E100080BCB846F0BD7F2300222178994333002F
:105E20004046FFF787FFF3E74022237896B27F2BA7
:105E3000E3D9064C320039002000FCF7D5FE802162
:105E40002200ECE70020E3E7F8150020B815002059
:105E500010B5142200210248FCF7C0FE10BDC04658
:105E6000F8150020014B18617047C046F815002056
:105E700010B5054C010008222000FCF7B5FE0023F8
:105E8000A360E36010BDC046F815002070B5374C24
:105E90001D0023780600DA09C9098A4210D00020C3
:105EA000002D00D070BD21003000FFF7FBF8236902
:105EB000002B03D022000321300098470120F1E796
:105EC0007F2B06D8A0680028ECD02A002849FCF7D0
:105ED0008BFEE289A1685219E38892B24919E281E6
:105EE000A160934214D03F2D12D9A389981A051CA2
:105EF00080B2402828D82078ADB27F2826D800214B
:105F00009A4230D01A4A2B003000FFF713FFC9E73E
:105F10002369002B05D02200022130009847002879
:105F200008D0802123780022994330000023FFF716
:105F300001FFB7E700213000FFF762F93000802150
:105F4000FFF75EF90120ADE74025D4E79A4207D07C
:105F5000074C2A002000FCF747FE80212200D2E7F0
:105F600080210022CFE70022CDE7C046F8150020AF
:105F7000B815002070B50400FFF7C8F9002800D15B
:105F800070BDFFF7CBF90028FAD1C8236343124A4A
:105F90002500D418E1780029F2D010339E18300083
:105FA00000F0E2FD3F28EBD90020E178FFF79AFEF0
:105FB0000028E5D0300000F0D7FDE1783F2807D970
:105FC000064BEA01D21800204023FFF7B3FED7E7C3
:105FD0000020FFF79BFED3E7D010002034150020EF
:105FE00010B50400FFF792F9002801D1002010BD80
:105FF000FFF794F90028F9D1C8226243024B01301F
:106000009B181B791840F2E7D0100020C82310B568
:1060100043430248181800F089FD10BDE01000202D
:10602000F8B5C82343431D4D1033EE1880230400F8
:106030005B029A4200D31A4A300092B200F0F8FD97
:106040000700FFF763F9002801D13800F8BDFFF71A
:1060500065F90028F9D1C8236343ED18EB78002BCC
:10606000F3D0300000F080FD3F28EED90020E97821
:10607000FFF738FE0028E8D0300000F075FDE97821
:106080003F2807D9074BE201D21800204023FFF731
:1060900051FEDAE70020FFF739FED6E7D0100020E6
:1060A000FFFF000034150020F8B50400FFF72EF9BB
:1060B000002801D10020F8BDFFF730F90028F9D100
:1060C000C82325005D432B00134E2433F7183800F6
:1060D00000F02CFD0028EDD075190020A978FFF7FD
:1060E00001FE0028E6D00D4AE3019C182100402261
:1060F000380000F09DFDA9780300051E07D022009E
:106100000020FFF717FE0028D4D02800D3E7002096
:10611000FFF7FCFDCEE7C046D0100020741500202C
:1061200070B5C82444430C4B0500E41880235B027F
:106130009A4200D3094A200092B200F041FE0600C4
:10614000200000F0F3FC3F2801D8300070BD28008B
:10615000FFF7AAFFF9E7C046F4100020FFFF000098
:10616000C82310B543430248181800F0FDFC10BDC9
:10617000F4100020F0B50025184C83B0C82200218F
:106180002000FCF72BFD164B21001D70FF236371CF
:10619000E1235B02A360200008234022A37338316F
:1061A0000095073B103000F08BFC270001232100F5
:1061B00020002600402278310093B837243000F0C8
:1061C0007FFCC0363800FAF729FE3000FAF726FEC9
:1061D000E56127622663656303B0F0BDD01000203F
:1061E000B41500200A4B196B1A6A00290CD0002A3A
:1061F00007D00022DA615A631A6300221A62012072
:1062000070475A631A63FAE7002AF8D0D961F4E7B5
:10621000D010002070B5052200210D48FCF7DEFCEF
:106220000C4D2B78DA0707D50B4C9B070CD50121B9
:10623000200000F099FE70BD0548103000F074FE9B
:106240002B78054C9B07F2D4200000F06DFEEEE7A2
:10625000D0100020B4150020F4100020F0B54B79C8
:10626000070083B0022B02D18B79022B03D00024CC
:10627000200003B0F0BD214B1E009B78002BF6D10F
:106280008B78092433700D784D196B78242B07D047
:106290000CE02B78ED181C196B78A4B2242B05D1D7
:1062A000A242F6D20020FFF765FEE1E71A00052BB7
:1062B00015D0042AF6D16B790A2BF3D1104B2E7826
:1062C00001930133009338000223A919023AFFF722
:1062D000A3FC0028CBD00E34A419A4B2E2E7290015
:1062E0003800FFF7E5FC0028C1D0AB7873702B783D
:1062F0001C19ED186A78A4B2DBE7C046D010002064
:10630000D210002060238C461100127870B5134023
:106310000022202B08D1324C4B7926000D792478AD
:106320001B022B439C4201D0100070BD4B78222BE6
:106330001CD008D8202B39D0212BF5D16346012B56
:1063400043D00122F0E7232BEED16346012B42D04C
:10635000032BF6D1234B002BF3D08B78C978002088
:106360000902194300E000BF0122DDE76346012B6B
:1063700031D0032BE5D10125CB788A781B0213435A
:106380001C001D4033000121243318006940347182
:1063900000F0EAFD144B002BD3D0012362081A4011
:1063A0002900002000E000BF0122BDE76346012B69
:1063B0000BD0032BC5D10D4B002BC2D031000020D8
:1063C0000831FEF79DFA0122AEE7094A0723FFF7DD
:1063D000EFFC0122A8E7FFF7D5FC0122A4E7C046A5
:1063E000D010002000000000000000000149001053
:1063F000D8100020F8B54746CE4680B5344C1F0073
:10640000E37880460D008B423BD0A37800208B427E
:1064100011D0C0BCB946B046F8BD2E4B002B04D0FD
:106420002D4800F099FB00284FD00020FFF7A2FD77
:10643000A378AB420AD1294B002B02D0002000E008
:1064400000BF0020FFF730FE002801D00120E0E768
:10645000234C200000F06AFB0028F7D1002FF5D074
:10646000BB06F3D1243C4046A178FFF73BFC002853
:10647000ECD0002300224046A178FFF75BFC01200E
:10648000C7E7184E14483100BAB200F099FC164B19
:10649000002BC2D06379FF2BBFD0002FBDD0BC46EC
:1064A000B444E14603E001364E45B6D06379327814
:1064B0009A42F8D1084800F04FFB0028F3D1064B70
:1064C000103B597900E000BFEDE700E000BFACE70A
:1064D000D010002000000000E010002000000000AC
:1064E000F410002034150020000000009322F0B5C5
:1064F000134C85B0002120009200FCF76FFB2300B5
:106500002000802640270F4D4D337600FF33293081
:106510000295009300220023002103970196FF308B
:1065200000F0C4F94035201D283400230122002149
:10653000039702950196009400F0B8F905B0F0BDFC
:10654000B41700203417002010B5054C200000F0CF
:10655000E1F920002538FF3800F0DCF9012010BDFA
:10656000DC18002070B5084C002520003130FF30C9
:10657000257000F0D9FC20000C3000F0D5FC2A2357
:10658000FF33E554657170BDB4170020F8B5CE46F1
:10659000474680B54B7980468946FF2B06D12A2392
:1065A000374FFF337E79FB5C1E4304D00020C0BC14
:1065B000B946B046F8BD8B780C783B700B790C1956
:1065C000002B3CD0A51803E0AC4238D22378E41865
:1065D0006378052BF8D1AC4231D221004046FFF759
:1065E00067FB0028E2D0A378DB09012B2BD02548DC
:1065F00000F09AFC2A23A278FF33FA5463792279B7
:106600001B0213439421204A5B055B0D9B185A42E1
:106610005341022049007A5C5B00824313437B5460
:1066200018494046083900F0DFF90028BED0237829
:106630000136E4184B461B79F6B2B342C8D84B4634
:10664000E01A80B2B3E7114800F06EFC0F4AA3785D
:106650000C3A5371637921791B020B435B050A499C
:106660005B0D5B1859424B41022011795B0081435D
:106670000B43064900200839137100F07FF9D6E773
:10668000B4170020E418002000FEFFFFC017002010
:1066900070B51D002A2304001F48FF33C35C8B42E2
:1066A00016D04079884201D0002070BD1B4B002BD2
:1066B00004D029040020090C00E000BF184B200082
:1066C00019001E0000F05AF900281DD00120ECE747
:1066D0009A235B00C35A002B0DD1124B002B04D020
:1066E00000201149AAB200E000BF20000F4900F0CD
:1066F0007BF90120D9E796235B00C1583130AAB25B
:10670000FF3000F05DFBE8E72A003100200000F0D8
:1067100003F90120C9E7C046B417002000000000BB
:10672000B81700200000000034170020DC180020FB
:1067300000B5030083B0002910D00020012B07D83A
:106740000A78002A04D00C48C2540120012A01D042
:1067500003B000BD1800FEF7E9FDF9E701236A4622
:10676000002001A99380FEF7E1FD0028F0D001226E
:10677000014B1A70ECE7C0460C16002070B50400FF
:1067800023780800DB070E00DD0F002B16D12378DD
:106790005B0701D5280070BD0121494200F024FDAE
:1067A0002378DB07DD0F002B0AD123785B0708D4A1
:1067B0000422237801251343237002E00025E9E732
:1067C0000025300000F0F0FCE4E7C04670B50D0095
:1067D000012104004942280000F006FD23785B07F0
:1067E000DE0F002B04DB280000F0DEFC300070BD63
:1067F0002378DB0704D40422237893432370F2E741
:106800000026F0E7437902791B021343C2785B0547
:1068100092075B0D920F022A1AD0032A0BD0002098
:10682000012A07D102394A425141104A8918994236
:106830004041C0B2704702394A1E91410C4A494258
:10684000114080220020D200891899424041F1E78E
:10685000022904D0002040229A424041EAE7054A3A
:10686000981843425841C0B2E4E7C046FF03000015
:1068700040FCFFFF00FEFFFF8446881830B51C0077
:10688000814206D24A78052A04D00A7889188842BB
:10689000F8D830BD7F228B781A4052006244DB0961
:1068A000D4540A7889188842ECD8F2E7F0B5C64685
:1068B00000B582B0904608AA20CA040016886A462D
:1068C0000120978D0A002178024081432000114366
:1068D00021703200009329000123083000F0F0F805
:1068E000002D01D0002E07D101200A9B6780636034
:1068F00002B080BCB846F0BD25001C352800FAF770
:106900008DFA42460023002A01D02B000025636146
:10691000A561E9E701207047F8B502240B7807006C
:106920001C4063425C410800124B64421C40124B05
:1069300008300D001600E41800F0F8F8002807D120
:10694000002E05D0344203D101242B781C4201D003
:106950000020F8BD38006978FFF7C4F90028F7D0A7
:106960002B781C42F4D10023002238006978FFF70D
:10697000E1F9EEE740FEFFFFFF01000008239C461F
:106980008C4470B5050060460C00664600F0CEF8F9
:10699000002803D0012223781A4201D0002070BDC4
:1069A00028006178FFF79EF90028F7D06288300050
:1069B000616800F03DF901222378134000280CD0D3
:1069C000002BEBD103006268617804002800FFF718
:1069D000B1F90028E2D02000E1E7002BDED1280049
:1069E0006178FFF793F9D9E7F0B5C64600B58A8913
:1069F00006000C000B78002A06D101321A4240D062
:106A0000002080BCB846F0BD9B0734D42B4B4025FA
:106A1000984608239C46A4446046674600F0A4F8C4
:106A20008542EDD8012223781A42E9D130006178FD
:106A3000FFF758F90028E3D0380000F095F801225C
:106A400023781340854232D8002BD9D14146628841
:106A50000140131C8A4200D90B1C9BB200226178B2
:106A6000002B00D0626830001C00FFF763F900289B
:106A7000C6D02000C5E7FE2380251B029846AD0046
:106A8000C7E74978FFF72EF90028B9D0012223780B
:106A90001A42B5D1638800226178002B00D0626869
:106AA0003000FFF747F90028AAD06088A9E7002B3B
:106AB000A6D130006178FFF729F9A1E7C0FF0000F7
:106AC000F0B5C64600B598466B461E7E802304008E
:106AD0000F0015001B029A4226D8C068002803D078
:106AE0000121494200F080FB2069002803D00121E8
:106AF000494200F079FB42465204F303520C13431F
:106B0000E3800023E06863812760A580238100285B
:106B100001D000F049FB2069002801D000F044FBBF
:106B2000012080BCB846F0BD0020FAE70389418906
:106B30009C4682889BB288B28C4507D31B1A9BB2B5
:106B4000101C9A4200D9181C80B270475100091AD3
:106B50005B189BB2F4E7C04603894089181A434288
:106B60005841C0B27047C046038941899C4682881B
:106B70009BB288B28C4507D31B1A9BB200209A4265
:106B800001D9D21A90B270475100091A5B189BB212
:106B9000F4E7C04670B5040000690D00002803D07A
:106BA0000121494200F020FB238962899C4698B26A
:106BB00091B2A388944532D3421A92B2002A27D0C8
:106BC000934208D298422FD3C01A81B261818B427E
:106BD00003D8C91A89B28B42FBD9E28823685204D0
:106BE000520C514328005918FBF7FEFF618901251B
:106BF0004A1C92B2A38891420DD900225B00D21A9E
:106C000020696281002801D000F0CEFA280070BD12
:106C10000025628992B25B009A42F1DBEFE75A00ED
:106C2000521A821892B2C9E7C01881B26181CEE7C8
:106C3000F0B54646D6464F46C0B5060000698A46BE
:106C4000904682B0002803D00121494200F0CCFADE
:106C500031897289B5888BB294B2914255D31F1B8A
:106C6000BFB2002F4BD0BD4205D2AB4252D25B190E
:106C70009CB22F0074814346B8453ED89FB2A542CE
:106C800003D8641BA4B2A542FBD9F2883168520430
:106C9000500C020062432B1B9BB28918019002002A
:106CA0009F4225D943439BB21A0050469946FBF7B1
:106CB0009BFF5046019A7D1B641954433168484438
:106CC000A2B2FBF791FF7189B588CB199BB26A001C
:106CD000994216D99B1A30697381002801D000F0BF
:106CE00063FA380002B0E0BCBA46B146A846F0BD2F
:106CF00050467A43FBF778FFE5E73B1CBEE7738914
:106D00009BB26A009342E6DBE4E76F003F1BDF19AA
:106D1000BFB2A6E75B1B9CB2ABE7C046F8B5040068
:106D2000C0680F00002803D00121494200F05CFA3E
:106D3000258920896189A288ADB283B28EB288424A
:106D400028D39B1B9BB29A4209D8E679F60906D153
:106D5000E068002801D000F027FA3000F8BD2B00D1
:106D600095421CD39B1A9BB29342FBD2E2882068C7
:106D70005204520C53433900C018FBF735FF6B1C0B
:106D80009BB2A2889D4216D9002352009B1A01266D
:106D90002381DDE75100891B5B189BB2D3E7E288B2
:106DA00020685204520C53433900C018FBF71CFFF3
:106DB0000135A288ABB252009342E8DBE6E7C04659
:106DC000F0B54E464546DE465746E0B589460500D5
:106DD000160083B0002A6BD0C068002803D00121C0
:106DE000494200F001FA2F89EA79BBB298466B89D3
:106DF000AF889BB2D2093DD1984562D27A00D31AAE
:106E000043449BB2BB4261D2FB1A1A1C9BB2B342F1
:106E100000D9321C96B2F31B01934346F3189BB280
:106E20009B46EA884446B84503D3E41BA4B2BC425F
:106E3000FBD252043B1B570C3A00624328689BB2BA
:106E40008018B34256D33A0049467243FBF7CCFE52
:106E5000AB885B00D84501D89B4502DB5A46D31A64
:106E60009B465B4637002B81E868002821D000F064
:106E70009BF91EE0BE422BD298454CD34246D21A13
:106E800092B27900F01B921901908A42C5DBDA199F
:106E900092B29346921B92B29046934240D9434697
:106EA000591A8BB29846F3189BB29B46EA88B9E709
:106EB0000027380003B0F0BCBB46B246A946A04646
:106EC000F0BD4246D31A9BB2BB429DD30027CBE70D
:106ED000002FC9D0CC46EA88F61B5104490C7143F7
:106EE00098468C44D919002389B2E1468B463E006E
:106EF000019397E77B439BB21A0049469A46FBF7FA
:106F000073FE4946019B2868E2187A43514492B2C5
:106F1000FBF76AFE9CE77900CA1A424492B2B1E7D5
:106F20009142BCDDC2E7C04610B50400C06800282D
:106F300003D00121494200F057F92069002803D00D
:106F40000121494200F050F90023E0686381238168
:106F5000002801D000F028F92069002801D000F0B5
:106F600023F9012010BDC04670B50400C0680D00B3
:106F7000002803D00121494200F036F92069002899
:106F800003D00121494200F02FF97F21E279EB0182
:106F90001140E0681943E171002801D000F004F9C4
:106FA0002069002801D000F0FFF8012070BDC04624
:106FB00001230121084A1360084A1360084A0800A7
:106FC00013689843FBD1074A116080214900136878
:106FD0000B42FCD07047C04600E0004000F000408B
:106FE00008C0004000C004400323CAB230B50340CB
:106FF0000C00002A2CD00321002B24D1FF2121409A
:107000000B025B189C4619048C4400E00430644673
:107010000168204D4C404B198B436119A1430B4330
:107020001D490B42F2D00378002B05D09A4204D0C0
:1070300043780130002BF9D1002030BD9342FCD0C1
:1070400001300842DAD00378002BF7D10020F4E7B2
:10705000002B08D0032202E00130104203D0037855
:10706000002BF9D1E9E702680A4B0B49D318934387
:107070000B4206D14268074B0430D31893430B42AE
:10708000F8D00378002BD8D043780130002BFBD107
:10709000D3E7C046FFFEFEFE80808080024670B5CA
:1070A0000A4392072AD11E4DEE0104C808C9541B99
:1070B0009443344017D0D0B2D9B2401A21060143CC
:1070C00010D190B299B2401A210401430AD11002A2
:1070D0001902000A090A401A2102014302D1100EC6
:1070E000190E401A70BD9A42DFD010BA19BA884200
:1070F00001D9012070BD0020C04370BD02780B781B
:1071000001300131002A09D09A4207D102780B7868
:1071100001300131002A01D09A42EFD0D01A70BD5F
:1071200001010101030084469B070BD003000321EA
:1071300002E001330B4206D01A78002AF9D16246E8
:10714000981A7047030019680C4A0D488A188A4338
:1071500002420FD15968094A04338A188A4302420D
:1071600008D15968054A04338A188A430242F1D08B
:1071700000E001331A78002AFBD1E0E7FFFEFEFEB3
:1071800080808080F8B5C04601B40248844601BCC6
:10719000604700BF050C002001B40248844601BCD2
:1071A000604700BF0103002001B40248844601BCCF
:1071B000604700BF2502002001B40248844601BC9C
:1071C000604700BF110F002001B40248844601BC93
:1071D000604700BF110F002001B40248844601BC83
:1071E000604700BFC100002001B40248844601BCD2
:1071F000604700BF9901002001B40248844601BCE9
:10720000604700BFDD0B002001B40248844601BC8A
:10721000604700BF0101002001B40248844601BC60
:10722000604700BF910C002001B40248844601BCB5
:10723000604700BF2504002001B40248844601BC19
:10724000604700BF410C0020491B0010751B001057
:107250005D1D0010CD2B001019240010092B00100B
:10726000851C0010911B0010B11B0010C51B0010E5
:10727000CD0D0010CD1B00108D110010111B001042
:0C7280000D0A0010AD4D0010B10200100E
:1072900076302E302E3100006D792D7069636F2DA0
:1072A0006465766963650000646576696365206E70
:1072B000616D653A20272573272C206669726D77EA
:1072C0006172652076657273696F6E3A2025730A64
:1072D000000000006C65645F6F6E3A006C65645F6F
:1072E0006F66663A000000006C65645F626C696EF0
:1072F0006B3A000025660A0054656C656D65747212
:107300007920737461727465642E000054656C6535
:107310006D657472792073746F707065642E0000EF
:1073200076657273696F6E0067657420646576694F
:107330006365206E616D6520616E64206669726DA3
:10734000776172652076657273696F6E0000000068
:107350006F6E00007475726E73206C6564206F6EC2
:10736000000000006F6666007475726E73206C65B5
:1073700064206F6666000000626C696E6B0000003E
:107380007475726E73206C656420696E20626C691E
:107390006E6B207374617465000000006765745F34
:1073A0006164630067657420766F6C746167652043
:1073B00062792061646300006765745F74656D7055
:1073C000000000006765742074656D7065726174FB
:1073D000757265206279206164630000746D5F736B
:1073E00074617274000000007374617274206765C8
:1073F0007474696E672074656D700000746D5F73DE
:10740000746F700073746F702067657474696E6751
:107410002074656D7000000072656365697665644F
:1074200020737472696E673A20272573270A00005B
:10743000D09FD0BED0BBD183D187D0B5D0BDD0B086
:1074400020D0BAD0BED0BCD0B0D0BDD0B4D0B03A2D
:1074500020272573270A0000D090D180D0B3D18394
:10746000D0BCD0B5D0BDD182D18B3A20272573278F
:107470000A00000025640000D09ED188D0B8D0B1A9
:10748000D0BAD0B03A20D0BDD0B5D0B8D0B7D0B2F5
:10749000D0B5D181D182D0BDD0B0D18F20D0BAD0DB
:1074A000BED0BCD0B0D0BDD0B4D0B020272573277B
:1074B0000A00000025662025660A00000A2A2A2AFA
:1074C0002050414E4943202A2A2A0A004E6F207339
:1074D00070696E6C6F636B73206172652061766199
:1074E000696C61626C6500004E6F20757365722077
:1074F000495251732061726520617661696C6162E5
:107500006C650000486172647761726520616C612E
:10751000726D20256420616C726561647920636CF2
:1075200061696D6564000000486172642061737375
:107530006572740052656C6561736500626F6F748B
:10754000325F77323571303830000000322E322E03
:10755000300000007069636F0000000030325F632C
:107560006F6E74726F6C00004D6172203237203282
:1075700030323600666E692B00000000666E6900CE
:107580006E616E00666E692D00000000555342204A
:10759000737464696E202F207374646F75740000B7
:1075A0005261737062657272792050690000000048
:1075B0005069636F00000000426F617264204344B1
:1075C000430000005265736574000000556E6861E9
:1075D0006E646C65642049525120307825780A0029
:1075E000657020253032582077617320616C726598
:1075F00061647920617661696C61626C650000008C
:1076000043616E277420636F6E74696E75652078B0
:10761000666572206F6E20696E616374697665209D
:10762000657020253032580006005250D3F0754264
:107630003475001006005250E182887F3C750010BE
:1076400006005250ABB360534C7500100600525008
:10765000BBFF3CB65475001006005250861C030256
:107660005C750010060052505422A29D68750010EF
:1076700005005250DE65F468FC8A001038390010AD
:10768000F0380010F038001030390010F0380010D9
:10769000F0380010F0380010F0380010F03800100A
:1076A000F0380010F038001028390010F0380010C1
:1076B00022390010F0380010F03800101A3900108C
:1076C0002C3B00104A390010203B00104A390010B2
:1076D0000E3B00104A3900104A3900104A39001098
:1076E0004A3900104A3900104A3900104A3900104E
:1076F000403900104A3900104A3900104A39001048
:107700004A3900104A39001040390010C03B0010BF
:10771000AE380010AE380010AE380010AE38001091
:10772000AE380010AE380010AE380010AE38001081
:10773000AE380010AE380010AE380010AE38001071
:10774000AE380010AE380010AE380010AE38001061
:10775000AE380010AE380010AE380010AE38001051
:10776000AE380010AE380010AE380010AE38001041
:10777000AE380010AE380010AE380010AE38001031
:10778000AE380010AE380010AE3800103C3B001090
:10779000783B00103C3B0010AE380010AE380010B3
:1077A000AE380010AE380010AE380010AE38001001
:1077B000AE380010AE380010AE380010AE380010F1
:1077C000AE380010AE380010AE380010AE380010E1
:1077D000AE380010AE380010583D0010AE38001022
:1077E000AE380010AE380010AE380010AE380010C1
:1077F000AE380010AE380010AE380010AE380010B1
:10780000583D0010D03B0010583D00103C3B00108C
:10781000783B00103C3B0010000000000000F03FEF
:10782000000000000000244000000000000059405B
:107830000000000000408F40000000000088C340AE
:1078400000000000006AF8400000000080842E4123
:1078500000000000D01263410000000084D797416F
:107860000000000065CDCD410D0A000000000000C1
:10787000254800100000000029480010354800107D
:10788000614800105D480010000000000A00000080
:1078900000000306A6000800020002009C0014007D
:1078A000030057494E5553420000000000000000FD
:1078B00000008000040001002800440065007600FC
:1078C00069006300650049006E0074006500720085
:1078D00066006100630065004700550049004400F0
:1078E00000004E007B006200630037003300390067
:1078F0003800630031002D0037003300630064005E
:107900002D0034006300620037002D00390038007C
:10791000620038002D00390031003300610038006A
:1079200066006300610037006200660036007D007B
:1079300000000000050F2100011C100500DF60DDC4
:10794000D88945C74C9CD2659D9E648A9F000003E0
:1079500006A60001000000000600525053B4F4A136
:107960008C75001000000000A0750010B0750010AC
:1079700050200020B8750010C47500100902540092
:10798000030100807D080B000202020000090400D0
:107990000001020200040524002001052401000169
:1079A00004240206052406000107058103080010CF
:1079B00009040100020A000000070502024000005D
:1079C000070582024000000904020000FF000105D3
:1079D00012011002EF0201408A2E0A00000101028A
:1079E0000301000046540010AC550010FC55001077
:1079F000845500109655001074550010E654001080
:107A00009254001086540010665900104C59001012
:107A10001A570010865900101A57001034590010D8
:107A2000205900101A5700100C590010145800105B
:107A30001A570010F25B0010E45B0010D85B0010D6
:107A40001A5700101A570010C25B0010E45B0010B8
:107A50001A5700101A5700101A5700101A57001022
:107A60001A5700101A5700101A5700107A5B0010AE
:107A70005C0D00205C0D0020A60D0020C60D00202E
:107A80000C0E00201E0E0020540D002000000000EF
:107A900075610010E5610010156200105D62001054
:107AA00005630010F56300100000000000000000F6
:107AB000ED64001049650010656500108D650010CB
:0C7AC000BD48001091660010000000009E
:107ACC002876001034760010407600104C760010AA
:107ADC0058760010647600107076001058790010FB
:107AEC0003000068EFF3108C72B60268002AFCD019
:107AFC00BFF35F8F04229A56002A0BDB002900D0BB
:107B0C000A6000201B68BFF35F8F00221A608CF3A1
:107B1C0010887047D0221206126801201A71F1E702
:107B2C00F0B5C646160000B504001F000268EFF35E
:107B3C00108172B61368002BFCD0BFF35F8F042347
:107B4C00E3562268002B2BDBBFF35F8F0020106005
:107B5C0081F31088D02212061278002552B290467A
:107B6C009A420ED1002080BCB846F0BDBFF35F8FA7
:107B7C00156081F310883000390000F0EDFE00280C
:107B8C00F0D12268EFF3108172B61368002BFCD091
:107B9C00BFF35F8F237922687F2BE7D9434602E03E
:107BAC00D0231B061B682371BFF35F8F0023136068
:107BBC0081F310880120D6E7F0B5C64600B50F005A
:107BCC00040000F0D1FEFA220E000500002338005C
:107BDC000021920000F0B8FE4019714106000F1E02
:107BEC0002DA0126164F7642D0231B061B680025AD
:107BFC0098460AE0BFF35F8F156081F31088300060
:107C0C00390000F0A9FE002818D12268EFF310818A
:107C1C0072B61368002BFCD0BFF35F8F23792268F8
:107C2C007F2BE7D943462371BFF35F8F002313608B
:107C3C0081F31088012080BCB846F0BD0020FAE723
:107C4C00FFFFFF7F0268EFF3108172B61368002B01
:107C5C00FCD0BFF35F8FFF2303710368BFF35F8F0B
:107C6C0000221A6081F3108840BF7047084B9C4675
:107C7C001B78002B0BD18023064807495B051A683B
:107C8C00C25004338B42FAD1012362461370704701
:107C9C006C200020041A00100001001010B5014BDC
:107CAC00984710BD051A0020064B5A6802609A6866
:107CBC004260DA6882601A69C2605A6902619B6923
:107CCC0043617047000002400268064B5A604268EC
:107CDC009A608268DA60C2681A6102695A61426904
:107CEC009A61704700000240034B1A68C0239B0046
:107CFC009343024A136070470C8001400C90014082
:107D0C00054B1A6880239B005340C02292001340FD
:107D1C00024A13607047C0460C8001400C90014031
:107D2C00F0B5D6464F4646460023C0B5182786B058
:107D3C001E0081460D00988A3F493B8814009847E5
:107D4C003B8880463D49B08A984700233C49060051
:107D5C00988A3B8898478246FFF788FF6846FFF76A
:107D6C00A3FFC047B047FFF7CBFF211E1CD0082351
:107D7C00C0209C464005163F6246836A1A401F424B
:107D8C0034D0631A002926D1002A0BD1002C0BD039
:107D9C00C023082202265B059B6A1A401E423DD076
:107DAC00002AF5D0002C2BD1FFF79EFFD047FFF710
:107DBC0075FF6846FFF788FF06B0E0BCBA46B146CF
:107DCC00A846F0BD002C2BD1C0225205966A082281
:107DDC003240B6072BD50D2B19D9002AF2D1C0226F
:107DEC005205966A08223240B607F4D4002A04D110
:107DFC000B002343002BBFD1D6E70B00002CF9D08E
:107E0C00036E013C2B70230001350B43F2E74B460C
:107E1C001B780139036601239944E7E70021E5E764
:107E2C00C0235B051B6E013C2B700135A4E70B00D6
:107E3C00A242DFD1DCE7C0464946000045580000AD
:107E4C00464300000022154B10B59A60DA601A61A7
:107E5C005A619A61DA611A625A629A62DA621A6338
:107E6C005A639A63DA631A645A649A64DA641A6518
:107E7C005A659A65DA651A665A669A66DA661A67F8
:107E8C005A679A67DA67F03292000021044800F0D2
:107E9C008BFD044B044A1A6010BDC0460000105004
:107EAC00381C00200020002080011050F0B54746FF
:107EBC00CE4680B51C4B00249F6D012685B0002F4B
:107ECC001BD01A4B98461A4B994604E00134E4B285
:107EDC007600202C11D03E42F8D043469E650123FB
:107EEC0065086D00A343ED186D014D44280000F0AA
:107EFC0013FC002806D1B743E8D105B0C0BCB94685
:107F0C00B046F0BDEB8AE0210393002301A8AA78C8
:107F1C00C900018001210271437100F01DFC280091
:107F2C0000F098FBE7E7C0460000115000301150FC
:107F3C00F81B00209823C64AF0B5D55880232E0094
:107F4C009B02102485B01E401D4274D0C14BC24C04
:107F5C009A6AC24B00261A603B23E35C022B00D1C9
:107F6C004BE17B23E35C022B00D1EFE0BB23E35C12
:107F7C00022B00D1F6E0FB23E35C022B00D1FDE0E9
:107F8C003C23FF33E35C022B00D129E17C23FF333C
:107F9C00E35C022B00D10AE1BC23FF33E35C022B30
:107FAC0000D13BE1FC23FF33E35C022B00D1F1E079
:107FBC00AB4BE35C022B00D170E1AA4BE35C022BD0
:107FCC0000D101E1A84BE35C022B00D171E1A74B7E
:107FDC00E35C022B00D12EE1A54BE35C022B00D11C
:107FEC009CE1A44BE35C022B00D16DE1A24BE35C62
:107FFC00022B00D19DE1A14BE35C022B00D17BE174
:10800C00002E08D19E4B1B78002B04D180219D4A59
:10801C0090338902D150C02269468D4B92009B6CE3
:10802C0080265B058A805B0D012101A8029300F07C
:10803C0093FB954CB602EB0600D57BE080235B02EC
:10804C001D422FD00224844F1E43BB7E002B14D024
:10805C0000F092FC012800D970E0C0220021380009
:10806C00920100F0FDFA380000F0F4FA00F084FC04
:10807C00012802D9834B5C661C660123FB702037F8
:10808C00012C20D1C0236A46DB0093807F4A02ABCF
:10809C0003CA03C3012101A800F05EFB8022794BC7
:1080AC0092021A6580235B011D420ED18023DB01F5
:1080BC001D4221D180231B021D422DD1AE4200D086
:1080CC00BEE105B0F0BD0124BFE700241E43604BA8
:1080DC001C60FFF7B7FE80236A465B009380147226
:1080EC00012101A800F038FB8022664B12031A65AF
:1080FC008023DB011D42DDD01E4380236A46DB005A
:10810C009380012101A800F027FB10225D4B1A651A
:10811C0080231B021D42D1D01E43A0236A46DB00E4
:10812C009380012101A800F017FB8022554B12010E
:10813C001A65C3E7FFF7BAFE26007FE7544B444AA3
:10814C001C66536E2340A342FBD186E77833E75C71
:10815C00002F00D10AE70233E25C002A00D00DE1C7
:10816C003E0003E7B833E75C002F00D103E702338E
:10817C00E25C002A00D0F9E03E00FCE6F833E75C54
:10818C00002F00D1FCE60233E25C002A00D041E172
:10819C003E00F5E6F933FF33E75C002F00D107E72B
:1081AC000233E25C002A00D02BE13E0000E7793379
:1081BC00FF33E75C002F00D1EEE60233E25C002ACD
:1081CC0000D015E13E00E7E6324BE75C002F00D112
:1081DC00F8E60233E25C002A00D001E13E00F1E651
:1081EC003933FF33E75C002F00D1CFE60233E25C7A
:1081FC00002A00D0EBE03E00C8E63833E65C002EE7
:10820C0000D1AEE60233E25C002A00D1A9E62000E0
:10821C0000222030E25400F04BFAA2E6B933FF33CF
:10822C00E75C002F00D1BDE60233E25C002A00D0EF
:10823C00C4E03E00B6E6184BE75C002F00D1CBE65D
:10824C000233E25C002A00D0B0E03E00C4E6C04637
:10825C000000115000400540F81B0020F01B0020CE
:10826C003B0200007B020000BB020000FB0200008E
:10827C003B0300007B030000BB030000FB0300007A
:10828C006920002000301150100002000000105036
:10829C00002011507A020000FA0200006B4BE75CE0
:1082AC00002F00D189E60233E25C002A76D13E0031
:1082BC0083E6674BE75C002F00D188E60233E25C73
:1082CC00002A63D13E0082E6624BE75C002F00D1AE
:1082DC008CE60233E25C002A00D0A3E05E4BE35C48
:1082EC00022B30D15D4BE35C002B27D15C4BE35C64
:1082FC00022B00D08FE63E005A4BE35C002B00D1E2
:10830C007EE6FF239B00E25C002A00D183E600227C
:10831C00E2541C3BE01800F0CBF97CE6524BE75CD6
:10832C00002F00D15DE60233E25C002A16D13E003C
:10833C0057E64A4BE35C002B00D15CE6EF239B0035
:10834C00E25C002A75D1464BE35C022B00D062E65E
:10835C00444BE35C002B00D15DE6D2E70022E254F3
:10836C001C3BE01800F0A4F93E003AE62000002285
:10837C00A030E2543E0000F09BF9FCE52000002206
:10838C006030E2543E0000F093F9EFE50022E25435
:10839C001C3BE01800F08CF93E0018E60022E25479
:1083AC001C3BE01800F084F93E0006E60022E25483
:1083BC001C3BE01800F07CF93E000DE6200000228A
:1083CC00A130FF30E2543E0000F072F9EAE52000E3
:1083DC0000222130FF30E2543E0000F069F9D5E56F
:1083EC000022E2541C3BE01800F062F93E00E9E583
:1083FC00200000226130FF30E2543E0000F058F9BA
:10840C00CAE520000022E130FF30E2543E0000F0CB
:10841C004FF9CDE520000022E030E2543E0000F0A0
:10842C0047F9ADE50022E2541C3BE01800F040F99E
:10843C0054E70022E2541C3BE01800F039F982E7C3
:10844C0031000A48694000F077FAC0463A02000051
:10845C00BA0200007A030000BB030000BA0300005C
:10846C00FB030000FA0300003A030000CC75001077
:10847C00F0B58C46838A018B020083B00E1C9942A6
:10848C0000D91E1CB6B29B1B9CB2D378802118005D
:10849C00451EA841C90031434003084301214B400C
:1084AC00D37053789482002B32D11169002E2AD0CC
:1084BC006346D4689B01E418731E0193062B32D9D2
:1084CC0023000B439B072ED1631A013B022B2AD9A5
:1084DC000023B708BF00CD58E5500433BB42FAD196
:1084EC009E420ED0019DE418EF1ACD18C95C217084
:1084FC000199994205D06B786370012F01D0AB784C
:10850C00A3701169948A802389191B021161184385
:10851C00002C02D18023DB0118436346002B00D0D2
:10852C00000403B0F0BD0023CD5CE55401339E4242
:10853C00FAD1E6E78368F0B51A68002900D0120C6E
:10854C0043789205950D002B09D1C38AEB18C38291
:10855C00038BAB4201D9002383822800F0BD046950
:10856C00002D28D0C36889016F1EBC465E18062FEB
:10857C0027D901315B18E31A022B22D9230033438C
:10858C009B071ED10023120E9200F158E1500433C8
:10859C009A42FAD195420DD063469F1AA318B45C47
:1085AC00B1181C70944505D04A785A70012F01D02F
:1085BC008A789A700469C38A6419EB18C3820461BF
:1085CC00C6E70022B35CA35401329542FAD1046988
:1085DC00F1E7C04610B50400836800211B68FFF763
:1085EC00A9FF63681B685B0002D5238B834200D014
:1085FC0010BD01212000FFF79DFFF9E7084B1A6C15
:10860C000023920703D48278D209012A01D01800E2
:10861C007047C37E023B5A425341DBB2F7E7C04678
:10862C000000115010B5FFF7E9FF00280AD0064BE7
:10863C00064A9B6A064912685B189B1A0020C622E0
:10864C009A42404110BDC04600400540F01B00203E
:10865C00E0FCFFFF00238376436103617047C04653
:10866C0010B58368002901D01C682140002A12D063
:10867C008024E400114322420DD01A6822420CD10E
:10868C00084A0A401A60084A126C920703D40C2359
:10869C00033BFDD28368196010BD8178034800F05C
:1086AC004BF9C046FFFBFFFF00001150E0750010B6
:1086BC00436870B50021802504001E68FFF7D8FEC2
:1086CC00124B6D011A6C0543A37892070ED55B060D
:1086DC000ED00F4B1E4080239B0533436268002154
:1086EC00136020002A00FFF7BBFF70BDDB09F0D040
:1086FC00A38A002BEDD001212000FFF7B9FEA023A7
:10870C00044ADB05324005431343E7E700001150F0
:10871C00FFFFFFAFFFFFFFDF70B5857E0400002D6C
:10872C0014D0FFF757FFA38A002B01D1280070BD8E
:10873C002000FFF777FF002803D0012300252377C3
:10874C00F4E72000FFF7B4FF0025EFE7817801483C
:10875C0000F0F2F800760010F0B54746CE4680B532
:10876C00437805000F0085B0062B07D8694A9B009B
:10877C00D3589F46684A137801331370674B1C68B3
:10878C006269EFF3108172B61368002BFCD0BFF353
:10879C005F8FA1612000290000F0FEF86269A369D7
:1087AC00BFF35F8F0021116083F31088002804D180
:1087BC0005B0C0BCB946B046F0BD3A00697828781F
:1087CC0000F0E2F8F4E70121554B1A788A431A704D
:1087DC001A7801318A431A7000225A701A780231C1
:1087EC008A431A70CAE74F494F4B88464F491E00BF
:1087FC001A7800240023894612E04B461B6861015D
:10880C005B18002B06D0DB69002B03D06968287835
:10881C00984732780134E4B2511C2300A14217DB93
:10882C00A242EAD89B1A5B014344ECE73C4B1A7812
:10883C00D207BDD504211A780A431A709EE7384B2B
:10884C001A78D207B4D504211A788A431A7095E79E
:10885C00334A1378904611005B0728D5137804220D
:10886C0001AC93430B7020000021083200F09CF8FF
:10887C002B78237005236370284B1B6818005A69EA
:10888C00EFF3108172B61368002BFCD0BFF35F8F2F
:10889C0006008161210000F07FF87269B369BFF3B3
:1088AC005F8F0021116083F3108800282CD1434680
:1088BC00DB78DB0700D47BE72B7801AC2370032338
:1088CC0063706B686360154B1D686A69EFF3108108
:1088DC0072B61368002BFCD0BFF35F8FA961280020
:1088EC00210000F059F86A69AB69BFF35F8F002172
:1088FC00116083F31088002800D159E73A006178A1
:10890C00207800F041F853E73A006178207800F0C5
:10891C003BF8CCE7707A00106A200020701600201B
:10892C00181600208C7A00106820002030150020CA
:10893C007047C0460000000001B40248844601BCE8
:10894C00604700BFB108001001B40248844601BC66
:10895C00604700BF792A001001B40248844601BC6C
:10896C00604700BF6915001001B40248844601BC81
:10897C00604700BF8D16001001B40248844601BC4C
:10898C00604700BFA508001001B40248844601BC32
:10899C00604700BFED52001001B40248844601BC90
:1089AC00604700BF1D6D001001B40248844601BC35
:1089BC00604700BFDD2B001020730010D5020010A3
:1089CC002873001050730010F10200105473001043
:1089DC0064730010050300106873001078730010A6
:1089EC0019030010807300109C7300102D030010ED
:1089FC00A4730010B873001049030010C473001066
:108A0C00DC73001065030010E8730010FC73001099
:108A1C007903001004740010000000000000000036
:108A2C000000000020A10700A0860100100000003B
:108A3C000000000000000100000000000000000029
:108A4C000000020000000000000000000000030015
:108A5C0000000000000000000000FF00000000000B
:108A6C0001B5486801318E46004770460938014906
:108A7C00884701BDE10C0010000000000000000060
:108A8C000000000000000000000000009811002011
:108A9C00503300004C3300005433000052330000BC
:108AAC004D5300004D43000053340000433400008C
:108ABC008D4A0010414A0010B54900102D49001094
:108ACC0000000000000100007416002010000C00D3
:108ADC00000000000000000000000000000000008A
:108AEC0000000000FF00000000000000000000007B
:04000005100001E9FD
:00000001FF
