:020000041000EA
:1000000000B5324B212058609868022188439860DF
:10001000D860186158612E4B002199600221596106
:100020000121F02299502B49196001219960352056
:1000300000F044F80222904214D00621196600F024
:1000400034F8196E01211966002018661A6600F04E
:100050002CF8196E196E196E052000F02FF8012189
:100060000842F9D1002199601B49196000215960AB
:100070001A491B48016001219960EB211966A021F2
:10008000196600F012F800219960164914480160C1
:100090000121996001BC002800D000471248134993
:1000A000086003C880F30888084703B5996A0420EC
:1000B0000142FBD001200142F8D103BD02B5186610
:1000C0001866FFF7F2FF186E186E02BD00000240BE
:1000D000000000180000070000035F00212200005C
:1000E000F4000018222000A00001001008ED00E03C
:1000F00000000000000000000000000074B24E7A12
:1001000000200420F7010010CB010010CD010010E9
:10011000C9010010C9010010C9010010C901001077
:10012000C9010010C9010010C9010010CF01001061
:10013000C9010010C9010010D1010010D301001045
:10014000C1010010C1010010C1010010C101001067
:10015000C1010010C1010010C1010010C101001057
:10016000C1010010C1010010C1010010C101001047
:10017000C1010010C1010010C1010010C101001037
:10018000C1010010C1010010C1010010C101001027
:10019000C1010010C1010010C1010010C101001017
:1001A000C1010010C1010010C1010010C101001007
:1001B000C1010010C1010010C1010010C1010010F7
:1001C000EFF30580103800BE00BE00BE00BE00BECA
:1001D00000BE00BEF2EB8871286201104862011077
:1001E0003802001090A31AE71E481F49086006C88D
:1001F00081F3088810471D480068002801D019487D
:10020000F3E70DA40ECC002902D000F012F8F9E7B4
:100210001749184A002000E001C19142FCD116495B
:100220008847164988471649884700BEFDE701C937
:1002300001C29A42FBD3704748620110C0000020FF
:100240007C1A0020047C011000000420000004201F
:10025000047C0110001004200010042000000000A5
:10026000704700000000000008ED00E0000000D032
:100270007C1A0020A82B0020B147001001070010B5
:1002800071470010F8B5C04606480749091A8B1097
:10029000C90FC91810B5491003D0044B002B00D06A
:1002A000984710BD7C1A00207C1A00200000000036
:1002B000054B10B5002B03D00449054800E000BFF2
:1002C000FFF7E2FF10BDC04600000000442B0020F5
:1002D00004D70010D02380221B06D200002801D0B2
:1002E0005A6170479A61FCE7D02380221B065200B6
:1002F000002801D05A6170479A61FCE7D023802220
:100300001B069200002801D05A6170479A61FCE7F1
:1003100010B501F0DFF910BD10B50A000100024868
:100320000DF09EF910BDC04600C0034010B502009C
:100330000B00024800210DF063F910BD00C003401E
:1003400010B5034A0349044804F078FC10BDC046C8
:1003500008D7001010D7001020D7001070B50A4839
:1003600004F0EAFB094C216800290BD0084D083441
:10037000226828000C3404F061FC2300083B196853
:100380000029F5D170BDC0464CD700109010002058
:1003900060D7001010B5034804F0CEFB012000F038
:1003A0006FFB10BD6CD7001010B5034804F0C4FB00
:1003B000002000F065FB10BD74D7001010B5034895
:1003C00004F0BAFB022000F05BFB10BD80D70010E8
:1003D000002300B583B00C4901AA019308F0CCF8C2
:1003E000002101280BD1FC20019BC000D90C5A0927
:1003F000C90202401B061143DB0E194389B20348B0
:1004000007F01AFA03B000BD08D90010182B00201D
:10041000002330B587B003930493059305AB009395
:100420001A4904AB03AA08F0A7F8022827DD1848E8
:100430000399038B428B8B4203D9049CA446A242AE
:1004400005D81900134804F0F9FB07B030BDFC25AE
:10045000059AED00D30C54092C40DB02120623430D
:10046000D20E134362469BB292B289B207F082F970
:10047000059B049A0399084804F0E0FBE5E7074868
:1004800004F05AFB064804F057FBDEE78CD7001057
:10049000182B0020F0D7001020D8001098D700109B
:1004A000D0D7001070B598B007AB029308AC06AB7C
:1004B00001931B49009405AB04AA08F05DF80528D8
:1004C00004D0184804F038FB18B070BD059A07989E
:1004D00096B2FC22069BD2009C464509C30C1540EF
:1004E000DB022B43C5081F2005402B4365469BB20A
:1004F00002936D09634615406246DB0CD208DB02AD
:100500002B43150005402B439BB204990193064BE6
:10051000320000930548230089B207F027FBD3E798
:100520004CD8001064D80010DCE30010182B002019
:10053000002300B583B0084901AA019308F01CF814
:100540000198002803D000F0A1FA03B000BD0348D1
:1005500004F0F2FAF9E7C04698D800109CD80010D1
:1005600000B583B0074901AA08F006F8012804D0B5
:10057000054804F0E1FA03B000BD019800F016FA56
:10058000F9E7C04608D90010B8D8001000B583B00C
:100590006A46084901AB07F0EFFF022804D006487D
:1005A00004F0CAFA03B000BD0199009800F008FAFF
:1005B000F8E7C046D8D80010E0D8001030B58BB0AE
:1005C00005AB029309AB019308AB0093134907AB4A
:1005D00006AA07F0D1FF052804D0114804F0ACFAB0
:1005E0000BB030BDFC25089A059B92B29446D80CFE
:1005F0005C09ED002C40C0021B062043DB0E1843B3
:10060000099B079A069980B29BB201900093054816
:10061000634692B289B207F0CFF8E1E7FCD8001048
:100620000CD90010182B002030B58BB005AB02930D
:1006300009AB019308AB0093134907AB06AA07F077
:100640009BFF052804D0114804F076FA0BB030BDAA
:10065000FC25089A059B92B29446D80C5C09ED00E3
:100660002C40C0021B062043DB0E1843099B079A4F
:10067000069980B29BB2019000930548634692B2FE
:1006800089B207F02DF9E1E7FCD800100CD9001071
:10069000182B002030B58BB005AB029309AB01934A
:1006A00008AB0093134907AB06AA07F065FF0528BE
:1006B00004D0114804F040FA0BB030BDFC25089A74
:1006C000059B92B29446D80C5C09ED002C40C00208
:1006D0001B062043DB0E1843099B079A069980B23C
:1006E0009BB2019000930548634692B289B207F02D
:1006F000AFF8E1E7FCD800100CD90010182B00204F
:10070000F0B58BB000F0BCF804F07CF9514800F073
:10071000E7F800F05FF95049504806F061FE01210A
:10072000042000F0BDF90121072000F0B9F90121F2
:10073000062000F0B5F9082000F0CAF90A2000F000
:10074000C7F9092000F0C4F9D0238021802080223D
:100750001B06C00049009200596258625A625861F3
:10076000996104A99A610A003D4BEF2731CB31C250
:1007700031CB31C23B4C3C25200006F069FF012102
:10078000200007F04BF90021200007F055F89620D3
:10079000400000F09FFFF8231B020A220A212000DC
:1007A00001930095642307F007F8FC23DB000A227D
:1007B0007821200001930095642306F0FDFF1F239C
:1007C0000A22E621200001930095313306F0F4FF60
:1007D0005023254D5A220A21200001950093DC3335
:1007E00007F036F84023214E002200212000009718
:1007F000FF33019607F074F84021009700271C4B47
:10080000002220000193FF31002307F069F80195D1
:10081000184D642214212000174B0297009507F011
:10082000A5F9742214212000144B0297019600951B
:1008300007F09CF900F0E4F800F028F80028F9D05F
:1008400000F06AF800F0DCF800F020F80028F7D19A
:10085000F0E7C04690100020A0ACB90300C00340F0
:100860000CDF0010182B0020FFFF0000E0FF00004D
:10087000FF070000DCE3001050D9001060D9001021
:100880000022014B1A607047AC26002010B50020F2
:1008900004F0BCF80400831C0DD004F003F90D4AE9
:1008A00013680D2C09D00A2C07D07E2B0FDC0A49C7
:1008B000CC5401331360002010BD0021064C1160A0
:1008C000E1540648210004F0B9F92000F4E70023C0
:1008D0001360F0E7AC2600202C26002020DB00105F
:1008E0000B4B18600B4B9C4600236246136000289C
:1008F0000CD00368002B09D001230C3002681900CA
:100900000C300133002AF9D1634619607047C046A4
:1009100018250020B0260020F0B5C646060000B518
:10092000002825D0202107F0D5FE00282CD0002358
:100930000370431C98463100154804F07FF9414686
:10094000144804F07BF9144B1F68002F13DD134B80
:1009500000251C6803E001350C34BD420BD030008B
:10096000216807F037FF0028F5D1404663689847B3
:1009700080BCB846F0BD6421094804F05FF931003D
:10098000084804F05BF9F3E7074B9846D3E7C04605
:1009900038DB001060DB0010B02600201825002096
:1009A0007CDB001080DB0010D4DB001010B50100F0
:1009B0000268024804F042F910BDC046BCDB0010DA
:1009C00010B502000160024804F038F910BDC046BD
:1009D000D8DB0010002200200021074B10B51A7050
:1009E000064B03C3193000F073F8D02380221B0696
:1009F00092045A6210BDC046A32B0020D01C0020D8
:100A000070B51B4B1B78012B2AD0022B07D0002B73
:100A100004D1D02380221B0692049A6170BD00F09D
:100A200069FF144B1D005B688B4203D3F6D12B6822
:100A30008342F3D200F05EFF0F4B1B685A0800237D
:100A400012184B41D02180200CC50C4A090613789E
:100A50008004002B0AD1886101214B401370DDE72F
:100A6000D02380221B0692045A61D7E74861F3E73E
:100A7000A32B0020D01C002044110020A62B002016
:100A8000014B18707047C046A32B002043011B1A6E
:100A90009B00024A1B18DB001360704744110020C2
:100AA00010B54024074A83009A181268C0005440C9
:100AB000C0222240044C1B191A60044BC01841602C
:100AC00010BDC04604C0014004D0014000400140B8
:100AD0000123D0228340120693629361084A830067
:100AE0009A1811684022514080320A400549C000DE
:100AF0005B181A60044BC018052343607047C0465A
:100B000004C0014004D00140004001408023DB05C7
:100B10001868000F7047C0460FB400B5084883B08E
:100B200004F00AF8049B002B07D005A918000191D6
:100B300003F0EAFD034803F0FFFF012003F0FCFD92
:100B4000FCDB001078DB001070B58C461600EFF36C
:100B5000108472B60F490B68002BFCD0BFF35F8F77
:100B60006346DB08C5180722C05C63461A400123B0
:100B700093401A000240034207D118432870BFF384
:100B80005F8F0A6084F3108870BD61463000FFF704
:100B9000C3FFC0462C0100D0F8B5CE4647468C4670
:100BA00080B51C00EFF3108872B61C490B68002B4F
:100BB000FCD0BFF35F8FA24221D80723994602E001
:100BC0000132944218D34946012611408E40D30881
:100BD000C718C35C1E42F3D1100033433B70BFF310
:100BE0005F8F00220D4B1A6088F3108800280EDBFF
:100BF000C0BCB946B046F8BD01204042EFE7BFF3A4
:100C00005F8F00230B6088F3108801204042634609
:100C1000002BEDD00898FFF77FFFC0462C0100D0D5
:100C2000044A1078431CDBB2172B00D91023137031
:100C30007047C0464811002000B5054B83B0010045
:100C4000009318221F230348FFF7A6FF03B000BD3F
:100C50000CDC0010242600200021044B044ABFF3C2
:100C60005F8F02C39342FAD17047C046000100D0A3
:100C7000800100D0084B094A1360094A1360094AF1
:100C80001360094A1360094A1360094A1360094A4C
:100C90001360094A136070478080808000E400E0A0
:100CA00004E400E008E400E00CE400E010E400E00C
:100CB00014E400E018E400E01CE400E01F23184006
:100CC0001E3B8340002905D0C021044A49005350EF
:100CD00013607047802201498B50FAE700E100E081
:100CE00001228240034B1B6813405A1E9341D8B225
:100CF0007047C04600E100E001238340014A1360D1
:100D00007047C04600E200E0054B10309B68800051
:100D1000C358044A00209B1A2F229A424041704730
:100D200000ED00E04C11002070B50D00EFF31086CF
:100D300072B60F4A1368002BFCD0BFF35F8F0D4BC8
:100D400010309B6884001B590B4A934203D09D428C
:100D500001D001F013F8074B9B681D51BFF35F8F63
:100D6000BFF35F8F0022024B1A6086F3108870BDBC
:100D7000240100D000ED00E0C1010010F0B5DE4616
:100D800057464E464546E0B5824683B08B4617002F
:100D9000EFF3108872B6604A1368002BFCD0BFF3E3
:100DA0005F8F00255D4B5D579946002D00DA9AE074
:100DB0004A466B005A4C5E19B6000193A319009382
:100DC0009B791370574B9A68534610339B00D15848
:100DD00099460B1B2F2B32D9534B994200D098E0E8
:100DE000019B0236ED18514BAD006353504BA619D1
:100DF000043B9B1B4F4A1B055B0D651913436B801E
:100E00004D4B0121AB80FF23AB715B46AB60009B78
:100E1000EF710B4319004A46424B9B689950BFF350
:100E20005F8FBFF35F8F00223B4B1A6088F31088FF
:100E300003B0F0BCBB46B246A946A046F0BD0120B7
:100E40000A008243D379B446BB422DD83B4BB51C34
:100E5000190013001B1B5B415943090D8C46334B92
:100E60006519A353324B0099043B5B1B1B05314DA5
:100E70005B0D2B4304364B80A619131F9B1B1B05D0
:100E80005B0D1D4363468B715B468B602C4B8D80E5
:100E9000CF7113600143BEE75800C01880002018CE
:100EA000C679BE4225D902000623D356002BF3DAB9
:100EB0009A46131D9C4623486346009E9571043E46
:100EC000F61A36051B4B760D1E43019B96805A1968
:100ED00053469200A418A3715B46194AA080226071
:100EE000E771A36097E700F049FF00254B465D5787
:100EF0005EE766469A46131D9C4690880436400578
:100F00000015A6196044801B00050A4E400D3043B1
:100F1000D2E700F033FF63E7240100D0A12B0020CB
:100F20004C11002000ED00E0C101001000A1FFFF06
:100F30007C11002000E0FFFF01BDFFFFAAAA000016
:100F40000148804701BD00000123034370B59C4662
:100F5000EFF30581EFF3108572B6214A1368002B79
:100F6000FCD0BFF35F8F1F4B04001F4AE41A64419B
:100F70006243120D1D4C8900A66852B27658664530
:100F80001CD00621595691421CD01221595691422B
:100F900022D01E215956914220D02A21595603248D
:100FA000914210D0124B19781A708171BFF35F8F84
:100FB00000220B4B1A6085F3108870BDA3680D4C9E
:100FC0005C50EFE700246100091989005B18FF21DC
:100FD000997109499980E5E70124F4E70224F2E7D1
:100FE000240100D04C110020AAAA000000ED00E06E
:100FF000A12B0020C101001001BDFFFF00B5074B70
:1010000083B001000093002205230548FFF7C4FDCB
:10101000002801DB1F23181A03B000BD28DC0010D4
:10102000A72B0020024BC918890001607047C046F9
:101030004000003470B5114C114DAC420FD2FF2668
:101040002368002B0CD0FFF7EBFD01002000FFF719
:10105000E9FFA680BFF35F8F0834AC42F0D370BDC8
:10106000FFF7DEFD01002000FFF7DCFF2671BFF374
:101070005F8F0834AC42E3D3F1E7C046741A002016
:101080007C1A002010B50400FFF7CAFD0100200003
:10109000FFF7C8FFFF232371BFF35F8F10BDC0466A
:1010A00010B504000120FFF7C7FD034BC0188000F6
:1010B0002060BFF35F8F10BD40000034034BC918A0
:1010C00089000160BFF35F8F7047C0464000003465
:1010D0000A4B1968EFF3108072B60A68002AFCD038
:1010E000BFF35F8F1B68BFF35F8F00221A6080F32E
:1010F000108840BF002000217047C046802B002090
:10110000F0B5DE4657464E464546E0B585B0EFF3AE
:10111000058303221A40B34B91005F58012393408B
:101120009B4602925A468846AF4B1A60AF4B0393D8
:101130005B46AF4843630823FE5E002E37DABB8868
:101140001BB2002B00DBA4E0BB79002B00D0E5E054
:101150000823F95E002920DB4B007A695B18DB006D
:10116000D3189D68DC686B1C00D104E1A048010025
:101170004144826A0B69AE1A9B1A9E4215D3012321
:10118000026A029883401A420FD0994800F0AAFBE5
:101190008C4202DCCCD18542CAD940BF05B0F0BC3C
:1011A000BB46B246A946A046F0BD0D61EDE77A699F
:1011B000730091469B19DB0099444B469C68DD689F
:1011C00000F090FB8D42BADC00D1F6E0002D00DA91
:1011D000DBE04A464B4652691B699246039A9342AA
:1011E00000D1CCE04A460821785E5288000451467E
:1011F00010439847009001910099019A0B00134306
:1012000000D1C2E013000A00002B00DBD9E020006F
:101210002900801A99414B469860D96000229B5E54
:10122000002B00DA8BE75D007C69EA18D200A21877
:1012300000949468D268A2468A4200DD7FE702D11A
:10124000844200D97BE70824A4463B81BC44009C2F
:1012500000972F006546B4463E0006E05E00F21897
:10126000D200A2189768D268BA468A4207DC00D139
:10127000B4E0F318DB00E518E35E002BEEDA664617
:101280004A46009F13802E80BB881BB2002B00DAD9
:101290005AE73A69EFF3108172B61368002BFCD05D
:1012A000BFF35F8F0123BE885B42BB8036B23B69D0
:1012B000BFF35F8F00221A6081F31088002E00DADE
:1012C00042E73B0008333A0099467D6973009B1959
:1012D0000824115FDB004846EB18002913DB9C68EB
:1012E0000093A446DC6806E0A34240D00023F95EE8
:1012F0003800002906DB4F007F18FF00EF19FB685C
:10130000A342F1DD009B068000201E5E1980002EA6
:10131000DCDA1700BB79002B00D119E70023BB7181
:101320000823F95E4B1C00D137E73D000835AC4679
:101330007C6903E084464B1C00D109E74B005B1835
:10134000DB00E0180A00E15E43881BB2002BF1DAF3
:1013500001256D42EE178560C66008257B5F9342CC
:10136000E9D0634619803B8903803A81E3E7BB6893
:101370006345BBD9C6E7631C00D0F7E605E75346D3
:1013800050461B699847002823D14B461B883A6971
:101390003B81EFF3108372B611680029FCD0BFF3D4
:1013A0005F8F49467A880A803A697E80BFF35F8FF3
:1013B0000021116083F31088C1E6844200D805E75C
:1013C000BDE60B4800F08EFA009B019CC0186141FD
:1013D00021E753460CCB009201930DE7824500D8DC
:1013E00047E74CE7642B00203C70054001110010DA
:1013F0000040054070B52D4C2569002D04D00A2110
:101400002B48FFF70FFE70BD2A4E0321294800F03C
:101410005FFAE660FFF704FC274B0322C018D023D5
:1014200022701B061B6801216370244B8000A3609F
:101430000F2320610220638063694942A1801980E3
:101440000231198647311D83585218315A5275326C
:101450005C3999521832013199521832013199523E
:10146000183201319952083518329D520231183222
:101470009952183201319952183201319952183269
:101480000131995218320131995218320131995271
:101490000B4B0C49DC6001303562FFF745FC012144
:1014A0000320FFF70BFC084B1D60A8E794110020F8
:1014B000802B00200040054040000034FFFF10005A
:1014C000642B00200111001038600540004870476F
:1014D00094110020F8B51F0008AB1B78040016001B
:1014E000002B07D100F006FA32003B00121A8B41A4
:1014F000002B51DB2269EFF3108C72B61368002BBE
:10150000FCD0BFF35F8F0223E15E256900293ADB3F
:101510004B0060695B18DB00C218C35A6380BFF3DD
:101520005F8F00232B608CF31088069B9660D7603A
:101530001361079B5361538801335B045B0C181CD8
:10154000002B1ED083B25080080418432569EFF3A6
:10155000108672B62B68002BFCD0BFF35F8FA38878
:101560001380A1802369BFF35F8F00221A6086F386
:101570001088237801329A400849E3685B181A60A2
:10158000F8BD0120DEE7BFF35F8F00232B608CF3F3
:10159000108801204042F3E70020F1E73C200000E2
:1015A00070B582B00092019301000269EFF31084DC
:1015B00072B61368002BFCD0BFF35F8F0223C85EA6
:1015C0000D6900283FDB4A69430016001B18DB0049
:1015D000D218F35A4B80BFF35F8F00232B6084F344
:1015E0001088069B1361079B5361009B019C9360CD
:1015F000D460538801335B045B0C1D1C002B20D08E
:10160000ACB20304558023430D69EFF3108C72B61E
:101610002C68002CFCD0BFF35F8F8C8814808880EE
:101620000A69BFF35F8F002010608CF310880A787E
:1016300001309040CA68084952181060180002B082
:1016400070BD0125DCE7BFF35F8F00232B6084F3BF
:101650001088013BF2E7C0463C20000010B54389EA
:101660000A1493421ADD53009B184269DB00D31819
:101670000469EFF3108C72B62268002AFCD0BFF325
:101680005F8F5A88090494B2090C8A4208D0036912
:10169000BFF35F8F00221A608CF31088002010BD0A
:1016A000094A22435A80012302698371BFF35F8F85
:1016B000002111608CF31088027804499340C268BD
:1016C000012052181360EAE70080FFFF3C20000071
:1016D00040787047F0B5C64600B582B0040000F00F
:1016E00009F9FA2206000F002000002300219200D1
:1016F00001F08AFB8019794104000D1E02DA0124F1
:101700002E4D644206267642F71736196F41AF42D6
:1017100014D811D000F0EEF832003B00121A8B41C1
:10172000002B15DC002B46D02000290000F022F908
:1017300002B080BCB846F0BDA642EBD90026002717
:1017400000F0D8F832003B00121A8B41002BE9DD83
:1017500000F0D0F832003B00121A8B41002B0ADB5C
:1017600000230193164B3200009316483B00FFF70D
:1017700017FF0130D8D000233900B0469C46124AEA
:101780001248536A994204D8966A4645CCD2994287
:10179000CAD10668EFF3108772B63368002BFCD00D
:1017A000BFF35F8F0368BFF35F8F66461E6087F3EA
:1017B000108820BFE5E7002AB6D0C9E7FFFFFF7F0A
:1017C000D11000109411002000400540802B002013
:1017D000F0B5CE46474680B504000D0085B0EFF366
:1017E00005868946002E10D0364900204B6AAB4250
:1017F00006D38A6A5B1B591E8B41A24240411843A3
:1018000005B0C0BCB946B046F0BD2F4FFB683A7872
:1018100098461800039200F065F8039A131D42469B
:101820009B009B5822001B1A9C462B00121A8B41CE
:101830009E4210DC0DD020BF224A0020536A4B4547
:10184000DED3926A5B1B591E8B41A2424041184372
:10185000D6E79445EFD900F04DF822002B00121A7C
:101860008B41002B1BDB00230193184B22000093BC
:1018700038002B00FFF794FE002810DD114B5A6A48
:101880004A451CD39B6AA34217D301003800FFF7D7
:10189000E5FE0C4A0020536A4B45B1D3D1E7094A13
:1018A0000020536A4B45ABD30020926A5B1BA242D7
:1018B00040415A1E93411843A2E74A45E5D120BF53
:1018C000E3E7C0460040054094110020D11000100D
:1018D00010B5024A0248FFF737F910BD44DC00108A
:1018E000282600200300416A0A00986A596A8A4241
:1018F000FAD17047034B596A0A00986A596A9142B3
:10190000FAD170470040054070B505000E00184A36
:10191000536A1900946A536A8B42FAD12000190065
:101920002C00350024184D41AB4216D813D0104B73
:101930002A005B6A9D4203D90D494B6A9342FCD34E
:10194000934207D10A4A02E0516A994202D1916A50
:10195000A142F9D370BDA042E9D9054B5B6A1C00D6
:101960005A1CEFD0012201246442E5175242E3E7FA
:1019700000400540064A536A9942FCD807D1044BFF
:1019800002E05A6A914202D19A6A9042F9D87047AD
:1019900000400540F8B5DE464E4645465746E0B5A0
:1019A00005008B4618000A99914600F03BFB0A9B04
:1019B0006C001E026419304BA400E4186368804672
:1019C0009E4200D966602F1FFBB29A46012B2FD989
:1019D000C0238022294FAD009B0179591201E318E1
:1019E0001A6000291BD14B4622685B015340E0225C
:1019F000134080225201A21813605346012B2FD9A5
:101A0000802380229B01E31812011A60434666601E
:101A10007B51F0BCBB46B246A946A046F8BD7869EA
:101A200000F000FB013043001B18033BFDD2DAE756
:101A30005B46012BCCD1C02303229B01E3181A6023
:101A4000023AA3681A42FCD04A46236852015A401F
:101A5000E023134080225201A218084F1360AD000A
:101A600058460323216841400B4013600122824005
:101A7000A3681A42FCD0C3E700800040B4260020CF
:101A8000F0B5D6464F464646440098462418324B99
:101A9000A400E41863688A469146C0B5FF2B02D8BB
:101AA00080235B006360061FF6B2012E2FD9C0238E
:101AB00080222A4F85009B0179591201E3181A6090
:101AC00000291BD14B4622685B015340E0221340A2
:101AD00080225201A2181360012E30D98023802267
:101AE0009B01E31812011A6080235B006360434688
:101AF0007B51E0BCBA46B146A846F0BD786900F01B
:101B000091FA013043001B18033BFDD2DAE753463C
:101B1000012BCCD1C02303229B01E3181A60023AA7
:101B2000A3681A42FCD04A46236852015A40E02377
:101B3000134080225201A218084F136085005046BE
:101B40000323216841400B40136001228240A368B7
:101B50001A42FCD0C2E7C04600800040B4260020F4
:101B6000014B8000C0587047B4260020F0B5C6462F
:101B7000040000B52348160098460D0000F052FA04
:101B80000100300000F04EFA4346069A1B0412038F
:101B900013439C4623680600002B22DB1A4B1B488C
:101BA000E218531E9A4180235242120B9B011203EA
:101BB000D218174B1A60174B1A60130001688B4339
:101BC000FBD12122144B2560E318A6601A6022681D
:101BD000002AFCDA6246E26008221A6080BCB8463D
:101BE000F0BD3F2322681340AB42D7D1A3681B0549
:101BF0001B0D8342D2D1EE22E368D202134063452B
:101C0000CCD1EBE7001BB7000040FDBF08C000408F
:101C100000E0004000F000400430000010B58024D7
:101C20001C4BE4051C6000281AD001231A4C1843F1
:101C30001A4BDC611A4C44401C6259629862802144
:101C4000144BC9051960174817490860E021C904F9
:101C50001960002A07D18022144B12061A6010BDA9
:101C60000E4BD861EBE753019B1A9B009A18802317
:101C700012015B049A4209D213000D490B60074B15
:101C80005A608022094BD2051A60E8E7094B1A0016
:101C9000F3E7C04600B00540D3C007B00080054060
:101CA0002D3FF84FFCFF01000820014000A0054037
:101CB0003C2B0020FFFFFF008023024A9B000B43C8
:101CC000D362704700800540002310B50100988A58
:101CD0001B8B984710BDC046162310B5010018880D
:101CE0005B88984710BDC046F8B54746CE4680B5DC
:101CF0000F1E18D014239946043304000025012632
:101D000098464B461888434621681B88984701C46B
:101D1000431E984101350640AF42F2D13000C0BCAD
:101D2000B946B046F8BD0126F8E7C046002370B5B5
:101D300004000D00988A05491B8B9847030000207A
:101D4000002C01DB0130A0402900984755420000DB
:101D5000AA23064A1B0113608D235B00D36004494C
:101D6000044B19605368002BFCDA704700400240B6
:101D700000B0FA00006002407047C04610B501484C
:101D8000FEF7CAFE68DC001070B5074D074EB5427D
:101D900009D20024013E761BB608013608CD013475
:101DA0009847B442FAD170BDC0D60010FCD60010DE
:101DB000054B064A06491A60064A074B1A6010008E
:101DC0000B689843FBD1704700E00040BFCDFBFE9D
:101DD00008C00040FE7F3C0000F00040044BDB6C7C
:101DE000002B03D18022034BD2021A607047C046F9
:101DF000000011504C201150044A054B1A60054A4E
:101E00001368DB018033FBD17047C046FFFFFF0141
:101E100000F0004008C000404022034B9A675A6718
:101E20001A67DA667047C04600F0014010B5FEF749
:101E300013FF10BD70B52849284D294E6D1AAC10FE
:101E40002200302C00D930223000920001F076F8C8
:101E5000BC2D3DD823002A3B224A052B1DD930201A
:101E600075196D07A446001BEB0F002D03DA611CEA
:101E70008C46A1007250C01AE3189B004108F31869
:101E8000C900C9181A605A6008339942FAD101236F
:101E900003421DD0984360440400A300F250631C29
:101EA0002F2C15D09B00F250A31C2E2C10D09B0081
:101EB000F250E31C2D2C0BD09B00F250231D2C2C38
:101EC00006D09B00F250631D2B2C01D09B00F250DA
:101ED000054B9E6070BDC04600010010C00100109F
:101EE00000000020C101001000ED00E0002310B54B
:101EF000294C82B0A367FFF72BFF0122274B1A6002
:101F0000636C012BFCD10322254B1A60224A936B90
:101F1000012BFCD1013300930121224A22480433D2
:101F2000FFF724FE052301210093204A2048FFF7F4
:101F30001DFE0022022104201E4BFFF7A1FD0022FE
:101F4000012105201C4BFFF79BFD002200210720EB
:101F50001A4BFFF795FD002200210820174BFFF7D1
:101F60008FFD8023DB000093002200210920134B0A
:101F7000FFF710FD0022104B00210620FFF780FD27
:101F80000420FFF7EDFD0E4900F04CF801000020A1
:101F9000FFF792FE02B010BD008000403CB0004050
:101FA00030B00040002F685900800240008C864706
:101FB00000C00240001BB70040597307006CDC02F0
:101FC00040420F0001480421014B1847B011002086
:101FD000E91C0010124A936F9B0815D29066D166D7
:101FE000002905D0FFE7FFE7FFE7516F106F70474B
:101FF00004B580210906C2175140002800D0C8430B
:102000000BF016FB002104BDF0B5146E556E576F32
:10201000166FFFF7E3FF1466556657671667F0BD46
:10202000000000D0114A936F9B0813D210665166CE
:10203000002905D0FFE7FFE7FFE7516F106F7047FA
:1020400004B5002801D00020C0430BF0F1FA0021B4
:1020500004BDC046F0B5146E556E576F166FFFF78E
:10206000E5FF1466556657671667F0BD000000D09F
:1020700094464A4A926F9208624601D228E0C046CE
:10208000F0B5464E346E756E776F366F00F020F8FF
:102090009446424A14665566576716676246F0BD15
:1020A00094463E4A926F9208624601D254E0C0467E
:1020B000F0B53A4E346E756E776F366F00F04CF8AF
:1020C0009446364A14665566576716676246F0BDF1
:1020D000002B24DB11D000293EDA00B5C943404271
:1020E00000D1013100F038F8C943404200D101313C
:1020F000DB43524200D1013300BD002AEBD100285E
:1021000001D1002905D00020C90FC90701D1C04362
:10211000410800B50BF084FA0022002300BD00B591
:1021200000290ADBDB43524200D1013300F014F8EE
:10213000C943404200D1013100BDC943404200D1F2
:102140000131DB43524200D1013300F005F8DB439B
:10215000524200D1013300BD002923D1002B18D1F8
:10216000002A0CD0BC460D4F38667A660021002349
:10217000FFE7FFE7FFE77A6F386F67467047002891
:1021800001D00748010000B50BF04AFA00220023F5
:1021900000BD02000B00002000217047000000D0AD
:1021A000FFFFFFFF002B00D0BFE0130C28D1002A57
:1021B000E7D080B4114F39667A66FFE7FFE730B4A5
:1021C000040C7B6F396F1B0423433B667A66FFE781
:1021D000FFE7FFE7C04684B27B6F3D6F1B042343DC
:1021E0003B667A66FFE7FFE7C04600232C042D0C10
:1021F0007A6F386F00196941B0BC7047000000D099
:10220000F0B594460025140E01D112020835140FC2
:1022100001D112010435940F01D192000235D40F7F
:1022200001D152000135D40B0134254F7C66254C79
:102230003C660E0C93B2FFE7FFE7FFE73C6F664397
:10224000360C7703BE467343DF0B5B04C01AB941FB
:10225000130C7343DB18C91ACE086643360CB64418
:1022600093B273431F0F1B01C01AB941130C734380
:102270001F0B1B05C01AB941860D8F023E436643F2
:10228000360C092D24DB520A7243801A7703460A62
:102290006643360C16235B1BDE40DF40BF196446E5
:1022A0006643821B7046043506330100D940A840BE
:1022B000C01900D30131A24206D20023F0BD0000B4
:1022C000000000D0FFFFFFFF121B0130F3D3F1E746
:1022D00009277F1BFE406446A2B27243801A00D2D7
:1022E0000139220C7243130C1204821A99410B001B
:1022F0007046043513370100F940A840801900D317
:102300000131002B02D1A2420AD2F0BD013000D32C
:102310000131121BFAD2013BF8D1A24200D2F0BD2A
:10232000013000D30131121BF7E7F0B51C0C00D0CF
:1023300080E00CB400251C0A04D11B02160E3343A6
:10234000120208351C0B04D11B01160F3343120176
:1023500004359C0B04D19B00960F33439200023549
:10236000DC0B02D192185B4101351C0097186441C7
:102370000134464F7C66464C3C660E0CFFE7FFE797
:10238000FFE7C0463C6F6643360C7703BE4697B204
:102390007743C01B00D20139C01B00D201399FB264
:1023A0007743C91BC91B170C77437E04FF0B801BA7
:1023B000B941CE086643360C0C2D33DBB644120B04
:1023C0001F053A431B0B97B27743C01B00D201395C
:1023D0009FB27743C91B170C77433E043F0C801B09
:1023E000B941860D8F023E43664329277F1BFE407D
:1023F0000C3D7746AF40BF1930BCA2B2ABB27243BE
:102400007343801A9941220C7243130C1204801AF0
:10241000994102000B000137001BA941F9D2781E37
:102420000021F0BD0C277F1BFE4077467F0BAF409D
:10243000FF19E0E700245D1C07D0144F7D66396664
:10244000FFE7FFE7FFE7FFE73C6F95B29EB265430A
:102450006643401BB141150C1E0C654366433604B0
:102460002F0C3E432D04401BB141994204D202007F
:102470000B0020000021F0BD01D19042F7D3801A5B
:10248000994101349942F2D3F6E70000000000D0F0
:10249000FFFFFFFF48404140484018B41B4B5B68BA
:1024A000FC46019308BD04DFD727001018B4174B72
:1024B0001B68FC46019308BD00DFE127001094462D
:1024C000134A926F920809D2624618B40F4BDB6828
:1024D000FC46019308BD0CDF992A00100C4AF0B5A8
:1024E000146E556E576F166F6246FFF7EEFF084A7F
:1024F0001466556657671667F0BD18B4034B9B68A2
:10250000FC46019308BD08DF3D290010D81C0020BF
:10251000000000D0FFB550404240504059404B4071
:10252000594000E0FFB5154F4C00640D03D0BC428C
:1025300004D10C0314D80020090D09055C00640DBA
:1025400003D0BC4204D11C030AD800221B0D1B057A
:1025500001264B4009D44B4003D58B4200D1824227
:10256000FFBD9942FCD19042FFBD0B43DB180343F2
:102570001343F5D0C9434918FFBD0000FF07000011
:1025800000B5FFF7CFFF01D0002000BD012000BD46
:1025900000B5FFF7C7FF804100BDC04600B5FFF79B
:1025A000C1FF01D9002000BD012000BD00B5FFF72B
:1025B000B1FF01D9002000BD012000BD00B5FFF72B
:1025C000A9FF804100BD012040054A00121804D82F
:1025D0005A00121801D800207047012070470000EF
:1025E0000021002805D17047C1174840401AFAD091
:1025F000C90713B5064B1B6898470CBC441CA24086
:102600001005120B0349091B09051943114310BD9D
:102610007C2B00201F04000010B54C00620D8023AD
:10262000D218DB00D21A5B057E2A10DD9E3A13DA3F
:10263000CC170903490819435242D14064000134C0
:102640001532202A05DAD0400843604310BD00202F
:1026500010BD0846604310BDC80FC018013810BD3A
:1026600018B4044B5B6AFC46019308BD24DF492C77
:1026700000100000D81C002018B4044BDB6DFC4691
:10268000019308BD5CDF552D00100000D81C002010
:10269000C94211D300B549004908002200F018F8DA
:1026A000002904D4002240428A41114600BD802105
:1026B0000906002000BD000018B4044BDB6EFC4688
:1026C000019308BD6CDF572C00100000D81C0020BF
:1026D00018B4044B9B6FFC46019308BD78DF732C44
:1026E00000100000D81C002018B4044BDB6FFC461F
:1026F000019308BD7CDFE12C00100000D81C0020F5
:10270000132370B51D78012D19D014DD1F48FFF774
:10271000E3FA06001E48FFF7DFFA1E4C8022310064
:10272000200000F00BFC022D2DD01B48FFF7CCFA47
:102730001A4B186070BD1A4B164CA364F5E7184B82
:10274000144C23606360A360E36023616361A36151
:10275000E36123626362A362E36223636363A3634F
:10276000E36323646364A364E36423656365A3652F
:10277000E36523666366A366E36623676367A3670F
:10278000E367A364D1E7064BA364CEE7534400009C
:1027900053460000D81C00204C3300007C2B002046
:1027A000A527001007B5604601880A0A0230DF2A13
:1027B000FAD1C9B2820804D30288408800041043C9
:1027C00000E00068014A5050039007BDD81C00206B
:1027D0000FB403BC0CBCF0B50124E407634000E077
:1027E000F0B50C0DCF0F661E3605891B640503D3AB
:1027F000C943404200D30131640D03D0661CF60A80
:1028000007D0E41B00207F00791C89078912803CD7
:1028100024031D0DDF0F6E1E36059B1B6D0503D3B4
:10282000DB43524200D301336D0D03D06E1CF60A18
:1028300007D0ED1B00227F007B1C9B079B12803D75
:102840002D032F1B661B58D4A446202E46DA2037B2
:102850001400BC401D00BD40F24033412A438018A3
:102860005941CB0F05D0C943C043002264425041B7
:10287000514162464D0D28D10D0D07D100281FD0C2
:10288000241940414941013A0D0DF9D0640006D3A5
:10289000013000D30131002C01D140084000013A41
:1028A0000BD4941CE40A04D112051144DB0719442B
:1028B000F0BDD907204B194300E0D9070020F0BD37
:1028C0000029DDD1002CDBD1F0BD0132C607400864
:1028D000CD0728434908002EE1D0D9E73C2E29DA5C
:1028E000203E40371400BC4000D00124F240144385
:1028F0001A00BB401C43D317ACE7AC46202F08DAC4
:1029000020360400B4400D00B540F840394128435A
:10291000A5E73C2F0CDA203F40360400B44000D03D
:102920000124F84004430800B1400C43C117EAE712
:1029300010001900002494E70000F07FF0B50C0DA2
:10294000661E3605891BE60A6405640D02D0651C07
:10295000ED0A04D0002001210905803C2403A4468F
:102960001C0D671E3F05DB1BE70A6405640D02D0E2
:10297000651CED0A04D0002201231B05803C2403C2
:102980007740644497B484B296B27443070C7E4394
:10299000150C6F4380B26843361802D3012000043F
:1029A0003F183004350C00197D41844688B29AB234
:1029B00050430C0C62431F0C7C438EB27E43921931
:1029C00002D301263604A4191604170C36186741E1
:1029D00001BC81B29AB25143040C62431B0C5C43AC
:1029E00080B25843121802D30120000424181004A6
:1029F000130C401863412D185E410020474106BC6E
:102A000088B293B258430C0C6343120C544389B2FE
:102A100051435B1802D301210904641819041A0CEC
:102A2000091862416D1856410020474118BCF9024F
:102A3000720D1143F0026A0D1043ED020A0D03D12D
:102A40006D1940414941013B124E9B1B7600B34238
:102A50000ED26D0007D30130002671416646354322
:102A600001D1400840001B05C918E4072144F0BD0E
:102A70000BDA013306D1013004D101314F0D01D001
:102A80004908F2E7E1070020F0BD013631050020DA
:102A9000EBE70000FF030000F0B51C0D671E3F05CB
:102AA000DB1BE70A6405640D02D0661CF60A04D03D
:102AB000002201231B05803C2403D0252D0600267F
:102AC000F6432E661E096E66CE0FF619B44649000F
:102AD0004F0D02D07E1CF60A03D000200021403F9B
:102AE0003F033E1BB600B444013F7F05C91B4908A4
:102AF0002E6F013676089C02950D25437543ED1324
:102B00007543AD1301356D10F603761B0CB4CC0282
:102B1000450D2C43A2B2B3B25A43270C7B43350C6C
:102B20006F43A4B26C431B1902D3012424043F1940
:102B30001C041D0CA4187D4124196D41009A91B20A
:102B4000ACB26143170C7C432B0C5F4392B25A43E7
:102B5000A41802D301221204BF182204230C521815
:102B60007B41019C6C431B19520ED9010A4344015D
:102B7000A01A81B2B2B2514303145A43360C7343C4
:102B800087B27743D617D21900277E4136049B19A6
:102B90001704160C7F185E417316ED18F30100261A
:102BA00080337541A90F06D16400690AE8055B0A04
:102BB000184309D22FE00422944480337541A90AB6
:102BC000A8059B0A184326D3404149412404009A92
:102BD000019B0D005543641B4343E41A95B286B232
:102BE0007543170C7E43030C5F4392B25A43B618E9
:102BF00002D301221204BF183204330C52197B4154
:102C000052429C41002C02D4002201305141400824
:102C1000CA071043490802B06246D7079210084B12
:102C2000D218084B9A4203D212058918C919F0BD6F
:102C30000020002A01DC3900F0BD01331905F5E759
:102C4000FD030000FE070000002200B5203200F066
:102C500010F8080000BD002200B500F00CF8CA17FB
:102C60009A4200D100BDD8430121C907414000BDAF
:102C700000220B150AD410B5944600F0A7F81414DE
:102C8000013400DA0021CB17144C2047002000212A
:102C900070476244343A0CD40C2A07DA040091409D
:102CA000904052422032D440214310BDD843D943F2
:102CB00010BD203207D40C469440524220321141BC
:102CC000D040204310BD0800C917203203D452421F
:102CD0002032104110BD1800190010BD932C0010B7
:102CE0004A00520D144BD21A13DDFF2A1EDAD20508
:102CF000CB0FDB071A43C300400F0903490A0843FF
:102D000010435B0001D301D0013070474308FBD270
:102D1000704702D0C80FC00770470A031213013270
:102D2000F8D1420F072AF5D1012200E0FF22C80F97
:102D300000028018C00570478003000000210A00CF
:102D4000002104E000210A00C11704E00022002352
:102D500006E0C0460022CB1758405940C01A99419E
:102D600030B5184CA21A002903D1010010D0002060
:102D7000203A4C1512D104D2013A001849414C0DA9
:102D8000FAD3114CA24204D212058918DB07C918E4
:102D900030BDD243520D00200021F5E703D4013AA3
:102DA00000184941FBD50B324405C00A4D052843A4
:102DB000C90A640003D0002460416141E1E7E0D327
:102DC0004408F8E732040000FE0700000A0DCC0FAB
:102DD000531E1B05C91A520503D3C943404200D3F1
:102DE0000131520D03D0531CDB0A07D0121B002007
:102DF0006400611C89078912803A1203014BD21AC0
:102E000070470000FF03000051434343C9188C463C
:102E1000110C83B24B4310B4040C614392B280B2E4
:102E2000504362431C041B0C001910BC594113048D
:102E3000120CC0185141614470470000132310B5B3
:102E40001C781348FEF748FF012C0BD004DD01006D
:102E50008022104800F072F80F48FEF735FF0F4B44
:102E6000186010BD0B4C01005422200000F066F8E1
:102E70000B4B6365A365E36523666366A366E36640
:102E800023676367A367E3672362E361E4E7C04600
:102E900053460000D81D00204C3300007C2B00203E
:102EA000A52E001007B5604601880A0A0230DF2A05
:102EB000FAD1C9B2820804D30288408800041043C2
:102EC00000E00068014A5050039007BDD81D002063
:102ED00010B5040004F0DCFE002804D0034B0419F4
:102EE0009C4200D810BD0248FDF716FE00000420E9
:102EF00074DC001010B50C0005F0A0F9002804D017
:102F0000034B04199C4200D810BD0248FDF704FE93
:102F10000000042074DC001010B504F0C3FE10BDE6
:102F200001480421014B1847C0110020E91C001082
:102F3000014B1B6818470000C0110020014B5B6863
:102F400018470000C01100209A4200D288547047F0
:102F50007047C046F8B5DE4657464E464546E0B592
:102F600099460D9B0700884693469B0728D00B9BEC
:102F7000002B3CD016000B9C0A9D3619321B013CDD
:102F80004B464146285DB847002CF7D135000D9BD4
:102F90009B070ED55B46EC1A0C9BA34209D91E0079
:102FA0002A004B46414620200134B8470135B4423F
:102FB000F6D32800F0BCBB46B246A946A046F8BDF1
:102FC0000B9B0C9A934214D213005D460C000B9A93
:102FD0009E1A76192A004B46013521002020B84759
:102FE000B542F7D10B9BA046002BC4D1E1E71500F9
:102FF000CDE75E46002BBED15D46DAE7F0B54F4621
:10300000D6464646C0B584B09C460EAB1F78129B90
:103010009146BA460D9C109E119D9B074CD4002DE5
:1030200041D1B44248D20123129F1F40B8460C9BA5
:103030005F1E302303E001343B55A64201D9202C0A
:10304000F9D14346002B00D187E00C9B5F1E302353
:10305000A54204D830E001343B55AC422CD0202CA2
:10306000F9D1129BDB060DD5129B5B0557D4A64206
:1030700067D0A54265D00F9B102B53D0022B5BD09D
:10308000202C36D12023129C01930C9B4A4600939E
:10309000039463460295FFF75DFF04B0E0BCBA46B7
:1030A000B146A846F0BD0123129A13409846012369
:1030B00013422DD1B442BAD3129BDB061ED5129B0C
:1030C0005B05D8D4002CD2D10F9B102B60D00F9B66
:1030D000022B71D0302301240C9A13705346002B1D
:1030E00011D1129B5B0740D52B260C9A631C1655F9
:1030F000C9E72300013430260C9AD654202CC1D0C5
:103100005346002BEDD02D260C9A631C1655BAE7BA
:10311000002F34D0013DB44200D288E795E70F9BE1
:10312000102BAFD1129B9B063CD5202CAAD0582344
:103130000C9A13550134A3E7202CA3D023000134AB
:1031400007E0631E012CBFD00F9A102A36D0022A46
:10315000D1D162260C9AD65492E7129BDB06CDD5CC
:10316000129B5B0500D482E785E7129A23001607BD
:1031700000D488E720260C9A0133165583E70C23E8
:1031800013405F1EBB41ED1AB44200D24FE75CE72B
:10319000129B9B060ED478230C9A022413703023C2
:1031A00053709BE7202C00D16CE778230C9A1355C1
:1031B000013465E75823EFE76033EDE70C9AA61E6C
:1031C000B618129A920602D55822327093E77822E6
:1031D000327090E710B5002800D110BD01F062FCFC
:1031E000FBE7C04610B5002803D04A680B68110001
:1031F000984710BDF0B54E46DE4657464546E0B509
:1032000095B083468946924698461E9A1F9B1000A9
:103210001900209EFFF7D7F9002800D0D2E11E98B0
:103220001F990122C44B5242FFF7B2F9002800D087
:1032300001E11E981F990122C04B5242FFF7BEF9CF
:10324000002800D0D6E01E981F990022BC4BFFF743
:10325000B5F9002800D0B5E01E981F990022B94B9F
:10326000FFF796F9002800D0ACE01E981F990022C5
:103270000023FFF78DF9002800D0D1E000230B9345
:10328000229B5B0500D406260024302306E006AA14
:10329000013417321355013E202C01D0092EF6D8E7
:1032A0001E981F99FFF7B8F9A74BF2009B180CCB9B
:1032B000050008920993FFF797F902000B001E988A
:1032C0001F99FFF7EAF8089A099BFFF716F906908D
:1032D0000791FFF7C5F90700FFF782F902000B001D
:1032E00006980799FFF7D9F80022984B06900791A6
:1032F000FFF764F9002800D1E9E001373800FFF753
:103300006FF902000B0008980999FFF747F90028A8
:1033100001D000270135002E00D1B7E0069513E05B
:10332000172306AA9B180A21380001341D19FEF73D
:1033300079FE3031297038000A21013EFEF772FE15
:10334000092F00D8E1E00700202CE9D1069D2024B8
:103350000CAB0693172706ABFF180DE028000A21D7
:10336000FEF738FE01343031280039550A21FEF7C6
:1033700031FE051E00D1B7E0202CEFD10323229AA5
:103380001340012B17D1219B002B14D00B9B002B3A
:1033900000D1E3E0219B013B2193202B0BD930236B
:1033A000219A06E006A9013417310B55944200D347
:1033B000A0E0202CF6D1229B01940393219B029341
:1033C000069B21E0229B52460493219B494603938E
:1033D00058461E9B1F9C029600930194434600F0A2
:1033E00043F90400200015B0F0BCBB46B246A94624
:1033F000A046F0BD229B5B070FD40322544B2299B9
:103400000192039121990291009352464346494605
:103410005846FFF79FFD0400E4E704224D4BEEE71A
:103420001E9A1F9B00200021FFF737F801231E90F2
:103430001F910B9324E70223229A54461A40229BA1
:1034400006929B0700D1ACE02600434D08942F1F45
:103450003200E87843464946013DD8470136BD422F
:10346000F6D1089C069B0434002BBBD05746219A0A
:10347000E31B9A42B6D91500220043464946202054
:103480000134D847E31BAB42F6D3ABE72800FFF784
:10349000ABF802000B001E981F99FEF7FEFF2B4BA6
:1034A000002206000F00FFF773F80CAB069300280C
:1034B00000D04FE7002230003900244BFFF77EF8A0
:1034C000002800D046E7012301359D4342E7002252
:1034D000069807991D4BFFF75BF8002800D01AE704
:1034E000002F59D1013716E70323229A1340012BED
:1034F00000D1A6E0202C00D15DE70B9B002B3AD039
:103500002D23069A1355013455E7069D202C00D132
:103510001DE73023361906E006AA01341732135589
:10352000202C00D113E7A642F6D12E230CAA013499
:10353000069293550EE7C046FFFFEFFFFFFFEF7FB8
:1035400065CDCD4165CDCDC118E100100000E03F53
:10355000CCDC0010C4DC0010D4DC00100C23229A58
:10356000134257D0219B013B2193A34200D916E778
:10357000202C00D11FE7229B5B0704D52B23069A42
:103580001355013417E7229B1B0700D413E72023B0
:10359000069A135501340EE7FB0700D4BBE601374A
:1035A000B9E6219B042B00D84EE755464F46043C14
:1035B000E4182A004346013539002020D847AC42A0
:1035C000F7D141E70227229B55461F409B0726D093
:1035D00006975F46234EEC1C2A00B07843464946C6
:1035E0000135B847013EAC42F6D1069F002F00D10D
:1035F000F8E65746219AE31B9A4200D8F2E61500F6
:1036000022004346494620200134D847E31BAB4201
:10361000F6D3E7E6219BA34200D9C0E6CBE6219B87
:10362000032BD5D9069754464F46033DED1822008B
:103630004346013439002020D847A542F7D1069FE0
:10364000C6E7219B002B00D154E70B9B002B85D0B4
:10365000219B013B21939C4200D2A0E6202C00D06C
:103660004EE7A8E6D0DC0010F0B54546DE465746EA
:103670004E46E0B59BB0249C259D824688469346E5
:10368000994622002B0020002900FEF79CFF00280D
:1036900000D0C1E00122200029007C4B5242FEF7FD
:1036A0008DFF002800D0B7E0012220002900784BD0
:1036B0005242FEF76DFF002800D0ADE0002200234B
:1036C00020002900FEF764FF002800D0BBE1089429
:1036D0000995089809998023289ADB001A400F92CF
:1036E0008022289E1201164032000E96289E0F005E
:1036F0000A901E4200D0A4E00B00034300D0CBE0B0
:10370000002A00D012E2320006332693022313402F
:103710000C930223134200D00AE2279B042B00D211
:1037200015E200270426043B0E930022002320000C
:103730002900FEF72DFF002800D0C8E1554B289A3C
:10374000134004930E9B0393269B0293089B099CB2
:103750000093019441464B465A465046FFF74AFDB6
:1037600002002020289B0025034059424B415B4228
:103770001840531C089341464B464530D047FB1731
:10378000FC185C40FB0F1F270A93731E0E930AABB5
:10379000FF1806E020000A21FEF744FC0400202D5B
:1037A00008D00A212000FEF73DFC01353031795563
:1037B000092CEFD8052306930E9B5646059300234C
:1037C00004930A3303930A9B4146029312AB00937E
:1037D00030004B46089A0195FFF710FC0C9B002B1C
:1037E00028D05F46279BC41BA34223D982461D00D5
:1037F0003A194B46414620200134B047A542F7D83C
:1038000050465946279C421A01320023944200D365
:1038100095E1013018180DE0289B00940195049360
:10382000279B0393269B02934B465A46414650469C
:10383000FFF7E0FC1BB0F0BCBB46B246A946A04671
:10384000F0BD01432AD10E9B3200002B00D15DE771
:103850000027269B0026BB4200DD82E100220023D8
:1038600020002900FEF794FE002800D04BE1289BA1
:10387000084A02961A408023DB0013430493279BD7
:103880000393089B099C00930194CDE7FFFFEF7F12
:10389000FFFFEFFFFFF7FFFF06232693B24B7800F1
:1038A000400DC018FEF7A0FEB04AB14BFEF725FE52
:1038B000B04AB14BFEF7FAFD3F03B04B3F0B3B4321
:1038C0000C900D9100220A981900AD4BFEF7E5FD12
:1038D000AC4AAD4BFEF711FE02000B000C980D999F
:1038E000FEF7E4FDFEF798FE0700FEF77DFEA74A0F
:1038F000A74B0A900B91FEF700FE0022A54BFEF7A6
:10390000D5FDFEF789FEA44A06000A980B99A34B41
:10391000FEF7F3FD0A900B913000FEF765FEA04A1A
:10392000A04BFEF7EAFD02000B000A980B99FEF788
:10393000B4FD02000B000A900B91FEF7DEFD0C9027
:103940000D910A980B9902000B00FEF7AFFD0022C3
:10395000109011910C980D99934BFEF7B0FD002239
:10396000924BFEF7A3FD02000B000C980D99FEF799
:10397000A6FD00228E4BFEF799FD02000B000C986D
:103980000D99FEF79CFD0A9A0B9B0C900D918021DE
:103990000020C905FEF781FD02000B000C980D996F
:1039A000FEF784FD02000B0010981199FEF787FDC9
:1039B0000022724BFEF77AFD7E4B0022F61833058B
:1039C000FEF79BFD02000B000A900B9108980999E5
:1039D000FEF7DEFD002808D00A980B990022734BF1
:1039E000FEF76DFD0A900B91013F0A990B9A0B00AF
:1039F00011003A006332C62A12D8022228980426FF
:103A000010400E9A0C90002A26D1279B042B05D932
:103A1000002800D0A1E0279B043B0E93042642E03F
:103A20000222289810400E9A0C90002A13D1279B4E
:103A3000052B00D889E0002800D084E0279B0526CC
:103A4000053B0E9332E080231B069C46AC44634644
:103A5000089409933DE605260B4300D1F9E6089842
:103A60000999554A554BFEF7A1FD002808D0089842
:103A700009990022524BFEF78BFD002800D0E8E6A2
:103A8000269B002B34D00F9B002B31D0269B013B73
:103A90002693279BB34204D90C9B002B59D00223B9
:103AA0000C9300230E93002F00D13EE60A9A0B9B45
:103AB00008980999FEF703FD002208900991002358
:103AC00020002900FEF764FD002800D136E6089C9E
:103AD000099D289A80203B4B000613402200049346
:103AE0000E9B0393269B02932B180092019331E6C1
:103AF000279BB342D5D90C9B002B2AD000230E93D1
:103B000002330C93CFE7289B2E4A8020089C099D06
:103B10001A408023DB00134322000493279B0006F6
:103B200003932B180092019302967DE6052695E6F5
:103B300000230E930233002704260C93F5E54B1E59
:103B40001B191B1A65E602230C930526AEE7042316
:103B5000E7E5279B9B1B0E93A5E7022304260C9306
:103B6000A1E7DB1B5E1E79E601FCFFFFFB799F509E
:103B70001344D33FB3C8608B288AC63F0000F03F90
:103B80000000F83F61436F63A787D23F71A37909B3
:103B90004F930A400000E03F1655B5BBB16B0240A1
:103BA000EF39FAFE422EE63F00002C400000244090
:103BB00000001840FF0300002D431CEBE2361A3FC3
:103BC00080842E41FFF7FFFFF0B55746DE464E4694
:103BD0004546E0B5A3B01F002C9B92460C93C94A02
:103BE000C94B8B460B901A60002900D1BFE100231E
:103BF00038789946002800D1C1E1C44B4C4609935E
:103C0000C34B0E935B460A9308E0220053460A9981
:103C10000B9DA84701343878002876D00137252835
:103C2000F3D110239B46083B9946043B9846033B3F
:103C3000002602259C463878791C0300203BDBB225
:103C4000102B03D8099A9B00D3589F460300303BA2
:103C5000092B36D900252A2800D1A7E000230D938F
:103C60002E283FD00300683BDBB2122B1BD80E9AE4
:103C70009B00D3589F4663460F001E43DBE70F00AF
:103C80002E43D8E743460F001E43D4E75B460F00A0
:103C90001E43D0E74B460F001E43CCE780237878C5
:103CA0005B001E4301310F00672845D82428ACD99A
:103CB0000300253BDBB2422BA7D896499B00CB588B
:103CC0009F460025AB005D196D002D1808780F0088
:103CD0000300303B303D0131092BF3D900230D9314
:103CE0002E28BFD13022802052429046C000064389
:103CF00078780B0080444246092A00D851E12A28EE
:103D000000D15EE10F000131ACE70A9BA1469B4662
:103D1000CA4503D801235B425344994653464A4659
:103D2000594600200B9DA847200023B0F0BCBB469D
:103D3000B246A946A046F0BD0300693BDBB20F2B9B
:103D400000D962E7012199408846734A11408B46A9
:103D5000110042460A4200D013E10A2B2FD0072B54
:103D600000D052E70C9D01CD002800D134E1212381
:103D70001E43B0461F260D9A12ABF618A146944674
:103D80005946340002E0000920290AD00F260640D7
:103D900032003732092E00D8073A013162540F2819
:103DA000F1D863464C468B460D9322E10C9B20CB09
:103DB000002D52DB78780C930F0001314EE70C9BFD
:103DC0000D9904CB90469B46002900D128E143463B
:103DD00018784144002801D100F029FC0D9A94463E
:103DE0000A0004E059780133002900D195E19A4294
:103DF000F8D163460D934346D31A0F93730500D44D
:103E00006CE10F9B0D9A934200D90F9202231A0086
:103E100032400C92334200D191E20C930D9BB94693
:103E20001E1943461B1BA84622001F000B9D08E0DD
:103E3000541C53460A99A847385D002800D163E115
:103E400022009642F4D145464F4634000C9B002B8D
:103E500000D097E15B460C93DDE6022278781643AA
:103E60000F006D420C930131F8E678786C2800D190
:103E700059E180235B001E43013114E780239B003E
:103E800078781E4301310EE77878682800D150E138
:103E9000802301311E4306E7672800D1C2E047288E
:103EA00000D134E1452800D134E107210C9B0D9A63
:103EB00007338B4319000496039502920CC90B98A3
:103EC000009201930C91220053460A99FFF7CCFB14
:103ED0000400A0E6462800D1A8E007210C9B0D9A1B
:103EE00007338B4319000496039502920CC90B9873
:103EF000009201930C91220053460A99FFF77AF938
:103F0000040088E6C93B0010382B002078DF001041
:103F1000BCDF001008E00010419000002200534672
:103F200025200A990B9DA847013474E60C9B0433A5
:103F30009B46631C9846B60700D4FFE00C9B22000A
:103F400018780A9953460B9EB0476419012D00D882
:103F500049E245460B9EB8460A9F2A005346013562
:103F600039002020B047A542F7D1474672E7DB4B26
:103F700038780B9300239946002800D03DE60024B2
:103F8000C6E66F2855D000D8BCE21023782800D1AF
:103F90009EE09E430A239C4600230F930A339B46D0
:103FA0004DE000218A005218520001331118187890
:103FB00030390200303A092AF4D90D911F00591CFA
:103FC00050E60C9BB87804CB0237D143C9170A409E
:103FD0000D920C93791C45E6102330009843113361
:103FE0001843802380463000DB0018401E4200D179
:103FF000C0E643460693082305930D9B22000493D5
:1040000010230393002302935B4601931AAB0093A2
:104010000A9953460B98FEF7F1FF0C950400FAE558
:104020000139D4E680231B011E433EE720231E43B3
:1040300053E708239C4600230F9308339B468023B5
:104040003000DB0018401E4200D11AE10D23310080
:10405000994380230A009B001A409146194200D0E0
:10406000C3E180230A005B001A4090460C9A043298
:104070000F92194200D08FE24B0600D597E10B0654
:1040800000D4E5E20C9B1B8899464B46002B00D0E0
:1040900005E210339943002800D100E2002398463E
:1040A0000D9B069104935B460393002305950293B1
:1040B0004346D9E0582808D0622878D102239C468C
:1040C00000230F9302339B46B9E720231E43103B86
:1040D0009C4600230F9310339B46B0E702231A003F
:1040E00032400C92334200D105E20C934346B9466C
:1040F0000B9E0A9FA8461D1B22005346390001341F
:10410000B047285D0028F7D145464F469EE68023FC
:104110001B011E4320231E43C7E662460D92424602
:104120009B1A0F936AE6C0239B00B8781E43F91CC4
:10413000B9E5C023B8781E43F91CB4E5012D00D8B9
:104140004AE1631E9946A9444B4652462600A146C1
:10415000BA461C001700A8460B9D32003B000136F2
:1041600020200A99A847A642F7D13B0057469A4615
:104170004C460C9B320018780A9953460B9D4444D8
:10418000A84767E6A0460F9B9D4200D862E62C191F
:104190000B9E4546B8460A9FE41A2A00534601354D
:1041A00039002020B047A542F7D1474652E6802388
:1041B0003200DB001A4090461E4200D1F3E011218C
:1041C0008E43B4469846802362469B001A4093462D
:1041D00062461A4259D180235B001A4091460C9ADC
:1041E00004320F9262461A4200D0A0E163465B0699
:1041F00000D5D4E063461B0600D412E20C9B0022DB
:104200009B5ED8171918414089B2DA0F0C92002B27
:1042100000D187E188461F2612ABBB461495F718DC
:1042200045464E46E046A14606E028000A21FDF735
:10423000F9FE0500202E08D00A212800FDF7F2FE25
:1042400001363031B955092DEFD84C46C446B14638
:104250005F46149D634606930D9B059504930A23C0
:1042600003930C9B02934B4601931AAB22000093DD
:104270000A9953460B98FEF7C1FE0F9B04000C935E
:10428000C9E40C2331009943E3E608220721914653
:104290000C9B07338B4399444A460ACB08000C9287
:1042A000DA0F9346184300D085E000239946434631
:1042B000002B2FD1002200231092119300231F26E0
:1042C000994612ABF6185B461495BB46E04637009C
:1042D0000F934E46A146109C119D05E0512F0010F2
:1042E00004000D00202E0CD00A22002320002900FB
:1042F000FDF7D6FE01363032BA55002DF0D1092C2B
:10430000EED80F9B109411955F464C46C446B146BB
:104310009B46149D634606930D9B059504930A23C3
:1043200003935B4602934B4601931AAB2200009322
:104330000A9953460B98FEF761FE04006BE40F9B4D
:104340009D4200D896E18023DB000C930F9B2E1931
:10435000F61A43460F930D9BA84699465346BA4614
:104360001F000B9D22003B00013420200A99A84722
:10437000B442F7D10F9B454698464B460D933B0000
:1043800057469A4643461878002800D162E56B1CD0
:104390000F930C9B002B00D1A8E600233DE50C9B5E
:1043A0001B78190031E710239E43B4460BE70C9BA2
:1043B0001B78994669E6DA17129213924A401092D6
:1043C000129813990A005A401192109A119B121ACE
:1043D0008B411092119371E70C9B220018780A9977
:1043E00053460B9CA047444634E5082207269046D6
:1043F0000C9B0733B343984442460C921A685B689F
:10440000149208931300089A134305D1103399436B
:1044100000239846002838D161208B0600D5412022
:1044200000231F2698465A4612ABF618030018922E
:104430000F9A0A3BB146169517941997444666465B
:1044400090469B46149F089D159103E007000D00C0
:10445000202C13D03200002338002900FDF720FE65
:104460005B46D2B2D318092A01D8130030334A462A
:1044700001341355A845E9D1BE42E7D9189BA0469F
:104480009B461599169D179C199F0D9B06910493A9
:104490005B460393002305950293434644E761205E
:1044A0008B0600D541201F2612ABF21803000A3BF1
:1044B0000C934B464646A146A8461C005D46149107
:1044C000BB46170002E00400202E0DD0290020007A
:1044D000FDF7A8FD0C9BCB18092901D80B00303340
:1044E0000136BB55AC42EED25F464C46AB46149902
:1044F0004546B046D4E50F9B9D4200D926E70133DF
:104500000F93F3E5102332009A439446692800D0B4
:10451000A2E080233200DB001A4090461E4200D108
:1045200051E64CE64346002B00D093E673E60C9B25
:104530001B68DA0F002B70D0D9175B184B409846D8
:104540001F2612ABF618A14614955C464546BB469D
:10455000E04637000C9206E028000A21FDF762FDD4
:104560000500202C08D00A212800FDF75BFD01344E
:1045700030313955092DEFD85F46C446A3464C4625
:10458000149D0C9A634606930D9B059504930A238C
:10459000029203935B4667E60C9B1B689846002BD0
:1045A00003D11033994300282DD161208B0600D50B
:1045B00041201F2612ABF61803000A3B4A460C9313
:1045C000149143463100A846A1465E461400BB46FE
:1045D0001D000F0002E00500202C0DD03100280046
:1045E000FDF720FD0C9BCB18092901D80B003033B7
:1045F00001343B55B542EED223005F464C4645465A
:10460000B346994614990D9B069104935B46039318
:104610000023059502934B4626E64346002BB1D175
:104620008EE70C9B1B68D81719184140EDE58023D5
:104630003200DB001A400F921E420FD002300200FF
:1046400032400F92304219D00023A0460F939AE5D2
:104650000C9B1B68994618E516009BE402231A0080
:1046600032400C92334200D08CE5002D00D06DE634
:10467000FFF7F0FB01330F93FFF7D0FB0C93F4E748
:104680000EB410B5012485B007AA08CA0100039230
:10469000009204486242FFF797FA05B010BC08BCCC
:1046A00003B01847492F001000B585B003910121D0
:1046B00002900093034813004A4202A9FFF784FACC
:1046C00005B000BDE53100100FB410B50C4984B041
:1046D00006AA08CA0C680392002C0BD00092012293
:1046E0000848524202A9A047012004B010BC08BCEF
:1046F00004B01847180000F01FFA0020F5E7C04684
:10470000382B0020D531001010B5094A0300146879
:1047100084B0002C08D0012200910648524203A91F
:10472000A047012004B010BD00F006FA0020F9E710
:10473000382B0020D531001000BEFDE7094A136870
:10474000002B06D008491818884208D810601800B5
:104750007047064B0449181813608842F6D90123A4
:104760005B42F4E71427002000000420A82B00205F
:1047700010B5FFF7E1FFC04610B584460C0082B0CB
:104780001900002A0AD0074B0192009362462300C9
:104790000548FFF799FF0120FFF7CEFF034B1A00F2
:1047A000F2E7C046DCDC0010ECDC0010D4DB0010CB
:1047B00070B5FDF7E9FA074D074EB54209D200245E
:1047C000013E761BB608013608CD01349847B44245
:1047D000FAD170BDFCD6001004D70010030010B54C
:1047E000080011001B68984710BDC046F8B5437D0E
:1047F00007000D001600002B38D0002A1ADD0B78B8
:104800000A2B18D00020012E09D0012421006B5C56
:1048100001340A2B1AD0B442F8D1864203DD311A92
:104820003B6828189847AD19013D2B780D3B5A423B
:1048300053413B75F8BD037D002BE3D102210E48A7
:104840003B689847012EEED00120DEE76B1E5B5CD3
:104850000D2BE0D0884203DA091A3B6828189847E4
:10486000054802213B6898472000D4E703681100FF
:1048700028009847DEE7C04668E10010F0B5C6465C
:104880000B6807000D0000B5802B06D05A1C2A606B
:10489000ED182F7180BCB846F0BD0F4B1C68002C82
:1048A00016D00B1D98460D4E02E02469002C0FD047
:1048B0002368002BF9D03368002B01D0A342F4D138
:1048C000200041462A68FFF791FF2469002CEFD1B0
:1048D00001220023DBE7C046042700201027002028
:1048E000F0B54646D6464F46C0B582B090461C004D
:1048F00006000D00FCF7FEFF00232F4A12184B4163
:10490000002B02DA01222D4B52422D4908008A4623
:1049100008F0B6FE81466B1C03D1300003F0A2FF05
:104920000500002C27D0274F274B1C68002C18D0DF
:104930004346002B21D1254B984602E02469002CE8
:104940000FD02368002BF9D043461B68002B01D001
:104950009C42F3D120002A003100B8472469002C82
:10496000EFD14B46002B23D1280002B0E0BCBA4661
:10497000B146A846F0BD164FD6E7144B984602E064
:104980002469002CEDD02368002BF9D043461B6826
:10499000002B01D0A342F3D12A0031002000B847F8
:1049A0006B460A222000DA71D91D093AB847E7E7B9
:1049B000504608F02DFED7E740420F00FFFFFF7F73
:1049C000741A0020ED470010042700201027002053
:1049D000DD4700100A4A1368002B05D10CE01A00CD
:1049E0001B691032002B07D08342F8D1002902D175
:1049F00018691060196170470029FCD01060FAE74F
:104A00000427002010B500F037FB10BDF0B5CE46EE
:104A10004746040080B583B0FCF76CFF26000027F2
:104A200036184F41002F02DA01261A4F76421A4BF0
:104A30001A4D994601AB98464B461C68002C03D191
:104A400016E02469002C13D02B68002B01D09C4267
:104A5000F7D1A368002BF4D00121404698470028E5
:104A6000EFDD4346187803B0C0BCB946B046F0BD90
:104A70000B4B5A6A974207D89B6AB34202D3022073
:104A80004042F0E79742FAD101200021FCF73CFFB9
:104A9000D2E7C046FFFFFF7F042700201027002039
:104AA00000400540F0B5CE46474680B583B06B4622
:104AB0000600DD1D2870FCF71DFF0023194A12189F
:104AC0004B41002B02DA0122174B524217490800D2
:104AD000894608F0D5FD164B80461C68002C14D082
:104AE000144F02E02469002C0FD02368002BF9D06A
:104AF0003B68002B01D09C42F4D120000122290008
:104B0000FFF774FE2469002CEFD14346002B05D13A
:104B1000300003B0C0BCB946B046F0BD484608F00E
:104B200077FDF5E740420F00FFFFFF7F741A00207A
:104B3000042700201027002070B5040003F092FE27
:104B400001230100050001222000FFF7C9FE084BE8
:104B50001C68002C06D06368002B05D09847246998
:104B6000002CF8D1280070BD2469002CF3D1F9E79E
:104B700004270020F0B5CE46474680B5A3B0040018
:104B80000E00FCF7B7FE0023264A12184B41002BFB
:104B900002DA0122244B5242244808F071FD00231E
:104BA0002200019380463300214801A9FFF77CFDD4
:104BB000204F019B81463C68002B19D0002C2FD040
:104BC0001D4E02E02469002C0FD02368002BF9D081
:104BD0003368002B01D0A342F4D12000019A02A92E
:104BE000FFF704FE2469002CEFD100233C680193F9
:104BF000002C06D06368002B0CD098472469002C49
:104C0000F8D14346002B07D1484623B0C0BCB94673
:104C1000B046F0BD2469EBE7044808F0F9FCF3E77F
:104C20000194EEE740420F00FFFFFF7F741A00205F
:104C30007D48001004270020102700200FB400B585
:104C400083B004A901C90191FFF794FF03B008BC28
:104C500004B018477047C0460022014B1A707047D5
:104C6000A22B00204B790020FF2B0BD18B79002B3E
:104C700008D1CB79012B05D1082A03D9024B8A78B8
:104C800009301A707047C046A22B002001207047DF
:104C900010B5012913D112495379107909781B02F3
:104CA00003430020994200D010BD5378012B08D057
:104CB000022BF9D1642200210020FCF7AFFF012074
:104CC000F2E7D37891781B021943480ADB0501D437
:104CD000012040427F238A05D20F1940FDF726F8B4
:104CE000A22B00200048704734E2001094460123B4
:104CF00010B501290AD152780023012A06D1624653
:104D00001179527912020A43072A01D0180010BD06
:104D1000A6336146024A01F063FA0300F6E7C04693
:104D20008CE1001001230370004870476CE1001013
:104D30004B780A781B0213438A7810B512041A4381
:104D4000CB781B0613439622D200934200D010BDAD
:104D50000022012011004042FCF7E8FF024B1860DE
:104D6000024B19607047C0461C26002020260020F8
:104D700010B5024B1878FBF7BFFF10BDA42B002025
:104D8000154B70B51A68002A22D0EFF3108172B665
:104D900010680028FCD0BFF35F8F00200F4A5960D5
:104DA00010701B68BFF35F8F186081F310880024B8
:104DB00000250B4E3078FBF793FF002804D1002428
:104DC00000252900200070BD3078FBF795FFF8E73B
:104DD000FA240025A400ECE75C2B0020A52B002082
:104DE000A42B002070B5050000200E0001F010FB80
:104DF000002834D0002001F021FB00282FD0FCF740
:104E000079FD0023174A12184B41002B16DB164C74
:104E1000200008F035FC002821D0002001F0F8FA2D
:104E200000280FD101200021404200F00FFD032592
:104E30006D42200008F0ECFB280070BD01220B4BF6
:104E40005242E4E7002001F0F9FA0028EAD02900F4
:104E50003200002001F0FCFA051EEAD1E7E7032545
:104E60006D42E9E740420F00842B0020FFFFFF7FE7
:104E700010B5FCF73FFD00230D4A12184B41002BE3
:104E800002DA01220B4B52420B4808F0F9FB0028D2
:104E90000CD001200021404200F0D8FC002001F09D
:104EA0001BFB0028F5D1044808F0B2FB10BDC0463A
:104EB00040420F00FFFFFF7F842B0020F8B5CE4655
:104EC000474680B505000C00FCF714FD0023344A6A
:104ED00012184B41002B02DA0122324B5242324966
:104EE0000800884608F0CCFB002803D1C0BCB946B6
:104EF000B046F8BD002001F08BFA002848D000260B
:104F0000002C41DD294B994613E0A919002001F03E
:104F10001FFB070001200021404200F097FC002009
:104F200001F0DAFAFCF7E6FC204BF61903C3B442B1
:104F30002ADD002001F02CFBA71B0200B84200DD97
:104F40003A00002AE1D101200021404200F07EFC1D
:104F5000002001F0C1FA002001F05AFA002813D015
:104F6000002001F015FB0028E1D1FCF7C3FC4B4603
:104F70000F000CCB002184460D4812184B419F4274
:104F800002D8D4D19445D2D9404608F041FBADE7D0
:104F900000200021054B03C3404608F039FBA5E77C
:104FA00040420F00FFFFFF7F842B0020C81C002021
:104FB00020A1070030B5002185B0284808F040FB4B
:104FC00000281CD1264B1A68002A16D0EFF3108156
:104FD00072B610680028FCD0BFF35F8F012421480F
:104FE000596002781B68D2B20470BFF35F8F002053
:104FF000186081F31088002A17D005B030BD012059
:105000000021404200F022FC002001F017FA0500C8
:10501000124808F0FDFA002DEFD0134B1B68002B4F
:10502000EBD0124A10689847E7E7FCF74FFA040004
:10503000FCF760FCFA220023920012184B41002B6F
:1050400002DA01220A4B5242012102910021019110
:10505000084920000091FCF73DFACEE7842B0020A0
:105060005C2B0020A52B00201C26002020260020E1
:10507000FFFFFF7F814D0010D02310B51B0684B0C9
:105080001C68FCF723FAFCF723FBA04202D00020A7
:1050900004B010BD284B002100201B7801F060FDFA
:1050A00026480368002B44D00120FBF7A7FFFF230D
:1050B000234C244920701840FBF736FE207801214C
:1050C000FBF7FCFD0520FBF71FFE002824D108227A
:1050D00000211D48FDF72CFFFCF7F8F90400FCF750
:1050E00009FCFA220023920012184B41002B02DA2D
:1050F0000122164B524201210291002101911449D3
:1051000020000091FCF7E6F90028C0DB11480121DE
:10511000FFF760FC0120BBE70120FBF78DFD0100DC
:105120000948FBF7CBFF002205200B49FBF726FEC1
:10513000ECE7FBF7A7FFB7E744620110842B0020E0
:10514000A42B0020B54F00105C2B0020FFFFFF7F39
:10515000814D0010D0110020714D001000487047A3
:10516000D0E20010004870477CE2001010B5040047
:1051700016480378002B20D0002C06D1144B15487C
:105180004380063BFF3B038010BD052C1CD8124B0F
:10519000A400E4580F480123811C013C04E00133C2
:1051A0000A800231142B0CD0E25C002AF7D1C02215
:1051B000DBB25B0092001343E5E7112100F016F823
:1051C000DAE7CA239B00DEE70020DDE78C2B002016
:1051D00009040000DC26002064E2001010B502483B
:1051E00000F0F4F810BDC046742B002030B5012942
:1051F00000D1BBE0744B01391A781211140030341D
:10520000092A00DDB5E00470012900D1DAE00F229F
:105210001C78224014003034092A00D9ACE04470D4
:10522000022900D1CEE05A7894461211140030348D
:10523000092A00DDA3E08470032900D1C2E064469E
:105240000F22224014003034092A00D99AE0C47099
:10525000042900D1B6E09A78944612111400303433
:10526000092A00DD91E00471052900D1AAE0644615
:105270000F22224014003034092A00D988E04471FA
:10528000062900D19EE03025AC46DC7822119444FA
:10529000092A00DD7FE062468271072900D191E092
:1052A0000F22224014003034092A00D977E0C4715B
:1052B000082900D186E03025AC461C79221194449F
:1052C000092A00DD6EE062460272092900D179E008
:1052D0000F22224014003034092A67D844720A2968
:1052E00000D16FE03025AC465C7922119444092A44
:1052F0005FDC624682720B2964D00F2222401400C8
:105300003034092A59D8C4720C295BD03025AC46F8
:105310009C7922119444092A02DD0735AC46944455
:10532000624602730D294DD00F2222401400303402
:10533000092A01D93732140044730E2942D0DA7990
:1053400013111C003034092B01DD37331C0084732A
:105350000F2937D00F2313401A003732092B01D8F9
:1053600030331A00C27310292CD010300023037080
:1053700030BD3732140046E7373214004FE737327A
:10538000140058E73732140061E7373214006AE737
:105390003732140073E70735AC4694447BE7373265
:1053A000140084E70735AC4694448CE73732140088
:1053B00094E70735AC4694449BE737321400C47237
:1053C0000C29A3D14018D1E7742B002010B588B068
:1053D00004000D2200216846FDF7AAFD0D220021E0
:1053E00004A8FDF7A5FD4B236A466846137004A97F
:1053F0000D2208F0FDF81521082220006944FDF770
:105400009DFD08B010BDC046F8B500F047F90C236B
:10541000194DFF22AB6705201849FBF7AFFC184C6C
:10542000402200212000FDF783FD402700230126B4
:105430002121144A66702783A260136063545F3190
:10544000618445396354104A10496360E2602787DC
:10545000A1620B606362E26208F00AF980239B0597
:105460002E64EB6490230A4A0120EA508022094B03
:105470005202DA64F8BDC046000011501505002044
:105480001827002084001050000110508000105098
:1054900010D001000020115010B501210520FBF7AC
:1054A0000DFC10BD10B500220021024800F016F9D5
:1054B00010BDC04638270020044B1970002904D0C5
:1054C00080219023024A8902D15070479E2B0020F0
:1054D000002011500B785B0600D070474B78052BED
:1054E000FBD18A78014B1A60F7E7C04600001150E3
:1054F000F8B5CE464746C87880B58007830F1800B8
:10550000012B61D08B780A799C464B797F211B0255
:1055100013435B055E0D63461940DC094B001A1905
:105520001F0063462F4D5201AA1893700123634058
:10553000537000231683D370D076B146CA00012C75
:1055400031D0294E92198E01B446AC446646B26001
:105550001360002931D0254BC900C91871604B4632
:105560003F339B09022836D09B0121483919026834
:10557000490169180E00CA601E49D31803608B42A6
:105580002BD83B195B01ED18EB7E1B499B064A406B
:1055900013438022120613436A6813600120C0BCC3
:1055A000B946B046F8BD154E92198E01B446AC44CA
:1055B0006646B2621360002908D1002364012C19E9
:1055C00063600F4BE360E9E70020E8E70A4BC9009E
:1055D000C9187162C3E7DB01C7E7FCF7CFFBF268CC
:1055E000CFE7C04618270020840010500400105058
:1055F000402B0020FF0F1050000010508000105072
:105600000001105010B508F033F810BD7F2010B520
:1056100008404000C90940181100044A40018018A0
:105620001A0000F05BF8012010BDC04618270020CA
:105630007F23180000B5084083B00B4204D14B42D1
:105640004B41084A013393668022C9094000064B4A
:10565000401840010021C018120108F021F803B0E1
:1056600000BDC04600201150182700207F221300E3
:1056700010B50B400A4200D110BDC9095B005B1890
:1056800004485B01C018002300220349C37008F0DE
:1056900007F8F1E718270020FFF7FFFF80220A4BE9
:1056A000520410B51A60094B09491A6010000B68C2
:1056B0009843FBD18022002152010648FDF738FCB7
:1056C0000922054B5A6710BD00E0004000F0004081
:1056D00008C000400000105000001150002310B519
:1056E000C3820133828283760161040007F078FF70
:1056F000002804D080219023074A8902D15020003D
:1057000007F0D6FF002802D00123237710BD200028
:1057100007F0BEFFFAE7C046002011507047C046B0
:105720007047C04600207047002070477047C04651
:105730007047C0467047C0467047C046024B587815
:10574000431E9841C0B2704730210020024B1878A8
:105750004007C00F7047C04630210020F0B5D64644
:105760004F464646C0B52E4B814698461B788A4622
:10577000FF2B4ED100293ED0002154222948FDF7AD
:10578000D7FB0022284C294B20001A70FBF77AFC2B
:10579000274B1C60274C2000143CFBF781FC2000A9
:1057A00001F0DAFD244B254D1C60254B002B04D065
:1057B0002800FFF7B7FA234B1860002400232A784B
:1057C000214F204E0FE0336862019B18002B12D04E
:1057D0005B68002B0FD098472A780134E4B2511C43
:1057E0002300A14209DBA242EDD89B1A5B01DB1921
:1057F0005B68002BEFD100200CE042464B4651463F
:1058000048461370FFF700FE0028F4D04846FFF723
:1058100043FE0120E0BCBA46B146A846F0BDC046F2
:105820000412002030210020282100209F2B00207E
:1058300084210020FC110020882100209D2B0020C5
:10584000254D0010482000208CE30010F0B5DE4606
:1058500057464E464546E0B5C64B91B002931B787D
:10586000FF2B00D13BE1C44BC44E1F00C44B0DAC19
:105870000193C44B009335686A69EFF3108172B6E7
:105880001368002BFCD0BFF35F8FA96128002100B3
:1058900001F098FB6A69AB69BFF35F8F002111606B
:1058A00083F31088002800D119E16378082BE2D82F
:1058B0009B00FB589F466368002BDCD0A06898478C
:1058C000D9E77F222179AE4D0A405300EB18984664
:1058D000C809804440460123303005799D43057155
:1058E000057903339D430571002A00D1FEE043464C
:1058F000A54A1B7D1278934200D3EDE0A34A5B01D9
:105900001568ED18002D00D1E9E0A36862792078D0
:10591000AD69A847AFE79E4B1A78002A00D1DEE0B8
:105920001A78013A1A701B78002BA4D10122944DE9
:1059300001212B78042013432B703423EA5C8A4323
:10594000EA54EA5C8243EA540133EA5C8A43EA544B
:10595000EA5C8243EA54237800209B4600F09AFCDC
:10596000602223791A40602A00D1EEE0402A00D15B
:10597000F4E0DB06DB0E012B00D111E1022B00D19C
:10598000C6E0002B00D0E0E0202A00D11CE2002A73
:1059900000D0DAE06379092B00D9D6E07D4A9B007C
:1059A000D3589F46764D2B78DB0700D463E7FFF78B
:1059B000C3FE60E7019BDB78DB0700D45BE7606830
:1059C000FFF7AEFE57E76E4D2B78DB0700D452E7AA
:1059D00028780007C00FFFF7ADFE4CE72378694930
:1059E00099468B46684B694998468A4639001A7829
:1059F00047460023B04600254E46894610E05346F0
:105A00001B686A019B18002B00D175E0DB68300031
:105A100098473A780135EDB2511C2B008D4243DC9A
:105A20009542ECD39B1A5B015B44EFE7237857491F
:105A30009946554B8A4698463100BB464E461A78E1
:105A400000250023474689460FE053461B686A013C
:105A50009B18002B54D0DB68300098473A7801350A
:105A6000EDB2511C2B008D4206DC9542EDD39B1A02
:105A7000009A5B01D318EEE7019D54220021280013
:105A8000FDF756FA1022FF214348FDF751FA28008E
:105A90002022FF2114304E465F46FDF749FA00F000
:105AA000EFFBFFF745FEE6E6354D542200212800C6
:105AB000FDF73EFA1022FF21281DFDF739FA2800D4
:105AC0002022FF21143046464F46FDF731FA00F000
:105AD000D7FB2379AB70CEE6501C984213DA11B095
:105AE000F0BCBB46B246A946A046F0BDA3686279A9
:105AF000207800F0E3FBBEE646464F46204DE6E741
:105B00004E465F46CBE71F4D9B1A5B015D19FCE6D5
:105B10007023217A0B4218D1C80982460F330B40FB
:105B20005B0098461848EB1853441B7D0078994653
:105B3000834268D215485B01006881469944002A77
:105B400000D163E14B46002B6AD120780021FFF79A
:105B50006FFD80212078FFF76BFD8CE60F4800F089
:105B600099FB012158460EAAFFF7C0F8002800D083
:105B700081E6EAE704120020E4E200108821002018
:105B8000302100208CE300109D2B002048200020B5
:105B90009F2B002008E3001034210020ED4C001062
:105BA000237A22890F2BD0D8FF231340CF4AEB183A
:105BB0001B791578AB423ED3691C9942C5DB5D1B4E
:105BC000CB4B6D01ED18686900F064FB012158466C
:105BD0006B690EAA9847002800D04CE66022150099
:105BE00023791D401A42B0D163790A3B012BACD80E
:105BF00000F050FB63790A2B00D199E158460EA9B9
:105C000000F0D8FA37E6431C4B4500DAF9E04B4682
:105C10001B1A5B019946B6488144002A00D1F5E081
:105C20004B46586900F036FB4B46012158465B69EC
:105C30000EAA98479AE7AF4A5B011568ED18002D48
:105C4000C1D182E7A37999466B789945D6D06B7814
:105C5000002B00D035E14B466B70002B00D12DE1BD
:105C600048460138C0B2FFF77DFA002800D17EE136
:105C700043780793022B00D079E10122C179B14624
:105C80008B11491113400A40302112015B0113436B
:105C90002A78A8468A4313432B7009239A468244E4
:105CA0005646BA46C37882781B021343C31805933D
:105CB0008E4B04938E4B08938E4B09938E4B0A9315
:105CC000059BB34200D855E1737801220B2B03D119
:105CD0003378F278F6187378042B00D044E1059BF2
:105CE00000279B1B9BB20693049B0B921D780023FD
:105CF00003931BE0099A7B011568ED18002D00D174
:105D000032E1310058462B69069A984784460828A4
:105D100003D9069A824200D313E1049B01371D7810
:105D2000FFB26B1C03979F4200DD1DE1BD42E1D82D
:105D3000039B5D1B089B6D015D19E2E76B780CAA64
:105D400002321370584601230EA900F049FA92E579
:105D5000E088030AC0B20F2B00D9F6E667499A0023
:105D60008A5897460EA800F09BFA5846A179FFF78B
:105D700099FB02222B7813432B707CE5E388012BDF
:105D800000D0E2E608222B78584693430EA92B70E8
:105D900000F010FA6FE5022029780CAB9A1C8B06F4
:105DA0008908DB0F01400B431380584602230EA9DC
:105DB00000F016FA5FE5E388012B00D0C5E6082263
:105DC0002B7813432B7019E7237A22890F2B00D9E4
:105DD000BBE6FF231340EB181D79444B1B789D4213
:105DE00028D2444B6D011B685D19002D00D1ACE633
:105DF000686900F04FFA012158466B690EAA98476E
:105E0000B4E6002A00D0A0E6002399466279022079
:105E1000130003928343012B15D0002A00D094E68F
:105E20002B004344534430331B790CAA9B07DB0FF0
:105E30000232B9E75A1CAA4200DA86E6ED1A2C4B68
:105E40006D01ED18D4E7E388002B12D1029B18787E
:105E5000039B012B23D0FFF7EBFB43460221EB18FA
:105E6000534430331A790A4301211A711A790A43CB
:105E70001A714B46002B00D1FDE4586900F00AFA74
:105E80004B4601215B690EAA58469847002000F056
:105E900001FA3523EB5CDB0700D5ECE4AEE6FFF757
:105EA000E5FB43460221EB18534430331A798A4309
:105EB0001A711A7903998A431A71DAE7FFF738FCE5
:105EC0009CE600215846FFF7F7FA5846FFF79AFB81
:105ED000AB7807490393054B049198461A78002341
:105EE0000449AA4605911D001BE0C0469D2B0020D9
:105EF0008CE30010482000204421002030E30010F3
:105F0000059B6A011B689B18002B4CD0DB68584628
:105F1000984743461A780135EDB2511C2B008D424B
:105F20002DDC9542ECD39B1A049A5B01D318EDE764
:105F30000CAB9A1C584601230EA9157000F050F9BD
:105F400099E40B9A012A4ED0002A3CD00023B07865
:105F500004E00133DBB20F71934234D2C118C9B2ED
:105F600041440D79FF2DF4D04E4645465746002357
:105F70006B70EAE54E465746FFF7D8FB3EE65546BE
:105F8000542200212800FCF7D3FF1022FF21281DF6
:105F9000FCF7CEFF28002022FF211430FCF7C8FFB9
:105FA000039BAB7057E65546FAE7FEF79BFE021ED1
:105FB00000D1CAE5D37891781B020B4358460EA94D
:105FC00000F00EF9D2E565463B002A0031000A9840
:105FD00000F06AFE049B039A1B7876190133934202
:105FE00000DB6DE6C0E7174B29699942AED1079AED
:105FF000ACE7FFF797FB021E00D1A6E558461378E1
:106000000EA900F0EDF8B1E52189FFF7AFF8021E07
:10601000F4D19AE5022B0FD0FFF786FB021EC9D1FF
:1060200093E5FFF79BF8021E00D18EE51223584638
:106030000EA900F0D5F899E5FFF794F8021EB9D142
:1060400083E5C0468D660010F0B54F464646D646FD
:10605000C0B50C0016001F0082B0002A3AD0702391
:1060600098461D4B002599461C4B9A461AE04B4614
:106070001B78200001935346997800F0DBFD00283F
:106080001CD021000198FFF733FA002816D0A3781E
:10609000DA09012A19D00A9A01351370B54219DAC2
:1060A0002378E4186378052B08D1E3789B079B0FCE
:1060B000BB4203D14246A3781A42D8D0002002B096
:1060C000E0BCBA46B146A846F0BD0B9A0135137044
:1060D000B542E5DB0120F2E7041200203021002068
:1060E000702270B58B780C001A4201D0002070BD70
:1060F000064B20001D78064B997800F09BFD002888
:10610000F4D021002800FFF7F3F9F0E70412002093
:10611000302100207F20074B10B51A680840CB09BA
:1061200034334000C018044B1100C01800F03EFD8D
:1061300010BDC04684210020302100207F20074B65
:1061400010B51A680840CB0934334000C018044B1E
:106150001100C01800F052FD10BDC046842100207F
:106160003021002070B57F24C80984460C400F48B8
:1061700064000419644430342079C00701D500203C
:1061800070BD0B4801250078844620792843207192
:106190006046FFF73BFA0028F2D1012223799343AE
:1061A00023712379033293432371E8E730210020E0
:1061B0000412002070B5094C0600082220000D00D2
:1061C000FCF7BCFE00238021E360A3602B78300045
:1061D000994300220023FFF7C5FF70BD1021002066
:1061E000F0B5C646244C170080460822200000B5B2
:1061F0000D001E00FCF7A2FE0023A760E381EB79EF
:10620000AA791B0213431A1CB34200D9321C96B25E
:10621000A281002B0CD0002E15D0002F2AD0402EAA
:106220001AD8237896B27F2B1BD80021134A0EE090
:1062300080212B780022994340460023FFF792FFEC
:1062400080BCB846F0BD7F230022217899433300FB
:106250004046FFF787FFF3E74022237896B27F2B73
:10626000E3D9064C320039002000FCF767FE80219C
:106270002200ECE70020E3E710210020D0200020DE
:1062800010B5142200210248FCF752FE10BDC04692
:1062900010210020014B18617047C04610210020DA
:1062A00010B5054C010008222000FCF747FE002332
:1062B000A360E36010BDC0461021002070B5374CCC
:1062C0001D0023780600DA09C9098A4210D000208F
:1062D000002D00D070BD21003000FFF7FBF82369CE
:1062E000002B03D022000321300098470120F1E762
:1062F0007F2B06D8A0680028ECD02A002849FCF79C
:106300001DFEE289A1685219E38892B24919E2811F
:10631000A160934214D03F2D12D9A389981A051C6D
:1063200080B2402828D82078ADB27F2826D8002116
:106330009A4230D01A4A2B003000FFF713FFC9E70A
:106340002369002B05D02200022130009847002845
:1063500008D0802123780022994330000023FFF7E2
:1063600001FFB7E700213000FFF762F9300080211C
:10637000FFF75EF90120ADE74025D4E79A4207D048
:10638000074C2A002000FCF7D9FD80212200D2E72B
:1063900080210022CFE70022CDE7C0461021002057
:1063A000D020002070B50400FFF7C8F9002800D104
:1063B00070BDFFF7CBF90028FAD1C8236343124A16
:1063C0002500D418E1780029F2D010339E1830004F
:1063D00000F0E2FD3F28EBD90020E178FFF79AFEBC
:1063E0000028E5D0300000F0D7FDE1783F2807D93C
:1063F000064BEA01D21800204023FFF7B3FED7E78F
:106400000020FFF79BFED3E7801A00204C200020DD
:1064100010B50400FFF792F9002801D1002010BD4B
:10642000FFF794F90028F9D1C8226243024B0130EA
:106430009B181B791840F2E7801A0020C82310B57A
:1064400043430248181800F089FD10BD901A00203F
:10645000F8B5C82343431D4D1033EE1880230400C4
:106460005B029A4200D31A4A300092B200F0F8FD63
:106470000700FFF763F9002801D13800F8BDFFF7E6
:1064800065F90028F9D1C8236343ED18EB78002B98
:10649000F3D0300000F080FD3F28EED90020E978ED
:1064A000FFF738FE0028E8D0300000F075FDE978ED
:1064B0003F2807D9074BE201D21800204023FFF7FD
:1064C00051FEDAE70020FFF739FED6E7801A0020F8
:1064D000FFFF00004C200020F8B50400FFF72EF964
:1064E000002801D10020F8BDFFF730F90028F9D1CC
:1064F000C82325005D432B00134E2433F7183800C2
:1065000000F02CFD0028EDD075190020A978FFF7C8
:1065100001FE0028E6D00D4AE3019C18210040222C
:10652000380000F09DFDA9780300051E07D0220069
:106530000020FFF717FE0028D4D02800D3E7002062
:10654000FFF7FCFDCEE7C046801A00208C2000201B
:1065500070B5C82444430C4B0500E41880235B024B
:106560009A4200D3094A200092B200F041FE060090
:10657000200000F0F3FC3F2801D8300070BD280057
:10658000FFF7AAFFF9E7C046A41A0020FFFF0000AA
:10659000C82310B543430248181800F0FDFC10BD95
:1065A000A41A0020F0B50025184C83B0C8220021A1
:1065B0002000FCF7BDFC164B21001D70FF2363710A
:1065C000E1235B02A360200008234022A37338313B
:1065D0000095073B103000F08BFC270001232100C1
:1065E00020002600402278310093B837243000F094
:1065F0007FFCC0363800FAF745FD3000FAF742FD5F
:10660000E56127622663656303B0F0BD801A002050
:10661000CC2000200A4B196B1A6A00290CD0002AE2
:1066200007D00022DA615A631A6300221A6201203D
:1066300070475A631A63FAE7002AF8D0D961F4E781
:10664000801A002070B5052200210D48FCF770FC6F
:106650000C4D2B78DA0707D50B4C9B070CD5012185
:10666000200000F099FE70BD0548103000F074FE67
:106670002B78054C9B07F2D4200000F06DFEEEE76E
:10668000801A0020CC200020A41A0020F0B54B79FD
:10669000070083B0022B02D18B79022B03D0002498
:1066A000200003B0F0BD214B1E009B78002BF6D1DB
:1066B0008B78092433700D784D196B78242B07D013
:1066C0000CE02B78ED181C196B78A4B2242B05D1A3
:1066D000A242F6D20020FFF765FEE1E71A00052B83
:1066E00015D0042AF6D16B790A2BF3D1104B2E78F2
:1066F00001930133009338000223A919023AFFF7EE
:10670000A3FC0028CBD00E34A419A4B2E2E72900E0
:106710003800FFF7E5FC0028C1D0AB7873702B7808
:106720001C19ED186A78A4B2DBE7C046801A002075
:10673000821A002060238C461100127870B5134035
:106740000022202B08D1324C4B7926000D79247879
:106750001B022B439C4201D0100070BD4B78222BB2
:106760001CD008D8202B39D0212BF5D16346012B22
:1067700043D00122F0E7232BEED16346012B42D018
:10678000032BF6D1234B002BF3D08B78C978002054
:106790000902194300E000BF0122DDE76346012B37
:1067A00031D0032BE5D10125CB788A781B02134326
:1067B0001C001D403300012124331800694034714E
:1067C00000F0EAFD144B002BD3D0012362081A40DD
:1067D0002900002000E000BF0122BDE76346012B35
:1067E0000BD0032BC5D10D4B002BC2D031000020A4
:1067F0000831FEF79DFA0122AEE7094A0723FFF7A9
:10680000EFFC0122A8E7FFF7D5FC0122A4E7C04670
:10681000801A00200000000000000000314D001030
:10682000881A0020F8B54746CE4680B5344C1F0084
:10683000E37880460D008B423BD0A37800208B424A
:1068400011D0C0BCB946B046F8BD2E4B002B04D0C9
:106850002D4800F099FB00284FD00020FFF7A2FD43
:10686000A378AB420AD1294B002B02D0002000E0D4
:1068700000BF0020FFF730FE002801D00120E0E734
:10688000234C200000F06AFB0028F7D1002FF5D040
:10689000BB06F3D1243C4046A178FFF73BFC00281F
:1068A000ECD0002300224046A178FFF75BFC0120DA
:1068B000C7E7184E14483100BAB200F099FC164BE5
:1068C000002BC2D06379FF2BBFD0002FBDD0BC46B8
:1068D000B444E14603E001364E45B6D063793278E0
:1068E0009A42F8D1084800F04FFB0028F3D1064B3C
:1068F000103B597900E000BFEDE700E000BFACE7D6
:10690000801A002000000000901A00200000000003
:10691000A41A00204C200020000000009322F0B5B3
:10692000134C85B0002120009200FCF701FB2300EE
:106930002000802640270F4D4D337600FF3329304D
:106940000295009300220023002103970196FF3057
:1069500000F0C4F94035201D283400230122002115
:10696000039702950196009400F0B8F905B0F0BDC8
:10697000CC2200204C22002010B5054C200000F055
:10698000E1F920002538FF3800F0DCF9012010BDC6
:10699000F423002070B5084C002520003130FF3072
:1069A000257000F0D9FC20000C3000F0D5FC2A2323
:1069B000FF33E554657170BDCC220020F8B5CE469A
:1069C000474680B54B7980468946FF2B06D12A235E
:1069D000374FFF337E79FB5C1E4304D00020C0BCE0
:1069E000B946B046F8BD8B780C783B700B790C1922
:1069F000002B3CD0A51803E0AC4238D22378E41831
:106A00006378052BF8D1AC4231D221004046FFF724
:106A100067FB0028E2D0A378DB09012B2BD02548A7
:106A200000F09AFC2A23A278FF33FA546379227982
:106A30001B0213439421204A5B055B0D9B185A42AD
:106A40005341022049007A5C5B00824313437B542C
:106A500018494046083900F0DFF90028BED02378F5
:106A60000136E4184B461B79F6B2B342C8D84B4600
:106A7000E01A80B2B3E7114800F06EFC0F4AA37829
:106A80000C3A5371637921791B020B435B050A4968
:106A90005B0D5B1859424B41022011795B00814329
:106AA0000B43064900200839137100F07FF9D6E73F
:106AB000CC220020FC23002000FEFFFFD822002073
:106AC00070B51D002A2304001F48FF33C35C8B42AE
:106AD00016D04079884201D0002070BD1B4B002B9E
:106AE00004D029040020090C00E000BF184B20004E
:106AF00019001E0000F05AF900281DD00120ECE713
:106B00009A235B00C35A002B0DD1124B002B04D0EB
:106B100000201149AAB200E000BF20000F4900F098
:106B20007BF90120D9E796235B00C1583130AAB226
:106B3000FF3000F05DFBE8E72A003100200000F0A4
:106B400003F90120C9E7C046CC2200200000000064
:106B5000D0220020000000004C220020F42300205E
:106B600000B5030083B0002910D00020012B07D806
:106B70000A78002A04D00C48C2540120012A01D00E
:106B800003B000BD1800FEF7E9FDF9E701236A46EE
:106B9000002001A99380FEF7E1FD0028F0D001223A
:106BA000014B1A70ECE7C0462421002070B50400A8
:106BB00023780800DB070E00DD0F002B16D12378A9
:106BC0005B0701D5280070BD0121494206F040FD58
:106BD0002378DB07DD0F002B0AD123785B0708D46D
:106BE0000422237801251343237002E00025E9E7FE
:106BF0000025300006F00CFDE4E7C04670B50D003E
:106C0000012104004942280006F022FD23785B0799
:106C1000DE0F002B04DB280006F0FAFC300070BD0C
:106C20002378DB0704D40422237893432370F2E70C
:106C30000026F0E7437902791B021343C2785B0513
:106C400092075B0D920F022A1AD0032A0BD0002064
:106C5000012A07D102394A425141104A8918994202
:106C60004041C0B2704702394A1E91410C4A494224
:106C7000114080220020D200891899424041F1E75A
:106C8000022904D0002040229A424041EAE7054A06
:106C9000981843425841C0B2E4E7C046FF030000E1
:106CA00040FCFFFF00FEFFFF8446881830B51C0043
:106CB000814206D24A78052A04D00A788918884287
:106CC000F8D830BD7F228B781A4052006244DB092D
:106CD000D4540A7889188842ECD8F2E7F0B5C64651
:106CE00000B582B0904608AA20CA040016886A46F9
:106CF0000120978D0A002178024081432000114332
:106D000021703200009329000123083000F0F0F8D0
:106D1000002D01D0002E07D101200A9B67806360FF
:106D200002B080BCB846F0BD25001C352800FAF73B
:106D3000A9F942460023002A01D02B0000256361F7
:106D4000A561E9E701207047F8B502240B78070038
:106D50001C4063425C410800124B64421C40124BD1
:106D600008300D001600E41800F0F8F8002807D1EC
:106D7000002E05D0344203D101242B781C4201D0CF
:106D80000020F8BD38006978FFF7C4F90028F7D073
:106D90002B781C42F4D10023002238006978FFF7D9
:106DA000E1F9EEE740FEFFFFFF01000008239C46EB
:106DB0008C4470B5050060460C00664600F0CEF8C5
:106DC000002803D0012223781A4201D0002070BD90
:106DD00028006178FFF79EF90028F7D0628830001C
:106DE000616800F03DF901222378134000280CD09F
:106DF000002BEBD103006268617804002800FFF7E4
:106E0000B1F90028E2D02000E1E7002BDED1280014
:106E10006178FFF793F9D9E7F0B5C64600B58A89DE
:106E200006000C000B78002A06D101321A4240D02D
:106E3000002080BCB846F0BD9B0734D42B4B4025C6
:106E4000984608239C46A4446046674600F0A4F890
:106E50008542EDD8012223781A42E9D130006178C9
:106E6000FFF758F90028E3D0380000F095F8012228
:106E700023781340854232D8002BD9D1414662880D
:106E80000140131C8A4200D90B1C9BB2002261787E
:106E9000002B00D0626830001C00FFF763F9002867
:106EA000C6D02000C5E7FE2380251B029846AD0012
:106EB000C7E74978FFF72EF90028B9D001222378D7
:106EC0001A42B5D1638800226178002B00D0626835
:106ED0003000FFF747F90028AAD06088A9E7002B07
:106EE000A6D130006178FFF729F9A1E7C0FF0000C3
:106EF000F0B5C64600B598466B461E7E802304005A
:106F00000F0015001B029A4226D8C068002803D043
:106F10000121494206F09CFB2069002803D0012191
:106F2000494206F095FB42465204F303520C1343C8
:106F3000E3800023E06863812760A5802381002827
:106F400001D006F065FB2069002801D006F060FB47
:106F5000012080BCB846F0BD0020FAE703894189D2
:106F60009C4682889BB288B28C4507D31B1A9BB281
:106F7000101C9A4200D9181C80B270475100091A9F
:106F80005B189BB2F4E7C04603894089181A434254
:106F90005841C0B27047C046038941899C468288E7
:106FA0009BB288B28C4507D31B1A9BB200209A4231
:106FB00001D9D21A90B270475100091A5B189BB2DE
:106FC000F4E7C04670B5040000690D00002803D046
:106FD0000121494206F03CFB238962899C4698B214
:106FE00091B2A388944532D3421A92B2002A27D094
:106FF000934208D298422FD3C01A81B261818B424A
:1070000003D8C91A89B28B42FBD9E288236852049B
:10701000520C514328005918FBF790FF6189012554
:107020004A1C92B2A38891420DD900225B00D21A69
:1070300020696281002801D006F0EAFA280070BDBC
:107040000025628992B25B009A42F1DBEFE75A00B9
:10705000521A821892B2C9E7C01881B26181CEE794
:10706000F0B54646D6464F46C0B5060000698A468A
:10707000904682B0002803D00121494206F0E8FA88
:1070800031897289B5888BB294B2914255D31F1B56
:10709000BFB2002F4BD0BD4205D2AB4252D25B19DA
:1070A0009CB22F0074814346B8453ED89FB2A5429A
:1070B00003D8641BA4B2A542FBD9F28831685204FC
:1070C000500C020062432B1B9BB2891801900200F6
:1070D0009F4225D943439BB21A0050469946FBF77D
:1070E0002DFF5046019A7D1B641954433168484472
:1070F000A2B2FBF723FF7189B588CB199BB26A0056
:10710000994216D99B1A30697381002801D006F084
:107110007FFA380002B0E0BCBA46B146A846F0BDDE
:1071200050467A43FBF70AFFE5E73B1CBEE773894D
:107130009BB26A009342E6DBE4E76F003F1BDF1976
:10714000BFB2A6E75B1B9CB2ABE7C046F8B5040034
:10715000C0680F00002803D00121494206F078FAE8
:10716000258920896189A288ADB283B28EB2884216
:1071700028D39B1B9BB29A4209D8E679F60906D11F
:10718000E068002801D006F043FA3000F8BD2B007B
:1071900095421CD39B1A9BB29342FBD2E288206893
:1071A0005204520C53433900C018FBF7C7FE6B1C46
:1071B0009BB2A2889D4216D9002352009B1A012639
:1071C0002381DDE75100891B5B189BB2D3E7E2887E
:1071D00020685204520C53433900C018FBF7AEFE2E
:1071E0000135A288ABB252009342E8DBE6E7C04625
:1071F000F0B54E464546DE465746E0B589460500A1
:10720000160083B0002A6BD0C068002803D001218B
:10721000494206F01DFA2F89EA79BBB298466B897C
:10722000AF889BB2D2093DD1984562D27A00D31A79
:1072300043449BB2BB4261D2FB1A1A1C9BB2B342BD
:1072400000D9321C96B2F31B01934346F3189BB24C
:107250009B46EA884446B84503D3E41BA4B2BC422B
:10726000FBD252043B1B570C3A00624328689BB286
:107270008018B34256D33A0049467243FBF75EFE8C
:10728000AB885B00D84501D89B4502DB5A46D31A30
:107290009B465B4637002B81E868002821D006F02A
:1072A000B7F91EE0BE422BD298454CD34246D21AC3
:1072B00092B27900F01B921901908A42C5DBDA196B
:1072C00092B29346921B92B29046934240D9434663
:1072D000591A8BB29846F3189BB29B46EA88B9E7D5
:1072E0000027380003B0F0BCBB46B246A946A04612
:1072F000F0BD4246D31A9BB2BB429DD30027CBE7D9
:10730000002FC9D0CC46EA88F61B5104490C7143C2
:1073100098468C44D919002389B2E1468B463E0039
:10732000019397E77B439BB21A0049469A46FBF7C5
:1073300005FE4946019B2868E2187A43514492B2FF
:10734000FBF7FCFD9CE77900CA1A424492B2B1E710
:107350009142BCDDC2E7C04610B50400C0680028F9
:1073600003D00121494206F073F92069002803D0B7
:107370000121494206F06CF90023E0686381238112
:10738000002801D006F044F92069002801D006F059
:107390003FF9012010BDC04670B50400C0680D0063
:1073A000002803D00121494206F052F92069002843
:1073B00003D00121494206F04BF97F21E279EB012C
:1073C0001140E0681943E171002801D006F020F96E
:1073D0002069002801D006F01BF9012070BDC046CD
:1073E000F0B5454680463B4A4E46DE465746424447
:1073F000531E9A418023E0B55B021204D218364B2B
:1074000083B01A60354B894635491A6015000B6800
:107410009D43FBD10620FAF7A3FB43465A6802239B
:107420001A4000922F4A8026424413604B468246FF
:10743000D90D580201920B0002000224760006E0EA
:10744000924506D3023412184B41B44201D0002BAE
:10745000F6D080272602361B7F0002E0361B012F64
:1074600036D031005046BB46013FFAF7DBFD81457F
:10747000F4D2594661433D0243461C611B68FF221A
:107480006B40802512026D0113404544164A2B6063
:10749000009B4244136002204346019C5B682060CD
:1074A0004446266807246640C83434402C600324D0
:1074B000034013600D4B43441C6010605046FAF7C4
:1074C000B1FD03B0F0BCBB46B246A946A046F0BD34
:1074D0002100D1E70040FCBF00E0004000F0004088
:1074E00008C00040043000000420000024200000F8
:1074F00030B583B06B460400D971DD1D8368002070
:107500009847E3680020984701212800236898479E
:107510000120A368984703B030BDC04670B5040091
:1075200015000E00836800209847E3680120984703
:1075300029003000236898470120A368984770BD50
:1075400030B583B06B460400D971DD1D836800201F
:107550009847E3680120984701212800236898474D
:107560000120A368984703B030BDC046F0B585B090
:1075700015006A46168DCAB2344F1202090A114329
:107580001A0A12043940114309021B06090A6A4605
:1075900019432A230400137302918368002098473B
:1075A000E368002098470121236803A89847A3684F
:1075B00001209847A36800209847E3680120984776
:1075C0000421236802A89847A36801209847EAB2DB
:1075D00012022B0A1343320A12043B4013431B02CC
:1075E00036061B0A33436A4603932B230020D371CC
:1075F000A3689847E368002098476A460121D01D98
:1076000023689847A36801209847A36800209847FB
:10761000E368012098470421236803A89847A368DA
:10762000012098476A462C230020D371A36898470D
:10763000E368002098476A460121D01D23689847D7
:107640000120A368984705B0F0BDC046FFFF00FFCA
:1076500070B504000D0082B0002800D184E000293C
:1076600000D181E00B68002B7ED08B68002B7BD093
:10767000CB68002B78D00B69002B75D04B69002BA1
:1076800072D00A00030043CA43C343CA43C3384B02
:107690000020A361002323772B6998470A206B6998
:1076A000984701202B69984764206B6998476A4680
:1076B00011230020D371A36898470020E3689847FE
:1076C0006A460121D01D236898470120A368984786
:1076D00005206B6998476A463A230020D371A36856
:1076E00098470020E36898476A460121D01D236827
:1076F00098470120A36898476A4655230020D37114
:10770000A36898470120E36898476A460121D01D85
:10771000236898470120A36898476A4620230020E1
:10772000D371A36898470020E36898476A4601210F
:10773000D01D236898470120A36898476A462923EB
:107740000020D371A36898470020E36898476A46F1
:107750000121D01D236898470120A3689847052080
:107760006B699847012000E0002002B070BDC04660
:10777000F000400130B50400008B1D0085B0884248
:1077800002D9638B934201D805B030BD0B002000B5
:107790000092FFF7EBFE6A466BBA93810020A36864
:1077A0009847E36801209847236803A80221984777
:1077B0000120A3689847E7E7F0B5C64600B584B056
:1077C0001E006B461C8D9B8D05009846038B8B42DB
:1077D0002DD9408B90422AD98F199F4201DD5B1A27
:1077E0009EB21319834201DD801A84B2501E4B1ED3
:1077F000201880B2F3189BB200902800FFF7B6FE65
:1078000043466A4674435BBA00209381AB6898474D
:107810000120EB689847002C06D0013C02212B6820
:1078200003A89847013CF9D20120AB68984704B0FF
:1078300080BCB846F0BDC04600B5428B83B0019114
:10784000009200210022038BFFF7B6FF03B000BDBA
:10785000F0B54E4645465746DE46E0B585B01C00BD
:107860006B468046894692461D8F9E8F0391002C61
:1078700001D0002D06D105B0F0BCBB46B246A946EA
:10788000A046F0BD0127230001960097FFF794FF63
:1078900053465A1EAA1823004946404692B2019602
:1078A0000097FFF789FF022DE5D903995346474614
:1078B0008846023DADB201339AB2380001230196E9
:1078C00000959146FFF778FF414601396118012381
:1078D0004A46380089B201960095FFF76DFFCAE766
:1078E000F0B55746DE4645464E460C001900E0B559
:1078F0008BB0070015A8008814AB8446081B83468C
:1079000000B2824655461B88981A039000B2002D9B
:1079100063DD0125002856DD059504955D46039E2F
:107920001BB2AE1B069315B263460AB290466A4676
:107930005BBAD3834342994624B223002B431CD421
:107940003B8BA1B28B4218D97B8BAAB2934214D93C
:107950000B0038000092FFF709FE6B46DA8B00201F
:107960009A84BB6898470120FB6898473B6809A840
:10797000022198470120BB689847444516D0730000
:107980001BB232004B4505DD0399721A16000499AB
:10799000641824B25345D0DA059B5A44ED182300ED
:1079A0002DB216002B43CBD54445E8D1069B9D4212
:1079B000E5D10BB0F0BCBB46B246A946A046F0BD2F
:1079C0000125D3466D420495002823DA0125D01AFB
:1079D0006D420390059500B2A0E7002810DD002D50
:1079E00008D0651AAB462DB2AA4601250595023D81
:1079F000049593E701250595023DD34604958DE74F
:107A0000002DDDD0651AAB462DB2AA4601256D4288
:107A10000495D9E701256D4205957FE74B1EDBB242
:107A200070B50400022B14D860224A43383AD5B20C
:107A30000A4A5B00985AD2181389217720836383FE
:107A400020003621FFF754FD29002000FFF778FDC4
:107A500070BDA023F02048255B00EEE7CCE30010CA
:107A6000F0B54E46DE4657464546E0B5060089B0BD
:107A700012A810C89A4600882500834614A80088DA
:107A800081462079348B0818A04263DC04956F7915
:107A9000748B2B00D519A5425CDC1C009D7900235A
:107AA0009846554504D8E479A446AC44E24558DBF1
:107AB000013883B2501E049C381880B225680090AB
:107AC0003000FFF753FD0020B3689847F3680120AA
:107AD00098476379002B3AD05B461B0A02934B46CA
:107AE0001B0A9A46002345440593049B03951C7981
:107AF000B04607AD002C29D0039B80271E783300A9
:107B000056469A463B005046E340494632001842EA
:107B100001D05946029A434669701B680221280029
:107B20002A70013C9847E3B2002BEBD1059BB2468B
:107B30000133DAB2049B05925B79934206D9039B29
:107B400001330393049B1C79002CD5D146460120B8
:107B5000B368984709B0F0BCBB46B246A946A046F8
:107B6000F0BD53465C1B7C43A046A1E7F0B54F46F1
:107B70004646D646C0B584B01D000CAB40CB0700CE
:107B80001B880C0098466B461B8F92469946002D29
:107B90001BD0002E19D02B78002B16D0327910E094
:107BA0004A4602924246210001923800524600960F
:107BB000FFF756FF32796B7814190135A4B2002B08
:107BC00003D0398BA2188A42EADD04B0E0BCBA4681
:107BD000B146A846F0BDC04610B50B0C140C002BE6
:107BE00030D1002C44D18BB291B2594300F064F8EB
:107BF000041E3BD00300083B5A6803239A43043A0F
:107C0000242A13D80300132A0BD9002303604360EE
:107C10001B2A10D900238360C360242A31D00300BB
:107C2000103300221A605A609A6002E00021FBF7CC
:107C30007FF9200010BD0300002208331A605A604B
:107C40009A60F6E7002C16D1141C89B292B24A430E
:107C5000A4B29BB26343110C5B18190C0BD119042D
:107C600092B2114300F028F8041EC3D10024E0E7CB
:107C7000231C0C1CE9E700F099FD0C230024036091
:107C8000D7E700220300026118334261C9E7C0460A
:107C900010B5034B0100186800F00EF810BDC04687
:107CA0001816002010B5034B0100186800F062FEA2
:107CB00010BDC04618160020F0B54E46DE465746A9
:107CC00045460C00E0B50B34814685B0162C21D812
:107CD000102900D9D0E000F0A1FA102418230221C5
:107CE000C94DEB181A005F68083A974200D172E15B
:107CF00003227B68B9689343FA68CA6091600121E6
:107D0000FB185A6848460A435A6000F08FFA380058
:107D10000830B5E007239C4300D5ADE0A14200D96F
:107D2000AAE000F07BFAFC235B009C4200D2B9E1A0
:107D3000610A00D1ABE0042900D980E138239C46D8
:107D4000A1098C44E0463931CB00082252429446C6
:107D5000AD4DEB189C446346DF68BC4512D00B0068
:107D6000032661469C4607E0F868002A00DB2CE108
:107D7000814200D12DE107007B68B3431A1B0F2A13
:107D8000F2DD41462A002F690832974200D10BE10B
:107D900003207B688343181B0F2800DD86E12A61DE
:107DA0006A610028ABDA6A689446802292009342A6
:107DB00000D316E1DA0858090123834060461843CE
:107DC0008446D3005B199A686860FB60BA609F6064
:107DD000D76001208B10984060455FD8634603420E
:107DE0000AD103239943634640000431034203D17F
:107DF000400004310342FBD00323A8469C4683463F
:107E00000D00E80040440600AA46F3680BE0614616
:107E10005A688A43171B1900DB680F2F00DD1BE12E
:107E2000002F00DB2FE19E42F1D1534601339A46E9
:107E300008369B07E9D1032205E003680838013DB5
:107E4000834200D0E2E12A42F7D1424659465368C4
:107E50008B4353605A46520093469A421DD8002ADB
:107E600006D11AE05246043292465A4652009346D0
:107E70001342F7D05546C4E70C234A46136000204E
:107E800005B0F0BCBB46B246A946A046F0BD802373
:107E90003F22402190469B0057E745460322AF68AA
:107EA0007B6893439A46A34202D31B1B0F2B7EDCB5
:107EB000564B08201B6810331E1900F07DFC544BF4
:107EC000834601931B68013304D0731E1B18424282
:107ED00013401E003100484600F056FC8046431C0B
:107EE00000D1FDE05346FB18834200D9F6E0494A31
:107EF00011680292891911605A46013A834200D1F1
:107F000039E101980068013000D13FE14046C31AD1
:107F10005B1802990B604146072308001840019046
:107F2000194200D1F9E0C446310001331B1A9C44C8
:107F3000614403915B4411405B1A1A4011004846AA
:107F4000E046160000F020FC431C00D13AE1029B01
:107F50001968891919604346C21A0120921902430F
:107F6000AB605A60AF4213D053460F2B00D811E1DB
:107F700007220C3B93437A68024005201A437A603B
:107F8000FA18506090600F2B00D921E143465A68DF
:107F9000214B1868884200D21960204B186888422B
:107FA00000D2196047469DE06B689C4611E70122AC
:107FB0002100134311433C1979604846AC6063606B
:107FC00000F034F9380008305AE7BA68D0608260AF
:107FD00095E66146D6E6DF680231BB4200D1D1E6C4
:107FE00086E65A0A042A73D9142A00D9A7E0100099
:107FF0005C325B30D200AA18083A160092688846B4
:10800000964210D181E0C046101200200C1F0020C3
:1080100008120020DC1E0020041F0020081F002082
:108020009268964204D00321506888439842F7D85A
:108030004146D668FE60BA60B760D760C9E61429C9
:108040005CD9542900D982E06E239C46210B8C44D4
:108050006F31E046CB0078E601200E004546091955
:1080600004437460B4680835E36038439C60A960D9
:10807000E9604860CD6048468D60B75000F0D6F8A2
:1080800030000830FCE601200C008A1851680834E2
:108090000143516022684846D3609A6000F0C6F8F8
:1080A0002000EDE62300E108083319E6012639191E
:1080B00034437C6029616961CA608A60320002438E
:1080C0004A60F850484600F0B1F838000830D7E66A
:1080D0009A09100039323830D2008CE7AF4242D0D2
:1080E000AF687A6803239A43131BA24202D30F2B73
:1080F00000DD5CE7484600F099F8C0E65B239C464B
:108100008C445C31E046CB001FE6012380108340A5
:1081100060461843844668608CE733005946434400
:1081200001931340CB1A1A4011004846160000F084
:108130002BFB431C00D00AE70026019807E7542ACE
:108140002BD81A0B10006F326E30D20053E7AA23DF
:108150005B0099422BD8DD3B9C46E10B8C44783187
:10816000E046CB00F1E52B4A1168029289191160B3
:108170005A46013AC5E6104200D0C2E652460123F3
:10818000A86892191A438046426001E74146019B64
:108190001960C0E643465860ACE7AA20400082421E
:1081A00021D8DA0B100078327730D20023E71A4B4F
:1081B000994221D87C239C46A10C8C447D31E04619
:1081C000CB00C2E50198039B083800261818BEE6CC
:1081D00039004846083100F0CDFB029B1968AB68B6
:1081E00098465A68D4E60C4882420BD89A0C100084
:1081F0007D327C30D200FEE6FE237E227F21904637
:108200009B00A2E5FE227E209200F4E643465B68D6
:1082100020E6C046DC1E00205405000010B50248D0
:1082200000F01CFB10BDC046D81E002010B502484F
:1082300000F016FB10BDC046D81E002010B5034B41
:108240000A000100186800F003F810BD181600209D
:10825000F0B545464E46DE465746E0B580460D0031
:10826000914683B0002900D1A3E04C460B34FFF7C0
:10827000D5FF162C6CD81024A1456CD82F00083FD0
:10828000796803230E00BB469A469E43A6426DDAE8
:10829000B819B84A4368019200939368009A8342E0
:1082A00000D199E001239A4394468444624652687F
:1082B0001A4200D072E05346009A9A43B3189C4683
:1082C0009C424EDD01230B4210D139687B1A59685C
:1082D000009353469943521893199A469C4200DCE6
:1082E000C0E073189A469C4200DCBFE04946404615
:1082F000FFF7E2FC8146002800D10CE1594601223B
:108300004B6893430200CB18083A934200D1D2E065
:10831000043E242E00D9D3E003002A00132E09D9ED
:108320002B6803606B6843601B2E00D9CDE003000F
:1083300008320833116819605168596092689A6070
:108340004046290000F016FB4046FFF76FFF1DE096
:1083500007239C4390D50C23424613600023994683
:1083600014E06646C3688268D3609A6001227B6825
:10837000311B1340B8190F2920D833437B60436861
:10838000134343604046FFF751FFA946484603B0F8
:10839000F0BCBB46B246A946A046F0BD01230B4245
:1083A000A4D15B461A689B1A5968009353469943B7
:1083B00097E71100FFF780FC8146E7E73E1923436A
:1083C00011437B607160310043680831134343609F
:1083D000404600F0CFFAD5E7534620009A43931960
:1083E00010309C4683427ADAC90700D57EE73968A7
:1083F0007B1A5968009353469943521893199A4629
:10840000984200DD6DE70099CB688A68D3609A6076
:108410000B00321F08339946242A00D990E0132A12
:1084200009D92B688B606B68CB601B2A00D98CE064
:1084300010310B0008352A681A606A685A60AA6809
:108440009A600098019B01199960534601221B1BF9
:1084500013434B6043681340234343604046FFF798
:10846000E5FE93E7C3688268D3609A6000990F00C5
:108470008A68CB680837D3609A60321F242A15D8DF
:108480003B00132A08D92B688B606B68CB601B2AD2
:1084900036D810310B0008352A681A606A685A60AD
:1084A000AA689A603D005646009F5FE729003800A1
:1084B00000F08EF8F6E703225B689343F61855E761
:1084C0003200290000F084F83AE7AB688360EB687B
:1084D000C360242E23D00300103210332AE7019BFF
:1084E00039199960634601221B1B13434B607B685B
:1084F0004046134023437B60FFF798FEA94645E7BB
:10850000AB6800990B61EB684B61242A0FD00B001C
:1085100010351833C0E74046FFF788FE1EE72B6989
:1085200018320361030069691833416102E72B695E
:1085300000998B610B006A692033CA611835ABE77B
:108540002900180000F044F87BE7AB6800990B6144
:10855000EB684B61242A03D00B00103518336AE70F
:108560002B6900998B610B006A692033CA61183549
:1085700061E7C046101200200EB470B581239DB093
:108580006A46002521AC9B0040CC93821B9502904B
:10859000069000F067F90B4B6A460A9301235B4291
:1085A000D382094B039007903200186802A9230078
:1085B0000E951395019400F085FB1DB070BC08BCAE
:1085C00003B01847CD850010181600200020704712
:1085D000F0B5C6460D00160000B5884212D98918BC
:1085E00081420FD98418032A56D8731E002E06D054
:1085F000DA438918A418CA5CE254013BFBD280BC60
:10860000B846F0BD032E0BD80400711E002EF6D024
:1086100000230131EA5CE25401339942FAD1EEE7DA
:1086200003242A002100024303001140144230D1E8
:108630000F2E4BD91027BC462A003409013C2401D7
:10864000A0460419A44414681C6054685C609468D3
:108650009C60D4681032DC6010336345F3D10F2284
:108660001C000C2310353240334045441600002BCB
:10867000CBD06B5863500431531A032BF9D803261F
:1086800016409208013A920004350434AD18A4183B
:10869000BBE70400711EBBE723000B439B0701D01F
:1086A000531EA5E72B1F9C461300051F6246D25898
:1086B000EA50043B032BF9D80322B308013B9B008B
:1086C000C91AE41A16400439043C8EE7320004004B
:1086D000CFE7C0460323CAB230B503400C00002ADE
:1086E0002CD00321002B24D1FF2121400B025B1849
:1086F0009C4619048C4400E0043064460168204D17
:108700004C404B198B436119A1430B431D490B424C
:10871000F2D00378002B05D09A4204D04378013080
:10872000002BF9D1002030BD9342FCD0013008422B
:10873000DAD00378002BF7D10020F4E7002B08D023
:10874000032202E00130104203D00378002BF9D15C
:10875000E9E702680A4B0B49D31893430B4206D151
:108760004268074B0430D31893430B42F8D0037888
:10877000002BD8D043780130002BFBD1D3E7C04683
:10878000FFFEFEFE80808080002370B5064C050051
:1087900008002360FBF7D2FF431C00D070BD2368A4
:1087A000002BFBD02B60F9E70C270020014B186849
:1087B0007047C04618160020802310B55B010828BA
:1087C00001D1180010BDFFF7F1FF16230360173B1E
:1087D000F7E7C046024670B50A4392072AD11E4DFC
:1087E000EE0104C808C9541B9443344017D0D0B2DA
:1087F000D9B2401A2106014310D190B299B2401A61
:10880000210401430AD110021902000A090A401A80
:108810002102014302D1100E190E401A70BD9A4276
:10882000DFD010BA19BA884201D9012070BD0020EA
:10883000C04370BD02780B7801300131002A09D0A5
:108840009A4207D102780B7801300131002A01D019
:108850009A42EFD0D01A70BD010101017047C046A5
:108860007047C046030084469B070BD003000321DA
:1088700002E001330B4206D01A78002AF9D1624691
:10888000981A7047030019680C4A0D488A188A43E1
:1088900002420FD15968094A04338A188A430242B6
:1088A00008D15968054A04338A188A430242F1D034
:1088B00000E001331A78002AFBD1E0E7FFFEFEFE5C
:1088C00080808080F0B5C646050000B5804608204F
:1088D0000C00FFF771FF06002800FFF79FFC224FF6
:1088E0003100BB685D6803239D4328001138001BDD
:1088F0008019F9F797FB441E7443A64207DC002158
:108900004046FFF741FFBB685B19984206D04046DE
:10891000FFF78CFC002080BCB846F0BD40466142A9
:10892000FFF732FF01300DD001222D1BBB6815432C
:108930000E4A5D60136840461B1B1360FFF776FC10
:108940000120E8E700214046FFF71EFFBA68831ABE
:108950000F2BDCDD064C05492468001B0860012153
:108960000B435360D3E7C04610120020DC1E0020EA
:1089700008120020F0B5C6460C00804600B500295C
:1089800040D0FFF74BFC210008394E680125330029
:108990000320AB43CA1894465268824328003040F3
:1089A000070064488468644500D171E064466260F1
:1089B000A41864682C40002F27D10E685E4F891BD5
:1089C0009B198E68BE4256D0CF68F760BE60002CFF
:1089D0001DD062461D434D60136080229200934279
:1089E0002DD2DA085C090123A34044682343436085
:1089F000D3001B189A68CB608A609960D1604046AA
:108A0000FFF714FC80BCB846F0BD002C0FD19B18BA
:108A1000624601249268484D1C43CE18AA4259D0A0
:108A20006546ED68D560AA604C603360D5E7624664
:108A300035434D601360802292009342D1D35A0A8D
:108A4000042A3DD89A09140039323834D6008619E0
:108A50003268083E0325964203D14CE09268964264
:108A600003D05068A8439842F8D8D668CE608A6090
:108A7000B160D160C3E7002C33D1D21860466346A1
:108A80008068DB681543C36098604D608A50B6E724
:108A90009A18002F06D10B68C91A8C68D218CB68B7
:108AA000E3609C60012313434B60244B81601B688F
:108AB0009342A4D8224B40461968FFF703FF9EE774
:108AC000142A13D9542A1DD81A0B14006F326E348D
:108AD000D600BCE7D1609160CA608A604C603360A8
:108AE0008DE762461D434D60136088E714005C32D9
:108AF0005B34D600ABE70123A410A34044682343B2
:108B00004360B3E7AA246400A24205D8DA0B14003C
:108B100078327734D6009AE70A4CA24205D89A0CEC
:108B200014007D327C34D60091E7FE267E24B60008
:108B30008DE7C04610120020181200200C120020F1
:108B40000C1F00205405000070B50D0014004B1CD4
:108B50001BD0938920229343A381FF23226B0B40D8
:108B60001E006368002A13D0626B9A4208DD2368F6
:108B7000013B23601D70636801336360300070BD8A
:108B8000210002F045FF0028F1D001267642F5E7EA
:108B900021692268002905D0914203D2511E08782C
:108BA000B0420ED0E36323004033236303236363A7
:108BB0003F33A263E5542300423323600123636003
:108BC000DCE7013321606360D8E7C04610B50C00D4
:108BD000096B00290FD023004033994201D0FFF7E1
:108BE000C9FE00232363E36B6360002B03D00020E6
:108BF000A36B236010BD0022202101206260A289A6
:108C000023690A43A2814042F3E7C046F0B5DE463D
:108C100057464E46454682461800E0B5504383B05D
:108C20000E009B460C9C002835D00023984640330C
:108C30009C466568A4440700E1462168A8421FD904
:108C4000009001922A003000FAF778F92368216B2E
:108C50005B19236043466360002923D0494502D055
:108C60005046FFF787FE43462363E36B6360002BA8
:108C700018D0A16B76197F1B21601D00BB42E1D388
:108C80003A003000FAF75AF958466368DB1B636014
:108C90002368DB19236003B0F0BCBB46B246A9468B
:108CA000A046F0BD23692021236000230098636063
:108CB000A389019A0B4328181100A381C01BF9F75F
:108CC000B1F9E8E7F0B5DE46574645464E469346CD
:108CD0008022E0B50D00CC4C9201A54402AFFB63AD
:108CE000F8650C23C95E6B6E114204D10A43AA8158
:108CF000C64A13406B669B0401D501F09AFC082319
:108D0000082058333818082218180021FAF710F9EB
:108D1000002300225C469B46BA64BD4A7B62BA656A
:108D2000BC4A3B64BA63BC4AFB617B64BA62E6231B
:108D3000BA6D5B00D65802F013FF082108228C465A
:108D40005832BC446244543100920831030022007E
:108D5000F86DC919B04700285DDB7B6E002B41D050
:108D600002002418012865D0252B1FD00028DED052
:108D7000A21A59465844521AA146904604005E462B
:108D80006B68002B22DD43462A689B5D117899426F
:108D900028D16B680132013B01366B602A60A64224
:108DA000EFD1B3464C46C2E7012001220023002642
:108DB0009A469446804621780B00253BDBB2621C24
:108DC000552B0FD8B86B9B00C3589F462900F86DF0
:108DD000FFF7FCFE0028D6D0BB6C002B3FD0AB8940
:108DE0005B063CD43B6C002B0AD0BB6C013301D139
:108DF00001F07CFC3B6C1868002801D0FAF78CF875
:108E0000BD46B86CB9239B009D44F0BCBB46B2463E
:108E1000A946A046F0BD814B08207B660823381880
:108E20005833181808220021FAF782F87B6E002BBD
:108E3000D8D00134BA6AD25C12072FD4252BB3D014
:108E40000120621E95E73307CCD161781400B3E7A7
:108E50003307C7D1022361781E431400ACE73B6C93
:108E6000002B01D101F0E5FBDB883B653B6C18680A
:108E70003B6D002B0ED0050000240026814698464D
:108E80002B6801341868FAF747F808CD1E6044458E
:108E9000F6DB484601235B42BB64ADE7BA6AA146F4
:108EA00008265C4690466B680BE041462A681378BA
:108EB000CB5C1E420DD06B680132013B01346B600C
:108EC0002A60002BF1DC2900F86DFFF77FFE0028F7
:108ED000EBD0A3464C462AE78F23334200D081E7EC
:108EE00053469B0053445B005B18302149428A463D
:108EF00061789A4414005FE76B687A63002B01DCA9
:108F000001F007FB042399462A68434C1378E35C7D
:108F10001B0725D50823984623005C46B3461E0050
:108F200007E0414601322A6013780134F35C1942AC
:108F300012D06B68013B6B60002BF2DC2900F86DEE
:108F4000FFF744FE002800D046E741462A68013476
:108F50001378F35C1942ECD133005E46A3461C0043
:108F60004B46022B01D100F005FE032B01D100F08E
:108F700044FDF86D02F0FCFD0368AE221900534673
:108F8000013B5200934201D801F017F85D3BFF3BD3
:108F9000FB605E23FF339A46F023DB001E43002371
:108FA0003B65FB647B613B61FB62BB612133FF334B
:108FB0009C46C83B9846503B9946B944C844C44473
:108FC0006346B146E0465E468B463B62144B3B63CC
:108FD0002A6811780B002B3BDBB24E2B00D92AE319
:108FE000386B9B00C3589F4680239B001E436B68D1
:108FF0007A63002B00DCA5E20A4B7B6210237B64C2
:109000000D3B994680E7C04614FDFFFFFFDFFFFFE1
:109010002018002044EF001059F40010FDFF00005C
:109020009CF0001081B900106B687A63002B01DCA2
:1090300001F065FA5346D046002B01D10133984622
:10904000F30701D501F04FF9F30601D501F09EF8C1
:10905000FB6B1C68360601D401F01CF8002C00D113
:10906000C0E64046F9F734FF8146002800D1F6E615
:109070003B6C2060DA883A659E88B24201D301F0E9
:109080007AF918683A6D396C531CCB8093001C50E8
:109090000095434601224946F86DFFF7B7FD061ECD
:1090A00001D101F01BFB804506D931002068F9F79A
:1090B00021FF002800D02060FB6B7C6B0433FB6336
:1090C000BB6CB3440133BB6431E66B687A63002B3D
:1090D00001DC01F043F9724B7B620A237B64073B9E
:1090E000994611E7330700D07CE66178682901D101
:1090F00001F0EDF8042314001E435DE641246B6883
:109100007A633443002B01DC01F0E5F95346D04685
:10911000002B01D10133984610231A002240FA6433
:10912000234201D001F02BF8FB6B04CB3A63FB63C5
:10913000240601D401F095F9002A00D152E68020DE
:10914000F9F7C6FE8146002800D188E63B6B18601F
:109150003B6CDA883A659C88A24201D301F04EF854
:1091600018683A6D396C531CCB8093003A6B1A50D7
:109170004B463B622023FB6290235B003B60C83B75
:109180009C46503B9A463B68BA44D444634400240E
:109190009A46FE693B6002F0E3FCA04200D11BE668
:1091A00051462B68621C3A651A7801330A556A6881
:1091B0002B60013A18236A6008225833BA189C18A9
:1091C000032E02D1BB6F042B04D008220021200003
:1091D000F9F7AEFE0094524649463B6DF86D02F039
:1091E00083FE0600431C00D1F6E5002800D006E20D
:1091F0003B6D9B4401235B429844FB6C002B0FD1D9
:109200004A4613603B6B002B08D04B463A6A9C1AC7
:10921000FA6AA310934201D300F06DFE042399442F
:109220006B68002B0ADD4346002B0DD00024B2E70B
:10923000FB6C002BE6D06B68002BF7DC2900F86D87
:10924000FFF7C4FC0028EED0FE613B6B002B08D07A
:109250004B463A6A991AFA6A8B10934201D201F08E
:10926000ADF8FB6C7C6B5A425341BA6C94469C44FB
:109270006346BB645BE56B687A63002B01DC01F03D
:1092800018F9074B7B6200237B64033399463BE666
:109290006B687A63002B01DC01F009F9014B1BE7D5
:1092A00035B8001081B9001011002023082258336E
:1092B000BA18981802F068FB6B680400002B01DCF8
:1092C00001F0FFF85346002B02D101235B429A467E
:1092D00001231A0032409046102232403A63334252
:1092E00001D100F082FD002A01D000F008FFFB6BE5
:1092F00004CB3A62FB63360601D401F0C2F8002ABF
:1093000000D16FE58020F9F7E3FDF864002800D173
:10931000A5E53B6AFA6C1A603B6CDA883A659E8870
:10932000B24201D300F0BFFF18683A6D396C531C8C
:10933000CB8093003A6A1A50FB6C7B612023BB619F
:10934000002398465B46FE693B607C60444602F021
:1093500007FCA04200D13FE508202B68621C902149
:10936000904684461A7801332B6010234900BC4490
:10937000583161449C4648339946503B9B46BB4418
:10938000D944CC4463460A556A683B65013A6A6031
:10939000032E02D13B6F042B04D008220021386D2C
:1093A000F9F7C6FD0821434690228C46FB623B6DCF
:1093B00052000093FC6CBC44583243462100F86DC7
:1093C000624402F091FD0600431C00D104E5002830
:1093D00000D027E1206000241823082058333818D3
:1093E000082200211818F9F7A3FDE423BA6D5B00E9
:1093F000D25858217A6308229446B13BFF3BBC44C3
:10940000583308312200F86D7C6B6344C919A047BA
:109410000024012802D158230833FC5C08222023B1
:1094200094465833BC4463441B5D002B01D101F0CA
:1094300074F83B6843443B60032E1BD001235B421E
:109440009A443B6B002B0DD1FB6C3A6A0433FB64EE
:10945000002A07D07A699C1ABA69A310934201D3F3
:1094600000F05AFC6B68002B0EDD5346002B11D028
:1094700000246CE73B6D1B68042BDFD13B6B002B9A
:10948000E2D06B68002BF3DC2900F86DFFF79EFB40
:109490000028EAD03B687C689B46FE613B6B002B52
:1094A00000D044E4FA6C13603B6A002B0ED07B6959
:1094B000D11A8B10BA6901339A4207D93E6A043136
:1094C0003068F9F717FD002800D03060BB6C01331D
:1094D000BB642CE401231E436B687A63002B01DC20
:1094E00000F0DBFFB54B7B6208237B64053B9946AC
:1094F0000AE501231E436B687A63002B00DDEAE571
:109500002900F86DFFF762FB002800D1E3E563E472
:109510006B687A63002BE5DCA84B7B6208237B64D5
:10952000053B99462900F86DFFF750FB002800D154
:10953000EAE451E488239B001E436B687A63002BA6
:1095400000DD59E52900F86DFFF740FB002800D148
:1095500052E541E46B687A63002B01DC00F099FF6F
:1095600002239946D0E414007A63F30601D5FFF78D
:10957000DEFBFA6B08CAFA63320701D500F0F6FE8B
:10958000720701D401F022F85A461A80FFF7CFFB88
:10959000330700D026E461786C2901D100F09DFEEC
:1095A000012314001E43FFF707FC8F2319003140ED
:1095B000334201D0FFF716FC3B6C002B01D100F0C9
:1095C00013FF80231E4340E46B687A63002B01DCA9
:1095D00000F08BFF01231E430133994694E4534668
:1095E00033439A4601D0FFF7FDFB61781026140043
:1095F000FFF7E2FB140040466246FFF7B7FB831C0F
:1096000000D1E7E13B6D9B44032803D12368042B81
:1096100000D10DE601235B429844FB6C002B00D186
:10962000F0E5FDE5831C00D15EE3FB6C1C68631C68
:1096300000D0D1E6F2E64B469B0563D55B461B782E
:109640008B425FD153460024B246BB605E4607E0C2
:1096500001322A601178335D994218D101239A446E
:10966000A3460134335D002B01D100F091FC6B68FF
:10967000013B6B60002BEBDC2900F86DFFF7A6FACD
:10968000002804D12A68335D11789942E6D032006F
:109690005B46D346CA46A94615003B633C6BFE6D4C
:1096A000295D4A463000FFF74FFA013CF8D25B468D
:1096B0003A6B56469B1A4D469B4625E04B461B058A
:1096C00020D5FB6C3A6D9B18002B1BD14A463C4BB6
:1096D0001A40002391463B65FB6443461970012301
:1096E0005B429A44023398446B680136013B6B60DD
:1096F000002B00DC66E12B6801332B605346002B06
:1097000000D065E4B3464E46FB6CFA6A013B002A82
:1097100075D0012B01D800F094FF2A4B3A6D1E4002
:10972000531E062B01D800F08FFD10231A007C6B0E
:109730003240334201D0FFF7FAFA43461A70C02391
:109740008022DB003340D200934200D08DE0BB6921
:10975000FA6A934200D18DE09A1A43467B61082150
:109760008C46194BBC4458337969634499420AD3F7
:10977000164B9C4658239846503B9946B944C844DA
:10978000C44463467B6112497869FAF779FF71E056
:109790004B461B0504D5FB6C3A6D9B18002B95D0EE
:1097A000FB6C012BAED10223FB6496E780234A4673
:1097B0001342A7D09A4391468FE7C04681B9001063
:1097C0007FFEFFFFFFFEFFFF73020000720200003A
:1097D000B8DD00103B6D002B00D0D1E3FB6A002BFD
:1097E00001D000F04CFCE0234A46DB001A409A42CC
:1097F00001D100F009FFB3464E46FB6C013B012B43
:1098000001D800F01EFF00223B6DFA62013B062BDF
:1098100001D800F040FDF30587D5730501D500F0B0
:1098200034FF01235B424344994619785B465C1E32
:1098300065290BD0452909D02A00F86DFFF784F976
:1098400002235B42434499461978013C2A00F86D93
:10985000FFF77AF910231A00A34632407C6B33429B
:1098600001D0FFF764FA4B461A703B69002B01D018
:1098700000F0E7FD0022396AF86D01F029FFFB6B6B
:109880003865796510CBFB63F30700D4EFE303C4BD
:10989000BB6C7C6B0133BB64FFF749FA4B461B057D
:1098A00005D5FB6C3A6D9B18002B00D10EE73B6D84
:1098B000022B00D026E703233B650EE74B461B0532
:1098C00000D5FEE6A0224B46D2001340013AFF3AF3
:1098D000934206D04B46134200D113E7FB6A002B9C
:1098E00089D04B469B0505D4FB6ABA699B1A3B613C
:1098F00043467B614A46974B1A401300C0225200F0
:109900001A4300239146FB62E7E63B6D072B00D02C
:10991000F8E608233B65E0E698234A461B0113401E
:1099200080225200934200D0ECE6FB6A012B00D06B
:10993000E8E64A46884B1A401300802212011A4377
:109940009146302342461370313B9A440233984487
:109950000023FB62C1E63B6D062B00D0D2E6072355
:109960003B65BAE64B461B05ACD4CBE6FB6C002B43
:1099700000D0FDE2FB6A002B07D1E0234A46DB0062
:109980001A409A4201D100F047FE3B6D012B02D0F4
:10999000042B00D0B6E63B6D0133DBB23B659CE6A1
:1099A0004B46DB0500D48CE680234A469A43FB6A8B
:1099B00091460133FB62FB68002B00D097E3013B2B
:1099C0009A4491E62900F86DFFF700F9002800D1CC
:1099D00094E697E66B68002B02DD3C6DFFF7DBFB3E
:1099E0002900F86DFFF7F2F80028F6D0FE613E6D11
:1099F000002E00D129E4FFF7EFF95346AE22013BD8
:109A000000215200934205D9544B534419005E2360
:109A1000FF339A4600233B652133FF339C46C83B06
:109A20009946503B9846D824B844C144CC444C4B4A
:109A3000624624013443994656468846E2463A62D5
:109A40002A6811780B002B3BDBB24D2B16D8484609
:109A50009B00C3589F467B6C0A2B0FDD414B1C407B
:109A60005346197001239A446B68013B6B60002BCD
:109A700068DD01322A60013E002EE1D1D146E305C6
:109A800008D53B6A9A4500D911E33B6A994501D153
:109A9000FFF7A8F910231A002240234214D14B46A5
:109AA000396A1A70F86D00227B6C7E6AB047FA6BD7
:109AB000131D9846A30600D4D2E213681860BB6C4D
:109AC0000133BB644346FB634A463B6AD61A3B6D8F
:109AD000F618B3447C6BFFF72AF9786C224B4000F0
:109AE000C35E7B641F4B1C40BAE7C0238020DB00B1
:109AF000234080008342C1D11C4B2340A024E400BA
:109B00001C4310237B64ABE780232342B6D09C43E5
:109B1000A6E7786C144B4000C35E7B64082B9DDC89
:109B2000ACE723059CD57B6C002B05D180239B00E3
:109B30001C43F93BFF3B7B64630500D483E20C4B81
:109B40001C408DE72900F86DFFF740F8002892D0FF
:109B500094E7C0467FF0FFFFFFFEFFFFA3FEFFFF7D
:109B6000D8F100107FF4FFFF10F30010FFFDFFFF9E
:109B70007FFAFFFF5346002B01D1013B9A46012398
:109B80001A0032409046102232409146334200D1B2
:109B9000D4E0002A00D0BCE2FB6B04CBFA64FB6388
:109BA000360601D400F065FC002A01D1FFF71AF94E
:109BB0008020F9F78DF98046002801D1FFF74FF991
:109BC000FB6C18603B6CDA883A659E88B24200D321
:109BD00027E318683A6D396C531CCB809300FA6CFC
:109BE0001A504346FB6220233B652B681B78E35CDD
:109BF0001B0700D5A3E1534600267B6001F0B0FFB0
:109C0000B04201D1FFF7E8F8902149003960C83926
:109C10008A4650398C462B683968721CBC443A63BA
:109C2000E2441A78514401338A556A682B60FB6913
:109C3000013A396039626A60032B00D089E3182346
:109C400008225833BA189E18BB6F042B04D0082280
:109C500000213000F9F76CF93B6B4146BB6100967F
:109C60003A6AF86D02F040F9F861431C01D1FFF740
:109C7000B3F8002800D0BEE342461060002002F096
:109C800065F9002800D048E13B6B9B4401235B420F
:109C90009C467B6863447B604B46002B01D000F000
:109CA0005BFC04339844FB6C002B01D100F0C6FC34
:109CB0004346FA6A9E1A00223A633A6DB310934201
:109CC00001D300F0D0FC6B68002B01DC00F089FCB4
:109CD0002B681B78E35C1B0700D530E17B68002B09
:109CE00000D12CE13E6B89E76B68002B01DDFFF7AB
:109CF0002DFB2900F86DFEF769FF002801D1FFF761
:109D000025FBFE6146463B687C689B46002E01D1E0
:109D1000FFF7C4FBFFF760F87869D100F9F7EAF8BC
:109D20007861002801D1FFF79AF8BB690219FA643B
:109D30003A6A5B001060BB61FFF794FB002A01D018
:109D400000F00EFCFB6B1B689846360600D446E319
:109D5000002B01D1FFF746F82020F9F7B9F8061ECD
:109D600001D1FFF77CF843463A6C1860D188396519
:109D70009388994200D3A3E110683A6D396C531C63
:109D8000CB80930042461A5020233B652B681A78FB
:109D9000A25C120700D5AFE1220031005446924682
:109DA000FE646A684E1C013A6A605A1C2A601B787D
:109DB0000B704346002B06D0FB6CF31A99463B6DA3
:109DC000994500D32DE3013C002C00D11EE16B68C6
:109DD000002B00DC13E151462B681A788A5C0821BD
:109DE000114200D012E13100DBE73B6B002B00D0C9
:109DF00098E1FB6B1B689946360600D42CE3002BD8
:109E000001D1FEF7EFFF2020F9F762F8061E01D11D
:109E1000FFF725F84B463A6C1860D188396593886E
:109E2000994200D3D3E110683A6D396C531CCB8052
:109E300093004A461A5020202B6820211A78583166
:109E40009446082290466246B84441448A5C002AFF
:109E500001D1FEF7C7FF5A46FC64B046834654461C
:109E60003A6518E04346D31A9A4616005B4531D24C
:109E7000013C002C00D1A4E06B68002B18DD082009
:109E8000202184462B6858311A78BC4461448A5C8E
:109E9000002A00D195E06A68013A6A605A1C2A607B
:109EA0001B78721C33704B46002BDBD11600DFE7AA
:109EB0002900F86DFEF78AFE0028E0D03B6D584679
:109EC000FC6C9B46464501D1FEF786FF4346F31ADC
:109ED0009A4681E05B465B00404619009B46F9F7D5
:109EE00009F88046002801D1FEF7B9FF56464B46D7
:109EF00046441860BCE7386AD100F8F7FBFF3862C7
:109F0000002801D1FEF7ABFF8146FB6A3A6B5B008C
:109F1000A1441060FB62FFF781F920230822FF3380
:109F2000AA465833BA18BC69FD6D9E18315D524679
:109F30002800013CFEF708FE002CF7D155464B46A1
:109F4000002B00D0C6E543464A461A60FB6C002B46
:109F500008D04346FA6A991A8B103A6D01339A4237
:109F600000D921E2BB6C7C6B0133BB64FEF7DFFEE2
:109F7000FB6C022B00D008E50323FB64FFF7ADFB6D
:109F8000FD223B6D033B134201D0FFF7BBFB02E513
:109F90004A46B346BB6856469A46E14B40461A408D
:109FA00091465946220001F0A5FD01235B429A44E7
:109FB000FB6A8046BB61FFF797FB0023FB60FEF75F
:109FC000EBFF3B6D58469B464346F31A9A46FC6CA2
:109FD000464501D1FEF706FFFB6B0433FB6300230C
:109FE00033704B46002B04D05346591C884200D98D
:109FF000DCE2BB6CD3440133BB64FEF798FE29005E
:10A00000F86DFEF7E3FD002800D1E4E6B146FA6CF6
:10A01000B31A591C9B44FB6B4A460433FB63002371
:10A0200013704346002B00D132E43B6D994200D3BC
:10A030002EE443461868F8F75DFF002800D127E4B6
:10A040004346186024E4B74B1C404346002B03D022
:10A0500001235B42984401363B6D01333B6503E5C8
:10A06000230700D443E1FB6B1B68187027E5B60794
:10A0700000D45FE13A6D7B6D0CC4FFF709FCFB6C0B
:10A08000B346013B4E46012B00D8DAE2A64B1E40F8
:10A09000FFF74BFB0095434601222100F86DFEF7C8
:10A0A000B5FD061E01D0FFF707F8FEF795FE5646F0
:10A0B000013E2A003178F86DFEF746FDB146E4E432
:10A0C0009A4A934201D9FEF7D1FE0822914699445B
:10A0D0004B4699003B6C1868F8F70CFF3B6C002866
:10A0E00001D1FEF7C1FE4A4618609A8045E6FB683A
:10A0F000013BFB60FFF7F8FAB14601218BE7002333
:10A10000BB617B613B625C330833DB19FB64FFF7A7
:10A1100017F900233B65FB62FB645C330833DB19F2
:10A12000984662E50820202184462A685831137831
:10A13000BC446144CB5C002B01D1FEF753FE464684
:10A14000A046544609E0082020218446137858315F
:10A15000BC446144CB5C002B35D06B680132013BC1
:10A1600001366B602A60A6422DD0002BEBDC290063
:10A17000F86DFEF72BFD002825D12A68E3E70023C0
:10A180009946FB623B623B63FEF7F6FFFB6D46467A
:10A19000002498460AE0D218290040462A60E418B4
:10A1A000F61AFEF713FD002800D009E26B682A6852
:10A1B0009E42F0DC9B1B9219A4196B602A60A34499
:10A1C0007C6BFEF7B4FD4446B344FEF7B0FD574A3E
:10A1D000934201D9FEF74AFE08229046984443462E
:10A1E00099003B6C1868F8F785FE3B6C002801D19C
:10A1F000FEF73AFE424618609A8015E64B4A9442B2
:10A2000001D9FEF72CFE3E6C08343068A100F8F747
:10A2100071FE002801D1FEF722FE3060B480FEF707
:10A22000A0FF424B9E4201D9FEF719FE3B6C083657
:10A230001868B100F8F75EFE002801D1FEF70FFEA6
:10A240003B6C18609E80C5E4022A00D82EE2032AE7
:10A2500001D1FFF76AFA4446B1464646A8463D6D2D
:10A26000013C42462178F86DFEF76EFC63199B1B9A
:10A27000DBB2032BF4D15A464546B0463B6D013A5A
:10A28000043BDBB2D21A93464246013AD31A4E46F9
:10A290009846FFF7C0FA3B6D022B00D806E2032B6D
:10A2A000D9D1FFF7B8FA214A964201D9FEF7D7FD76
:10A2B0003B6C08361868B100F8F71CFE002801D185
:10A2C000FEF7CDFD3B6C18609E80FFF72EF808234B
:10A2D000A1781E430234FEF76FFD0223A1781E43CE
:10A2E0000234FEF769FD40243443FEF715FF63078F
:10A2F00055D4E30700D582E1A40700D47FE10C4BDD
:10A300007A6A9A4200D1E2E100227B6C396AF86DE8
:10A3100001F000FDFB6B1B6803C3FFF7D0FBC046D9
:10A320007FFDFFFF7FFCFFFFFFFEFFFFF6FF00004A
:10A3300081B90010386D796D02000B00F8F743F910
:10A34000002846D1386D796DF8F7CEF92060FFF717
:10A350009FFA1823624658339E1878E4E54B7B62D7
:10A360000A237B64073B9946FFF7DCF85A467C6B6F
:10A370001A70FEF7DCFCE04B9E4201D9FEF776FD39
:10A380003B6C08361868B100F8F7B4FD3B6C002848
:10A3900001D1FEF769FD18609E80FEF773FEFB6B2E
:10A3A0001B681880FFF78BFBFC6C04312068F8F702
:10A3B000A1FD002800D1D5E52060D3E53C6B2068E5
:10A3C000F8F798FD002801D1FEF74BFF2060FEF75B
:10A3D00048FFCA4801F0DAFD2060FFF759FA1E0075
:10A3E000002398463B65D1E482B002AB3B64029106
:10A3F0000391FFF7E6F8FB69023300D163E44346BB
:10A40000186801F0A3FD002800D086E53B6B9B4453
:10A41000FB69032B00D039E43368042B00D035E40A
:10A420003AE45B001900F86C3B65F8F763FDF864EB
:10A43000002801D1FEF713FD060042464E4410608D
:10A44000C1E47B690022591CF86D0A2301F0F2F97E
:10A450003B69C21AFFF783F91E00002318009946D2
:10A46000EAE43B6B99460023FB623B623B63FEF7E9
:10A4700083FEFB6C984600233B65FB62FB64FFF7A1
:10A48000B4FB3B6AFB640023BB617B613B62FEF76C
:10A4900057FF02239946FFF745F82900F86DFEF7AC
:10A4A00095FB002801D1FFF71DF8FEF795FC944BB2
:10A4B00055E7904B7B6200237B6403339946FFF79B
:10A4C00031F82900F86DFEF781FB002801D1FEF775
:10A4D000F9FEFEF781FC2900F86DFEF777FB0028F6
:10A4E00001D1FEF713FEFEF777FC2900F86DFEF7A9
:10A4F0006DFB002801D1FFF76DF8FEF76DFC290018
:10A50000F86DFEF763FB002801D1FEF793FDFEF71F
:10A5100063FC04239946FFF705F8FE6146463B6855
:10A520007C689B46002E01D1FEF7B8FF20235032F5
:10A53000FF339B186246A846FE6AFD6DA1469C1833
:10A54000A15D42462800013EFEF7FEFA002EF7D13B
:10A550004C464546FEF7A2FF00233B63FFF7B3FBE3
:10A560002A681378E35C1B0701D5FFF7B3FA2300D1
:10A5700008264446984605E041461378CB5C1E42C7
:10A5800000D01CE66B680132013B01346B602A602D
:10A59000544500D113E6002BEEDC2900F86DFEF7E0
:10A5A00015FB002800D00AE62A68E5E74B46186844
:10A5B000F8F7A0FC002800D11BE54B46186018E511
:10A5C000002C01D1FEF708FCA344F9E5F2072BD4D7
:10A5D000B60729D55A461A60D2177C6B5A60FEF727
:10A5E000A6FB2900F86DFEF7F1FA002801D1FFF76C
:10A5F0006FFB3B6B002B01D0FEF7EEFB9FE4FB6B88
:10A600001B681860FFF75BFA4A463E4B1A4001236D
:10A6100091463B65FFF761F84A463A4B1A400123E1
:10A620009146FB64FFF759F85A461A607C6BFEF7B7
:10A630007EFB01235B42BB64FEF7E2FB3B63FFF75B
:10A6400042FB3A6A904501D8FEF7CCFB2E00444607
:10A650001500013C32002178F86DFEF775FAAC4226
:10A66000F7D1FEF7BFFBF86AD100F8F743FCF862B8
:10A67000002801D1FEF7F3FB80463B6DFA6C5B00CE
:10A68000B04410603B65FFF71EFB3A6A904501D865
:10A69000FEF7A8FB44461600013C2A002178F86D1D
:10A6A000FEF752FAB442F7D1FEF79CFB3A6A4446F1
:10A6B0001600904501D8FEF795FB013C2A00217851
:10A6C000F86DFEF741FAB442F7D1FEF78BFB00229A
:10A6D0007B6C396AF86D01F003FC1BE6BB6C002B48
:10A6E00004D0AB895B0601D4FEF77FFB3B6CFEF721
:10A6F000BBFBC04635B80010F6FF0000D4DB0010ED
:10A7000081B900107FF8FFFF70B516000D0002F050
:10A71000F5FD002E0DD06B236A00520D9B1A002B05
:10A7200007DD0024034A1B059D182B002200F7F7C4
:10A73000E4FE70BD0000F03FF0B5DE4657464E46E1
:10A7400045460C0081468B4600200021E0B592462C
:10A750009FB000220490059121001A9219910A7865
:10A760000D002D2A03D8A64C9000205887460021C2
:10A77000069100210791302A00D1BDE02F2A00D890
:10A7800081E2170028000021002600240BE0B3001E
:10A7900001309E1976001990B6180278303E1700E5
:10A7A00001342F2A0FDD392A6BDC082CEFDD8B00FA
:10A7B0005B1801305B001990991802783039170046
:10A7C00001342F2AEFDC0A9101228E4901F05CF955
:10A7D000002800D145E20023A0460C930B93089378
:10A7E00043461F00102B00DD10273000F7F7F8FE5E
:10A7F000434604900591092B18DD3A00824B093A33
:10A80000D2009B180CCBF7F778FE049005910A98BC
:10A81000F7F7E6FE0B00020004980599F7F746FEED
:10A820004346049005910F2B00DDACE00B9B002B01
:10A8300001D100F039FC0B9B002B00DC40E3162B10
:10A8400001DC00F021FD424625239B1A0B9A93421E
:10A8500000DA98E043460F246B4DE41AE1006918D2
:10A86000049A059B03C9F7F748FE0B9B1C1BE400E9
:10A870002D190CCDF7F741FE04000D0011E2013156
:10A880006CE70A9101225F4901F0FEF8002846D1E9
:10A89000199B581C19905B7884461A00002C00D034
:10A8A000E3E163460021302A08D1190001331993EE
:10A8B0001A78302AF9D06346C91A01311300313BA6
:10A8C000082B00D873E220239A43452A00D11CE3C9
:10A8D000079B0B4300D0E2E1534600240025002BE8
:10A8E00001D05A461A60200029001FB0F0BCBB46B8
:10A8F000B246A946A046F0BD6A7820318A436C1C56
:10A90000582A00D1D3E3250019942A780134302A3B
:10A91000F9D0002A00D1C2E1012307932EE70023DA
:10A920000021002210940C93202338009843030048
:10A9300000200890452B00D1C1E1002C00D02BE273
:10A94000079B0B4300D0AAE1002AC5D1692F00D193
:10A95000E2E201DD00F08CFC492F00D1DCE24E2F59
:10A96000BAD12A4919A801F06FFF0028B4D0199B69
:10A970001B78282B01D100F06CFD254801F000FB6D
:10A9800004000D008DE143460B9ADB1B9B18002B46
:10A9900000DC66E20F221F001100974319401A42A3
:10A9A00001D100F005FC184BC900591803C9049ADD
:10A9B000059BF7F7A2FD04900591002F01D000F050
:10A9C000F7FB00230A9343462200290048460096DD
:10A9D00002F0E0F81490002801D100F061FC0B991E
:10A9E0000027CB4300260C9A0898DB17101ACA17C9
:10A9F00010401940B3463D0010901591EFE0C0465D
:10AA000034F30010F8D8001060610110CCDD0010A4
:10AA1000D4DB0010D648C91A521A834200DAFCE28D
:10AA200001238B401193002312930A9BB918B61887
:10AA3000F61808913B008F4200DD0B00B34200DDA9
:10AA40003300002B04DD089AF61AD21A0892FF1A76
:10AA5000109B002B00DD86E2089B002B00DD9CE2B2
:10AA60000B9B002B00DDC9E2002E00DDB9E2002FB8
:10AA700008DD59463A00484602F0D0FA83460028DD
:10AA800000D1B7E248461A99079A02F067FB051E03
:10AA900000D1AFE2C368594698460023C36002F074
:10AAA00037FB002801DA00F0FEFC059B089301D17A
:10AAB00000F082FC5946280002F00AFD80230022A3
:10AAC000DB0506000F00F7F769FD002800D139E229
:10AAD0004346002B00D0ADE2049B002B00D034E3B2
:10AAE000089B1B0300D0D6E2002230003900A14BA6
:10AAF000F7F74EFD002801D000F038FC00229E4BF5
:10AB000030003900F7F7F9FC0A0001001300129138
:10AB10001392802212069B180E900F93974A089B5F
:10AB20000E9E0F9F13401A001193954B9A4200D12D
:10AB300087E20A9B002B28D0D423119ADB049A4287
:10AB400023D8129813998F4A8F4BF7F727FD0028C7
:10AB500016D012981399F7F783FD002800D1013021
:10AB6000F7F73EFD434612901391002B01D000F001
:10AB7000E8FB802212068B1816901793169E179FDB
:10AB8000D623119ADB04FB189F1A0C980D9902F03A
:10AB9000B5FB02000B0030003900F7F7AEFC0C9A51
:10ABA0000D9BF7F783FC0E00049005910A9B002B88
:10ABB00005D1724B119A33409A4200D192E2484635
:10ABC0001A9901F08BFF4846079901F087FF594613
:10ABD000484601F083FF2900484601F07FFF149C9E
:10ABE0004846616801F04EFF031E079000D101E264
:10ABF00022690C3302320C34210018009200F8F75D
:10AC00009DF90499059A1CAB01931BAB0C910D9215
:10AC10000093484613000A0002F0F2FB011E1A904E
:10AC200000D1C3E10121484602F082F883460028A2
:10AC300000D1DFE11B9B002B00DAAAE1109A159EE0
:10AC40009F180A991C9A5B1A36219B188A1A4F4939
:10AC5000013B8B4200DADDE60023129301331193AE
:10AC6000E3E6199B581C19905B781A00303A092AC0
:10AC700000D9DDE0171E01D100F00FFD01232100F6
:10AC800010940C93E0E201222800414900F0FCFE00
:10AC9000002800D149E3079B002B00D11CE60024CB
:10ACA00000255246002A01D0199B1360069B002BF9
:10ACB00000D118E6802109066B181D0013E6230059
:10ACC0000B430798034300D106E6199B9B46584661
:10ACD000431C199347782B2F00D1D9E12D2F00D099
:10ACE000BCE0012398465846831C199387783B00A3
:10ACF000303B092B00D98BE11998302F0ED1431C22
:10AD000019931F7818000133302FF9D000230893CE
:10AD10003B00313B082B00D90FE60133471C199744
:10AD2000BC46477808932F2F00DCA7E20B916146C1
:10AD30009446089A09E093009B1801315B00199131
:10AD4000DA190F78303A2F2F01DD392FF3DD089211
:10AD5000081A62460B99082800DC8FE20D4B089315
:10AD60004346002B00D1E8E5089B5B420893E4E5ED
:10AD7000E3FBFFFF0000F03F0000E03F0000F07F3A
:10AD80000000E07F0000C0FFFFFFDF4102FCFFFF8B
:10AD9000F8D800101F4E0000089B0C9AA0469B1A82
:10ADA0000B93109B002B00D11AE51C0018E54B1CDF
:10ADB0001998303A0C9300231700050001241093D2
:10ADC0000021B3009B195B00FE18431C19931F78E8
:10ADD00018003B00303B092B00D9C4E11F004A1C7E
:10ADE000431C002F01D100F03FFC0C9B9C46944477
:10ADF00063460C93012A01D100F039FC3200631C38
:10AE000080462E009C4615000A9808E0AA005519B5
:10AE10006D0001331A1B013A914200DC0DE25A1E0B
:10AE2000082AF3DD102BF4DC820010184000F0E754
:10AE300020229343452B61D03000F7F7D1FB0490DB
:10AE40000591092C00DC2FE12700102C00DD1027D4
:10AE50000023A0460C9308930B93CEE4002398465E
:10AE600045E7002B00D1ACE50F2211005B421940F1
:10AE70001F111A4200D06AE21F2F00DDE2E2102308
:10AE80001A003A400A923B4201D05A330A93B34621
:10AE9000049805992600B54C01E07F100834012381
:10AEA0003B4204D17F10083401233B42F5D0226895
:10AEB0006368F7F722FB7F1000D161E20834F3E703
:10AEC0000B9B163300DA5EE508990C9AA84B521AD0
:10AED000D2009B180CCB04980599F7F7F0FA040000
:10AEE0000D00DEE6002206924D1C19954A78002AD4
:10AEF00000D03EE4F0E401220692F5E70023834609
:10AF00000021012210940C93E1E600220B00109224
:10AF10000C9200240132D4E6964919A801F094FC61
:10AF2000002800D1D8E4199B9349013B19A8199333
:10AF300001F08AFC002802D1199B013319930024E7
:10AF40008E4DAEE68E4B002230003900F7F7D5FA71
:10AF5000434612901391002B67D1802212068B1862
:10AF60000E900F93DAE559461A00484601F0ECFFBF
:10AF70001A998346002819D00A000100484601F0BA
:10AF800007FF1A99041E11D0484601F0A7FD1A9434
:10AF900062E5159A109FD61A53E61A994846089A00
:10AFA00002F03CF8011E1A9000D059E55E462F00D1
:10AFB00022234A460024714D1360484601F08EFD5D
:10AFC0004846079901F08AFD3100484601F086FDA8
:10AFD0004846149901F082FD3900484601F07EFD93
:10AFE0005FE632004846079902F018F807900028FB
:10AFF00000D03CE55E462F001A99D9E74846159ADD
:10B00000079901F0A1FF0790002800D02CE5F1E797
:10B010005B461993002308938FE45A49CB1A012108
:10B020009940012312911193FFE4129B139C0E93FC
:10B030000F9473E50023544C0E930F9412931394C2
:10B040006CE5524A089B9B180593049E059F3000AF
:10B05000390002F053F90E9A0F9BF7F74EFA3200BF
:10B060003B00F7F723FA454B494A049005910B4002
:10B07000934200D8F7E00C980D99464A914201D1CD
:10B08000441CB7D00123434C5B420493059496E5DE
:10B090000023984627E600233F4C0E930F9400238D
:10B0A000394C1293139439E5049C059DF9E50293FC
:10B0B000069B484601931AAB0093384A1BAB19A96B
:10B0C00001F0C6F80F231E0005000640034200D120
:10B0D000E5E5062E00D0E7E00023199400250024C2
:10B0E0000693DEE512981399F7F7D2FAF7F7C4FA48
:10B0F00002000B0012981399F7F7CFF94346049A10
:10B1000036031343360B08900991254A33430DD17A
:10B1100008980999234BF7F73BFA002800D14EE530
:10B120005E462F00049C059D1A9946E71E4BF7F7D3
:10B130002FFA0028F4D1089809991C4A104BF7F708
:10B140003DFA002800D13AE5EAE7012BA3D1089B9C
:10B15000002BA0D15E462F0022234A460024002562
:10B160001A99136029E70122FFF7DEFB30F4001083
:10B1700060610110C0DD0010C4DD00100000F07F30
:10B180000000E03FE2FBFFFF0000F03F0000B0FCEA
:10B19000FFFF9F7CFFFFEF7F0000F0BF18F400105F
:10B1A0009535A094FFFFCF3FFFFFDF3F35E5AF357B
:10B1B0009A235B009F4273DC3F11012F00D1CBE14A
:10B1C00004980599D24B049407969B462E001C00C8
:10B1D000002501233B4203D022686368F7F78DF90D
:10B1E00001357F100834012FF3D1049C04900591A0
:10B1F0002F003500079E059BC64AF9009B18059352
:10B200005944049A059B03C9F7F777F9C24BC34A1F
:10B21000049005910B40934242D8D420C04A800448
:10B2200009180591934201D8FFF7CBFB0122BD4BD2
:10B23000524204920593FFF7C4FB2B000A9035009D
:10B2400040461E00013961444C1C082900DCB7E56A
:10B250000021102C00DDB8E50A9A93009B185B00D2
:10B26000FB180A93B1E5D4239B04CE1805969DE400
:10B270006E2F01D1FFF775FBFFF72EFB0898AA4B45
:10B28000984200DC6CE56AE50B9AA84BD10059188E
:10B2900003C9049A059BF7F730F904000D0000E597
:10B2A00022234A4613604AE61A9A002A07D035211B
:10B2B0001CA802F03BF948461A9901F00FFC052E34
:10B2C00000D9C3E19A4BB6009B599F461C9B9949F4
:10B2D00004931D9B1B9A0B40974952181205134368
:10B2E0000593ED0503D580221206134305938A4A80
:10B2F000049C059D134200D0D3E4FDF757FA2223A6
:10B300000360CEE401238D4C5B4204930594ED056C
:10B3100000D4C9E6059BE6E77F4B0593F7E71C9948
:10B320001D9A1D9B04910592DBE7199B01229C4607
:10B330009444624619925A78002300260A93FFF734
:10B34000B0FA129B139C16931794FFF717FC774BD8
:10B35000C9005B180CCB04980599F7F7B0F8049076
:10B360000591002F01D1FFF72CFB85E50023744CDC
:10B370000E930F940023734C12931394FFF7CEFB9C
:10B380000A9B3400049005915E46002B52D06B233B
:10B390004A00520D0F009B1A002B4BDD1F2B42DD84
:10B3A00000210491342B00DC47E1DC239B0405934E
:10B3B0006A230A93FFF707FB4146059A2F000C9C6E
:10B3C0000D9D12035E46129B120B002954D05E495C
:10B3D0008A4200D1E0E0002B00D1EBE0089A1A424B
:10B3E0000CD0049805990A9AFFF78EF902000B0019
:10B3F00020002900F7F75AF804000D000A9B002BE3
:10B4000000D191E620002900504B0022F7F775F893
:10B41000414B04000D000B4200D085E622234A4632
:10B420001A991360C9E5012252429A4002400492DF
:10B430000498059900220023F7F7A2F8002801D10B
:10B44000FFF7C1FA22234A46002400251360FFF7C4
:10B4500028FC3F491CAA19A801F00EFA052801D0C2
:10B46000FFF78BFA1D9B2C4A1A431C9B05920493F1
:10B47000049C059DFFF715FC002A71D1049A002A4F
:10B4800000D0D3E00A9B434500D1BFE0224B089A8D
:10B490001A40D6239046DB049A422CD8DC239B0426
:10B4A0009A42AFD858E643460499059A2F000C9C5F
:10B4B0000D9D5E460B43A1D1089213039ED1164BFE
:10B4C0001A40D6239046DB049A4297D97B69002B19
:10B4D00002D13B69012B91DD39000122484601F080
:10B4E0009DFD3100070001F013FE002886DD0A9B58
:10B4F000002B00D18AE04346164A9B18124A1A4391
:10B5000001235B4205920493049C059D7AE7C046A3
:10B51000386101100000B0FC0000F07F0000A07C4A
:10B520000000907CFFFFEF7F1F4E00006061011064
:10B53000ECF30010FFFFEFFF33040000FFFFFF7F7D
:10B540000000E0BF0000E03FFFFF0F0000005039A7
:10B5500004F400100000F0FF584B00279B464AE619
:10B56000002B2DD1119B049A134200D146E7049879
:10B5700005990A9AFFF7C8F802000B00200029007D
:10B58000F6F78BFF0022002304000D00F6F7F8FF0A
:10B59000002800D132E7DFE50A99049A814225D1DB
:10B5A000511C12D0834259D0089A1A4200D018E791
:10B5B0001A9902E5119B049A134200D11EE710E785
:10B5C000089A1A4200D119E7D1E73D4B08999942F0
:10B5D00068D03C4B089A1A401300802252039B18F3
:10B5E000059300230493049C059D07E708983549BB
:10B5F0000140D420C004814240D9511CE5D0002B29
:10B6000037D00898184200D1FCE6EAE62D4B089A9C
:10B610001A991A4013002C4A9B182C4A1A430123EA
:10B620005B4205920493049C059DC6E4002BC7D1A0
:10B63000119B134200D1E1E699E74B239A1A4C3B48
:10B6400093401F40059704980599F3E6ED0532D520
:10B6500080231B060593049C059D4EE6119B134217
:10B6600000D0BEE61A99A8E41100FFF7AFFB210055
:10B67000EAE5119B134200D1C4E6B2E66B20090D46
:10B68000401A0121494281408A429ED0002BF0D0CD
:10B69000089A1A4200D1B5E6A3E6012110940C9253
:10B6A000FFF793FB013294D122234A4600241A99D2
:10B6B000044D136081E4002400251EE6386101106A
:10B6C000FFFFEF7F0000F07F0000F0FFFFFF0F00A3
:10B6D00010B5024BFFF730F810BDC046201800200F
:10B6E000F0B55746DE464E464546E0B583468946A8
:10B6F00092461D001F0083B0242B3DD8012B3BD068
:10B700000B000820494E1A0014780133315D0842BD
:10B71000F9D198462D2C00D172E02B2C38D0444B17
:10B72000009300230193002D4ED1302C00D170E006
:10B730000A270A2539000098F6F774FC43460600EC
:10B740008C46002000212200303A092A07D9113AFC
:10B75000192A03D92200613A192A21D80A329542BE
:10B760001EDD4C1C05D086422BD328D00121784306
:10B7700010181C780133E6E7FDF718F8162303606C
:10B78000002003B0F0BCBB46B246A946A046F0BDBF
:10B790001C78931C9846264B009300230193C2E724
:10B7A0004A1C23D0019A002A00D040425246002A67
:10B7B000E7D0002936D153464A461A60E1E794455E
:10B7C000D4DA01214942D4E7102DB3D11027302C0F
:10B7D000B0D1434620221B789343582BAAD143462D
:10B7E0005C780223102710259844A3E722225946AB
:10B7F0000A605246002A17D0013B99460098DAE7C2
:10B800001C78931C984680231B0600930123019308
:10B8100089E7434620221B789343582BDFD0082723
:10B82000083587E70090E7E70098AAE759F4001089
:10B83000FFFFFF7F10B5FFF753FF10BDF0B54E4679
:10B840005746DE4645468A46E0B50C0091461E0046
:10B85000082183B00190464823001D780134425DE1
:10B860001142F9D12D2D5ED0002293462B2D33D0DD
:10B87000002E07D1302D62D00A23052198460A26D2
:10B880003C4F0DE0102E53D0012031004042F6F71E
:10B89000C9FB0700012031004042B046F6F7C2FB69
:10B8A000002200202B00303B092B07D9113B192B1C
:10B8B00003D92B00613B192B11D80A339E420EDDB0
:10B8C000551C06D0B84221D81ED042465043012212
:10B8D000181825780134E5E725789C1CC8E7531C27
:10B8E00017D05B46002B00D040424B46002B04D0C3
:10B8F000002A15D14B4652461A6003B0F0BCBB4635
:10B90000B246A946A046F0BD8B42DEDD012252427E
:10B91000DFE72223019910000B604B46002BECD08F
:10B92000631E9A46E6E725789C1C01239B469FE709
:10B93000302D0FD010230F2198460F4FB0E7202253
:10B9400023789343582B0AD00823072198460B4F9E
:10B950000836A5E7202223789343582BEAD11023F9
:10B9600065780F2198461026034F023498E7C046A9
:10B9700059F4001099999919FFFFFF0FFFFFFF1F5E
:10B9800010B5FFF75BFF10BD30B50C785E2C20D0F2
:10B9900000234D1C9C4600210300421CFF321970FD
:10B9A00001339342FBD1002C10D001226346534057
:10B9B0001A0002556B1C9C462B782D2B11D05D2B49
:10B9C0000DD0002B03D01C006546F2E7013D280096
:10B9D00030BD01234C788D1C9C460121DCE7654677
:10B9E000F5E769785D2910D08C420EDC2300023522
:10B9F0000133C2549942FBDC8C4203DB0021013449
:10BA00000C19D7E7091B0139F9E72D246546D0E762
:10BA1000F8B50C002300096B4033994211D0666BD6
:10BA200077003A00FCF714FC051E23D00100320019
:10BA30008019F7F783FAAB19236025636763002049
:10BA4000F8BD8021C900FCF737F9002812D0802307
:10BA5000DB00636342232063E25C084BC254412352
:10BA6000E25C074BC2544023E25C064BC254C01850
:10BA70002060E4E701204042E2E7C046FF03000007
:10BA8000FE030000FD03000010B5002A2AD00300C9
:10BA90000B439B0715D1032A13D9144B9C460CE08A
:10BAA000043A002A1ED0124C1C199C4363461C42C7
:10BAB00018D104300431032A03D903680C68A34267
:10BAC000EED003780C78013A8218A34208D00BE03C
:10BAD000002B07D043784C7801300131A34203D1C9
:10BAE0009042F5D1002010BD181BFCE780808080BB
:10BAF000FFFEFEFE30B50C0004430300A4071CD17A
:10BB0000032A1AD9144B9C4665460C680300134857
:10BB10002018A043284210D11800043A043110C064
:10BB2000032AF1D803001C00002A09D00878013A42
:10BB3000013320700131002804D01C00002AF5D107
:10BB4000200030BD0021D018002AF9D0197001332F
:10BB50009842FBD1F4E7C04680808080FFFEFEFE65
:10BB60008422024B9200985C7047C0462018002047
:10BB700000487047F8190020F0B54E464546DE46AD
:10BB80005746E0B58BB00D0005911E0008210790C7
:10BB90005E4801922B001C780135025D1142F9D1FB
:10BBA0002D2C00D183E02B2C4AD001235B42039340
:10BBB000574B049300230693002E08D1302C00D15C
:10BBC0007FE00A239B4600230A26009305E0102EFF
:10BBD00000D181E0B346F31700935A46009B0398C7
:10BBE0000499F6F75DFA0F008246029200200022C7
:10BBF00000212300B146B84610E0414501D150452F
:10BC00001BD8824540D05A46009BF7F7FDF8260026
:10BC1000E7178019794101222B7801351C00303C4F
:10BC2000092C04D9113C192C0DD8373B1C00A14517
:10BC300011DD531CF0D04145DFD901225242EBE720
:10BC40002C789D1CB1E71C00613C192C03D8573B94
:10BC50001C00A145EDDC531C1ED0069B002B04D01C
:10BC600003000C0000215842A141019B002B04D08D
:10BC7000002A45D1019B059A1A600BB0F0BCBB4667
:10BC8000B246A946A046F0BD8845BCD1029BA3425E
:10BC9000B9DA01225242BFE72223079A1360019BBF
:10BCA000002B30D06B1E039804990593E2E72C78A3
:10BCB0009D1C0023039380231B06049301230693FA
:10BCC0007AE720222B789343582B11D008239B46E8
:10BCD00000230836009380E7302C04D010239B46C5
:10BCE0000023009379E720222B789343582BF5D13A
:10BCF00010239B4600236C781026023500936CE7D6
:10BD000003900491CEE703980499B6E759F4001024
:10BD1000FFFFFF7F10B5FFF72FFF10BDF0B54E46B8
:10BD20004546DE465746E0B589B00D0003911E003A
:10BD300008210590654801922B001C780135025DB1
:10BD40001142F9D12D2C00D18DE0002204922B2C30
:10BD500051D0002E0DD1302C00D189E00523029363
:10BD60005B4B0A2698460A239B460023594F0093B3
:10BD700016E0102E00D18BE0F31732000120404274
:10BD8000C11799460093F6F78BF9320080460F00F1
:10BD90004B4601204042C117F6F782F9B3460292A2
:10BDA000C2460022002000212300B146B84610E020
:10BDB000414501D150451BD8504540D05A46009BC3
:10BDC000F7F722F82600E7178019794101222B782E
:10BDD00001351C00303C092C04D9113C192C0DD81C
:10BDE000373B1C00A14511DD531CF0D04145DFD984
:10BDF00001225242EBE72C789D1CAAE71C00613C13
:10BE0000192C03D8573B1C00A145EDDC531C1ED058
:10BE1000049B002B04D003000C0000215842A141D8
:10BE2000019B002B04D0002A1AD1019B039A1A60AF
:10BE300009B0F0BCBB46B246A946A046F0BD41459C
:10BE4000BCD1029B9C42B9DD01225242BFE72223B2
:10BE5000059A01204042C1171360019B002BE7D0D7
:10BE60006B1E0393E1E72C789D1C0123049370E77C
:10BE700020222B789343582B1BD007230293083B97
:10BE8000984609339B460023134F0093083687E7F3
:10BE9000302C09D00F230293103B984611339B4658
:10BEA00000230E4F00937BE720222B789343582BDF
:10BEB000F0D10F230293103B984611339B46002389
:10BEC0006C781026054F0235009369E759F400108D
:10BED0009999999999999919FFFFFF1FFFFFFF0FF2
:10BEE00010B5FFF71BFF10BD30B583B004000698F6
:10BEF00000280DD0E62513486D004559002A12D0C0
:10BF0000069800902000A847431C15D003B030BD10
:10BF1000F4308446A4446046E625069009486D0046
:10BF20004559002AECD1069B0021009320000123F3
:10BF3000054AA847431CE9D10023069A13608A33B7
:10BF40002360E3E720180020D4DB001010B50021A7
:10BF500000F002F810BDC04610B500F0C5F80400AE
:10BF600000F0F6F81A38C0B2022806D923000020E3
:10BF70000422093B9A42404110BD0120FCE7C04623
:10BF8000002001497047C0460000F87F0048704714
:10BF90000000C07F030A8446DBB2C0B2022922D06F
:10BFA000032903D0803B8038DBB2C0B21A00503284
:10BFB000D2B21F2A0AD91A003032D2B2242A35D876
:10BFC0003C4A94452FD90120404270473A4A944553
:10BFD000F9D83A49B03BDA01D21A5200A138101808
:10BFE0004000405AF1E79E280ED923308022C0B28B
:10BFF0009F2B0ED8703B5B00D318DBB21A00503277
:10C00000D2B21F2AD7D8E1E77E387F22C0B29F2B59
:10C01000F0D950335B00D318DBB21A005032D2B2E1
:10C020001F2AC8D8D2E72649D03BD4E75F33DAB21B
:10C03000072AC8D8234B92009B589F46F128C2D8A4
:10C04000214AA1384000805A0028BED10138BCE7FF
:10C05000D828B8D81D4AA1384000805A0028B4D149
:10C060000138B2E7F628AED8C0239B01C018ACE770
:10C07000F328A8D8164BC018A7E7164BC35C002BB3
:10C08000A1D0154BC018A0E7144AA1384000805A2F
:10C0900000289AD1013898E7114AA1384000805A07
:10C0A00093E7C02800D98EE70E4AA1384000805A95
:10C0B0008BE7C046A6F40000D3CF0000F80F0110B4
:10C0C0007CF500105CF500106427011008280110B1
:10C0D000A02F0000D727011060FE0000D428011017
:10C0E000902901102427011070B50500002917D0F0
:10C0F000124BCC1820001249FCF76CFB002804D12D
:10C1000001212800FFF746FF70BD20000D49FCF714
:10C1100061FB002806D102212800FFF73BFFF3E76F
:10C12000094CE7E720000949FCF754FB030028000D
:10C13000002BE9D10321FFF72DFFE5E712020000F4
:10C1400014DE001018DE0010321A002020DE00106D
:10C15000124BF0B5060098421BD80024104D114F29
:10C1600002E0541CA54214DB6319DA0FD2185210F6
:10C1700053009B185B00FB1859885878090201434B
:10C18000988840188642ECD88E4204D2551EA542AB
:10C19000EADAFF20F0BD1878FCE7C046EF010E0098
:10C1A000F90800004C2A0110F0B5CE464746036955
:10C1B0008446994680B54D11AB4209DC00236246A6
:10C1C0001361002362465361C0BCB946B046F0BD5E
:10C1D0001F260400370014349800AB002018E31821
:10C1E0000F400E421AD040CBFE40984228D9202260
:10C1F000A046D11B1A688A403243464604C6B04660
:10C2000040CBFE409842F5D84B46591B8900611837
:10C2100004390E60002E0CD004310AE0220098424E
:10C22000CCD940CB40C29842FBD84B46591B890021
:10C23000611862460B1B9B101361A142C4D1C0E779
:10C2400063465E61002EB9D021000431F1E7C0469B
:10C25000F0B557464E46DE464546E0B58946096884
:10C2600092468A7887B003900593302A00D02EE258
:10C27000CB1C1D0001335A1E1278302AF9D0691ADE
:10C280008B1E0193C04FBB5C002B00D1FAE0002253
:10C2900000242B789046BD4AFB5C0292002B00D113
:10C2A00066E12E0073780136FB5C002BFAD1012287
:10C2B00030000299FFF7E8FB8346002852D00022A5
:10C2C00033789346002C02D0A41BA2009346202270
:10C2D00034009343502B51D04B461E604346002BF5
:10C2E0007BD1631B013B0021072B03DD01315B1078
:10C2F000072BFBDC039800F0C5FB0190002800D160
:10C3000091E2019B14330493A54200D3F4E19846D3
:10C31000002399463B0000264746A8464D469946CD
:10C320000CE0202E19D03200043649462378CB5C2D
:10C330000F210B4093401D4344455CD0013C2378C2
:10C340002E2BEED14445ECD3012220000299FFF7B9
:10C350009BFB0028F0D0202EE5D120C70022042628
:10C360000025E2E7002C00D1A4E12022A41BA300B9
:10C370009B46337834009343502BADD163782B2BFD
:10C3800000D17EE12D2B00D0E7E00122A378A11C93
:10C39000FB5C2600581E18289ED84E1C4978103B7E
:10C3A000795C180000290AD10CE083001B185B009F
:10C3B0000136581833781038F95C002901D0192952
:10C3C000F3DD0300002A00D05B42DC469C444B4670
:10C3D0001E604346E346002B83D0019B06245A424D
:10C3E00053415B421C40200007B0F0BCBB46B24644
:10C3F000A946A046F0BDB846A94646464B4608C6E3
:10C40000049B019AF61AB3101361484600F01AFC17
:10C4100053461D68F600301AA84251DC00DA32E1BA
:10C420009B685A465B4500DA22E153465B689A42B4
:10C4300000DB95E09C1A671EAC426EDA0026002FE6
:10C4400000D074E11F21012339408B407A110499F7
:10C4500092008A58019821002D1B1A4200D150E108
:10C46000FFF7A2FE53465B689B465346DC68022CEE
:10C4700000D199E0032C00D16AE1012C00D197E1B1
:10C4800012246EE0414B0122190028000293FFF7AD
:10C49000FBFA804600286DD16B786C1CFA5C002A90
:10C4A0006AD02500302B00D086E16B780135302B27
:10C4B000FBD0FB5C5A425A41904601220192EDE6C4
:10C4C000441B2100019801F053F8061E0FD01F21D4
:10C4D0000123601E01408B404211049992008A584A
:10C4E00001261A4203D0012800DD26E102262100A0
:10C4F0000198FFF759FE5346DC469B68A444E34687
:10C50000634500DAB4E053465B686246634500DC8D
:10C51000E1E09C1AA54200DDFAE05246D268022A08
:10C5200036D0032A00D11AE1012A34D1AC4232D1EB
:10C53000012C07D00198611E01F01AF800282AD0BA
:10C5400053465B68059A049913600123019A62249B
:10C5500013610B60109B1A6045E70022611C17E70E
:10C560000124109B019A1A605A46059B1A603AE70B
:10C570002E009CE62C002B7820229343502B00D1D8
:10C58000E8E04B461C6028E728600110F8D800104E
:10C59000119A002AD6D00199039800F09FFA00233F
:10C5A000109A502413601EE70123119A9B1A1193CD
:10C5B000119B002B00D19CE0019B00211E69049B74
:10C5C000B200914618009846484403E002C39842DE
:10C5D00000D8C9E01A68571CF8D001321A60022C42
:10C5E00000D1D1E01F231C002C402B4200D1ADE034
:10C5F0004B464344043B186800F024FB20231B1BDC
:10C60000984200DBA2E0019B1969002900DCFCE0F4
:10C61000019A890053694144183210005B08914225
:10C6200000D8F9E044461A000368DB07134308C446
:10C6300004C852088142F7D81300019A8A1A414669
:10C64000193A92089200043152181360002B00D05E
:10C65000043243460199D31A9B100B61424500D125
:10C66000D6E053465A469B680132934693426DDAB0
:10C670000199039800F032FA0023109AA324136062
:10C68000B1E6002282E62C1A22000199039800F0FC
:10C69000C5FC5B461A1B53469B68934601909A4221
:10C6A000E6DC53465B689A4200DB59E7010014312F
:10C6B0000491BFE67378741CFA5C2600002A00D14E
:10C6C00005E673780136FA5C002AFAD1FCE500230E
:10C6D0008D1C0193D6E50124002E00D141E753467D
:10C6E000DB68022B00D15FE7032B00D160E7012B51
:10C6F00014D010231C4334E7049B9846002399462A
:10C700007BE6FFF751FD53465B6802249B46E3E757
:10C71000671E002E00D191E6012693E6B307E8D507
:10C72000049B1B681E43F60700D545E7E1E7390087
:10C73000019800F01DFF060084E60198A11E00F09C
:10C7400017FF002800D1D1E60326D0E6212408E710
:10C7500002242DE700239B46013398460EE6119AEA
:10C76000002A00D0EEE616E7019B9B689E4226DA7F
:10C77000019A711CB300D318116101225A61049B04
:10C780009846022C00D040E753461B682224013B08
:10C79000AB4200D0E5E61F21012329408B404146F2
:10C7A0006A11920054581C4063425C412134D8E61F
:10C7B000022302241E43B3E70123019371E5019B89
:10C7C00003985968013100F05DF9071E31D0019BD3
:10C7D0000C301A690C33023219009200F6F7AEFBE6
:10C7E0000199039800F07AF901223B690197591CDD
:10C7F0009B00FB1839615A6114239846B844022CF7
:10C80000C2D08E4200DBEDE6FFE60023019A136101
:10C810000023019A536124E742461360002BF4D0B1
:10C820004246043215E70022E421054B0548F7F79C
:10C83000A3FF3A008421024B0248F7F79DFFC04650
:10C8400028DE00103CDE0010844610B5026808E0C7
:10C85000137801311C00413C192C00D8203383424D
:10C8600007D1087801320028F2D1634601301A60FE
:10C8700010BD0020FCE7C046F0B51F245746DE4639
:10C880004E46454692460A682100E0B50300501125
:10C8900087B08000114050440391144200D098E0CA
:10C8A0000400021F0020211F0860186802914178CF
:10C8B000002900D1A4E0002601906648170014006A
:10C8C0000D009146B046020000210198019315E049
:10C8D000202D00D98DE046450CDDBC4201D2072950
:10C8E00056DD0821A24505D2271F0023B0463C0093
:10C8F00000213B6085780130002D12D0535D002B64
:10C90000E6D00131013608293ADC25682D01AC4614
:10C910000F252B4065462B43236085780130002D81
:10C92000ECD10D004A46002E6AD0BC4202D2072D3F
:10C9300000DC74E0A2454FD25046230002CB02C077
:10C940009A42FBD2601C551C0023854263D251469B
:10C950000024081D1B18190004330C609342FAD9F7
:10C96000029B1B68002B09D1514603E0043A13686F
:10C97000002B03D19142F9D101230B60052040E047
:10C98000A245B7D20021043C8C4621600131BFE7AB
:10C9900008235B1A9B009C46202361465D1A049481
:10C9A000210023682C005546834692466046059533
:10C9B0004A681500A5401D431300C3400D604B603D
:10C9C0000431B942F4D3059B524658469A46049C1A
:10C9D00087E70200041D65E7029903980B680028A9
:10C9E000C0D02024241A01204042E04003400B60C4
:10C9F000B8E7AC460D0061464A46019B292907D09D
:10CA0000042007B0F0BCBB46B246A946A046F0BD24
:10CA10000230186087E7141BA408A30097E70823D7
:10CA20005B1B9B0019001E0020235B1A984623689D
:10CA300094462500190042466868030093400B4362
:10CA40000100F1402B6069600435BD42F4D36246B9
:10CA500070E7C0462860011082B000290AD0002A81
:10CA60000BD0002B0BD013780B601078431E98412D
:10CA700002B0704701A9002AF3D10020F8E7022094
:10CA80004042F5E770B50400406C0D0000280AD064
:10CA9000AB00C3181868002812D002681A6000237F
:10CAA0000361C36070BD212204212000FBF794F8CC
:10CAB00060640028F6D0AB00C31818680028ECD1D9
:10CAC0000123AB405A1D0121200092001E00FBF7FC
:10CAD00083F80028E6D045608660E0E7002906D0AC
:10CAE0004A68436C92009B181A680A601960704784
:10CAF000F0B5C6461E008046002300B50D000C6947
:10CB000014310868013307043F0C5743000C5043AD
:10CB1000BF193E0C80193F04060C3F0C0004C019DD
:10CB200001C19C42EDDC002E07D0AB68A34208DDBA
:10CB3000A300EB1801345E612C61280080BCB8466C
:10CB4000F0BD696840460131FFF79CFF071E16D013
:10CB500029002A690C31023292000C30F6F7EEF906
:10CB600043466A685B6C92009B181A682A601D60D5
:10CB70003D00A300EB1801345E612C61DDE73A0053
:10CB8000BA21024B0248F7F7F7FDC04628DE001035
:10CB9000A8DE0010F8B54746CE46060080B50C006A
:10CBA00090461F00092B41DD180009210830F5F7D8
:10CBB00011FA012300215B0001319842FBDC3000B7
:10CBC000FFF760FF011E33D0089B4361012303611F
:10CBD0004346092B16DC092398460A344346474549
:10CBE0000BDDE719FF1A23780A223000303BFFF7EC
:10CBF0007FFF01340100BC42F5D10800C0BCB9463A
:10CC0000B046F8BD09239C46A444E1466546444429
:10CC10002B780A223000303BFFF76AFF0135010014
:10CC2000A542F5D14C464444083CD7E70021C6E76D
:10CC30000A00024B0248D331F7F79EFD28DE0010B0
:10CC4000A8DE00108022030052020020934201D28D
:10CC50001B04103080225204934201D208301B0280
:10CC600080225205934207D38022D205934214D2E8
:10CC70009B0014D4033008E0802104301A01C90558
:10CC80008A4203D3D243D20F801870479A019B0186
:10CC900005D40A42EED12020F7E71A00F2E702306D
:10CCA000F3E7C04603685A0708D0DA072BD49A077F
:10CCB0002ED501225B080360100070471A0410D1C2
:10CCC000FF211B0C1022194201D108321B0A19073F
:10CCD00016D099070ED0D90701D401325B08036042
:10CCE000EAE7FF221A4210D01A0719D104221B09C1
:10CCF0009907F0D159070FD59B0802320360DBE793
:10CD000004321B09F4E70022D6E708221B0ADEE7FB
:10CD10009B0802220360CFE7DB0805D12022CBE786
:10CD2000DB0803220360C7E703320360C4E7C046A1
:10CD3000436C70B504000D00002B0AD05868002821
:10CD400015D002685A600023C36001234561036166
:10CD500070BD21220421FAF73FFF031E6064EDD16C
:10CD600046210022084B0948FF31F7F705FD1C2238
:10CD700001212000FAF730FF0028F1D001234360A1
:10CD800001338360DFE7C04628DE0010A8DE001014
:10CD9000F0B54E4657464546DE46E0B50B69166986
:10CDA00089461700984687B0B34204DB33000F0072
:10CDB0004646914698464346F518BB687968AB42AB
:10CDC00000DA0131FFF75EFE8446002800D1AFE0B3
:10CDD000142363449A46AC0054440022A34202D276
:10CDE00004C39C42FCD8434649469B0098461431F4
:10CDF0008844414500D387E014239946B9444B4603
:10CE000002933B000022B6004E44F71B153F15333A
:10CE1000BF089E425241BB0003934346A34650467F
:10CE20000C00E246A946B4460193049206E02D0C9C
:10CE300037D1019B04340430A34262D925682B0406
:10CE4000190C002BF3D0029D5B46A04600260C0077
:10CE500083462F00059308CF01681A04120C624321
:10CE60001B0C0D0463432D0C52199219090C5B180D
:10CE7000110C5B1812041E0C120C1B04134308C087
:10CE8000BC45E8D8059B58469B46049B44465A1E21
:10CE90009341039A5B421340C3185E6025682D0CD2
:10CEA000C7D006000368A046604619000024B446B7
:10CEB000029F3A88090C6A43121952181B04110484
:10CEC0001B0C0B43336010CF7168240C6C430B04B4
:10CED0001B0CE318120C9B181C0C0436B842E8D843
:10CEE000624684461000049A4446511E8A410399C2
:10CEF00052420A4082185360019B04340430A3421A
:10CF00009CD85C464D46D446002D03DC06E0013D2E
:10CF1000002D03D0043C2368002BF8D06346604604
:10CF20001D6107B0F0BCBB46B246A946A046F0BDA5
:10CF3000B1210022024B03484900F7F71DFCC0460F
:10CF400028DE0010A8DE00100323F0B5C64614004A
:10CF50001A0080460E0000B52240234237D1A410AB
:10CF600031D043461D6C002D3AD001273B002340B1
:10CF70006410002B08D1286800281AD005003B0057
:10CF800023406410002BF6D02A0031004046FFF702
:10CF9000FFFE002E07D0434672685B6C92009B1820
:10CFA0001A6832601E60002C0ED006002868002827
:10CFB000E4D12A0029004046FFF7EAFE002328605A
:10CFC00005000360DBE7300080BCB846F0BD0F4BC6
:10CFD000013A9200D2580023FFF78AFD0600BEE70F
:10CFE00001214046FFF74EFD051E08D0084B436166
:10CFF000012303614346186400230360B5E746211B
:10D000002A00044B0448FF31F7F7B6FB28610110F2
:10D010007102000028DE0010A8DE0010F0B54E46B8
:10D02000DE4657464546E0B50D002E695311994638
:10D03000330083B04B4401935C1CAB6883461700FC
:10D0400049689C4203DD01315B009C42FBDC584691
:10D05000FFF718FD804600284FD04B46143082461B
:10D06000002B0ADD4A4696003200030000211432EC
:10D07000424402C39342FCD1B2441F222B00100051
:10D080002969143389003840814659183A422ED014
:10D090000132121A94465746002648461A688240C2
:10D0A000324304C7624640CBD6409942F5D82A00A5
:10D0B00015320023914203D34B1B153B9B089B0069
:10D0C00053445E60002E00D1019C43461C615B46C8
:10D0D00040466A685B6C92009B181A682A601D6063
:10D0E00003B0F0BCBB46B246A946A046F0BD5046D0
:10D0F00004CB04C09942FBD8E6E7EF210022024BA3
:10D1000002484900F7F738FB28DE0010A8DE0010BF
:10D1100010B5C64602690B6900B5D41AA4469A42F6
:10D1200018D114309A00143104008318891801E0D2
:10D130009C420FD2043B043918680A689042F7D029
:10D14000002390425B4102205B4218400123844649
:10D150005B429C44604610BCA04610BDF0B55746EB
:10D160004E464546DE46E0B515000A692B69844601
:10D170000E0083B0D71A9A4214D1080029009A00F1
:10D18000143014318318891802E0984200D38FE0DC
:10D19000043B04391A680C68A242F6D000D392E02E
:10D1A000012705E0002FFBDB2B0000270D001E00F0
:10D1B00060466968FFF766FC002800D18FE0142202
:10D1C000142191468C46A9442B693500C7604F460F
:10D1D00034698444A4009A004A44A0466146143548
:10D1E000CB4682460196002466469946944638000E
:10D1F0002A00A844009120C880CA29043B041B0CC3
:10D20000090CC91A09192D0C3F0C0B14ED1BED1854
:10D2100009042C14090C2D04294302C69045EAD8B0
:10D22000019E4B46350015356246D94650460027CB
:10D23000A84504D34546AD1B153DAD08AF00009D84
:10D24000AA46BA444F443E1D57460437BC462F00F9
:10D250004D46B0467F1BB24239D9994682463B00C3
:10D260002000F71802CE0D042D0C2D192D140C0CD6
:10D2700009182D1909042C14090C2D0429433960AF
:10D28000B242EDD84446013A121B920892004B4636
:10D290005046624402E0043A1168013B0029FAD08A
:10D2A000036103B0F0BCBB46B246A946A046F0BD40
:10D2B00000216046FFF7E6FB00280AD00123036146
:10D2C00000234361EDE72B0035001E0070E7524656
:10D2D000E4E70022054B06480649F7F74DFA00221D
:10D2E000024B03480449F7F747FAC04628DE00100E
:10D2F000A8DE001037020000450200000D4B0E4A68
:10D300000B409B180022002B02DD19001000704713
:10D310005B421915132903DC80231B030B41F4E73F
:10D32000143901221E2902DC80221206CA40002381
:10D33000EBE7C0460000F07F0000C0FCF8B50469D0
:10D340000600A400CE46A1461436B14447464B46DB
:10D35000884680B51F1F3D682800FFF773FC202317
:10D3600041461A1A0A600A2828DD0B2252429446C6
:10D370008444BE4216D24F466246083F3968002AAE
:10D3800013D0981A0B009540C3401C4C1D432C43EE
:10D3900023009140BE420BD24C460C3C2468C44052
:10D3A000214305E000210B2821D114482843030024
:10D3B00008001900C0BCB946B046F8BD0B210B1AD5
:10D3C00098462B004246D34019000C4C21430B00D9
:10D3D00000218C46BE4204D24C46083C2468D4400E
:10D3E000A44629001530814060460143E0E76346CA
:10D3F0009D40024929430B000021D9E70000F03F7E
:10D40000F0B5C64600B5012182B016001F00FFF737
:10D4100039FB804600284AD03B037D001B0B6D0D75
:10D4200002D08022520313430193002E19D101A888
:10D43000FFF738FC4246019B0124536143462030EC
:10D440001C61002D25D035241C4BED18089B2D1890
:10D450001D60201A099B1860404602B080BCB84687
:10D46000F0BD68460096FFF71DFC019C009B00285C
:10D4700005D020222100121A9140C4400B4342469D
:10D4800053619461631E9C41434601341C61002D2D
:10D49000D9D10B4BC018089B18600023E3189B00E0
:10D4A00043441869FFF7CEFB6401201AD2E700223B
:10D4B000044B05480549F7F75FF9C046CDFBFFFF70
:10D4C000CEFBFFFF28DE0010A8DE00100F030000D7
:10D4D000F0B587B00E0004A90700FFF72FFF040086
:10D4E0000D00300005A902940395FFF727FF3F695F
:10D4F000366900900191BE1B7301059F049EF61BC7
:10D50000F618002E0CDD360573190393029C039D5B
:10D510002000009A019B2900F4F7D1FF07B0F0BD6D
:10D52000019B3205991A00900191F1E79446013967
:10D530004B11013361469B00C218634609691433DD
:10D540008900591830B58B420BD2040020CB20C47F
:10D550009942FBD86346CB1A153B9B089B000430CD
:10D560001818824203D9002308C08242FCD830BD7B
:10D570008C4601006346026910B51431581182428D
:10D580000ADA92008B1803E0043B1A68002A15D1CE
:10D590008B42F9D8002010BD8300CB188242F7DD02
:10D5A0001F226046644610402242F1D01A68944619
:10D5B000C240824001209445EDD1E9E70120EAE72D
:10D5C000002909D0FF2A02D801200A7070478A2357
:10D5D000036001204042F9E70020F7E7F8B5C046B4
:10D5E00001B40248844601BC604700BFDD0B002047
:10D5F00001B40248844601BC604700BF010300201B
:10D6000001B40248844601BC604700BF610F00209E
:10D6100001B40248844601BC604700BF25020020D7
:10D6200001B40248844601BC604700BF09100020D5
:10D6300001B40248844601BC604700BF09100020C5
:10D6400001B40248844601BC604700BFC10000200D
:10D6500001B40248844601BC604700BF9901002024
:10D6600001B40248844601BC604700BF110F00208E
:10D6700001B40248844601BC604700BF2504002075
:10D6800001B40248844601BC604700BF010100208C
:10D6900001B40248844601BC604700BF910C0020E1
:10D6A00001B40248844601BC604700BF410C002021
:10D6B00001B40248844601BC604700BF050C00204D
:10D6C000B11D0010DD1D0010C51F0010212F00101E
:10D6D000012700103D2E0010ED1E0010F91D001056
:10D6E000191E00102D1E001035100010351E0010E0
:10D6F000F5130010791D0010750C0010DD5100109D
:04D70000B102001062
:10D7080076302E302E3100006D792D7069636F2DC3
:10D718006465766963650000646576696365206E93
:10D72800616D653A20272573272C206669726D770D
:10D738006172652076657273696F6E3A2025730A87
:10D7480000000000417661696C61626C6520636F5E
:10D758006D6D616E64733A00202025733A2025733D
:10D768000A0000006C65645F6F6E3A006C65645F68
:10D778006F66663A000000006C65645F626C696EF3
:10D788006B3A0000257520257520257800000000DB
:10D798004572726F723A20646973705F7078207294
:10D7A80065717569726573203320617267756D657F
:10D7B8006E74733A2078207920636F6C6F7220281A
:10D7C80068657829000000004578616D706C653ADD
:10D7D80020646973705F70782031303020313530C3
:10D7E80020464630303030004572726F723A2063FE
:10D7F8006F6F7264696E61746573206F7574206FE2
:10D808006620626F756E647320286D6178202575B7
:10D81800782575290A000000506978656C206472C3
:10D8280061776E206174202825752C2025752920A4
:10D838007769746820636F6C6F7220307825303692
:10D84800580A000025642025642022253132375BE0
:10D858005E225D2220257820257800004572726FAF
:10D86800723A20666F726D61743A203C783E203CB3
:10D87800793E20223C746578743E22203C636F6CAC
:10D888006F723E203C62675F636F6C6F723E000090
:10D8980025750000696E636F727265637420646534
:10D8A8006C617920666F7220626C696E6B00000093
:10D8B8004572726F723A20696E76616C6964206194
:10D8C80064647265737320666F726D61742E0000F4
:10D8D80025782025780000004572726F723A206919
:10D8E8006E76616C696420617267756D656E7473BC
:10D8F8002E0000002564202564202564202564204E
:10D90800257800004572726F723A20646973705FFF
:10D91800707820726571756972657320352061723F
:10D9280067756D656E74733A203C783E203C793E8D
:10D93800203C783E203C793E203C6865785F636FE8
:10D948006C6F723E0000000048656C6C6F2C2049BB
:10D958004C49393334312100525032303430202F81
:10D96800205069636F2053444B0000007665727342
:10D97800696F6E0067657420646576696365206EFB
:10D98800616D6520616E64206669726D776172658C
:10D998002076657273696F6E000000006F6E00007C
:10D9A8007475726E73206C6564206F6E00000000E1
:10D9B8006F6666007475726E73206C6564206F669E
:10D9C800660000007475726E73206C656420696E61
:10D9D80020626C696E6B20737461746500000000CE
:10D9E8007365745F706572696F6400007365742095
:10D9F80064656C61792074696D6520666F72206258
:10DA08006C696E6B00000000636F6D6D616E645F22
:10DA180068656C700000000073686F7720616C6C3B
:10DA280020636F6D6D616E64730000006D656D003D
:10DA3800726561642066726F6D20616464726573DB
:10DA480073000000776D656D0000000077726974DF
:10DA58006520746F20616464726573730000000050
:10DA6800646973705F73637265656E0066696C6C78
:10DA780065642073637265656E20636F6C6F7220D6
:10DA8800696E20307852524747424220666F726D65
:10DA980061740000646973705F7078007365742046
:10DAA800706978656C20636F6C6F7220696E2030C6
:10DAB8007852524747424220666F726D6174000087
:10DAC800646973705F6C696E650000006C696E65EF
:10DAD80000000000646973705F7265637400000081
:10DAE80072656374616E676C6500000064697370C9
:10DAF8005F6672656374000066696C6C65642072A9
:10DB0800656374616E676C6500000000646973701A
:10DB18005F74657874000000726563656976656492
:10DB280020737472696E673A20272573270A0000EC
:10DB3800D09FD0BED0BBD183D187D0B5D0BDD0B017
:10DB480020D0BAD0BED0BCD0B0D0BDD0B4D0B03ABE
:10DB580020272573270A0000D090D180D0B3D18325
:10DB6800D0BCD0B5D0BDD182D18B3A202725732720
:10DB78000A00000025640000D09ED188D0B8D0B13A
:10DB8800D0BAD0B03A20D0BDD0B5D0B8D0B7D0B286
:10DB9800D0B5D181D182D0BDD0B0D18F20D0BAD06C
:10DBA800BED0BCD0B0D0BDD0B4D0B020272573270C
:10DBB8000A00000056616C75652061742030782574
:10DBC8003038583A203078253038580A000000009C
:10DBD8005772697474656E2030782530385820740F
:10DBE8006F2061646472657373203078253038580B
:10DBF8000A0000000A2A2A2A2050414E4943202AB6
:10DC08002A2A0A004E6F207370696E6C6F636B73FB
:10DC18002061726520617661696C61626C650000E3
:10DC28004E6F207573657220495251732061726579
:10DC380020617661696C61626C650000486172649C
:10DC48007761726520616C61726D20256420616C5A
:10DC5800726561647920636C61696D6564000000B8
:10DC68004861726420617373657274004F75742023
:10DC78006F66206D656D6F727900000052656C6586
:10DC880061736500626F6F74325F77323571303857
:10DC980030000000322E322E300000007069636FB1
:10DCA8000000000030355F646973706C61790000B2
:10DCB8004D6172203237203230323600666E692B61
:10DCC80000000000666E69006E616E00666E692D68
:10DCD800000000002C2066756E6374696F6E3A2030
:10DCE80000000000617373657274696F6E202225ED
:10DCF8007322206661696C65643A2066696C6520E8
:10DD0800222573222C206C696E65202564257325D5
:10DD1800730A000055534220737464696E202F20E3
:10DD28007374646F75740000526173706265727207
:10DD380079205069000000005069636F00000000FE
:10DD4800426F61726420434443000000526573656A
:10DD580074000000556E68616E646C6564204952F9
:10DD68005120307825780A006570202530325820F7
:10DD780077617320616C726561647920617661698D
:10DD88006C61626C6500000043616E277420636FEC
:10DD98006E74696E75652078666572206F6E20698D
:10DDA8006E6163746976652065702025303258008D
:10DDB80065256C64000000006E660000696E697479
:10DDC80079000000616E00004C435F434F4C4C41AA
:10DDD800544500004C435F4354595045000000002F
:10DDE8004C435F4D4F4E4554415259004C435F4E92
:10DDF800554D4552494300004C435F54494D450039
:10DE08004C435F4D45535341474553004A495300DE
:10DE1800534A4953000000004555434A500000004A
:10DE280042616C6C6F6320737563636565646564D8
:10DE3800000000002F566F6C756D65732F64617458
:10DE4800612F6A656E6B696E732F776F726B737073
:10DE58006163652F474E552D746F6F6C63686169F8
:10DE68006E2F61726D2D31352F7372632F6E65774A
:10DE78006C69622D63796777696E2F6E65776C6957
:10DE8800622F6C6962632F7374646C69622F6764B4
:10DE9800746F612D6765746865782E6300000000F3
:10DEA8002F566F6C756D65732F646174612F6A6589
:10DEB8006E6B696E732F776F726B73706163652F0A
:10DEC800474E552D746F6F6C636861696E2F617270
:10DED8006D2D31352F7372632F6E65776C69622DE6
:10DEE80063796777696E2F6E65776C69622F6C69E5
:10DEF80062632F7374646C69622F6D707265632E30
:10DF080063000000190300102D030010D502001053
:10DF1800E9020010FD020010110300100600525023
:10DF2800D3F0754284DC001006005250E182887FED
:10DF38008CDC001006005250ABB360539CDC001020
:10DF480006005250BBFF3CB6A4DC0010060052503D
:10DF5800861C0302ACDC0010060052505422A29D1D
:10DF6800B8DC001005005250DE65F468047C01102E
:10DF7800943C00104C3C00104C3C00108C3C0010B1
:10DF88004C3C00104C3C00104C3C00104C3C001029
:10DF98004C3C00104C3C00104C3C0010843C0010E1
:10DFA8004C3C00107E3C00104C3C00104C3C0010D7
:10DFB800763C0010883E0010A63C00107C3E001005
:10DFC800A63C00106A3E0010A63C0010A63C0010BB
:10DFD800A63C0010A63C0010A63C0010A63C001071
:10DFE800A63C00109C3C0010A63C0010A63C00106B
:10DFF800A63C0010A63C0010A63C00109C3C00105B
:10E008001C3F00100A3C00100A3C00100A3C00109B
:10E018000A3C00100A3C00100A3C00100A3C0010A0
:10E028000A3C00100A3C00100A3C00100A3C001090
:10E038000A3C00100A3C00100A3C00100A3C001080
:10E048000A3C00100A3C00100A3C00100A3C001070
:10E058000A3C00100A3C00100A3C00100A3C001060
:10E068000A3C00100A3C00100A3C00100A3C001050
:10E078000A3C00100A3C00100A3C00100A3C001040
:10E08800983E0010D43E0010983E00100A3C001044
:10E098000A3C00100A3C00100A3C00100A3C001020
:10E0A8000A3C00100A3C00100A3C00100A3C001010
:10E0B8000A3C00100A3C00100A3C00100A3C001000
:10E0C8000A3C00100A3C00100A3C0010B440001042
:10E0D8000A3C00100A3C00100A3C00100A3C0010E0
:10E0E8000A3C00100A3C00100A3C00100A3C0010D0
:10E0F8000A3C0010B44000102C3F0010B44000103F
:10E10800983E0010D43E0010983E00100000000019
:10E11800000000000000F03F000000000000244064
:10E1280000000000000059400000000000408F403F
:10E13800000000000088C34000000000006AF840AA
:10E148000000000080842E4100000000D0126341CE
:10E158000000000084D797410000000065CDCD4144
:10E168000D0A000000000000554C001000000000DF
:10E17800594C0010654C0010914C00108D4C00104B
:10E18800000000000A00000000000306A6000800C6
:10E19800020002009C001400030057494E555342E8
:10E1A80000000000000000000000800004000100E2
:10E1B8002800440065007600690063006500490096
:10E1C8006E007400650072006600610063006500FF
:10E1D800470055004900440000004E007B006200E3
:10E1E80063003700330039003800630031002D0028
:10E1F80037003300630064002D00340063006200C0
:10E2080037002D0039003800620038002D00390031
:10E218003100330061003800660063006100370098
:10E228006200660036007D0000000000050F210036
:10E23800011C100500DF60DDD88945C74C9CD265FC
:10E248009D9E648A9F00000306A60001000000004E
:10E258000600525053B4F4A11CDD00100000000069
:10E2680030DD001040DD00108C2B002048DD001050
:10E2780054DD001009025400030100807D080B00E2
:10E288000202020000090400000102020004052441
:10E2980000200105240100010424020605240600CB
:10E2A800010705810308001009040100020A0000A3
:10E2B800000705020240000007058202400000092D
:10E2C80004020000FF00010512011002EF020140E4
:10E2D8008A2E0A000001010203010000765800108E
:10E2E800DC5900102C5A0010B4590010C6590010FF
:10E2F800A459001016590010C2580010B658001042
:10E30800965D00107C5D00104A5B0010B65D001041
:10E318004A5B0010645D0010505D00104A5B0010FD
:10E328003C5D0010445C00104A5B00102260001045
:10E3380014600010086000104A5B00104A5B00106F
:10E34800F25F0010146000104A5B00104A5B001076
:10E358004A5B00104A5B00104A5B00104A5B0010E1
:10E368004A5B0010AA5F00105C0D00205C0D0020C5
:10E37800A60D0020C60D00200C0E00201E0E002049
:10E38800540D002000000000A5650010156600105F
:10E39800456600108D66001035670010256800106E
:10E3A80000000000000000001D69001079690010DD
:10E3B80095690010BD690010ED4C0010C16A00108D
:10E3C800000000004001F00040010000F0004001A2
:10E3D800F0000000E4E30010070D20E0000000005A
:10E3E800000000000000000000000000020202021D
:10E3F80002020003000000000005050500000000FF
:10E4080000000000000024143E14123F120A00000D
:10E418000004040F15050E1C151D0604000000005D
:10E428002625150E342C2A3100000000001C120489
:10E43800066911316E0000000000010101000000B2
:10E4480000000000000004020101010101010204B2
:10E45800000000030404080808080404030000007E
:10E46800000008293E0C1412000000000000000003
:10E4780004041F0404000000000000000000000065
:10E488000000020201000000000000000700000078
:10E49800000000000000000000000002030000006F
:10E4A8000010080804040402020101000000000E24
:10E4B8001111151111110E000000000006050504C8
:10E4C8000404041F00000000000E1110080C0402D0
:10E4D8001F00000000000F08040E1810190E00009D
:10E4E8000000000C040209090F08080000000000E1
:10E4F8000F01010F1810110E0000000000040602A1
:10E508000F1111110E00000000001F1108080C0463
:10E51800040200000000000E11190E1111110E0066
:10E52800000000000E1111110E0804060000000082
:10E5380000000003020000020300000000000000C9
:10E54800030200000002020100000000100806019A
:10E55800061800000000000000001F00001F000057
:10E5680000000000000001030C100C030000000074
:10E578000000070808080602000600000000001C4A
:10E5880022213929292939021C00000004060A0A17
:10E59800090F111100000000000F11190F111111BE
:10E5A8000F00000000000E1101010101110E000012
:10E5B8000000000F0911111111090F0000000000DF
:10E5C8001F01010F0101011F00000000001F0101D0
:10E5D800010F01010100000000000E1101011D11D1
:10E5E800110E00000000001111111F11111111006E
:10E5F800000000000F0404040404040F00000000DD
:10E6080000101010101011121E0000000000110957
:10E6180009070D09091100000000000101010101AD
:10E6280001011F0000000000191B1715111111111D
:10E63800000000000011131315151519190000002A
:10E6480000000E1911111111190E00000000000F21
:10E658001111110F01010100000000000E1111112C
:10E668001111110E08180000000F1111110F0909DE
:10E678001100000000000E1901060810110E00001C
:10E688000000001F04040404040404000000000047
:10E69800111111111111190E0000000000111109BA
:10E6A800090A0A0606000000000029292D2E363620
:10E6B800361200000000002212140C0C1412230061
:10E6C80000000000231214140808080800000000C5
:10E6D800001F0808040202011F00000000070101D2
:10E6E8000101010101010700000001010202040407
:10E6F80004080810000000030202020202020202DB
:10E708000300000000040A0A1100000000000000D5
:10E71800000000000000000000001F0000000102CF
:10E7280000000000000000000000000000000F10C2
:10E738001F111917000000000001010F111111111C
:10E748000F000000000000000E110101110E000072
:10E758000000001010161911111916000000000011
:10E7680000000E111F01110E00000000001C020223
:10E778001F02020202000000000000001619111119
:10E788001916100E00000001010F191111111100C6
:10E7980000000000040007040404041F0000000037
:10E7A8000004000F08080808080807000000010115
:10E7B80019090709091100000000000704040404EE
:10E7C800040438000000000000001B15151515157D
:10E7D800000000000000000F1911111111000000C5
:10E7E800000000000E111111110E000000000000C1
:10E7F800000F111111110F0101000000000016197E
:10E8080011111916101000000000000F111101015C
:10E8180001000000000000000F110718110F000090
:10E8280000000002021F020202021C000000000099
:10E83800000011111111190E000000000000001154
:10E8480009090A060600000000000000292A2E36E1
:10E85800161600000000000000190A06060A11003A
:10E8680000000000000011090A0A06040402000062
:10E878000000000F080402031F000000001C04042D
:10E88800040304040404180000000101010101014B
:10E8980001010101000000030402021C0202040439
:10E8A8000300000000000000131D0000000000002D
:10E8B8000000070505050505050700000000000F15
:10E8C80002021A2622222220180804001F01010130
:10E8D800010101010000000000000000000000002C
:10E8E80002020300000804001F01010101010000E9
:10E8F800000000000000000000000A0A0F000000ED
:10E9080000000000000015150000000404041F04A6
:10E918000404040404000000000404041F040404A4
:10E928001F0404000000001C22020F0F22221C00FA
:10E938000000000037150B08047A56790000000023
:10E94800000E0A0A3A2A2A2A3900000000000000AC
:10E9580000060201020600000000000505051F155B
:10E9680015151D0000080400110909070D090911F2
:10E9780000000000000F02021A26222222000000D6
:10E988000000111111111111111F040000000002E3
:10E998000F021E322222223018000000020103005A
:10E9A8000000000000000000000002020300000058
:10E9B8000000000000000A090B0000000000000031
:10E9C8000000000A0A0F000000000000000000001C
:10E9D8000000030703000000000000000000000022
:10E9E800001F0000000000000000000000007F0081
:10E9F800000000000000000000000000000000000F
:10EA0800000000002F3A3A2A000000000000000031
:10EA18000000000E0A3A2A2A39000000000000000F
:10EA28000001020402010000000000000005051FAB
:10EA380015151D0000000008040011090709091137
:10EA48000000000000020F021E32222222000000F5
:10EA58000000000011111111111F04000000000036
:10EA680000000000000000000000120E11190A0A40
:10EA78000604040200000000120C0011090A0A062C
:10EA8800040402000000101010101011121E0000E3
:10EA980000000000223F1222123F22000000001056
:10EAA8001F01010101010101000000000101010134
:10EAB800000001010101000000000E11010E1111FA
:10EAC8000E10110F000A001F01010F0101011F00A4
:10EAD800000000001C2E3525352A1C00000000000F
:10EAE800000E1101070101110E00000000000000D6
:10EAF800002C1209122C0000000000000000001F6A
:10EB080010000000000000000000000007000000E6
:10EB180000000000001C2E352D35221C00000000CE
:10EB28001A000F0404040404040F00000000030585
:10EB380005030000000000000000000000000404BD
:10EB48001F04041F00000000000F04040404040450
:10EB58000F0000000000040007040404041F000064
:10EB680000000000101F0101010101000000000069
:10EB780000001111111119170101000000171717D2
:10EB880017171414141414000000000000020300E6
:10EB9800000000000000000A000E111F01110E0005
:10EBA800000000002B5B5B5B2D0D0D0900000000D1
:10EBB8000000000E110701110E0000000000000007
:10EBC800001B1428141B000000000004000F080894
:10EBD80008080808070000000E1901060810110EA1
:10EBE800000000000000000F110718110F000000BE
:10EBF80000001A0007040404041F000000000004B9
:10EC0800060A0A090F111100000000001F01010F78
:10EC18001111110F00000000000F11190F1111112F
:10EC28000F00000000001F010101010101010000A7
:10EC38000000003E2222222222223F210000000062
:10EC48001F01010F0101011F0000000000292A1AFD
:10EC58001C1A2A2A6900000000000E11080E101064
:10EC6800110E0000000000191915151513131100D5
:10EC78000000120E191915151513131100000000C4
:10EC880000110909070D09091100000000003E22C2
:10EC98002222222222230000000000191B1715112E
:10ECA80011111100000000001111111F1111111193
:10ECB80000000000000E1911111111190E000000BA
:10ECC80000001F1111111111111100000000000F97
:10ECD8001111110F01010100000000000E110101C6
:10ECE8000101110E00000000001F040404040404C4
:10ECF80004000000000011190A0A060404020000BA
:10ED08000000081E2A2929292A1E080000000000E0
:10ED18002212140C0C141223000000000009090927
:10ED2800090909091F1010000000111111111E1006
:10ED380010100000000000151515151515151F00F9
:10ED480000000000151515151515153F20200000A9
:10ED5800000302021E2222221E00000000001111E0
:10ED680011171515151700000000000101010F11FA
:10ED780011110F00000000000E19101E1010190EBE
:10ED880000000000001D1515131515151D000000C5
:10ED980000001E1111111E121311000000000000C6
:10EDA800000F101F11191700000000000E010F19A5
:10EDB8001111190E000000000000000F110F1111B1
:10EDC8000F000000000000001F0101010101000008
:10EDD80000000000001E121212123F210000000065
:10EDE80000000E111F01110E000000000000002994
:10EDF8002A1C1A2A29000000000000000F100E101B
:10EE0800110F000000000000001919151513130058
:10EE1800000000120C00191915151313000000004A
:10EE28000000001109070909110000000000000096
:10EE38003E222222222300000000000000191B1796
:10EE48001511110000000000000011111F1111110F
:10EE5800000000000000000E111111110E0000004A
:10EE6800000000001F111111111100000000000026
:10EE7800000F111111110F010100000000000E1107
:10EE88000101110E000000000000001F040404042A
:10EE9800040000000000000011090A0A0604040228
:10EEA80000000004040F151515150F0404000000D8
:10EEB8000000190A06060A110000000000000009F7
:10EEC800090909091F101000000000001111111F85
:10EED80010100000000000000015151515151F0082
:10EEE80000000000000015151515153F2020000032
:10EEF80000000007043C24243C000000000000003F
:10EF08001111171515170000000000000001010F6E
:10EF180011110F000000000000000F111C10190E45
:10EF2800000000000000001D151315151D0000004D
:10EF3800000000001F11111E12110000F4950010AE
:10EF4800E48D0010E48D0010E48D0010E48D0010B5
:10EF5800DE950010E48D0010E48D0010E48D0010A3
:10EF6800E48D0010E48D0010D88E0010D88E0010AB
:10EF7800D88E0010D88E0010D88E0010D88E0010B1
:10EF8800D88E0010D88E0010D88E0010D88E0010A1
:10EF9800E48D0010E48D0010E48D0010E48D001065
:10EFA800E48D0010E48D0010E48D0010F88E001040
:10EFB800E48D0010FC900010F2940010F88E001000
:10EFC800F88E0010F88E0010E48D0010E48D00100B
:10EFD800E48D0010E48D0010508E0010E48D0010B8
:10EFE800E48D0010D4940010E48D0010E48D00101E
:10EFF800E48D0010C8950010E48D0010E48D001019
:10F00800E48D0010E48D0010E88F0010E48D0010EE
:10F01800E48D0010A8920010E48D0010E48D00101B
:10F02800E48D0010E48D0010E48D0010F88E0010BF
:10F03800E48D001028900010CA900010F88E00107F
:10F04800F88E0010F88E0010E490001076920010F0
:10F05800508E0010E48D001090950010AA950010B5
:10F06800669500101095001034950010E48D00107E
:10F07800E48D001054950010468E001090920010F8
:10F08800E48D0010E48D0010E88F0010E48D00106E
:10F09800468E0010AC97001036960010AC97001002
:10F0A8003696001036960010A0990010C2960010EF
:10F0B800C2960010C2960010C2960010C2960010A8
:10F0C800C2960010C2960010C2960010C296001098
:10F0D80036960010369600103696001036960010B8
:10F0E800369600103696001036960010909700104D
:10F0F800BC960010BC960010BC960010BC9800107E
:10F108009C9800103696001036960010D497001080
:10F118003696001036960010369600103696001077
:10F128006C990010369600106499001036960010FD
:10F138003696001036960010569900103696001034
:10F148003696001036960010189900100A9900108B
:10F158003696001036960010369600103696001037
:10F1680036960010369600103696001090970010CC
:10F17800BC960010BC960010BC960010BC980010FD
:10F188009C9800103696001036960010D497001000
:10F1980036960010369600103696001036960010F7
:10F1A8006C9900103696001064990010369600107D
:10F1B80036960010369600105699001036960010B4
:10F1C8003696001036960010189900100A9900100B
:10F1D800089B00107C9A0010089B00107C9A001075
:10F1E8007C9A0010229B0010DA9A0010DA9A00101C
:10F1F800DA9A0010DA9A0010DA9A0010DA9A0010F7
:10F20800DA9A0010129B0010129B00107C9A0010D2
:10F218007C9A00107C9A00107C9A00107C9A00104E
:10F228007C9A00107C9A0010569A0010569A00108A
:10F23800569A0010569A0010569A0010569A0010C6
:10F248007C9A00107C9A00107C9A00107C9A00101E
:10F258007C9A00107C9A00107C9A00107C9A00100E
:10F268007C9A00107C9A00107C9A00107C9A0010FE
:10F278007C9A00107C9A00107C9A00107C9A0010EE
:10F288007C9A0010EA9A00107C9A00107C9A001070
:10F298007C9A00107C9A00107C9A00107C9A0010CE
:10F2A8007C9A00107C9A0010569A0010569A00100A
:10F2B800569A0010569A0010569A0010569A001046
:10F2C8007C9A00107C9A00107C9A00107C9A00109E
:10F2D8007C9A00107C9A00107C9A00107C9A00108E
:10F2E8007C9A00107C9A00107C9A00107C9A00107E
:10F2F8007C9A00107C9A00107C9A00107C9A00106E
:10F308007C9A0010EA9A00100A000100020003002B
:10F318000400050006000700080009000A000B00A9
:10F328000C000D000E000F0010000000D8A80010FF
:10F338006EA700106EA700106EA700106EA7001031
:10F348006EA700106EA700106EA700106EA7001021
:10F358007EA800107EA800107EA800107EA80010CD
:10F368007EA800106EA700106EA700106EA70010F0
:10F378006EA700106EA700106EA700106EA70010F1
:10F388006EA700106EA700106EA700106EA70010E1
:10F398006EA700106EA700106EA700106EA70010D1
:10F3A8006EA700106EA700106EA700107EA80010B0
:10F3B8006EA700106EA700106EA700106EA70010B1
:10F3C8006EA700106EA700106EA700106EA70010A1
:10F3D8006EA700106EA70010E4AE00106EA7001014
:10F3E800F6AE00104CB60010CCB200101EB30010E0
:10F3F80018B3001004B30010CCB2001034000000A1
:10F40800CEFBFFFFCB03000001000000000000005E
:10F4180035000000CEFBFFFFCB0300000100000019
:10F428000000000000000000BC89D897B2D29C3CC4
:10F4380033A7A8D523F649393DA7F444FD0FA532D3
:10F448009D978CCF08BA5B25436FAC64280668117A
:10F45800002020202020202020202828282828209C
:10F468002020202020202020202020202020202094
:10F4780020881010101010101010101010101010FC
:10F4880010040404040404040404041010101010EC
:10F4980010104141414141410101010101010101B6
:10F4A8000101010101010101010101011010101008
:10F4B8001010424242424242020202020202020288
:10F4C80002020202020202020202020210101010DC
:10F4D8002000000000000000000000000000000004
:10F4E8000000000000000000000000000000000014
:10F4F8000000000000000000000000000000000004
:10F5080000000000000000000000000000000000F3
:10F5180000000000000000000000000000000000E3
:10F5280000000000000000000000000000000000D3
:10F5380000000000000000000000000000000000C3
:10F5480000000000000000000000000000000000B3
:10F558000000000098C0001088C000107AC0001099
:10F5680070C0001064C0001050C000103CC00010F3
:10F57800A2C000100C5F104E154E2A4E314E364E6A
:10F588003C4E3F4E424E564E584E824E854E6B8CE8
:10F598008A4E12820D5F8E4E9E4E9F4EA04EA24EF8
:10F5A800B04EB34EB64ECE4ECD4EC44EC64EC24EE3
:10F5B800D74EDE4EED4EDF4EF74E094F5A4F304FC5
:10F5C8005B4F5D4F574F474F764F884F8F4F984F40
:10F5D8007B4F694F704F914F6F4F864F964F185121
:10F5E800D44FDF4FCE4FD84FDB4FD14FDA4FD04FEC
:10F5F800E44FE54F1A50285014502A502550055012
:10F608001C4FF64F215029502C50FE4FEF4F1150F0
:10F6180006504350475003675550505048505A5071
:10F6280056506C50785080509A508550B450B25013
:10F63800C950CA50B350C250D650DE50E550ED50B4
:10F64800E350EE50F950F55009510151025116514D
:10F65800155114511A5121513A5137513C513B51CE
:10F668003F51405152514C5154516251F87A6951AD
:10F678006A516E5180518251D8568C5189518F519F
:10F688009151935195519651A451A651A251A95106
:10F69800AA51AB51B351B151B251B051B551BD514D
:10F6A800C551C951DB51E0515586E951ED51F05131
:10F6B800F551FE5104520B5214520E5227522A523F
:10F6C8002E52335239524F5244524B524C525E5280
:10F6D80054526A527452695273527F527D528D52FB
:10F6E80094529252715288529152A88FA78FAC525D
:10F6F800AD52BC52B552C152CD52D752DE52E3522E
:10F70800E652ED98E052F352F552F852F952065388
:10F71800085338750D5310530F5315531A53235369
:10F728002F53315333533853405346534553174E91
:10F7380049534D53D6515E5369536E5318597B53F1
:10F74800775382539653A053A653A553AE53B05341
:10F75800B653C353127CD996DF53FC66EE71EE5351
:10F76800E853ED53FA5301543D5440542C542D544E
:10F778003C542E54365429541D544E548F547554A9
:10F788008E545F5471547754705492547B548054FF
:10F798007654845490548654C754A254B854A554EB
:10F7A800AC54C454C854A854AB54C254A454BE5402
:10F7B800BC54D854E554E6540F551455FD54EE5432
:10F7C800ED54FA54E2543955405563554C552E556D
:10F7D8005C55455556555755385533555D559955CA
:10F7E8008055AF548A559F557B557E5598559E55E3
:10F7F800AE557C558355A9558755A855DA55C55535
:10F80800DF55C455DC55E455D4551456F7551656EE
:10F81800FE55FD551B56F9554E565056DF71345658
:10F828003656325638566B5664562F566C566A56AC
:10F83800865680568A56A05694568F56A556AE566A
:10F84800B656B456C256BC56C156C356C056C8560C
:10F85800CE56D156D356D756EE56F9560057FF56C0
:10F868000457095708570B570D571357185716576A
:10F87800C7551C572657375738574E573B57405789
:10F888004F576957C057885761577F5789579357BC
:10F89800A057B357A457AA57B057C357C657D457FA
:10F8A800D257D3570A58D657E3570B5819581D58EB
:10F8B8007258215862584B587058C06B52583D586E
:10F8C80079588558B9589F58AB58BA58DE58BB581C
:10F8D800B858AE58C558D358D158D758D958D85809
:10F8E800E558DC58E458DF58EF58FA58F958FB58EF
:10F8F800FC58FD5802590A5910591B59A668255930
:10F908002C592D59325938593E59D27A555950598E
:10F918004E595A5958596259605967596C59695919
:10F92800785981599D595E4FAB4FA359B259C65961
:10F93800E859DC598D59D959DA59255A1F5A115A9B
:10F948001C5A095A1A5A405A6C5A495A355A365A40
:10F95800625A6A5A9A5ABC5ABE5ACB5AC25ABD5AA5
:10F96800E35AD75AE65AE95AD65AFA5AFB5A0C5B5E
:10F978000B5B165B325BD05A2A5B365B3E5B435BA4
:10F98800455B405B515B555B5A5B5B5B655B695BE9
:10F99800705B735B755B785B88657A5B805B835BA8
:10F9A800A65BB85BC35BC75BC95BD45BD05BE45B3E
:10F9B800E65BE25BDE5BE55BEB5BF05BF65BF35B18
:10F9C800055C075C085C0D5C135C205C225C285CB1
:10F9D800385C395C415C465C4E5C535C505C4F5C07
:10F9E800715B6C5C6E5C624E765C795C8C5C915C85
:10F9F800945C9B59AB5CBB5CB65CBC5CB75CC55C9F
:10FA0800BE5CC75CD95CE95CFD5CFA5CED5C8C5D56
:10FA1800EA5C0B5D155D175D5C5D1F5D1B5D115D2F
:10FA2800145D225D1A5D195D185D4C5D525D4E5D79
:10FA38004B5D6C5D735D765D875D845D825DA25D07
:10FA48009D5DAC5DAE5DBD5D905DB75DBC5DC95D46
:10FA5800CD5DD35DD25DD65DDB5DEB5DF25DF55DC1
:10FA68000B5E1A5E195E115E1B5E365E375E445E83
:10FA7800435E405E4E5E575E545E5F5E625E645EED
:10FA8800475E755E765E7A5EBC9E7F5EA05EC15EF6
:10FA9800C25EC85ED05ECF5ED65EE35EDD5EDA5ED5
:10FAA800DB5EE25EE15EE85EE95EEC5EF15EF35E1F
:10FAB800F05EF45EF85EFE5E035F095F5D5F5C5FAB
:10FAC8000B5F115F165F295F2D5F385F415F485FED
:10FAD8004C5F4E5F2F5F515F565F575F595F615FA5
:10FAE8006D5F735F775F835F825F7F5F8A5F885F29
:10FAF800915F875F9E5F995F985FA05FA85FAD5F2A
:10FB0800BC5FD65FFB5FE45FF85FF15FDD5FB3600A
:10FB1800FF5F216060601960106029600E603160CD
:10FB28001B6015602B6026600F603A605A60416068
:10FB38006A6077605F604A6046604D6063604360FA
:10FB4800646042606C606B60596081608D60E760E2
:10FB580083609A6084609B60966097609260A760FB
:10FB68008B60E160B860E060D360B460F05FBD6056
:10FB7800C660B560D8604D6115610661F660F760D2
:10FB88000061F460FA6003612161FB60F1600D615E
:10FB98000E6147613E61286127614A613F613C61AE
:10FBA8002C6134613D6142614461736177615861E0
:10FBB80059615A616B6174616F61656171615F61FF
:10FBC8005D6153617561996196618761AC6194610A
:10FBD8009A618A619161AB61AE61CC61CA61C961A8
:10FBE800F761C861C361C661BA61CB61797FCD61D4
:10FBF800E661E361F661FA61F461FF61FD61FC6150
:10FC0800FE610062086209620D620C6214621B6286
:10FC18001E6221622A622E6230623262336241625F
:10FC28004E625E6263625B62606268627C6282628C
:10FC380089627E62926293629662D46283629462FF
:10FC4800D762D162BB62CF62FF62C662D464C86207
:10FC5800DC62CC62CA62C262C7629B62C9620C6320
:10FC6800EE62F162276302630863EF62F562506334
:10FC78003E634D631C644F6396638E638063AB631E
:10FC88007663A3638F6389639F63B5636B636963FB
:10FC9800BE63E963C063C663E363C963D263F663A3
:10FCA800C4631664346406641364266436641D658C
:10FCB800176428640F6467646F6476644E642A6509
:10FCC80095649364A564A9648864BC64DA64D264A6
:10FCD800C564C764BB64D864C264F164E76409821C
:10FCE800E064E164AC62E364EF642C65F664F46498
:10FCF800F264FA640065FD6418651C650565246591
:10FD080023652B65346535653765366538654B750C
:10FD18004865566555654D6558655E655D657265EE
:10FD28007865826583658A8B9B659F65AB65B765DA
:10FD3800C365C665C165C465CC65D265DB65D96533
:10FD4800E065E165F16572670A660366FB657367DE
:10FD58003566366634661C664F6644664966416693
:10FD68005E665D666466676668665F66626670663C
:10FD7800836688668E668966846698669D66C166AF
:10FD8800B966C966BE66BC66C466B866D666DA6613
:10FD9800E0663F66E666E966F066F566F7660F6751
:10FDA80016671E672667276738972E673F67366787
:10FDB80041673867376746675E6760675967636793
:10FDC800646789677067A9677C676A678C678B67F0
:10FDD800A667A1678567B767EF67B467EC67B3671E
:10FDE800E967B867E467DE67DD67E267EE67B9670A
:10FDF800CE67C667E7679C6A1E68466829684068D8
:10FE08004D6832684E68B3682B68596863687768CC
:10FE18007F689F688F68AD6894689D689B688368F1
:10FE2800AE6AB9687468B568A068BA680F698D6801
:10FE38007E680169CA680869D86822692669E16824
:10FE48000C69CD68D468E768D568366912690469B1
:10FE5800D768E3682569F968E068EF6828692A695E
:10FE68001A6923692169C668796977695C6978695B
:10FE78006B6954697E696E69396974693D69596944
:10FE8800306961695E695D6981696A69B269AE698B
:10FE9800D069BF69C169D369BE69CE69E85BCA69BF
:10FEA800DD69BB69C369A7692E6A9169A0699C6904
:10FEB8009569B469DE69E869026A1B6AFF690A6BB9
:10FEC800F969F269E769056AB1691E6AED69146A38
:10FED800EB690A6A126AC16A236A136A446A0C6A7D
:10FEE800726A366A786A476A626A596A666A486AEA
:10FEF800386A226A906A8D6AA06A846AA26AA36ACA
:10FF0800976A1786BB6AC36AC26AB86AB36AAC6A78
:10FF1800DE6AD16ADF6AAA6ADA6AEA6AFB6A056B8C
:10FF28001686FA6A126B166B319B1F6B386B376B30
:10FF3800DC76396BEE98476B436B496B506B596BAA
:10FF4800546B5B6B5F6B616B786B796B7F6B806BF2
:10FF5800846B836B8D6B986B956B9E6BA46BAA6B94
:10FF6800AB6BAF6BB26BB16BB36BB76BBC6BC66B88
:10FF7800CB6BD36BDF6BEC6BEB6BF36BEF6BBE9EFA
:10FF8800086C136C146C1B6C246C236C5E6C556CC5
:10FF9800626C6A6C826C8D6C9A6C816C9B6C7E6CEA
:10FFA800686C736C926C906CC46CF16CD36CBD6CA7
:10FFB800D76CC56CDD6CAE6CB16CBE6CBA6CDB6CAE
:10FFC800EF6CD96CEA6C1F6D4D88366D2B6D3D6DED
:10FFD800386D196D356D336D126D0C6D636D936DE4
:10FFE800646D5A6D796D596D8E6D956DE46F856D83
:08FFF800F96D156E0A6EB56D7E
:020000041001E9
:10000000C76DE66DB86DC66DEC6DDE6DCC6DE86DDF
:10001000D26DC56DFA6DD96DE46DD56DEA6DEE6D7D
:100020002D6E6E6E2E6E196E726E5F6E3E6E236E4C
:100030006B6E2B6E766E4D6E1F6E436E3A6E4E6E0D
:10004000246EFF6E1D6E386E826EAA6E986EC96E3B
:10005000B76ED36EBD6EAF6EC46EB26ED46ED56E1B
:100060008F6EA56EC26E9F6E416F116F4C70EC6EFD
:10007000F86EFE6E3F6FF26E316FEF6E326FCC6EC8
:100080003E6F136FF76E866F7A6F786F816F806F38
:100090006F6F5B6FF36F6D6F826F7C6F586F8E6FDA
:1000A000916FC26F666FB36FA36FA16FA46FB96FCB
:1000B000C66FAA6FDF6FD56FEC6FD46FD86FF16F1B
:1000C000EE6FDB6F09700B70FA6F117001700F70BB
:1000D000FE6F1B701A70746F1D7018701F70307077
:1000E0003E7032705170637099709270AF70F170A1
:1000F000AC70B870B370AE70DF70CB70DD70D9705B
:100100000971FD701C711971657155718871667185
:1001100062714C7156716C718F71FB718471957144
:10012000A871AC71D771B971BE71D271C971D47136
:10013000CE71E071EC71E771F571FC71F971FF71CD
:100140000D7210721B7228722D722C723072327204
:100150003B723C723F72407246724B7258727472BC
:100160007E7282728172877292729672A272A77286
:10017000B972B272C372C672C472CE72D272E272B5
:10018000E072E172F972F7720F5017730A731C7301
:1001900016731D7334732F73297325733E734E7357
:1001A0004F73D89E57736A736873707378737573DF
:1001B0007B737A73C873B373CE73BB73C073E57309
:1001C000EE73DE73A27405746F742574F873327461
:1001D0003A7455743F745F74597441745C746974F3
:1001E000707463746A7476747E748B749E74A7746E
:1001F000CA74CF74D474F173E074E374E774E9746F
:10020000EE74F274F074F174F874F7740475037595
:1002100005750C750E750D75157513751E7526759E
:100220002C753C7544754D754A7549755B754675F9
:100230005A756975647567756B756D7578757675C2
:100240008675877574758A758975827594759A75C2
:100250009D75A575A375C275B375C375B575BD7567
:10026000B875BC75B175CD75CA75D275D975E3759C
:10027000DE75FE75FF75FC750176F075FA75F27521
:10028000F3750B760D7609761F7627762076217624
:1002900022762476347630763B76477648764676F4
:1002A0005C76587661766276687669766A76677685
:1002B0006C7670767276767678767C7680768376D3
:1002C00088768B768E769676937699769A76B076D1
:1002D000B476B876B976BA76C276CD76D676D27658
:1002E000DE76E176E576E776EA762F86FB760877A6
:1002F00007770477297724771E77257726771B776A
:100300003777387747775A7768776B775B77657792
:100310007F777E7779778E778B779177A0779E77C7
:10032000B077B677B977BF77BC77BD77BB77C7773C
:10033000CD77D777DA77DC77E377EE77FC770C78D1
:100340001278267920782A7945788E78747886789C
:100350007C789A788C78A378B578AA78AF78D178B9
:10036000C678CB78D478BE78BC78C578CA78EC7873
:10037000E778DA78FD78F4780779127911791979C4
:100380002C792B794079607957795F795A79557949
:1003900053797A797F798A799D79A7794B9FAA7960
:1003A000AE79B379B979BA79C979D579E779EC7940
:1003B000E179E379087A0D7A187A197A207A1F7A26
:1003C0008079317A3B7A3E7A377A437A577A497A1A
:1003D000617A627A697A9D9F707A797A7D7A887A71
:1003E000977A957A987A967AA97AC87AB07AB67A0C
:1003F000C57AC47ABF7A8390C77ACA7ACD7ACF7A1F
:10040000D57AD37AD97ADA7ADD7AE17AE27AE67A3B
:10041000ED7AF07A027B0F7B0A7B067B337B187BBD
:10042000197B1E7B357B287B367B507B7A7B047B5C
:100430004D7B0B7B4C7B457B757B657B747B677B46
:10044000707B717B6C7B6E7B9D7B987B9F7B8D7BB8
:100450009C7B9A7B8B7B927B8F7B5D7B997BCB7B21
:10046000C17BCC7BCF7BB47BC67BDD7BE97B117C06
:10047000147CE67BE57B607C007C077C137CF37B53
:10048000F77B177C0D7CF67B237C277C2A7C1F7CEA
:10049000377C2B7C3D7C4C7C437C547C4F7C407C6B
:1004A000507C587C5F7C647C567C657C6C7C757C65
:1004B000837C907CA47CAD7CA27CAB7CA17CA87C62
:1004C000B37CB27CB17CAE7CB97CBD7CC07CC57C8D
:1004D000C27CD87CD27CDC7CE27C3B9BEF7CF27CD7
:1004E000F47CF67CFA7C067D027D1C7D157D0A7D00
:1004F000457D4B7D2E7D327D3F7D357D467D737DF7
:10050000567D4E7D727D687D6E7D4F7D637D937DD2
:10051000897D5B7D8F7D7D7D9B7DBA7DAE7DA37D5D
:10052000B57DC77DBD7DAB7D3D7EA27DAF7DDC7D94
:10053000B87D9F7DB07DD87DDD7DE47DDE7DFB7D5A
:10054000F27DE17D057E0A7E237E217E127E317E54
:100550001F7E097E0B7E227E467E667E3B7E357E3A
:10056000397E437E377E327E3A7E677E5D7E567E62
:100570005E7E597E5A7E797E6A7E697E7C7E7B7E37
:10058000837ED57D7D7EAE8F7F7E887E897E8C7ECC
:10059000927E907E937E947E967E8E7E9B7E9C7EC7
:1005A000387F3A7F457F4C7F4D7F4E7F507F517F14
:1005B000557F547F587F5F7F607F687F697F677F4B
:1005C000787F827F867F837F887F877F8C7F947F01
:1005D0009E7F9D7F9A7FA37FAF7FB27FB97FAE7FE3
:1005E000B67FB87F718BC57FC67FCA7FD57FD47F2A
:1005F000E17FE67FE97FF37FF97FDC980680048066
:100600000B801280188019801C80218028803F80F8
:100610003B804A804680528058805A805F8062804A
:100620006880738072807080768079807D807F8022
:100630008480868085809B8093809A80AD80905155
:10064000AC80DB80E580D980DD80C480DA80D68014
:100650000981EF80F1801B81298123812F814B81CA
:100660008B9646813E8153815181FC8071816E81E0
:10067000658166817481838188818A81808182819C
:10068000A0819581A481A3815F819381A981B0819B
:10069000B581BE81B881BD81C081C281BA81C98165
:1006A000CD81D181D981D881C881DA81DF81E08192
:1006B000E781FA81FB81FE81018202820582078245
:1006C0000A820D821082168229822B82388233821E
:1006D0004082598258825D825A825F82648262823D
:1006E00068826A826B822E827182778278827E82B1
:1006F0008D829282AB829F82BB82AC82E182E38256
:10070000DF82D282F482F382FA8293830383FB82B4
:10071000F982DE820683DC820983D98235833483C1
:1007200016833283318340833983508345832F83FB
:100730002B831783188385839A83AA839F83A2833D
:10074000968323838E8387838A837C83B583738395
:100750007583A0838983A883F4831384EB83CE837A
:10076000FD830384D8830B84C183F7830784E083EC
:10077000F2830D8422842084BD8338840685FB8324
:100780006D842A843C845A85848477846B84AD8408
:100790006E848284698446842C846F847984358451
:1007A000CA846284B984BF849F84D984CD84BB8485
:1007B000DA84D084C184C684D684A1842185FF8450
:1007C000F484178518852C851F8515851485FC8470
:1007D0004085638558854885418502864B855585CA
:1007E0008085A485888591858A85A8856D85948571
:1007F0009B85EA8587859C8577857E859085C985DB
:10080000BA85CF85B985D085D585DD85E585DC853B
:10081000F9850A8613860B86FE85FA85068622866A
:100820001A8630863F864D86554E54865F8667868B
:1008300071869386A386A986AA868B868C86B686C1
:10084000AF86C486C686B086C9862388AB86D48622
:10085000DE86E986EC86DF86DB86EF8612870687F2
:10086000088700870387FB86118709870D87F9862C
:100870000A8734873F8737873B87258729871A87E9
:1008800060875F8778874C874E877487578768872C
:100890006E875987538763876A870588A2879F87F2
:1008A0008287AF87CB87BD87C087D087D696AB8737
:1008B000C487B387C787C687BB87EF87F287E08780
:1008C0000F880D88FE87F687F7870E88D2871188F4
:1008D00016881588228821883188368839882788A3
:1008E0003B8844884288528859885E8862886B8831
:1008F00081887E889E8875887D88B5887288828880
:1009000097889288AE889988A2888D88A488B088B4
:10091000BF88B188C388C488D488D888D988DD883E
:10092000F9880289FC88F488E888F28804890C89AF
:100930000A89138943891E8925892A892B89418936
:1009400044893B89368938894C891D8960895E894B
:10095000668964896D896A896F89748977897E89D6
:10096000838988898A8993899889A189A989A6898F
:10097000AC89AF89B289BA89BD89BF89C089DA8952
:10098000DC89DD89E789F489F889038A168A108A67
:100990000C8A1B8A1D8A258A368A418A5B8A528A7A
:1009A000468A488A7C8A6D8A6C8A628A858A828AAB
:1009B000848AA88AA18A918AA58AA68A9A8AA38A01
:1009C000C48ACD8AC28ADA8AEB8AF38AE78AE48A01
:1009D000F18A148BE08AE28AF78ADE8ADB8A0C8B42
:1009E000078B1A8BE18A168B108B178B208B338B1E
:1009F000AB97268B2B8B3E8B288B418B4C8B4F8B55
:100A00004E8B498B568B5B8B5A8B6B8B5F8B6C8BB6
:100A10006F8B748B7D8B808B8C8B8E8B928B938B5F
:100A2000968B998B9A8B3A8C418C3F8C488C4C8C52
:100A30004E8C508C558C628C6C8C788C7A8C828C21
:100A4000898C858C8A8C8D8C8E8C948C7C8C988CEB
:100A50001D62AD8CAA8CBD8CB28CB38CAE8CB68C66
:100A6000C88CC18CE48CE38CDA8CFD8CFA8CFB8C0A
:100A7000048D058D0A8D078D0F8D0D8D108D4E9F68
:100A8000138DCD8C148D168D678D6D8D718D738D3D
:100A9000818D998DC28DBE8DBA8DCF8DDA8DD68D1B
:100AA000CC8DDB8DCB8DEA8DEB8DDF8DE38DFC8DD9
:100AB000088E098EFF8D1D8E1E8E108E1F8E428E0B
:100AC000358E308E348E4A8E478E498E4C8E508EA7
:100AD000488E598E648E608E2A8E638E558E768EE9
:100AE000728E7C8E818E878E858E848E8B8E8A8E82
:100AF000938E918E948E998EAA8EA18EAC8EB08E8E
:100B0000C68EB18EBE8EC58EC88ECB8EDB8EE38E2A
:100B1000FC8EFB8EEB8EFE8E0A8F058F158F128F4B
:100B2000198F138F1C8F1F8F1B8F0C8F268F338F66
:100B30003B8F398F458F428F3E8F4C8F498F468F29
:100B40004E8F578F5C8F628F638F648F9C8F9F8FC8
:100B5000A38FAD8FAF8FB78FDA8FE58FE28FEA8FDC
:100B6000EF8F8790F48F0590F98FFA8F1190159081
:100B700021900D901E9016900B90279036903590F6
:100B80003990F88F4F905090519052900E9049901C
:100B90003E90569058905E9068906F907690A89690
:100BA000729082907D90819080908A9089908F90B1
:100BB000A890AF90B190B590E290E4904862DB903D
:100BC000029112911991329130914A915691589116
:100BD000639165916991739172918B9189918291E1
:100BE000A291AB91AF91AA91B591B491BA91C091F4
:100BF000C191C991CB91D091D691DF91E191DB91D7
:100C0000FC91F591F6911E92FF9114922C921592FF
:100C100011925E92579245924992649248929592AF
:100C20003F924B9250929C92969293929B925A92A0
:100C3000CF92B992B792E9920F93FA9244932E937E
:100C4000199322931A9323933A9335933B935C938E
:100C500060937C936E935693B093AC93AD939493BF
:100C6000B993D693D793E893E593D893C393DD9341
:100C7000D093C893E4931A94149413940394079410
:100C8000109436942B94359421943A944194529430
:100C900044945B94609462945E946A9429927094F4
:100CA000759477947D945A947C947E9481947F94E7
:100CB000829587958A959495969598959995A095FE
:100CC000A895A795AD95BC95BB95B995BE95CA95C8
:100CD000F66FC395CD95CC95D595D495D695DC95E5
:100CE000E195E595E295219628962E962F964296C7
:100CF0004C964F964B9677965C965E965D965F9671
:100D0000669672966C968D96989695969796AA96F4
:100D1000A796B196B296B096B496B696B896B9968E
:100D2000CE96CB96C996CD964D89DC960D97D596E5
:100D3000F99604970697089713970E9711970F97B0
:100D40001697199724972A97309739973D973E978A
:100D5000449746974897429749975C97609764975E
:100D600066976897D2526B977197799785977C971A
:100D700081977A9786978B978F9790979C97A8974C
:100D8000A697A397B397B497C397C697C897CB97DF
:100D9000DC97ED974F9FF297DF7AF697F5970F98CC
:100DA0000C9838982498219837983D9846984F98F1
:100DB0004B986B986F987098719874987398AA98DC
:100DC000AF98B198B698C498C398C698E998EB982C
:100DD0000399099912991499189921991D991E99A5
:100DE000249920992C992E993D993E994299499997
:100DF000459950994B99519952994C995599979970
:100E00009899A599AD99AE99BC99DF99DB99DD992F
:100E1000D899D199ED99EE99F199F299FB99F899B0
:100E2000019A0F9A059AE299199A2B9A379A459A3C
:100E3000429A409A439A3E9A559A4D9A5B9A579A8B
:100E40005F9A629A659A649A699A6B9A6A9AAD9A5D
:100E5000B09ABC9AC09ACF9AD19AD39AD49ADE9A71
:100E6000DF9AE29AE39AE69AEF9AEB9AEE9AF49A6C
:100E7000F19AF79AFB9A069B189B1A9B1F9B229B41
:100E8000239B259B279B289B299B2A9B2E9B2F9B43
:100E9000329B449B439B4F9B4D9B4E9B519B589B2E
:100EA000749B939B839B919B969B979B9F9BA09BE3
:100EB000A89BB49BC09BCA9BB99BC69BCF9BD19B55
:100EC000D29BE39BE29BE49BD49BE19B3A9CF29BED
:100ED000F19BF09B159C149C099C139C0C9C069CFC
:100EE000089C129C0A9C049C2E9C1B9C259C249C68
:100EF000219C309C479C329C469C3E9C5A9C609C0A
:100F0000679C769C789CE79CEC9CF09C099D089DD6
:100F1000EB9C039D069D2A9D269DAF9D239D1F9DB5
:100F2000449D159D129D419D3F9D3E9D469D489D22
:100F30005D9D5E9D649D519D509D599D729D899DB5
:100F4000879DAB9D6F9D7A9D9A9DA49DA99DB29D05
:100F5000C49DC19DBB9DB89DBA9DC69DCF9DC29DA0
:100F6000D99DD39DF89DE69DED9DEF9DFD9D1A9E1B
:100F70001B9E1E9E759E799E7D9E819E889E8B9E49
:100F80008C9E929E959E919E9D9EA59EA99EB89E8A
:100F9000AA9EAD9E6197CC9ECE9ECF9ED09ED49EA3
:100FA000DC9EDE9EDD9EE09EE59EE89EEF9EF49E2A
:100FB000F69EF79EF99EFB9EFC9EFD9E079F089F56
:100FC000B776159F219F2C9F3E9F4A9F529F549F0B
:100FD000639F5F9F609F619F669F679F6C9F6A9FF3
:100FE000779F729F769F959F9C9FA09F2F58C76960
:100FF00059906474DC5199719C4E1655035A3F9672
:10100000C0541B612863F659229075841C83507A62
:10101000AA60E163256EED656684A682F59B936800
:101020002757A16571629B5BD0597B86F498627DDE
:10103000BE7D8E9B16629F7CB788895BB55E096317
:1010400097664868C7958D974F67E54E0A4F4D4F95
:101050009D4F4950F2563759D459015A095CDF6007
:101060000F61706113660569BA704F757075FB7911
:10107000AD7DEF7DC3800E846388028B55907A909E
:101080003B53954EA54EDF57B280C190EF78004E8E
:10109000F158A26E3890327A28838B822F9C41516E
:1010A0007053BD54E154E056FB59155FF298EB6D57
:1010B000E4802D8562967096A096FB970B54F353AF
:1010C000875BCF70BD7FC28FE8966F535C9DBA7A05
:1010D000114E9378FC81266E185604551D6B1A85A7
:1010E0003B9CE559A953666DDC748F954256914E31
:1010F0004B90F2964F830C99E153B655305B715F7C
:101100002066F3660468386CF36C296D5B74C876EE
:101110004E7A3498F1825B88608AED92B26DAB753D
:10112000CA76C599A660018B8A8DB2958E69AD533A
:101130008651125730584459B45BF65E2860A96353
:10114000F463BF6C146F8E7014715971D5713F7355
:10115000017E7682D182978560905B921B9D695853
:10116000BC655A6C2575F9512E596559805FDC5F55
:10117000BC62FA652A6A276BB46B8B73C17F568990
:101180002C9D0E9DC49EA15C966C7B8304514B5C90
:10119000B661C68176686172594EFA4F78536960BC
:1011A000296E4F7AF3970B4E1653EE4E554F3D4F27
:1011B000A14F734FA052EF5309560F59C15AB65B56
:1011C000E15BD17987669C67B6674C6BB36C6B70DB
:1011D000C2738D79BE793C7A877BB182DB820483CE
:1011E0007783EF83D3836687B28A2956A88CE68FEC
:1011F0004E901E978A86C44FE85C116259723B7507
:10120000E581BD82FE86C08CC5961399D599CB4EDB
:101210001A4FE389DE564A58CA58FB5EEB5F2A60D4
:1012200094606260D0611262D0623965419B6666EB
:10123000B068776D70704C758676757DA582F9877C
:101240008B958E969D8CF151BE521659B354B35B5B
:10125000165D68618269AF6D8D78CB845788728A1C
:10126000A793B89A6C6DA899D986A357FF67CE86C5
:101270000E92835287560454D35EE162B9643C688F
:101280003868BB6B7273BA786B7A9A89D2896B8D26
:10129000038FED90A39594966997665BB35C7D6927
:1012A0004D984E989B63207B2B6A7F6AB6680D9C95
:1012B0005F6F72529D557060EC623B6D076ED16E30
:1012C0005B841089448F144E399CF6531B693A6A2B
:1012D00084972A685C51C37AB284DC918C935B5604
:1012E000289D226805833184A57C0852C582E67456
:1012F0007E4E834FA051D25B0A52D852E752FB5D1B
:101300009A552A58E6598C5B985BDB5B725E795E76
:10131000A3601F616361BE61DB636265D16753686F
:10132000FA683E6B536B576C226F976F456FB074C2
:101330001875E3760B77FF7AA17B217CE97D367FF8
:10134000F07F9D8066829E83B389CC8AAB8C84902B
:10135000519493959195A2956596D3972899188263
:10136000384E2B54B85CCC5DA9734C763C77A95CA5
:10137000EB7F0B8DC196119854985898014F0E4FE2
:1013800071539C556856FA574759095BC45B905C8A
:101390000C5E7E5ECC5FEE633A67D765E2651F67E1
:1013A000CB68C4685F6A305EC56B176C7D6C7F75F7
:1013B0004879635B007A007DBD5F8F89188AB48CA1
:1013C000778DCC8E1D8FE2980E9A3C9B804E7D507F
:1013D000005193599C5B2F628062EC643A6BA0725F
:1013E00091754779A97FFB87BC8A708BAC63CA83F0
:1013F000A09709540354AB555468586A708A2778EB
:101400007567CD9E7453A25B1A8150860690184E64
:10141000454EC74E114FCA533854AE5B135F25601B
:1014200051653D67426C726CE36C78700374767A38
:10143000AE7A087B1A7DFE7C667DE7655B72BB53E6
:10144000455CE85DD262E0621963206E5A86318A9B
:10145000DD8DF892016FA6795A9BA84EAB4EAC4E2B
:101460009B4FA04FD1504751F67A7151F6515453CA
:1014700021537F53EB53AC558358E15C375F4A5F90
:101480002F6050606D601F6359654B6AC16CC272FA
:10149000ED72EF77F880058108824E85F790E19331
:1014A000FF9757995A9AF04EDD512D5C81666D6910
:1014B000405CF266756989735068817CC550E4525E
:1014C0004757FE5D2693A465236B3D6B3474817989
:1014D000BD794B7BCA7DB982CC837F885F89398B8C
:1014E000D18FD1911F5480925D4E3650E5533A53BF
:1014F000D7729673E977E682AF8EC699C899D2996A
:1015000077511A615E86B0557A7A7650D35B4790F0
:101510008596324EDB6AE791515C485C98639F7A0E
:10152000936C7497618FAA7A8A718896827C176807
:10153000707E51686C93F2521B54AB85138AA47F62
:10154000CD8EE190665388884179C24FBE501152CA
:10155000445153552D57EA738B575159625F845F3D
:10156000756076616761A961B2633A646C656F66A4
:101570004268136E66753D7AFB7C4C7D997D4B7E8F
:101580006B7F0E834A83CD86088A638A668BFD8EC5
:101590001A988F9DB882CE8FE89B87521F62836412
:1015A000C06F999641689150206B7A6C546F747A31
:1015B000507D4088238A0867F64E39502650655082
:1015C0007C5138526352A7550F570558CC5AFA5ED2
:1015D000B261F861F36272631C69296A7D72AC7250
:1015E0002E7314786F78797D0C77A9808B89198B8D
:1015F000E28CD28E639075937A965598139A789E62
:1016000043519F53B3537B5E265F1B6E906E847372
:10161000FE73437D3782008AFA8A50964E4E0B50F5
:10162000E4537C54FA56D159645BF15DAB5E275F9D
:1016300038624565AF67566ED072CA7CB488A180A7
:10164000E180F0834E86878AE88D3792C796679847
:10165000139F944E924E0D4F485349543E542F5A67
:101660008C5FA15F9F60A7688E6A5A7481789E8A9A
:10167000A48A778B90915E4EC99BA44E7C4FAF4F4E
:101680001950165049516C519F52B952FE529A53FB
:10169000E35311540E5489555157A2577D59545B49
:1016A0005D5B8F5BE55DE75DF75D785E835E9A5E0F
:1016B000B75E185F52604C619762D862A7633B6562
:1016C00002664366F4666D6721689768CB695F6C54
:1016D0002A6D696D2F6E9D6E327587766C783F7AB4
:1016E000E07C057D187D5E7DB17D15800380AF8037
:1016F000B18054818F812A8252834C8861881B8BF0
:10170000A28CFC8CCA90759171923F78FC92A49542
:101710004D9605989999D89A3B9D5B52AB52F753D9
:101720000854D558F762E06F6A8C5F8FB99E4B51B1
:101730003B524A54FD56407A7791609DD29E447345
:10174000096F70811175FD5FDA60A89ADB72BC8F3A
:10175000646B0398CA4EF0566457BE585A5A686074
:10176000C7610F6606663968B168F76DD5753A7D51
:101770006E82429B9B4E504FC95306556F5DE65D8E
:10178000EE5DFB67996C73740278508A9693DF88DC
:101790005057A75E2B63B550AC508D510067C954AC
:1017A0005E58BB59B05B695F4D62A1633D68736B66
:1017B000086E7D70C7918072157826786D798E6578
:1017C000307DDC83C188098F9B966452285750670F
:1017D0006A7FA18CB45142572A963A588A69B480DC
:1017E000B2540E5DFC579578FA9D5C4F4A528B546B
:1017F0003E6428661467F567847A567B227D2F93B2
:101800005C68AD9B397B19538A513752DF5BF662B6
:10181000AE64E6642D67BA6BA985D1969076D69BA7
:101820004C630693AB9BBF765266094E9850C253E9
:10183000715CE860926463655F68E671CA732375E2
:10184000977B827E9586838BDB8C78911099AC6533
:10185000AB668B6BD54ED44E3A4F7F4F3A52F8530E
:10186000F253E355DB56EB58CB59C959FF59505B3E
:101870004D5C025E2B5ED75F1D6007632F655C5B6E
:10188000AF65BD65E8659D67626B7B6B0F6C4573EB
:101890004979C179F87C197D2B7DA2800281F38181
:1018A00096895E8A698A668A8C8AEE8AC78CDC8C05
:1018B000CC96FC986F6B8B4E3C4F8D4F5051575BC5
:1018C000FA5B486101634266216BCB6EBB6C3E7272
:1018D000BD74D475C1783A790C803380EA819484E0
:1018E0009E8F506C7F9E0F5F588B2B9DFA7AF88EDF
:1018F0008D5BEB96034EF153F7573159C95AA45BF0
:1019000089607F6E066FBE75EA8C9F5B0085E07B09
:101910007250F4679D82615C4A851E7E0E829951E9
:10192000045C6863668D9C656E713E79177D0580E9
:101930001D8BCA8E6E90C786AA901F50FA523A5CD1
:1019400053677C7035724C91C8912B93E582C25BD2
:10195000315FF9603B4ED653885B4B6231678A6BCF
:10196000E972E0732E7A6B81A38D52919699125190
:10197000D7536A54FF5B8863396AAC7D0097DA56A7
:10198000CE536854975B315CDE5DEE4F0161FE62C1
:10199000326DC079CB79427D4D7ED27FED811F8241
:1019A000908446887289908B748E2F8F31904B91E2
:1019B0006C91C6969C91C04E4F4F45514153935FD9
:1019C0000E62D467416C0B6E6373267ECD91839259
:1019D000D4531959BF5BD16D5D792E7E9B7C7E58A7
:1019E0009F71FA515388F08FCA4FFB5C2566AC7724
:1019F000E37A1C82FF99C651AA5FEC656F69896B17
:101A0000F36D966E646FFE76147DE15D759087913F
:101A10000698E6511D5240629166D9661A6EB65E0E
:101A2000D27D727FF866AF85F785F88AA952D953BF
:101A300073598F5E905F5560E4926496B7501F5162
:101A4000DD5220534753EC53E85446553155175651
:101A50006859BE593C5AB55B065C0F5C115C1A5C58
:101A6000845E8A5EE05E705F7F628462DB628C63AC
:101A7000776307660C662D6676667E67A2681F6AC6
:101A8000356ABC6C886D096E586E3C712671677141
:101A9000C77501775D7801796579F079E07A117B16
:101AA000A77C397D9680D6838B8449855D88F388B1
:101AB0001F8A3C8A548A738A618CDE8CA491669258
:101AC0007E9318949C9698970A4E084E1E4E574E39
:101AD00097517052CE573458CC58225B385EC5604F
:101AE000FE6461675667446DB6727375637AB88435
:101AF000728BB89120933156F457FE98ED620D69C0
:101B0000966BED71547E77807282E689DF985587F7
:101B1000B18F3B5C384FE14FB54F0755205ADD5B25
:101B2000E95BC35F4E612F63B0654B66EE689B69EE
:101B3000786DF16D3375B9751F775E79E679337D10
:101B4000E381AF82AA85AA893A8AAB8E9B8F3290B5
:101B5000DD910797BA4EC14E03527558EC580B5C95
:101B60001A753D5C4E810A8AC58F63966D97257BF9
:101B7000CF8A08986291F356A85317903954825728
:101B8000255EA863346C8A7061778B7CE07F7088F7
:101B900042905491109318938F965E74C49A075D87
:101BA000695D7065A267A88DDB966E6349671969E8
:101BB000C5831798C096FE88846F7A64F85B164ECA
:101BC0002C705D752F66C4513652E252D359815F35
:101BD000276010623F6574651F667466F268166858
:101BE000636B056E72721F75DB76BE7C5680F05893
:101BF000FD887F89A08A938ACB8A1D909291529703
:101C0000599789650E7A0681BB962D5EDC601A6253
:101C1000A56514669067F3774D7A4D7C3E7E0A8108
:101C2000AC8C648DE18D5F8EA9780752D962A56373
:101C3000426498622D8A837AC07BAC8AEA96767D6C
:101C40000C824987D94E485143536053A35B025CD1
:101C5000165CDD5D26624762B06413683468C96C47
:101C6000456D176DD3675C6F4E717D71CB657F7A63
:101C7000AD7BDA7D4A7EA87F7A811B823982A68578
:101C80006E8ACE8CF58D78907790AD9291928395F7
:101C9000AE9B4D528455386F367168518579557EAB
:101CA000B381CE7C4C565158A85CAA63FE66FD6693
:101CB0005A69D9728F758E750E795679DF79977C4E
:101CC000207D447D0786348A3B966190209FE750B3
:101CD0007552CC53E2530950AA55EE584F593D72F4
:101CE0008B5B645C1D53E360F3605C6383633F6301
:101CF000BB63CD64E965F966E35DCD69FD69156F88
:101D0000E571894EE975F876937ADF7CCF7D9C7D0D
:101D10006180498358836C84BC84FB85C588708D41
:101D200001906D9097931C97129ACF5097588E619F
:101D3000D3813585088D2090C34F7450475273531B
:101D40006F6049635F672C6EB38D1F90D74F5E5CE9
:101D5000CA8CCF659A7D525396887651C363585B7F
:101D60006B5B0A5C0D6451675C90D64E1A592A5918
:101D7000706C518A3E551558A559F0605362C16781
:101D8000358255694096C499289A534F0658FE5B90
:101D90001080B15C2F5E855F20604B613462FF660E
:101DA000F06CDE6ECE807F81D4828B88B88C009000
:101DB0002E908A96DB9EDB9BE34EF05327592C7BBB
:101DC0008D914C98F99DDD6E277053534455855B7A
:101DD00058629E62D362A26CEF6F2274178A3894A5
:101DE000C16FFE8A3883E751F886EA53E953464FBC
:101DF0005490B08F6A593181FD5DEA7ABF8FDA68FD
:101E0000378CF872489C3D6AB08A394E5853065652
:101E10006657C562A263E6654E6BE16D5B6EAD70A1
:101E2000ED77EF7AAA7BBB7D3D80C680CB86958A15
:101E30005B93E356C7583E5FAD659666806AB56BA7
:101E40003775C78A2450E57730571B5F65607A661F
:101E5000606CF4751A7A6E7FF48118874590B39997
:101E6000C97B5C75F97A517BC4841090E979927AC8
:101E70003683E15A40772D4EF24E995BE05FBD62AA
:101E80003C66F167E86C6B8677883B8A4E91F392EB
:101E9000D099176A26702A73E7825784AF8C014E57
:101EA0004651CB518B55F55B165E335E815E145FF8
:101EB000355F6B5FB45FF2611163A2661D676E6F81
:101EC00052723A753A777480398178817687BF8A01
:101ED000DC8A858DF38D9A9277950298E59CC552A0
:101EE0005763F4761567886CCD73C38CAE93739685
:101EF000256D9C580E69CC69FD8F9A93DB751A90FD
:101F00005A580268B463FB69434F2C6FD867BB8F84
:101F10002685B47D54933F69706F6A57F7582C5BE0
:101F20002C7D2A720A54E391B49DAD4E4E4F5C5005
:101F3000755043529E8C485424589A5B1D5E955EA2
:101F4000AD5EF75E1F5F8C60B5623A63D063AF68C9
:101F5000406C87788E790B7AE07D4782028AE68A28
:101F6000448E1390B8902D91D8910E9FE56C5864D3
:101F7000E2647565F46E84761B7B6990D193BA6ECA
:101F8000F254B95FA4644D8FED8F449278516B5831
:101F90002959555C975EFB6D8F7E1C75BC8CE28E5B
:101FA0005B98B9701D4FBF6BB16F3075FB964E518A
:101FB000105435585758AC59605C925F97655C6710
:101FC000216E7B76DF83ED8C1490FD904D93257808
:101FD0003A78AA52A65E1F577459126012505A518D
:101FE000AC51CD5100521055545858585759955B23
:101FF000F65C8B5DBC6095622D6471674368BC685C
:10200000DF68D776D86D6F6E9B6D6F70C871535F48
:10201000D8757779497B547B527BD67C717D305261
:1020200063846985E4850E8A048B468C0F8E039049
:102030000F90199476962D98309AD895CD50D55208
:102040000C5402580E5CA7619E641E6DB377E57A4E
:10205000F480048453908592E05C079D3F53975F22
:10206000B35F9C6D79726377BF79E47BD26BEC725E
:10207000AD8A0368616AF851817A34694A5CF69CDA
:10208000EB82C55B49911E7078566F5CC7606665D0
:102090008C6C5A8C419013985154C7660D924859D4
:1020A000A39085514D4EEA5199850E8B58707A63F5
:1020B0004B936269B499047E777557536069DF8EDC
:1020C000E3965D6C8C4E3C5C105FE98F0253D18CC3
:1020D00089807986FF5EE565734E655182593F5C64
:1020E000EE97FB4E8A59CD5F8D8AE16FB0796279A8
:1020F000E75B71842B73B171745EF55F7B639A64E7
:10210000C371987C434EFC5E4B4EDC57A256A960CF
:10211000C36F0D7DFD803381BF81B28F9789A48607
:10212000F45D8A62AD6487897767E26C3E6D3674D0
:102130003478465A757FAD82AC99F34FC35EDD6249
:10214000926357656F67C3764C72CC80BA80298FD3
:102150004D910D50F957925A856873696471FD72FB
:10216000B78CF258E08C6A9619907F87E479E7770C
:1021700029842F4F65525A53CD62CF67CA6C7D7642
:10218000947B957C36828485EB8FDD66206F0672AA
:102190001B7EAB83C199A69EFD51B17B7278B87B43
:1021A0008780487BE86A615E8C80517560756B51F1
:1021B00062928C6E7A769791EA9A104F707F9C6249
:1021C0004F7BA595E99C7A565958E486BC96344FC6
:1021D00024524A53CD53DB53065E2C6491657F67CE
:1021E0003E6C4E6C4872AF72ED735475417E2C821A
:1021F000E985A98CC47BC69169711298EF983D63FB
:1022000069666A75E476D0784385EE862A53515321
:1022100026548359875E7C5FB26049627962AB6203
:102220009065D46BCC6CB275AE769178D879CB7D55
:10223000777FA580AB88B98ABB8C7F905E97DB984F
:102240000B6A387C99503E5CAE5F8767D86B3574FB
:1022500009778E7F3B9FCA67177A39538B75ED9A42
:10226000665F9D81F18398803C5FC55F6275467BA8
:102270003C906768EB599B5A107D7E762C8BF54F0E
:102280006A5F196A376C026FE27468796888558AE8
:10229000798CDF5ECF63C575D279D7822893F292AD
:1022A0009C84ED862D9CC1546C5F8C655C6D1570B3
:1022B000A78CD38C3B984F65F6740D4ED84EE057E3
:1022C0002B59665ACC5BA851035E9C5E1660766201
:1022D0007765A7656E666E6D3672267B50819A8132
:1022E00099825C8BA08CE68C748D1C964496AE4FC4
:1022F000AB64666B1E8261846A85E890015C5369F9
:10230000A8987A8457850F4F6F52A95F455E0D6775
:102310008F79798107898689F56D175F5562B86C69
:10232000CF4E6972929B06523B547456B358A461C7
:102330006E621A716E59897CDE7C1B7DF096876512
:102340005E80194E754F75514058635E735E0A5F2B
:10235000C467264E3D8589955B96737C0198FB503A
:10236000C1585676A7782552A5771185867B4F50A0
:1023700009594772C77BE87DBA8FD48F4D90BF4F04
:10238000C952295A015FAD97DD4F1782EA92035770
:102390005563696B2B75DC88148F427ADF52935832
:1023A00055610A62AE66CD6B3F7CE9832350F84FDE
:1023B00005534654315849599D5BF05CEF5C295DEB
:1023C000965EB16267633E65B9650B67D56CE16C7B
:1023D000F97032782B7EDE80B3820C84EC84028725
:1023E00012892A8A4A8CA690D292FD98F39C6C9D01
:1023F0004F4EA14E8D5056524A57A8593D5ED85F58
:10240000D95F3F62B4661B67D067D2689251217D65
:10241000AA80A881008B8C8CBF8C7E92329620542F
:102420002C981753D5505C53A858B2643467677220
:102430006677467AE691C352A16C866B00584C5E73
:1024400054592C67FB7FE151C6766964E878549B48
:10245000BB9ECB57B95927669A67CE6BE954D969A9
:10246000555E9C819567AA9BFE67529C5D68A64E4F
:10247000E34FC853B9622B67AB6CC48FAD4F6D7E11
:10248000BF9E074E6261806E2B6F138573542A675F
:10249000459BF35D957BAC5CC65B1C874A6ED18423
:1024A000147A088199598D7C116C2077D952225960
:1024B00021715F72DB772797619D0B697F5A185AEC
:1024C000A5510D547D540E66DF76F78F9892F49CDB
:1024D000EA595D72C56E4D51C968BF7DEC7D62974A
:1024E000BA9E7864216A028384595F5BDB6B1B733D
:1024F000F276B27D1780998432512867D99EEE76A4
:102500006267FF520599245C3B627E7CB08C4F551C
:10251000B6600B7D809501535F4EB6511C593A72DF
:102520003680CE91255FE2778453795F047DAC8558
:10253000338A8D8E5697F367AE855394096108618F
:10254000B96C5276ED8A388F2F55514F2A51C752A8
:10255000CB53A55B7D5EA0608261D6630967DA67B5
:10256000676E8C6D3673377331755079D588988A5C
:102570004A909190F590C4968D871559884E594F81
:102580000E4E898A3F8F1098AD507C5E9659B95B8C
:10259000B85EDA63FA63C164DC664A69D8690B6DB8
:1025A000B66E94712875AF7A8A7F00804984C98499
:1025B0008189218B0A8E65907D960A997E61916250
:1025C000326B836C746DCC7FFC7FC06D857FBA8766
:1025D000F8886567B1833C98F7961B6D617D3D84F3
:1025E0006A91714E7553505D046BEB6FCD852D86EE
:1025F000A78929520F54655C4E67A86806748374D6
:10260000E275CF88E188CC91E29678968B5F8773EC
:10261000CB7A4E84A06365758952416D9C6E0974B6
:1026200059756B78927C8696DC7A8D9FB64F6E6179
:10263000C5655C86864EAE4EDA50214ECC51EE5BBF
:1026400099658168BC6D1F734276AD771C7AE77C13
:102650006F82D28A7C90CF91759618989B52D17DCB
:102660002B5098539767CB6DD0713374E8812A8FC4
:10267000A396579C9F9E60744158996D2F7D5E98DC
:10268000E44E364F8B4FB751B152BA5D1C60B273F6
:102690003C79D3823492B796F6960A97979E629FBA
:1026A000A666746B1752A352C870C288C95E4B608D
:1026B0009061236F49713E7CF47D6F80EE8423909E
:1026C0002C9342546F9BD36A8970C28CEF8D3297E2
:1026D000B452415ACA5E045F17677C6994696A6D97
:1026E0000F6F6272FC72ED7B01807E804B87CE9013
:1026F0006D51939E84798B803293D68A2D508C5461
:10270000718A6A6BC48C0781D160A067F29D994E73
:10271000984E109C6B8AC185688500697E6E97789B
:1027200055810000002502250C25102518251425AB
:102730001C252C25242534253C25012503250F2582
:1027400013251B251725232533252B253B254B2515
:1027500020252F25282537253F251D2530252525F2
:10276000382542251004110412041304140415041E
:10277000010416041704180419041A041B041C0489
:102780001D041E041F042004210422042304240425
:10279000250426042704280429042A042B042C04D5
:1027A0002D042E042F040000000000000000000093
:1027B0000000000000000000000000000000000019
:1027C00000000000300431043204330434043504C2
:1027D000510436043704380439043A043B043C04F9
:1027E0003D043E043F0440044104420443044404C5
:1027F000450446044704480449044A044B044C0475
:102800004D044E044F04000091039203930394037C
:10281000950396039703980399039A039B039C03DC
:102820009D039E039F03A003A103A303A403A50389
:10283000A603A703A803A9030000000000000000EE
:102840000000000000000000B103B203B303B403B2
:10285000B503B603B703B803B903BA03BB03BC039C
:10286000BD03BE03BF03C003C103C303C403C50349
:10287000C603C703C803C90300000000000000002E
:10288000000000000000000101010101010101013F
:10289000010000000000000001010101010101012F
:1028A0000101010101010101010101010101010118
:1028B000010100000000000000010101010101010F
:1028C00001010101010101010101010101010101F8
:1028D00001010100C625A125A025B325B225BD25EE
:1028E000BC253B201230922190219121932113305D
:1028F00000000000000000000000000000000000D8
:1029000000000000000008220B228622872282227B
:1029100083222A222922000000000000000000007B
:1029200000000000000027222822AC00D221D42180
:102930000022032229220000000000000000000005
:10294000000000000000000000002022A522122349
:1029500002220722612252226A226B221A223D227F
:102960001D2235222B222C22000000000000000036
:102970000000000000002B2130206F266D266A2603
:1029800020202120B6002C22000000000000EF25AE
:102990000030013002300CFF0EFFFB301AFF1BFF2E
:1029A0001FFF01FF9B309C30B40040FFA8003EFF9A
:1029B0003E203FFFFD30FE309D309E300330DD4E27
:1029C000053006300730FC30142010200FFF3CFF8C
:1029D0001C3016205CFF26202520182019201C20E2
:1029E0001D2008FF09FF143015303BFF3DFF5BFF42
:1029F0005DFF083009300A300B300C300D300E30DE
:102A00000F30103011300BFF1222B100D700F70049
:102A10001DFF60221CFF1EFF662267221E22342239
:102A200042264026B000322033200321A50004FFB7
:102A3000A200A30005FF03FF06FF0AFF20FFA70077
:102A400006260526CB25CF25CE25C725000000006C
:102A50001F001C20000000001421000002001624AA
:102A600000000000142500000200152800000000EE
:102A7000112900000000142A00000000182B00009B
:102A80000000142C00000000102D00000000142E87
:102A9000000001000C3000000900143A00000100A1
:102AA000183C00000200143F000001000341000038
:102AB0001900155B00000000145C00000000115DAF
:102AC00000000000175E000000000F5F0000000023
:102AD000176000000000036100001900157B000072
:102AE0000000187C00000000117D00000000187E2E
:102AF00000000000007F000020001CA0000000007B
:102B000014A10000000016A20000030019A6000096
:102B1000000014A70000000017A80000000019A979
:102B20000000000006AA0000000013AB0000000037
:102B300018AC0000000001AD0000000019AE00005C
:102B4000000017AF0000000019B00000000018B12D
:102B5000000000000EB20000010017B400000000E9
:102B600003B50000000014B60000010017B8000013
:102B700000000EB90000000006BA0000000012BB01
:102B8000000000000EBC0000020014BF00000000A6
:102B900003C00000160018D70000000003D8000092
:102BA000060004DF0000000003E00000160018F734
:102BB0000000000003F800003F000438010000009E
:102BC000033901000F00044901000000034A01001D
:102BD0004200048D01000000038E01000C00049BE4
:102BE00001000000039C01000D0004AA0100010087
:102BF00003AC01000D0004BA0100000006BB010097
:102C0000000003BC0100010004BE0100000003BF7E
:102C10000100000006C00100030003C40100000021
:102C200007C50100000003C60100010007C801003C
:102C3000000003C90100010007CB0100000003CC24
:102C40000100230004F00100000003F10100000076
:102C500007F20100000003F301002D00042102002F
:102C60000000032202001100043402000500033AB0
:102C700002001A0004550200000003560200010081
:102C8000045802000000035902000000045A020028
:102C90000000035B02000100045D0200020003600B
:102CA0000200010004620200000003630200000051
:102CB00004640200000003650200010004670200D2
:102CC0000000036802000400046D02000100036FAD
:102CD0000200000004700200000003710200010005
:102CE0000473020001000375020000000476020074
:102CF0000600037D02000000047E02000100038044
:102D000002000000048102000000038202000100B2
:102D1000048402000200038702000500048D020003
:102D200004000392020000000493020000000694D5
:102D300002000000049502000700039D020001004C
:102D4000049F0200100005B00200110017C202002B
:102D5000030005C602000B0017D202000D0005E0BB
:102D60000200040017E50200060005EC0200000066
:102D700017ED0200000005EE0200000017EF020050
:102D800010000B0003006F000370030003000574C4
:102D90000300000017750300000003760300010024
:102DA000057A03000000037B03000200147E030089
:102DB0000000037F03000000178403000100038666
:102DC00003000000148703000000038803000200D2
:102DD000038C03000000038E030001000490030035
:102DE000000003910300100003A303000C0004B0D3
:102DF0000300000003B10300200008D2030002001A
:102E000003D50300200018F60300000003F70300B9
:102E1000040004FC0300000003FD03008400198289
:102E2000040000000B83040004000A880400010071
:102E3000038A0400A500033105002500055905009B
:102E40000000145A0500050004600500000003613D
:102E50000500250004870500010014890500000015
:102E6000108A05000000198D05000100168F05006D
:102E700000000B9105002C0010BE050000000BBFE8
:102E80000500000014C0050000000BC10500010092
:102E900014C3050000000BC40500010014C60500A2
:102EA00000000BC70500000006D005001A0006EF61
:102EB0000500030014F305000100010006000500F1
:102EC000180606000200140906000100160B060091
:102ED0000000140C06000100190E060001000B1082
:102EE00006000A00141B06000000011C060000007A
:102EF000141D06000200062006001F000540060003
:102F000000000641060009000B4B060014000C608F
:102F100006000900146A06000300066E06000100A0
:102F20000B700600000006710600620014D4060053
:102F3000000006D5060000000BD60600060001DDE5
:102F40000600000019DE060000000BDF0600050089
:102F500005E5060001000BE70600010019E906007F
:102F600000000BEA0600030006EE060001000CF06C
:102F70000600090006FA0600020019FD060001001D
:102F800006FF06000000140007000D00010F0700F7
:102F900000000610070000000B11070000000612D9
:102FA00007001D000B3007001A00064D07005800EF
:102FB0000BA607000A0006B1070000000CC00700BE
:102FC000090006CA070020000BEB0700080005F403
:102FD0000700010019F60700000014F707000200BF
:102FE00005FA070000000BFD0700000016FE0700B1
:102FF00001000600080015000B1608000300051A62
:10300000080000000B1B0800080005240800000051
:103010000B25080002000528080000000B29080005
:103020000400143008000E000640080018000B5978
:1030300008000200145E08000000066008000A0094
:1030400006700800170017880800000006890800AD
:1030500005000190080001000B980800070006A079
:103060000800280005C9080000000BCA0800170066
:1030700001E2080000000BE308001F00090309003B
:1030800000000604090035000B3A09000000093B66
:10309000090000000B3C09000000063D090000008B
:1030A000093E090002000B41090007000949090017
:1030B00003000B4D09000000094E090001000650F5
:1030C000090000000B51090006000658090009001C
:1030D0000B62090001001464090001000C6609007C
:1030E0000900147009000000057109000000067253
:1030F00009000E000B81090000000982090001008F
:10310000068509000700068F0900010006930900E3
:10311000150006AA0900060006B20900000006B65E
:10312000090003000BBC0900000006BD09000000F7
:1031300009BE090002000BC10900030009C709000C
:10314000010009CB090001000BCD0900000006CEEB
:103150000900000009D70900000006DC0900010091
:1031600006DF090002000BE2090001000CE609007D
:10317000090006F00900010016F2090001000EF432
:103180000900050019FA0900000016FB09000000FB
:1031900006FC0900000014FD090000000BFE0900F8
:1031A00000000B010A00010009030A0000000605E7
:1031B0000A000500060F0A00010006130A001500A8
:1031C000062A0A00060006320A00010006350A0037
:1031D000010006380A0001000B3C0A000000093E0D
:1031E0000A0002000B410A0001000B470A0001001F
:1031F0000B4B0A0002000B510A00000006590A009E
:103200000300065E0A0000000C660A0009000B704D
:103210000A00010006720A0002000B750A00000095
:1032200014760A0000000B810A00010009830A00DD
:10323000000006850A000800068F0A0002000693B7
:103240000A00150006AA0A00060006B20A000100DC
:1032500006B50A0004000BBC0A00000006BD0A0007
:10326000000009BE0A0002000BC10A0004000BC7DF
:103270000A00010009C90A00000009CB0A00010088
:103280000BCD0A00000006D00A00000006E00A008C
:1032900001000BE20A0001000CE60A00090014F02C
:1032A0000A00000016F10A00000006F90A000000FA
:1032B0000BFA0A0005000B010B00000009020B00CD
:1032C000010006050B000700060F0B0001000613A6
:1032D0000B001500062A0B00060006320B00010049
:1032E00006350B0004000B3C0B000000063D0B00F4
:1032F0000000093E0B0000000B3F0B0000000940DE
:103300000B0000000B410B00030009470B000100FC
:10331000094B0B0001000B4D0B0000000B550B007F
:10332000010009570B000000065C0B000100065F5E
:103330000B0002000B620B0001000C660B00090081
:1033400019700B00000006710B0000000E720B00DC
:1033500005000B820B00000006830B0000000685B1
:103360000B000500068E0B00020006920B00030006
:1033700006990B000100069C0B000000069E0B0046
:10338000010006A30B00010006A80B00020006AE18
:103390000B000B0009BE0B0001000BC00B0000006E
:1033A00009C10B00010009C60B00020009CA0B008D
:1033B00002000BCD0B00000006D00B00000009D767
:1033C0000B0000000CE60B0009000EF00B000200E1
:1033D00019F30B00050016F90B00000019FA0B0099
:1033E00000000B000C00000009010C0002000B049F
:1033F0000C00000006050C000700060E0C00020081
:1034000006120C001600062A0C000F000B3C0C00E4
:103410000000063D0C0000000B3E0C0002000941BC
:103420000C0003000B460C0002000B4A0C000300CA
:103430000B550C00010006580C000200065D0C0044
:10344000000006600C0001000B620C0001000C661D
:103450000C00090014770C0000000E780C00060028
:10346000197F0C00000006800C0000000B810C008E
:10347000000009820C00010014840C000000068585
:103480000C000700068E0C00020006920C001600CD
:1034900006AA0C00090006B50C0004000BBC0C00C9
:1034A000000006BD0C00000009BE0C0000000BBFB0
:1034B0000C00000009C00C0004000BC60C0000004A
:1034C00009C70C00010009CA0C0001000BCC0C005C
:1034D000010009D50C00010006DD0C00010006E02A
:1034E0000C0001000BE20C0001000CE60C000900CE
:1034F00006F10C00010009F30C0000000B000D00A8
:10350000010009020D00010006040D000800060E6E
:103510000D00020006120D0028000B3B0D000100FB
:10352000063D0D000000093E0D0002000B410D009C
:10353000030009460D000200094A0D0002000B4D70
:103540000D000000064E0D000000194F0D00000098
:1035500006540D00020009570D0000000E580D0022
:103560000600065F0D0002000B620D0001000C66F4
:103570000D0009000E700D00080019790D00000003
:10358000067A0D0005000B810D00000009820D0078
:10359000010006850D001100069A0D00170006B304
:1035A0000D00080006BD0D00000006C00D0006005D
:1035B0000BCA0D00000009CF0D0002000BD20D0058
:1035C00002000BD60D00000009D80D0007000CE624
:1035D0000D00090009F20D00010014F40D000000B7
:1035E00006010E002F000B310E00000006320E0007
:1035F00001000B340E000600163F0E0000000640CE
:103600000E00050005460E0000000B470E000700E7
:10361000144F0E0000000C500E000900145A0E004A
:10362000010006810E00010006840E0000000686DF
:103630000E000400068C0E00170006A50E00000008
:1036400006A70E0009000BB10E00000006B20E0026
:1036500001000BB40E00080006BD0E00000006C0FD
:103660000E00040005C60E0000000BC80E00060088
:103670000CD00E00090006DC0E00030006000F004F
:10368000000019010F00020014040F000E001913AE
:103690000F00000014140F00000019150F000200A5
:1036A0000B180F000100191A0F0005000C200F0065
:1036B00009000E2A0F00090019340F0000000B3515
:1036C0000F00000019360F0000000B370F0000003C
:1036D00019380F0000000B390F000000153A0F00D9
:1036E0000000113B0F000000153C0F000000113DD1
:1036F0000F000000093E0F00010006400F00070008
:1037000006490F0023000B710F000D00097F0F0009
:1037100000000B800F00040014850F0000000B86D2
:103720000F00010006880F0004000B8D0F000A0037
:103730000B990F00230019BE0F0007000BC60F00E6
:10374000000019C70F00050019CE0F00010014D0AA
:103750000F00040019D50F00030014D90F00010059
:10376000060010002A00092B100001000B2D10008C
:1037700003000931100000000B3210000500093869
:10378000100000000B3910000100093B100001007F
:103790000B3D10000100063F100000000C4010001F
:1037A0000900144A100005000650100005000956D3
:1037B000100001000B5810000100065A1000030011
:1037C0000B5E10000200066110000000096210008C
:1037D0000200066510000100096710000600066E71
:1037E000100002000B7110000300067510000C00A1
:1037F0000B82100000000983100001000B851000EF
:1038000001000987100005000B8D10000000068ED6
:1038100010000000098F100000000C90100009003B
:10382000099A100002000B9D10000000199E100064
:10383000010003A01000250003C71000000003CD05
:103840001000000003D010002A0014FB100000003C
:1038500005FC1000000003FD10000200060011002E
:103860004801064A120003000650120006000658DE
:1038700012000000065A1200030006601200280021
:10388000068A1200030006901200200006B2120001
:10389000030006B81200060006C01200000006C2AF
:1038A0001200030006C812000E0006D812003800ED
:1038B0000612130003000618130042000B5D1300EC
:1038C00002001460130008000E6913001300068044
:1038D00013000F0019901300090003A013005500F6
:1038E00003F8130005001000140000000601140086
:1038F0006B02196D16000000146E16000000066FB2
:10390000160010001C801600000006811600190029
:10391000159B16000000119C1600000006A0160062
:103920004A0014EB160002000DEE1600020006F12C
:10393000160007000600170011000B121700020006
:10394000091517000000061F170012000B321700A0
:10395000010009341700000014351700010006406B
:10396000170011000B5217000100066017000C0031
:10397000066E170002000B72170001000680170088
:1039800033000BB41700010009B6170000000BB795
:103990001700060009BE170007000BC6170000003D
:1039A00009C7170001000BC917000A0014D417003B
:1039B000020005D71700000014D81700020016DB1C
:1039C0001700000006DC170000000BDD17000000E8
:1039D0000CE0170009000EF0170009001400180091
:1039E00005001006180000001407180003000B0B58
:1039F00018000200010E180000000B0F1800000054
:103A00000C101800090006201800220005431800B9
:103A100000000644180034000680180004000B85DE
:103A2000180001000687180021000BA918000000EB
:103A300006AA1800000006B018004500060019008C
:103A40001E000B20190002000923190003000B2798
:103A500019000100092919000200093019000100AC
:103A60000B32190000000933190005000B39190049
:103A700002001940190000001444190001000C460E
:103A800019000900065019001D00067019000400F5
:103A9000068019002B0006B0190019000CD019007F
:103AA00009000EDA1900000019DE190021000600D5
:103AB0001A0016000B171A00010009191A0001005C
:103AC0000B1B1A000000141E1A00010006201A0029
:103AD000340009551A0000000B561A00000009575F
:103AE0001A0000000B581A0006000B601A000000B4
:103AF00009611A0000000B621A00000009631A0035
:103B000001000B651A000700096D1A0005000B7310
:103B10001A0009000B7F1A0000000C801A0009002F
:103B20000C901A00090014A01A00060005A71A003C
:103B3000000014A81A0005000BB01A000D000ABE00
:103B40001A0000000BBF1A000F000B001B0003003F
:103B500009041B00000006051B002E000B341B008F
:103B6000000009351B0000000B361B000400093B58
:103B70001B0000000B3C1B000000093D1B00040063
:103B80000B421B00000009431B00010006451B00FF
:103B900007000C501B000900145A1B000600196195
:103BA0001B0009000B6B1B00080019741B000800A8
:103BB000147D1B0001000B801B00010009821B000B
:103BC000000006831B001D0009A11B0000000BA2C2
:103BD0001B00030009A61B0001000BA81B0001002D
:103BE00009AA1B0000000BAB1B00020006AE1B0065
:103BF00001000CB01B00090006BA1B002B000BE6ED
:103C00001B00000009E71B0000000BE81B0001007F
:103C100009EA1B0002000BED1B00000009EE1B006F
:103C200000000BEF1B00020009F21B00010014FC56
:103C30001B00030006001C00230009241C000700D1
:103C40000B2C1C00070009341C0001000B361C0063
:103C50000100143B1C0004000C401C000900064D30
:103C60001C0002000C501C000900065A1C001D001C
:103C700005781C000500147E1C00010003801C0058
:103C8000080003901C002A0003BD1C00020014C0A1
:103C90001C0007000BD01C00020014D31C00000005
:103CA0000BD41C000C0009E11C0000000BE21C00FE
:103CB000060006E91C0003000BED1C00000006EEE8
:103CC0001C0005000BF41C00000006F51C000100A0
:103CD00009F71C0000000BF81C00010006FA1C008C
:103CE000000004001D002B00052C1D003E00046B8D
:103CF0001D000C0005781D00000003791D00000068
:103D0000047A1D000200037D1D000000047E1D00DA
:103D10000F00038E1D000000048F1D000B00059B8B
:103D20001D0024000BC01D003F0003001E00950075
:103D300004961E000400039B1E000000049C1E004D
:103D40000100039E1E000000049F1E00000003A04F
:103D50001E00750003181F00050003201F0025002A
:103D600003481F00050004501F00000003511F00FE
:103D7000000004521F00000003531F000000045401
:103D80001F00000003551F00000004561F00000024
:103D900003571F00000003591F000000035B1F00B2
:103DA0000000035D1F000000035F1F001E00038072
:103DB0001F00070007881F00070003901F0007006F
:103DC00007981F00070003A01F00070007A81F0097
:103DD000070003B01F00010004B21F00000003B37E
:103DE0001F00000004B41F00000004B61F00010003
:103DF00003B81F00030007BC1F00000017BD1F0011
:103E0000000003BE1F00000017BF1F00020004C215
:103E10001F00000003C31F00000004C41F000000B7
:103E200004C61F00010003C81F00030007CC1F00C9
:103E3000000017CD1F00020003D01F00010004D2B4
:103E40001F00010004D61F00010003D81F0003005B
:103E500017DD1F00020003E01F00010004E21F0045
:103E6000020003E51F00000004E61F00010003E854
:103E70001F00040017ED1F00020004F21F000000E5
:103E800003F31F00000004F41F00000004F61F00ED
:103E9000010003F81F00030007FC1F00000017FDCE
:103EA0001F0001001C0020000A00010B200004007C
:103EB0001010200005001416200001001318200027
:103EC0000000121920000000151A20000000131B2A
:103ED00020000100121D20000000151E200000001F
:103EE000131F200000001420200007001A282000C3
:103EF00000001B2920000000012A200004001C2FC4
:103F000020000000143020000800133920000000B9
:103F1000123A20000000143B200003000F3F200055
:103F20000100144120000200184420000000154543
:103F300020000000114620000000144720000A0065
:103F40001852200000001453200000000F542000DD
:103F500000001455200009001C5F200000000160D3
:103F6000200004000166200009000E7020000000FF
:103F70000571200000000E7420000500187A200052
:103F80000200157D20000000117E20000000057F4A
:103F9000200000000E8020000900188A2000020086
:103FA000158D20000000118E2000000005902000DB
:103FB0000C0016A0200020000BD020000C000ADD11
:103FC000200003000BE1200000000AE220000200B4
:103FD0000BE520000B001900210001000802210060
:103FE0000000190321000300080721000000190840
:103FF00021000100040A21000000080B210002003A
:10400000040E210001000810210002000413210009
:1040100000001914210000000815210000001916E5
:1040200021000100181821000000081921000400D7
:10403000191E210005000824210000001925210077
:104040000000032621000000192721000000082895
:1040500021000000192921000000032A210001008D
:10406000082C21000100192E21000000042F21003E
:104070000000083021000100033221000000083355
:104080002100000004342100000006352100030057
:10409000043921000000193A21000100043C2100EC
:1040A0000100083E210001001840210004000845DD
:1040B00021000000044621000300194A21000000ED
:1040C000184B21000000194C21000100034E210073
:1040D0000000194F210000000E5021000F000D605C
:1040E000210022000383210001000D85210003002F
:1040F0000E8921000000198A21000100189021007A
:104100000400199521000400189A21000100199C4F
:104110002100030018A02100000019A121000100C6
:1041200018A32100000019A42100010018A62100F5
:10413000000019A72100060018AE2100000019AFE9
:1041400021001E0018CE2100010019D0210001001D
:1041500018D22100000019D32100000018D421003A
:10416000000019D521001E0018F421000B011900D0
:104170002300070015082300000011092300000098
:10418000150A23000000110B23000000190C230066
:10419000130018202300010019222300060015290E
:1041A00023000000112A23000000192B23005000D7
:1041B000187C23000000197D23001D00189B23009C
:1041C000180019B42300270018DC2300050019E2A9
:1041D00023004400194024000A000E6024003B0024
:1041E000199C24004D000EEA24001500190025003A
:1041F000B60018B72500000019B82500080018C13E
:104200002500000019C22500350018F82500070018
:10421000190026006E00186F260000001970260095
:10422000F700156827000000116927000000156AD3
:1042300027000000116B27000000156C270000000C
:10424000116D27000000156E27000000116F270078
:104250000000157027000000117127000000157282
:1042600027000000117327000000157427000000CC
:104270001175270000000E7627001D0019942700F5
:104280002B0018C02700040015C52700000011C628
:104290002700000018C727001E0015E627000000B1
:1042A00011E72700000015E82700000011E92700AA
:1042B000000015EA2700000011EB2700000015ECB4
:1042C0002700000011ED2700000015EE2700000078
:1042D00011EF2700000018F027000F001900280038
:1042E000FF001800290082001583290000001184B6
:1042F0002900000015852900000011862900000012
:10430000158729000000118829000000158929005F
:104310000000118A29000000158B29000000118C73
:1043200029000000158D29000000118E29000000D1
:10433000158F290000001190290000001591290017
:10434000000011922900000015932900000011942B
:104350002900000015952900000011962900000091
:1043600015972900000011982900000018992900CC
:104370003E0015D82900000011D92900000015DAE7
:104380002900000011DB2900000018DC29001F00B3
:1043900015FC2900000011FD2900000018FE29006D
:1043A000010119002B002F0018302B0014001945B3
:1043B0002B00010018472B000500194D2B0026008B
:1043C00019762B001F0019972B00680003002C00A2
:1043D000700004712C00000003722C0001000474B2
:1043E0002C00000003752C00010004772C00040051
:1043F000057C2C000100037E2C00650004E42C00E9
:10440000000019E52C00050003EB2C0003000BEF66
:104410002C00020003F22C00010014F92C00030010
:104420000EFD2C00000014FE2C00010003002D00E6
:10443000250003272D000000032D2D00000006306D
:104440002D003700056F2D00000014702D000000B6
:104450000B7F2D00000006802D00160006A02D0009
:10446000060006A82D00060006B02D00060006B8BE
:104470002D00060006C02D00060006C82D0006000F
:1044800006D02D00060006D82D0006000BE02D00FA
:104490001F0014002E00010013022E000000120362
:1044A0002E00000013042E00000012052E00000054
:1044B00014062E00020013092E000000120A2E001E
:1044C0000000140B2E000000130C2E000000120D33
:1044D0002E000000140E2E00080010172E00000001
:1044E00014182E000100101A2E000000141B2E00BC
:1044F0000000131C2E000000121D2E000000141ED0
:104500002E00010013202E00000012212E000000BA
:1045100015222E00000011232E00000015242E006D
:10452000000011252E00000015262E000000112786
:104530002E00000015282E00000011292E0000007A
:10454000142A2E000400052F2E00000014302E0027
:104550000900103A2E000100143C2E000300104008
:104560002E00000014412E00000015422E00000015
:1045700014432E000C0019502E00010014522E007E
:10458000020015552E00000011562E000000155790
:104590002E00000011582E00000015592E000000BA
:1045A000115A2E000000155B2E000000115C2E0039
:1045B0000000105D2E00000019802E001900199BCC
:1045C0002E00580019002F00D50019F02F000B0005
:1045D0001C003000000014013000020019043000FB
:1045E00000000505300000000606300000000D0741
:1045F00030000000150830000000110930000000F4
:10460000150A30000000110B30000000150C3000BE
:104610000000110D30000000150E30000000110FD9
:1046200030000000151030000000111130000000B3
:10463000191230000100151430000000111530006F
:10464000000015163000000011173000000015188A
:1046500030000000111930000000151A3000000071
:10466000111B30000000101C30000000151D300030
:104670000000111E300001001920300000000D2143
:10468000300008000B2A30000300092E3000010022
:1046900010303000000005313000040019363000C1
:1046A00001000D3830000200053B30000000063CE0
:1046B00030000000143D30000000193E30000100C1
:1046C0000641300055000B9930000100179B300067
:1046D0000100059D30000100069F3000000010A081
:1046E0003000000006A13000590014FB300000002B
:1046F00005FC3000020006FF300000000605310016
:104700002A00063131005D001990310001000E923F
:104710003100030019963100090006A031001F0086
:1047200019C03100230006F031000F0019003200DB
:104730001E000E2032000900192A32001D000E480A
:10474000320007001950320000000E5132000E00F6
:10475000196032001F000E8032000900198A3200F1
:1047600026000EB132000E0019C032003F010600D3
:104770003400BF1919C04D003F0006004E0014520E
:104780000515A00000000616A00076041990A400EC
:10479000360006D0A400270005F8A400050014FE8A
:1047A000A40001000600A5000B01050CA6000000F6
:1047B000140DA60002000610A6000F000C20A60093
:1047C0000900062AA60001000340A6002D00066E7F
:1047D000A60000000B6FA60000000A70A6000200F1
:1047E0001473A60000000B74A6000900147EA60036
:1047F0000000057FA60000000380A6001B00059CAA
:10480000A60001000B9EA600010006A0A600450020
:104810000DE6A60009000BF0A600010014F2A600A8
:1048200005001700A70016000517A70008001720AD
:10483000A70001000322A7000D000430A70001001B
:104840000332A7003D000570A70000000471A70017
:1048500007000379A7000E000588A700000017894C
:10486000A7000100038BA7000200048EA700000030
:10487000068FA70000000390A70004000495A7007E
:1048800000000396A700180004AFA700000003B0C3
:10489000A7001A0003D0A700010004D3A70000005E
:1048A00004D5A700000003D6A700030005F2A70067
:1048B000020003F5A700010006F7A700000005F8B5
:1048C000A700010004FAA700000006FBA7000600ED
:1048D0000B02A80000000603A80002000B06A800B7
:1048E00000000607A80003000B0BA8000000060C40
:1048F000A80016000923A80001000B25A80001004C
:104900000927A80000001928A80003000B2CA80004
:1049100000000E30A80005001936A8000100163866
:10492000A80000001939A80000000640A8003300C4
:104930001474A80003000980A80001000682A800E2
:10494000310009B4A8000F000BC4A800010014CE68
:10495000A80001000CD0A80009000BE0A80011007D
:1049600006F2A800050014F8A800020006FBA80043
:10497000000014FCA800000006FDA80001000BFFC9
:10498000A80000000C00A9000900060AA9001B00ED
:104990000B26A9000700142EA90001000630A9006B
:1049A00016000B47A9000A000952A9000100145F74
:1049B000A90000000660A9001C000B80A9000200ED
:1049C0000983A90000000684A9002E000BB3A900EA
:1049D000000009B4A90001000BB6A900030009BA40
:1049E000A90001000BBCA900010009BEA90002003A
:1049F00014C1A9000C0005CFA90000000CD0A9002B
:104A0000090014DEA900010006E0A90004000BE57E
:104A1000A900000005E6A900000006E7A9000800BB
:104A20000CF0A900090006FAA90004000600AA007B
:104A300028000B29AA000500092FAA0001000B314C
:104A4000AA0001000933AA0001000B35AA000100E9
:104A50000640AA0002000B43AA0000000644AA0078
:104A600007000B4CAA000000094DAA0000000C50E2
:104A7000AA000900145CAA0003000660AA000F0047
:104A80000570AA0000000671AA0005001977AA00A7
:104A90000200067AAA000000097BAA0000000B7C35
:104AA000AA000000097DAA000000067EAA003100CD
:104AB0000BB0AA00000006B1AA0000000BB2AA00C9
:104AC000020006B5AA0001000BB7AA00010006B952
:104AD000AA0004000BBEAA00010006C0AA00000044
:104AE0000BC1AA00000006C2AA00000006DBAA0053
:104AF000010005DDAA00000014DEAA00010006E0A6
:104B0000AA000A0009EBAA0000000BECAA000100B1
:104B100009EEAA00010014F0AA00010006F2AA00A2
:104B2000000005F3AA00010009F5AA0000000BF639
:104B3000AA0000000601AB0005000609AB00050055
:104B40000611AB0005000620AB0006000628AB00EE
:104B500006000430AB0022000353AB0000000454F5
:104B6000AB000600175BAB000000055CAB00030068
:104B70000460AB0008000569AB000000176AAB00D9
:104B800001000370AB004F0006C0AB00220009E338
:104B9000AB0001000BE5AB00000009E6AB00010033
:104BA0000BE8AB00000009E9AB00010014EBAB001F
:104BB000000009ECAB0000000BEDAB0000000CF0B6
:104BC000AB0009000600AC00A32B06B0D70016000E
:104BD00006CBD70030000200D800FF070600F9001E
:104BE0006D010670FA0069000400FB000600041362
:104BF000FB000400061DFB0000000B1EFB00000074
:104C0000061FFB0009001829FB000000062AFB0014
:104C10000C000638FB000400063EFB0000000640C6
:104C2000FB0001000643FB0001000646FB006B0091
:104C300017B2FB00100006D3FB006A01113EFD0015
:104C40000000153FFD0000001940FD000F00065058
:104C5000FD003F000692FD00350019CFFD00000069
:104C600006F0FD000B0016FCFD00000019FDFD0024
:104C700002000B00FE000F001410FE0006001517C6
:104C8000FE0000001118FE0000001419FE000000D4
:104C90000B20FE000F001430FE0000001031FE005B
:104CA00001000F33FE0001001535FE000000113633
:104CB000FE0000001537FE0000001138FE00000065
:104CC0001539FE000000113AFE000000153BFE0001
:104CD0000000113CFE000000153DFE000000113EEA
:104CE000FE000000153FFE0000001140FE00000025
:104CF0001541FE0000001142FE0000001543FE00B9
:104D000000001144FE0000001445FE00010015479C
:104D1000FE0000001148FE0000001449FE000300E0
:104D20000F4DFE0002001450FE0002001454FE005D
:104D300003001058FE0000001559FE000000115A33
:104D4000FE000000155BFE000000115CFE0000008C
:104D5000155DFE000000115EFE000000145FFE0005
:104D600002001862FE0000001063FE0000001864DC
:104D7000FE0002001468FE0000001669FE0000003C
:104D8000146AFE0001000670FE0004000676FE00B4
:104D9000860001FFFE0000001401FF00020016045F
:104DA000FF0000001405FF0002001508FF000000CE
:104DB0001109FF000000140AFF000000180BFF009B
:104DC0000000140CFF000000100DFF000000140E86
:104DD000FF0001000C10FF000900141AFF00010081
:104DE000181CFF000200141FFF0001000321FF0038
:104DF0001900153BFF000000143CFF000000113DAE
:104E0000FF000000173EFF0000000F3FFF00000002
:104E10001740FF0000000341FF001900155BFF0071
:104E20000000185CFF000000115DFF000000185E2C
:104E3000FF000000155FFF0000001160FF00000090
:104E40001461FF0000001562FF0000001163FF0005
:104E500000001464FF0001000666FF0009000570F1
:104E6000FF0000000671FF002C00059EFF000100FE
:104E700006A0FF001E0006C2FF00050006CAFF00D4
:104E8000050006D2FF00050006DAFF00020016E06A
:104E9000FF00010018E2FF00000017E3FF00000020
:104EA00019E4FF00000016E5FF00010019E8FF000B
:104EB000000018E9FF00030019EDFF00010001F9EF
:104EC000FF00020019FCFF000100060000010B00BA
:104ED000060D00011900062800011200063C000121
:104EE0000100063F00010E00065000010D00068083
:104EF00000017A001400010102000E0701012C00DC
:104F00001937010108000D40010134000E7501013F
:104F100003001979010110000E8A01010100198CAA
:104F200001010200199001010C0019A0010100000B
:104F300019D001012C000BFD0101000006800201C7
:104F40001C0006A0020130000BE0020100000EE18F
:104F500002011A00060003011F000E2003010300D6
:104F6000062D030113000D41030100000642030159
:104F700007000D4A030100000650030125000B76CF
:104F800003010400068003011D00149F03010000BB
:104F900006A00301230006C80301070014D0030183
:104FA00000000DD103010400030004014F0006506E
:104FB00004014D000CA00401090003B0040123000A
:104FC00003D804012300060005012700063005016F
:104FD0003300146F05010000037005010A00037C13
:104FE00005010E00038C0501060003940501010074
:104FF000039705010A0003A305010E0003B3050191
:10500000060003BB0501010006000601360106404B
:10501000070115000660070107000580070105006C
:1050200005870701290005B20701080006000801ED
:105030000500060808010000060A08012B000637D3
:1050400008010100063C08010000063F08011600A7
:105050001457080100000E580801070006600801F7
:1050600016001977080101000E7908010600068074
:1050700008011E000EA70801080006E00801120042
:1050800006F4080101000EFB0801040006000901F6
:1050900015000E1609010500141F09010000062065
:1050A00009011900143F09010000068009013700B9
:1050B0000EBC0901010006BE090101000EC0090174
:1050C0000F000ED209012D0006000A0100000B019D
:1050D0000A0102000B050A0101000B0C0A01030082
:1050E00006100A01030006150A01020006190A014A
:1050F0001C000B380A0102000B3F0A0100000E40A1
:105100000A01080014500A01080006600A011C0088
:105110000E7D0A010100147F0A01000006800A01C9
:105120001C000E9D0A01020006C00A01070019C8F2
:105130000A01000006C90A011B000BE50A01010073
:105140000EEB0A01040014F00A01060006000B0130
:10515000350014390B01060006400B0115000E58EE
:105160000B01070006600B0112000E780B0107000F
:1051700006800B01110014990B0103000EA90B010D
:10518000060006000C01480003800C01320003C039
:105190000C0132000EFA0C01050006000D0123007F
:1051A0000B240D0103000C300D0109000E600E01EF
:1051B0001E0006800E0129000BAB0E01010010AD90
:1051C0000E01000006B00E0101000BFD0E010200F1
:1051D00006000F011C000E1D0F01090006270F011C
:1051E000000006300F0115000B460F010A000E519A
:1051F0000F01030014550F01040006700F01110088
:105200000B820F01030014860F01030006B00F018B
:1052100014000EC50F01060006E00F01160009007C
:10522000100100000B011001000009021001000034
:105230000603100134000B3810010E001447100152
:1052400006000E52100113000C66100109000B70CD
:10525000100100000671100101000B731001010024
:105260000675100100000B7F100102000982100179
:105270000000068310012C0009B0100102000BB3DE
:105280001001030009B7100101000BB91001010062
:1052900014BB1001010001BD1001000014BE10017B
:1052A00003000BC21001000001CD1001000006D068
:1052B000100118000CF0100109000B001101020090
:1052C0000603110123000B2711010400092C110111
:1052D00000000B2D110107000C36110109001440CC
:1052E00011010300064411010000094511010100EC
:1052F0000647110100000650110122000B73110135
:1053000000001474110101000676110100000B80E9
:1053100011010100098211010000068311012F0013
:1053200009B3110102000BB61101080009BF1101F8
:10533000010006C11101030014C5110103000BC9CE
:105340001101030014CD1101000009CE110100006C
:105350000BCF110100000CD01101090006DA110178
:10536000000014DB1101000006DC1101000014DD57
:10537000110102000EE111011300060012011100DB
:10538000061312011800092C120102000B2F120142
:1053900002000932120101000B341201000009352C
:1053A000120100000B361201010014381201050031
:1053B0000B3E12010000063F120101000B411201D9
:1053C0000000068012010600068812010000068A0D
:1053D00012010300068F12010E00069F1201090040
:1053E00014A91201000006B012012E000BDF1201F9
:1053F000000009E0120102000BE3120107000CF0AB
:10540000120109000B001301010009021301010040
:10541000060513010700060F13010100061313010F
:105420001500062A13010600063213010100063595
:10543000130104000B3B13010100063D13010000A2
:10544000093E130101000B40130100000941130143
:105450000300094713010100094B13010200065024
:1054600013010000095713010000065D1301040039
:105470000962130101000B66130106000B70130192
:1054800004000600140134000935140102000B3831
:10549000140107000940140101000B42140102002D
:1054A0000945140100000B461401000006471401D1
:1054B0000300144B140104000C5014010900145A89
:1054C00014010100145D140100000B5E14010000C2
:1054D000065F14010200068014012F0009B01401B8
:1054E00002000BB31401050009B9140100000BBA46
:1054F0001401000009BB140103000BBF14010100DB
:1055000009C1140100000BC21401010006C41401FA
:10551000010014C61401000006C7140100000CD0DD
:1055200014010900068015012E0009AF15010200C3
:105530000BB21501030009B8150103000BBC1501DE
:10554000010009BE150100000BBF1501010014C1C7
:105550001501160006D8150103000BDC150101002A
:10556000060016012F000930160102000B33160148
:105570000700093B160101000B3D16010000093E22
:10558000160100000B3F1601010014411601020034
:105590000644160100000C501601090014601601A3
:1055A0000C00068016012A000BAB1601000009ACA6
:1055B000160100000BAD1601000009AE1601010036
:1055C0000BB01601050009B6160100000BB7160155
:1055D000000006B81601000014B9160100000CC046
:1055E00016010900060017011A000B1D1701020021
:1055F0000920170101000B221701030009261701DA
:1056000000000B27170104000C30170109000E3AA7
:1056100017010100143C17010200193F1701000097
:10562000064017010600060018012B00092C18017E
:1056300002000B2F180108000938180100000B396F
:1056400018010100143B1801000003A018013F00DD
:105650000CE0180109000EEA1801080006FF180105
:105660000700060919010000060C190107000615BC
:105670001901010006181901170009301901050068
:105680000937190101000B3B19010100093D1901FE
:1056900000000B3E19010000063F190100000940FF
:1056A000190100000641190100000942190100001A
:1056B0000B43190100001444190102000C50190198
:1056C000090006A01901070006AA1901260009D140
:1056D000190102000BD4190103000BDA19010100B2
:1056E00009DC190103000BE01901000006E11901B2
:1056F000000014E21901000006E31901000009E4AA
:105700001901000006001A0100000B011A0109002E
:10571000060B1A0127000B331A01050009391A017B
:105720000000063A1A0100000B3B1A010300143F67
:105730001A0107000B471A01000006501A01000069
:105740000B511A01050009571A0101000B591A01E2
:105750000200065C1A012D000B8A1A010C00099741
:105760001A0100000B981A010100149A1A01020094
:10577000069D1A010000149E1A01040006B01A01C9
:10578000480014001B01090006001C010800060A5D
:105790001C012400092F1C0100000B301C01060015
:1057A0000B381C010500093E1C0100000B3F1C01C9
:1057B000000006401C01000014411C0104000C50B4
:1057C0001C0109000E5A1C01120014701C0101007A
:1057D00006721C011D000B921C01150009A91C0179
:1057E00000000BAA1C01060009B11C0100000BB24D
:1057F0001C01010009B41C0100000BB51C010100D3
:1058000006001D01060006081D010100060B1D0112
:1058100025000B311D0105000B3A1D0100000B3C5A
:105820001D0101000B3F1D01060006461D01000081
:105830000B471D0100000C501D01090006601D01F1
:10584000050006671D010100066A1D011F00098A87
:105850001D0104000B901D01010009931D010100B1
:105860000B951D01000009961D0100000B971D01FD
:10587000000006981D0100000CA01D01090006E0B3
:105880001E0112000BF31E01010009F51E010100AB
:1058900014F71E0101000B001F01010006021F0189
:1058A000000009031F01000006041F010C0006127E
:1058B0001F01210009341F0101000B361F010400E4
:1058C000093E1F0101000B401F01000009411F019B
:1058D00000000B421F01000014431F010C000C507C
:1058E0001F01090006B01F0100000EC01F011400B7
:1058F00019D51F01070016DD1F01030019E11F0163
:10590000100014FF1F0100000600200199030D0084
:1059100024016E0014702401040006802401C300D9
:1059200006902F01600014F12F01010006003001E4
:105930002F04013034010F000B40340100000641F8
:10594000340105000B4734010E00060044014602F5
:1059500006006801380206406A011E000C606A01F8
:105960000900146E6A01010006706A014E000CC045
:105970006A01090006D06A011D000BF06A010400EB
:1059800014F56A01000006006B012F000B306B015B
:10599000060014376B010400193C6B01030005403D
:1059A0006B01030014446B01000019456B010000FA
:1059B0000C506B0109000E5B6B01060006636B0166
:1059C0001400067D6B01120003406E013F000E8043
:1059D0006E01160014976E01030006006F014A0065
:1059E0000B4F6F01000006506F01000009516F015D
:1059F00036000B8F6F01030005936F010C0005E06B
:105A00006F01010014E26F01000005E36F01000067
:105A10000BE46F01000009F06F0101000600700146
:105A2000F71706008801D50406008D01080005F06F
:105A3000AF01030005F5AF01060005FDAF01010050
:105A40000600B00122010632B10100000650B1018A
:105A500002000655B10100000664B10103000670A2
:105A6000B1018B010600BC016A000670BC010C008C
:105A70000680BC0108000690BC010900199CBC010D
:105A800000000B9DBC010100149FBC01000001A09F
:105A9000BC0103000B00CF012D000B30CF0116001D
:105AA0001950CF0173001900D001F5001900D10180
:105AB00026001929D1013B000965D10101000B67BE
:105AC000D1010200196AD1010200096DD10105005E
:105AD0000173D10107000B7BD10107001983D101AC
:105AE00001000B85D1010600198CD1011D000BAA04
:105AF000D101030019AED1013C001900D2014100CF
:105B00000B42D20102001945D20100000EC0D201A1
:105B100013000EE0D20113001900D30156000E60ED
:105B2000D30118000800D4011900041AD401190087
:105B30000834D4011900044ED40106000456D401DF
:105B400011000868D40119000482D4011900089CCE
:105B5000D4010000089ED401010008A2D401000075
:105B600008A5D401010008A9D401030008AED4019E
:105B7000070004B6D401030004BBD401000004BD37
:105B8000D401060004C5D4010A0008D0D4011900CC
:105B900004EAD40119000804D50101000807D50161
:105BA0000300080DD50107000816D5010600041EE4
:105BB000D50119000838D5010100083BD5010300C3
:105BC0000840D50104000846D5010000084AD50167
:105BD00006000452D5011900086CD501190004868D
:105BE000D501190008A0D501190004BAD501190082
:105BF00008D4D501190004EED50119000808D60112
:105C000019000422D6011900083CD60119000456D7
:105C1000D60119000870D6011900048AD6011B00AC
:105C200008A8D601180018C1D601000004C2D60188
:105C3000180018DBD601000004DCD601050008E2DC
:105C4000D601180018FBD601000004FCD60118008C
:105C50001815D70100000416D7010500081CD7014C
:105C600018001835D70100000436D7011800184F66
:105C7000D70100000450D70105000856D7011800CD
:105C8000186FD70100000470D70118001889D701D8
:105C90000000048AD70105000890D701180018A950
:105CA000D701000004AAD701180018C3D7010000CB
:105CB00004C4D701050008CAD701000004CBD701EE
:105CC00000000CCED70131001900D801FF010B00F4
:105CD000DA0136001937DA0103000B3BDA01310033
:105CE000196DDA0107000B75DA0100001976DA0187
:105CF0000D000B84DA0100001985DA010100148718
:105D0000DA0104000B9BDA0104000BA1DA010E009A
:105D10000400DF010900060ADF010000040BDF01B7
:105D200013000425DF0105000B00E00106000B084D
:105D3000E00110000B1BE00106000B23E001010055
:105D40000B26E00104000530E0013D000B8FE0016F
:105D500000000600E1012C000B30E10106000537D0
:105D6000E10106000C40E1010900064EE1010000DE
:105D7000194FE10100000690E2011D000BAEE201A7
:105D8000000006C0E2012B000BECE20103000CF066
:105D9000E201090016FFE201000006D0E4011A004A
:105DA00005EBE40100000BECE40103000CF0E4015E
:105DB000090006E0E701060006E8E701030006ED3A
:105DC000E701010006F0E7010E000600E801C4004B
:105DD0000EC7E80108000BD0E80106000300E90146
:105DE00043000B44E9010600054BE90100000C509B
:105DF000E9010900145EE90101000E71EC013A00AD
:105E000019ACEC0100000EADEC01020016B0EC0183
:105E100000000EB1EC0103000E01ED012C00192E63
:105E2000ED0100000E2FED010E000600EE01030053
:105E30000605EE011A000621EE0101000624EE011E
:105E400000000627EE0100000629EE0109000634D5
:105E5000EE0103000639EE010000063BEE010000F2
:105E60000642EE0100000647EE0100000649EE0181
:105E70000000064BEE010000064DEE010200065147
:105E8000EE0101000654EE0100000657EE0100008D
:105E90000659EE010000065BEE010000065DEE0112
:105EA0000000065FEE0100000661EE0101000664DD
:105EB000EE0100000667EE010300066CEE0106002D
:105EC0000674EE0103000679EE010300067EEE0182
:105ED00000000680EE010900068BEE01100006A10D
:105EE000EE01020006A5EE01040006ABEE01100073
:105EF00018F0EE0101001900F0012B001930F0013B
:105F0000630019A0F0010E0019B1F0010E0019C1D3
:105F1000F0010E0019D1F00124000E00F1010C0077
:105F2000190DF101A00019E6F1011C001910F20190
:105F30002B001940F20108001950F201010019600C
:105F4000F20105001900F301FA0017FBF301040048
:105F50001900F401D70219DCF601100019F0F6015E
:105F60000C001900F7017600197BF7015E0019E0BB
:105F7000F7010B0019F0F70100001900F8010B0000
:105F80001910F80137001950F80109001960F801DB
:105F900027001990F8011D0019B0F801010019003F
:105FA000F90153011960FA010D001970FA010C0092
:105FB0001980FA0108001990FA012D0019BFFA01A1
:105FC000060019CEFA010D0019E0FA01080019F0D7
:105FD000FA0108001900FB0192001994FB01360038
:105FE0000CF0FB01090006000002DFA60600A70274
:105FF00039100640B702DD000620B802811606B04F
:10600000CE02301D0600F8021D02060000034A13EE
:10601000065013035F100101000E00000120000E66
:106020005F000B00010EEF00000000000000000008
:106030000000000000000000000000000000000060
:106040000000000000000000000000000000000050
:1060500000000000000000001011121314151617A4
:106060001819000000000000001A1B1C1D1E1F0054
:106070000000000000000000000000000000000020
:106080000000000000000000001A1B1C1D1E1F0065
:106090000000000000000000000000000000000000
:1060A00000000000000000000000000000000000F0
:1060B00000000000000000000000000000000000E0
:1060C00000000000000000000000000000000000D0
:1060D00000000000000000000000000000000000C0
:1060E00000000000000000000000000000000000B0
:1060F00000000000000000000000000000000000A0
:10610000000000000000000000000000000000008F
:10611000000000000000000000000000000000007F
:106120000000000000000000050000001900000051
:106130007D000000000000000080E03779C341438B
:10614000176E05B5B5B89346F5F93FE9034F384DDD
:10615000321D30F94877825A3CBF737FDD4F157589
:10616000000000000000F03F00000000000024409C
:1061700000000000000059400000000000408F4077
:10618000000000000088C34000000000006AF840E2
:106190000000000080842E4100000000D012634106
:1061A0000000000084D797410000000065CDCD417C
:1061B000000000205FA00242000000E8764837425D
:1061C000000000A2941A6D42000040E59C30A242FB
:1061D0000000901EC4BCD64200003426F56B0C4370
:1061E0000080E03779C3414300A0D8855734764317
:1061F00000C84E676DC1AB43003D9160E458E14378
:10620000408CB5781DAF154450EFE2D6E41A4B44EC
:1062100092D54D06CFF08044F64AE1C7022DB54431
:08622000B49DD9794378EA44EA
:1062280024DF001030DF00103CDF001048DF0010D2
:1062380054DF001060DF00106CDF001058E200101F
:1062480003000068EFF3108C72B60268002AFCD0D5
:10625800BFF35F8F04229A56002A0BDB002900D077
:106268000A6000201B68BFF35F8F00221A608CF35E
:1062780010887047D0221206126801201A71F1E7BF
:10628800F0B5C646160000B504001F000268EFF31B
:10629800108172B61368002BFCD0BFF35F8F042304
:1062A800E3562268002B2BDBBFF35F8F00201060C2
:1062B80081F31088D02212061278002552B2904637
:1062C8009A420ED1002080BCB846F0BDBFF35F8F64
:1062D800156081F310883000390000F079FF00283C
:1062E800F0D12268EFF3108172B61368002BFCD04E
:1062F800BFF35F8F237922687F2BE7D9434602E0FB
:10630800D0231B061B682371BFF35F8F0023136024
:1063180081F310880120D6E7F0B5C64600B50F0016
:10632800040000F035FFFA220E00050000233800B3
:106338000021920000F03CFF4019714106000F1E39
:1063480002DA0126164F7642D0231B061B68002569
:1063580098460AE0BFF35F8F156081F3108830001C
:10636800390000F035FF002818D12268EFF31081BA
:1063780072B61368002BFCD0BFF35F8F23792268B5
:106388007F2BE7D943462371BFF35F8F0023136048
:1063980081F31088012080BCB846F0BD0020FAE7E0
:1063A800FFFFFF7F0268EFF3108172B61368002BBE
:1063B800FCD0BFF35F8FFF2303710368BFF35F8FC8
:1063C80000221A6081F3108840BF7047084B9C4632
:1063D8001B78002B0BD18023064807495B051A68F8
:1063E800C25004338B42FAD10123624613707047BE
:1063F800A02B00201C2500100001001010B5014B37
:10640800984710BD1D250020064B5A6802609A68FF
:106418004260DA6882601A69C2605A6902619B69DF
:1064280043617047000002400268064B5A604268A8
:106438009A608268DA60C2681A6102695A614269C0
:106448009A61704700000240034B1A68C0239B0002
:106458009343024A136070470C8001400C9001403E
:10646800054B1A6880239B005340C02292001340BA
:10647800024A13607047C0460C8001400C900140EE
:10648800F0B5D6464F4646460023C0B5182786B015
:106498001E0081460D00988A3F493B8814009847A2
:1064A8003B8880463D49B08A984700233C4906000E
:1064B800988A3B8898478246FFF788FF6846FFF727
:1064C800A3FFC047B047FFF7CBFF211E1CD008230E
:1064D800C0209C464005163F6246836A1A401F4208
:1064E80034D0631A002926D1002A0BD1002C0BD0F6
:1064F800C023082202265B059B6A1A401E423DD033
:10650800002AF5D0002C2BD1FFF79EFFD047FFF7CC
:1065180075FF6846FFF788FF06B0E0BCBA46B1468B
:10652800A846F0BD002C2BD1C0225205966A08223D
:106538003240B6072BD50D2B19D9002AF2D1C0222B
:106548005205966A08223240B607F4D4002A04D1CC
:106558000B002343002BBFD1D6E70B00002CF9D04A
:10656800036E013C2B70230001350B43F2E74B46C9
:106578001B780139036601239944E7E70021E5E721
:10658800C0235B051B6E013C2B700135A4E70B0093
:10659800A242DFD1DCE7C04649460000455800006A
:1065A800464300000022154B10B59A60DA601A6164
:1065B8005A619A61DA611A625A629A62DA621A63F5
:1065C8005A639A63DA631A645A649A64DA641A65D5
:1065D8005A659A65DA651A665A669A66DA661A67B5
:1065E8005A679A67DA67F03292000021044800F08F
:1065F800E7FD044B044A1A6010BDC0460000105065
:1066080058270020402B002080011050F0B5474645
:10661800CE4680B51C4B00249F6D012685B0002F07
:106628001BD01A4B98461A4B994604E00134E4B241
:106638007600202C11D03E42F8D043469E650123B7
:1066480065086D00A343ED186D014D44280000F066
:1066580013FC002806D1B743E8D105B0C0BCB94641
:10666800B046F0BDEB8AE0210393002301A8AA7885
:10667800C900018001210271437100F01DFC28004E
:1066880000F098FBE7E7C0460000115000301150B9
:10669800182700209823C64AF0B5D55880232E0025
:1066A8009B02102485B01E401D4274D0C14BC24CC1
:1066B8009A6AC24B00261A603B23E35C022B00D186
:1066C8004BE17B23E35C022B00D1EFE0BB23E35CCF
:1066D800022B00D1F6E0FB23E35C022B00D1FDE0A6
:1066E8003C23FF33E35C022B00D129E17C23FF33F9
:1066F800E35C022B00D10AE1BC23FF33E35C022BED
:1067080000D13BE1FC23FF33E35C022B00D1F1E035
:10671800AB4BE35C022B00D170E1AA4BE35C022B8C
:1067280000D101E1A84BE35C022B00D171E1A74B3A
:10673800E35C022B00D12EE1A54BE35C022B00D1D8
:106748009CE1A44BE35C022B00D16DE1A24BE35C1E
:10675800022B00D19DE1A14BE35C022B00D17BE130
:10676800002E08D19E4B1B78002B04D180219D4A16
:1067780090338902D150C02269468D4B92009B6CA0
:1067880080265B058A805B0D012101A8029300F039
:1067980093FB954CB602EB0600D57BE080235B02A9
:1067A8001D422FD00224844F1E43BB7E002B14D0E1
:1067B80000F026FD012800D970E0C0220021380031
:1067C800920100F0FDFA380000F0F4FA00F018FD2C
:1067D800012802D9834B5C661C660123FB702037B5
:1067E800012C20D1C0236A46DB0093807F4A02AB8C
:1067F80003CA03C3012101A800F05EFB8022794B84
:1068080092021A6580235B011D420ED18023DB01B1
:106818001D4221D180231B021D422DD1AE4200D042
:10682800BEE105B0F0BD0124BFE700241E43604B64
:106838001C60FFF7B7FE80236A465B0093801472E2
:10684800012101A800F038FB8022664B12031A656B
:106858008023DB011D42DDD01E4380236A46DB0016
:106868009380012101A800F027FB10225D4B1A65D7
:1068780080231B021D42D1D01E43A0236A46DB00A1
:106888009380012101A800F017FB8022554B1201CB
:106898001A65C3E7FFF7BAFE26007FE7544B444A60
:1068A8001C66536E2340A342FBD186E77833E75C2E
:1068B800002F00D10AE70233E25C002A00D00DE184
:1068C8003E0003E7B833E75C002F00D103E702334B
:1068D800E25C002A00D0F9E03E00FCE6F833E75C11
:1068E800002F00D1FCE60233E25C002A00D041E12F
:1068F8003E00F5E6F933FF33E75C002F00D107E7E8
:106908000233E25C002A00D02BE13E0000E7793335
:10691800FF33E75C002F00D1EEE60233E25C002A89
:1069280000D015E13E00E7E6324BE75C002F00D1CE
:10693800F8E60233E25C002A00D001E13E00F1E60D
:106948003933FF33E75C002F00D1CFE60233E25C36
:10695800002A00D0EBE03E00C8E63833E65C002EA3
:1069680000D1AEE60233E25C002A00D1A9E620009D
:1069780000222030E25400F04BFAA2E6B933FF338C
:10698800E75C002F00D1BDE60233E25C002A00D0AC
:10699800C4E03E00B6E6184BE75C002F00D1CBE61A
:1069A8000233E25C002A00D0B0E03E00C4E6C046F4
:1069B800000011500040054018270020082700203B
:1069C8003B0200007B020000BB020000FB0200004B
:1069D8003B0300007B030000BB030000FB03000037
:1069E8009E2B0020003011501000020000001050B3
:1069F800002011507A020000FA0200006B4BE75C9D
:106A0800002F00D189E60233E25C002A76D13E00ED
:106A180083E6674BE75C002F00D188E60233E25C2F
:106A2800002A63D13E0082E6624BE75C002F00D16A
:106A38008CE60233E25C002A00D0A3E05E4BE35C04
:106A4800022B30D15D4BE35C002B27D15C4BE35C20
:106A5800022B00D08FE63E005A4BE35C002B00D19E
:106A68007EE6FF239B00E25C002A00D183E6002239
:106A7800E2541C3BE01800F0CBF97CE6524BE75C93
:106A8800002F00D15DE60233E25C002A16D13E00F9
:106A980057E64A4BE35C002B00D15CE6EF239B00F2
:106AA800E25C002A75D1464BE35C022B00D062E61B
:106AB800444BE35C002B00D15DE6D2E70022E254B0
:106AC8001C3BE01800F0A4F93E003AE62000002242
:106AD800A030E2543E0000F09BF9FCE520000022C3
:106AE8006030E2543E0000F093F9EFE50022E254F2
:106AF8001C3BE01800F08CF93E0018E60022E25436
:106B08001C3BE01800F084F93E0006E60022E2543F
:106B18001C3BE01800F07CF93E000DE62000002246
:106B2800A130FF30E2543E0000F072F9EAE520009F
:106B380000222130FF30E2543E0000F069F9D5E52B
:106B48000022E2541C3BE01800F062F93E00E9E53F
:106B5800200000226130FF30E2543E0000F058F976
:106B6800CAE520000022E130FF30E2543E0000F088
:106B78004FF9CDE520000022E030E2543E0000F05D
:106B880047F9ADE50022E2541C3BE01800F040F95B
:106B980054E70022E2541C3BE01800F039F982E780
:106BA80031000A48694000F0FBFAC0463A0200008A
:106BB800BA0200007A030000BB030000BA03000019
:106BC800FB030000FA0300003A0300005CDD00103C
:106BD800F0B58C46838A018B020083B00E1C994263
:106BE80000D91E1CB6B29B1B9CB2D378802118001A
:106BF800451EA841C90031434003084301214B40C9
:106C0800D37053789482002B32D11169002E2AD088
:106C18006346D4689B01E418731E0193062B32D98E
:106C280023000B439B072ED1631A013B022B2AD961
:106C38000023B708BF00CD58E5500433BB42FAD152
:106C48009E420ED0019DE418EF1ACD18C95C217040
:106C58000199994205D06B786370012F01D0AB7808
:106C6800A3701169948A802389191B021161184342
:106C7800002C02D18023DB0118436346002B00D08F
:106C8800000403B0F0BD0023CD5CE55401339E42FF
:106C9800FAD1E6E78368F0B51A68002900D0120C2B
:106CA80043789205950D002B09D1C38AEB18C3824E
:106CB800038BAB4201D9002383822800F0BD04690D
:106CC800002D28D0C36889016F1EBC465E18062FA8
:106CD80027D901315B18E31A022B22D92300334349
:106CE8009B071ED10023120E9200F158E150043385
:106CF8009A42FAD195420DD063469F1AA318B45C04
:106D0800B1181C70944505D04A785A70012F01D0EB
:106D18008A789A700469C38A6419EB18C38204617B
:106D2800C6E70022B35CA35401329542FAD1046944
:106D3800F1E7C04610B50400836800211B68FFF71F
:106D4800A9FF63681B685B0002D5238B834200D0D0
:106D580010BD01212000FFF79DFFF9E7084B1A6CD1
:106D68000023920703D48278D209012A01D018009F
:106D78007047C37E023B5A425341DBB2F7E7C04635
:106D88000000115010B5FFF7E9FF00280AD0064BA4
:106D9800064A9B6A064912685B189B1A0020C6229D
:106DA8009A42404110BDC0460040054008270020D7
:106DB800E0FCFFFF00238376436103617047C04610
:106DC80010B58368002901D01C682140002A12D020
:106DD8008024E400114322420DD01A6822420CD1CB
:106DE800084A0A401A60084A126C920703D40C2316
:106DF800033BFDD28368196010BD8178034800F019
:106E0800CFF9C046FFFBFFFF0000115070DD0010F6
:106E1800436870B50021802504001E68FFF7D8FE7E
:106E2800124B6D011A6C0543A37892070ED55B06C9
:106E38000ED00F4B1E4080239B0533436268002110
:106E4800136020002A00FFF7BBFF70BDDB09F0D0FC
:106E5800A38A002BEDD001212000FFF7B9FEA02363
:106E6800044ADB05324005431343E7E700001150AD
:106E7800FFFFFFAFFFFFFFDF70B5857E0400002D29
:106E880014D0FFF757FFA38A002B01D1280070BD4B
:106E98002000FFF777FF002803D001230025237780
:106EA800F4E72000FFF7B4FF0025EFE781780148F9
:106EB80000F076F990DD0010F0B54746CE4680B573
:106EC800437805000F0085B0062B07D8694A9B0058
:106ED800D3589F46684A137801331370674B1C6870
:106EE8006269EFF3108172B61368002BFCD0BFF310
:106EF8005F8FA1612000290000F07AF96269A36917
:106F0800BFF35F8F0021116083F31088002804D13C
:106F180005B0C0BCB946B046F0BD3A0069782878DB
:106F280000F05EF9F4E70121554B1A788A431A708C
:106F38001A7801318A431A7000225A701A7802317D
:106F48008A431A70CAE74F494F4B88464F491E007B
:106F58001A7800240023894612E04B461B68610119
:106F68005B18002B06D0DB69002B03D069682878F2
:106F7800984732780134E4B2511C2300A14217DB50
:106F8800A242EAD89B1A5B014344ECE73C4B1A78CF
:106F9800D207BDD504211A780A431A709EE7384BE8
:106FA8001A78D207B4D504211A788A431A7095E75B
:106FB800334A1378904611005B0728D513780422CA
:106FC80001AC93430B7020000021083200F0F8F860
:106FD8002B78237005236370284B1B6818005A69A7
:106FE800EFF3108172B61368002BFCD0BFF35F8FEC
:106FF80006008161210000F0FBF87269B369BFF3F4
:107008005F8F0021116083F3108800282CD143463C
:10701800DB78DB0700D47BE72B7801AC23700323F4
:1070280063706B686360154B1D686A69EFF31081C4
:1070380072B61368002BFCD0BFF35F8FA9612800DC
:10704800210000F0D5F86A69AB69BFF35F8F0021B2
:10705800116083F31088002800D159E73A0061785D
:10706800207800F0BDF853E73A006178207800F006
:10707800B7F8CCE770E300109F2B00208821002090
:10708800302100208CE300109D2B00204820002098
:107098009446130010B5002A0AD00A00CC18022121
:1070A800C3681942FCD0137801328360A242F7D139
:1070B800C3685B0704D504218368C3681942FBD100
:1070C8001021C3681942FCD1C3685B0704D50421A9
:1070D8008368C3681942FBD101230362604610BD6F
:1070E800F0B58C46CE46474614001E0019001A001B
:1070F80004230225994680B5002E31D000292DD0D1
:10710800C3681D4218D00B000833934211D8002AD7
:107118002BD1022398464746C3681F4230D1002925
:107128001ED0C36800221D42FBD00B0008339342D7
:10713800EDD9634601398360002AF0D04F46C36811
:107148001F4215D10029DBD10421C3681942FCD0A4
:107158008368013A2370002A02D00134002AF3D14F
:107168003000C0BCB946B046F0BDC3685B07C7D5A0
:107178008368013A237013000B43F1D00134BDE753
:107188000B000833D5D1C6E77047C04600000000A1
:1071980001B40248844601BC604700BFF5180010DE
:1071A80001B40248844601BC604700BF190B0010B7
:1071B80001B40248844601BC604700BF092E001094
:1071C80001B40248844601BC604700BF312F00105B
:1071D80001B40248844601BC604700BFD1170010C3
:1071E80001B40248844601BC604700BF1D57001027
:1071F80001B40248844601BC604700BF4D710010CD
:1072080001B40248844601BC604700BF0D0B001062
:1072180074D90010410300107CD90010A4D90010C3
:1072280095030010A8D90010B8D90010A9030010C0
:10723800BCD90010B0D80010BD030010CCD9001084
:10724800E8D9001031050010F4D9001010DA001048
:107258005D03001020DA001034DA00106105001018
:1072680038DA00104CDA00108D05001054DA0010DE
:1072780068DA0010D103001074DA00109CDA0010EC
:1072880011040010A4DA0010C8DA00102906001052
:10729800D4DA0010DCDA001095060010E8DA0010E5
:1072A800F4DA0010BD05001000DB001014DB00103C
:1072B800A504001000DB0010000000000000000022
:1072C8000000000020A107001000000000000000DE
:1072D80000000100000000000000000000000200A3
:1072E8000000000000000000000003000000000093
:1072F800000000000000FF000000000001B5486821
:1073080001318E460047704609380149884701BD5A
:10731800490F0010000000000000000000000000FD
:107328000000000000000000481B002000000000D2
:10733800503300004C330000543300005233000037
:107348004D5300004D430000533400004334000007
:10735800BD4E0010714E0010E54D00105D4D00103F
:1073680000000000000100008C21002010000C002B
:107378000000000000000000000000000000000005
:1073880000000000FF000000FFFFFFFF00000200F8
:107398000000000000000000101200201012002061
:1073A800181200201812002020120020201200209D
:1073B800281200202812002030120020301200204D
:1073C80038120020381200204012002040120020FD
:1073D80048120020481200205012002050120020AD
:1073E800581200205812002060120020601200205D
:1073F800681200206812002070120020701200200D
:1074080078120020781200208012002080120020BC
:10741800881200208812002090120020901200206C
:107428009812002098120020A0120020A01200201C
:10743800A8120020A8120020B0120020B0120020CC
:10744800B8120020B8120020C0120020C01200207C
:10745800C8120020C8120020D0120020D01200202C
:10746800D8120020D8120020E0120020E0120020DC
:10747800E8120020E8120020F0120020F01200208C
:10748800F8120020F812002000130020001300203A
:1074980008130020081300201013002010130020E8
:1074A8001813002018130020201300202013002098
:1074B8002813002028130020301300203013002048
:1074C80038130020381300204013002040130020F8
:1074D80048130020481300205013002050130020A8
:1074E8005813002058130020601300206013002058
:1074F8006813002068130020701300207013002008
:1075080078130020781300208013002080130020B7
:107518008813002088130020901300209013002067
:107528009813002098130020A0130020A013002017
:10753800A8130020A8130020B0130020B0130020C7
:10754800B8130020B8130020C0130020C013002077
:10755800C8130020C8130020D0130020D013002027
:10756800D8130020D8130020E0130020E0130020D7
:10757800E8130020E8130020F0130020F013002087
:10758800F8130020F8130020001400200014002035
:1075980008140020081400201014002010140020E3
:1075A8001814002018140020201400202014002093
:1075B8002814002028140020301400203014002043
:1075C80038140020381400204014002040140020F3
:1075D80048140020481400205014002050140020A3
:1075E8005814002058140020601400206014002053
:1075F8006814002068140020701400207014002003
:1076080078140020781400208014002080140020B2
:107618008814002088140020901400209014002062
:107628009814002098140020A0140020A014002012
:10763800A8140020A8140020B0140020B0140020C2
:10764800B8140020B8140020C0140020C014002072
:10765800C8140020C8140020D0140020D014002022
:10766800D8140020D8140020E0140020E0140020D2
:10767800E8140020E8140020F0140020F014002082
:10768800F8140020F8140020001500200015002030
:1076980008150020081500201015002010150020DE
:1076A800181500201815002020150020201500208E
:1076B800281500202815002030150020301500203E
:1076C80038150020381500204015002040150020EE
:1076D800481500204815002050150020501500209E
:1076E800581500205815002060150020601500204E
:1076F80068150020681500207015002070150020FE
:1077080078150020781500208015002080150020AD
:10771800881500208815002090150020901500205D
:107728009815002098150020A0150020A01500200D
:10773800A8150020A8150020B0150020B0150020BD
:10774800B8150020B8150020C0150020C01500206D
:10775800C8150020C8150020D0150020D01500201D
:10776800D8150020D8150020E0150020E0150020CD
:10777800E8150020E8150020F0150020F01500207D
:10778800F8150020F815002000160020001600202B
:10779800081600200816002020160020000000000F
:1077A80000000000101F0020781F0020E01F0020AC
:1077B80000000000000000000000000000000000C1
:1077C80000000000000000000000000000000000B1
:1077D80000000000000000000000000000000000A1
:1077E8000000000000000000000000000000000091
:1077F8000000000000000000000000000000000081
:107808000000000000000000000000000000000070
:107818000000000000000000000000000000000060
:107828000000000000000000000000000000000050
:10783800000000000000000001000000000000003F
:107848000E33CDAB34126DE6ECDE05000B00000004
:107858000000000000000000000000000000000020
:107868000000000000000000000000000000000010
:107878000000000000000000000000000000000000
:1078880000000000000000000000000000000000F0
:1078980000000000000000000000000000000000E0
:1078A80000000000000000000000000000000000D0
:1078B80000000000000000000000000000000000C0
:1078C80000000000000000000000000000000000B0
:1078D80000000000000000000000000000000000A0
:1078E8000000000000000000000000000000000090
:1078F8000000000000000000000000000000000080
:10790800000000000000000000000000000000006F
:10791800000000000000000000000000000000005F
:10792800000000000000000000000000000000004F
:10793800000000000000000000000000000000003F
:10794800000000000000000000000000000000002F
:10795800000000000000000000000000000000001F
:10796800000000000000000000000000000000000F
:1079780000000000000000000000000000000000FF
:1079880000000000000000000000000000000000EF
:1079980000000000000000000000000000000000DF
:1079A800430000000000000000000000000000008C
:1079B80000000000000000000000000000000000BF
:1079C800430000000000000000000000000000006C
:1079D800000000000000000000000000000000009F
:1079E800430000000000000000000000000000004C
:1079F800000000000000000000000000000000007F
:107A0800430000000000000000000000000000002B
:107A1800000000000000000000000000000000005E
:107A2800430000000000000000000000000000000B
:107A3800000000000000000000000000000000003E
:107A480043000000000000000000000000000000EB
:107A5800000000000000000000000000000000001E
:107A680043000000000000000000000000000000CB
:107A780000000000000000000000000000000000FE
:107A880043000000000000000000000000000000AB
:107A980000000000000000000000000000000000DE
:107AA80000000000000000000000000000000000CE
:107AB80000000000000000000000000000000000BE
:107AC80000000000000000000000000000000000AE
:107AD800000000000000000000000000000000009E
:107AE800000000000000000000000000000000008E
:107AF800000000000000000000000000000000007E
:107B0800000000000000000000000000000000006D
:107B1800000000000000000000000000000000005D
:107B2800000000000000000000000000000000004D
:107B3800000000000000000000000000000000003D
:107B4800000000000000000000000000000000002D
:107B5800000000000000000000000000000000001D
:107B68000000000000000000C1D5001059CA001034
:107B78000000000058F40010F8D80010D4DB001002
:107B8800D4DB0010D4DB0010D4DB0010D4DB0010F1
:107B9800D4DB0010D4DB0010D4DB0010D4DB0010E1
:107BA800FFFFFFFFFFFFFFFFFFFFFFFFFFFF0000DB
:107BB8000100415343494900000000000000000053
:107BC80000000000000000000000000000000000AD
:107BD8000000415343494900000000000000000034
:107BE800000000000000000000000000000000008D
:0C7BF80000000000000000000000000081
:04000005100001E9FD
:00000001FF
