
/Users/milanatroanova/Repositories/pico/mcu/02-echo/build/02_echo.elf:     file format elf32-littlearm

Sections:
Idx Name          Size      VMA       LMA       File off  Algn
  0 .boot2        00000100  10000000  10000000  00001000  2**0
                  CONTENTS, ALLOC, LOAD, READONLY, CODE
  1 .text         00006a0c  10000100  10000100  00001100  2**3
                  CONTENTS, ALLOC, LOAD, READONLY, CODE
  2 .rodata       000006ac  10006b10  10006b10  00007b10  2**3
                  CONTENTS, ALLOC, LOAD, READONLY, DATA
  3 .binary_info  00000020  100071bc  100071bc  000081bc  2**2
                  CONTENTS, ALLOC, LOAD, READONLY, DATA
  4 .ram_vector_table 000000c0  20000000  20000000  0000b000  2**2
                  ALLOC
  5 .uninitialized_data 00000000  200000c0  200000c0  0000a060  2**0
                  CONTENTS
  6 .data         00000fa0  200000c0  100071dc  000090c0  2**4
                  CONTENTS, ALLOC, LOAD, READONLY, CODE
  7 .tdata        00000000  20001060  20001060  0000a060  2**0
                  CONTENTS, ALLOC, LOAD, DATA, THREAD_LOCAL
  8 .tbss         00000000  20001060  20001060  00000000  2**0
                  ALLOC, THREAD_LOCAL
  9 .bss          00000efc  20001060  1000817c  0000a060  2**3
                  ALLOC
 10 .heap         00000800  20001f5c  1000817c  0000af5c  2**2
                  ALLOC, READONLY
 11 .scratch_x    00000000  20040000  20040000  0000a060  2**0
                  CONTENTS
 12 .scratch_y    00000000  20041000  20041000  0000a060  2**0
                  CONTENTS
 13 .stack_dummy  00000800  20041000  20041000  0000b000  2**5
                  ALLOC, READONLY
 14 .ARM.attributes 00000028  00000000  00000000  0000a060  2**0
                  CONTENTS, READONLY
 15 .comment      00000045  00000000  00000000  0000a088  2**0
                  CONTENTS, READONLY
 16 .debug_info   00030689  00000000  00000000  0000a0cd  2**0
                  CONTENTS, READONLY, DEBUGGING, OCTETS
 17 .debug_abbrev 0000894c  00000000  00000000  0003a756  2**0
                  CONTENTS, READONLY, DEBUGGING, OCTETS
 18 .debug_loclists 0001a483  00000000  00000000  000430a2  2**0
                  CONTENTS, READONLY, DEBUGGING, OCTETS
 19 .debug_aranges 00001678  00000000  00000000  0005d528  2**3
                  CONTENTS, READONLY, DEBUGGING, OCTETS
 20 .debug_rnglists 00004529  00000000  00000000  0005eba0  2**0
                  CONTENTS, READONLY, DEBUGGING, OCTETS
 21 .debug_line   00024d44  00000000  00000000  000630c9  2**0
                  CONTENTS, READONLY, DEBUGGING, OCTETS
 22 .debug_str    00008b4b  00000000  00000000  00087e0d  2**0
                  CONTENTS, READONLY, DEBUGGING, OCTETS
 23 .debug_frame  00002e38  00000000  00000000  00090958  2**2
                  CONTENTS, READONLY, DEBUGGING, OCTETS
 24 .debug_line_str 000003d6  00000000  00000000  00093790  2**0
                  CONTENTS, READONLY, DEBUGGING, OCTETS

/Users/milanatroanova/Repositories/pico/mcu/02-echo/build/02_echo.elf:     file format elf32-littlearm


Disassembly of section .boot2:

10000000 <__boot2_start__>:
10000000:	4b32b500 	.word	0x4b32b500
10000004:	60582021 	.word	0x60582021
10000008:	21026898 	.word	0x21026898
1000000c:	60984388 	.word	0x60984388
10000010:	611860d8 	.word	0x611860d8
10000014:	4b2e6158 	.word	0x4b2e6158
10000018:	60992100 	.word	0x60992100
1000001c:	61592102 	.word	0x61592102
10000020:	22f02101 	.word	0x22f02101
10000024:	492b5099 	.word	0x492b5099
10000028:	21016019 	.word	0x21016019
1000002c:	20356099 	.word	0x20356099
10000030:	f844f000 	.word	0xf844f000
10000034:	42902202 	.word	0x42902202
10000038:	2106d014 	.word	0x2106d014
1000003c:	f0006619 	.word	0xf0006619
10000040:	6e19f834 	.word	0x6e19f834
10000044:	66192101 	.word	0x66192101
10000048:	66182000 	.word	0x66182000
1000004c:	f000661a 	.word	0xf000661a
10000050:	6e19f82c 	.word	0x6e19f82c
10000054:	6e196e19 	.word	0x6e196e19
10000058:	f0002005 	.word	0xf0002005
1000005c:	2101f82f 	.word	0x2101f82f
10000060:	d1f94208 	.word	0xd1f94208
10000064:	60992100 	.word	0x60992100
10000068:	6019491b 	.word	0x6019491b
1000006c:	60592100 	.word	0x60592100
10000070:	481b491a 	.word	0x481b491a
10000074:	21016001 	.word	0x21016001
10000078:	21eb6099 	.word	0x21eb6099
1000007c:	21a06619 	.word	0x21a06619
10000080:	f0006619 	.word	0xf0006619
10000084:	2100f812 	.word	0x2100f812
10000088:	49166099 	.word	0x49166099
1000008c:	60014814 	.word	0x60014814
10000090:	60992101 	.word	0x60992101
10000094:	2800bc01 	.word	0x2800bc01
10000098:	4700d000 	.word	0x4700d000
1000009c:	49134812 	.word	0x49134812
100000a0:	c8036008 	.word	0xc8036008
100000a4:	8808f380 	.word	0x8808f380
100000a8:	b5034708 	.word	0xb5034708
100000ac:	20046a99 	.word	0x20046a99
100000b0:	d0fb4201 	.word	0xd0fb4201
100000b4:	42012001 	.word	0x42012001
100000b8:	bd03d1f8 	.word	0xbd03d1f8
100000bc:	6618b502 	.word	0x6618b502
100000c0:	f7ff6618 	.word	0xf7ff6618
100000c4:	6e18fff2 	.word	0x6e18fff2
100000c8:	bd026e18 	.word	0xbd026e18
100000cc:	40020000 	.word	0x40020000
100000d0:	18000000 	.word	0x18000000
100000d4:	00070000 	.word	0x00070000
100000d8:	005f0300 	.word	0x005f0300
100000dc:	00002221 	.word	0x00002221
100000e0:	180000f4 	.word	0x180000f4
100000e4:	a0002022 	.word	0xa0002022
100000e8:	10000100 	.word	0x10000100
100000ec:	e000ed08 	.word	0xe000ed08
	...
100000fc:	7a4eb274 	.word	0x7a4eb274

Disassembly of section .text:

10000100 <__VECTOR_TABLE>:
10000100:	20042000 	.word	0x20042000
10000104:	100001f7 	.word	0x100001f7
10000108:	100001cb 	.word	0x100001cb
1000010c:	100001cd 	.word	0x100001cd
10000110:	100001c9 	.word	0x100001c9
10000114:	100001c9 	.word	0x100001c9
10000118:	100001c9 	.word	0x100001c9
1000011c:	100001c9 	.word	0x100001c9
10000120:	100001c9 	.word	0x100001c9
10000124:	100001c9 	.word	0x100001c9
10000128:	100001c9 	.word	0x100001c9
1000012c:	100001cf 	.word	0x100001cf
10000130:	100001c9 	.word	0x100001c9
10000134:	100001c9 	.word	0x100001c9
10000138:	100001d1 	.word	0x100001d1
1000013c:	100001d3 	.word	0x100001d3
10000140:	100001c1 	.word	0x100001c1
10000144:	100001c1 	.word	0x100001c1
10000148:	100001c1 	.word	0x100001c1
1000014c:	100001c1 	.word	0x100001c1
10000150:	100001c1 	.word	0x100001c1
10000154:	100001c1 	.word	0x100001c1
10000158:	100001c1 	.word	0x100001c1
1000015c:	100001c1 	.word	0x100001c1
10000160:	100001c1 	.word	0x100001c1
10000164:	100001c1 	.word	0x100001c1
10000168:	100001c1 	.word	0x100001c1
1000016c:	100001c1 	.word	0x100001c1
10000170:	100001c1 	.word	0x100001c1
10000174:	100001c1 	.word	0x100001c1
10000178:	100001c1 	.word	0x100001c1
1000017c:	100001c1 	.word	0x100001c1
10000180:	100001c1 	.word	0x100001c1
10000184:	100001c1 	.word	0x100001c1
10000188:	100001c1 	.word	0x100001c1
1000018c:	100001c1 	.word	0x100001c1
10000190:	100001c1 	.word	0x100001c1
10000194:	100001c1 	.word	0x100001c1
10000198:	100001c1 	.word	0x100001c1
1000019c:	100001c1 	.word	0x100001c1
100001a0:	100001c1 	.word	0x100001c1
100001a4:	100001c1 	.word	0x100001c1
100001a8:	100001c1 	.word	0x100001c1
100001ac:	100001c1 	.word	0x100001c1
100001b0:	100001c1 	.word	0x100001c1
100001b4:	100001c1 	.word	0x100001c1
100001b8:	100001c1 	.word	0x100001c1
100001bc:	100001c1 	.word	0x100001c1

100001c0 <__unhandled_user_irq>:
100001c0:	f3ef 8005 	mrs	r0, IPSR
100001c4:	3810      	subs	r0, #16

100001c6 <unhandled_user_irq_num_in_r0>:
100001c6:	be00      	bkpt	0x0000

100001c8 <isr_invalid>:
100001c8:	be00      	bkpt	0x0000

100001ca <isr_nmi>:
100001ca:	be00      	bkpt	0x0000

100001cc <isr_hardfault>:
100001cc:	be00      	bkpt	0x0000

100001ce <isr_svcall>:
100001ce:	be00      	bkpt	0x0000

100001d0 <isr_pendsv>:
100001d0:	be00      	bkpt	0x0000

100001d2 <isr_systick>:
100001d2:	be00      	bkpt	0x0000

100001d4 <__default_isrs_end>:
100001d4:	7188ebf2 	.word	0x7188ebf2
100001d8:	100071bc 	.word	0x100071bc
100001dc:	100071dc 	.word	0x100071dc
100001e0:	10000238 	.word	0x10000238
100001e4:	e71aa390 	.word	0xe71aa390

100001e8 <_entry_point>:
100001e8:	481e      	ldr	r0, [pc, #120]	@ (10000264 <data_cpy_table+0x2c>)

100001ea <_enter_vtable_in_r0>:
100001ea:	491f      	ldr	r1, [pc, #124]	@ (10000268 <data_cpy_table+0x30>)
100001ec:	6008      	str	r0, [r1, #0]
100001ee:	c806      	ldmia	r0!, {r1, r2}
100001f0:	f381 8808 	msr	MSP, r1
100001f4:	4710      	bx	r2

100001f6 <_reset_handler>:
100001f6:	481d      	ldr	r0, [pc, #116]	@ (1000026c <data_cpy_table+0x34>)
100001f8:	6800      	ldr	r0, [r0, #0]
100001fa:	2800      	cmp	r0, #0
100001fc:	d001      	beq.n	10000202 <hold_non_core0_in_bootrom+0x4>

100001fe <hold_non_core0_in_bootrom>:
100001fe:	4819      	ldr	r0, [pc, #100]	@ (10000264 <data_cpy_table+0x2c>)
10000200:	e7f3      	b.n	100001ea <_enter_vtable_in_r0>
10000202:	a40d      	add	r4, pc, #52	@ (adr r4, 10000238 <data_cpy_table>)
10000204:	cc0e      	ldmia	r4!, {r1, r2, r3}
10000206:	2900      	cmp	r1, #0
10000208:	d002      	beq.n	10000210 <hold_non_core0_in_bootrom+0x12>
1000020a:	f000 f812 	bl	10000232 <data_cpy>
1000020e:	e7f9      	b.n	10000204 <hold_non_core0_in_bootrom+0x6>
10000210:	4917      	ldr	r1, [pc, #92]	@ (10000270 <data_cpy_table+0x38>)
10000212:	4a18      	ldr	r2, [pc, #96]	@ (10000274 <data_cpy_table+0x3c>)
10000214:	2000      	movs	r0, #0
10000216:	e000      	b.n	1000021a <bss_fill_test>

10000218 <bss_fill_loop>:
10000218:	c101      	stmia	r1!, {r0}

1000021a <bss_fill_test>:
1000021a:	4291      	cmp	r1, r2
1000021c:	d1fc      	bne.n	10000218 <bss_fill_loop>

1000021e <platform_entry>:
1000021e:	4916      	ldr	r1, [pc, #88]	@ (10000278 <data_cpy_table+0x40>)
10000220:	4788      	blx	r1
10000222:	4916      	ldr	r1, [pc, #88]	@ (1000027c <data_cpy_table+0x44>)
10000224:	4788      	blx	r1
10000226:	4916      	ldr	r1, [pc, #88]	@ (10000280 <data_cpy_table+0x48>)
10000228:	4788      	blx	r1
1000022a:	be00      	bkpt	0x0000
1000022c:	e7fd      	b.n	1000022a <platform_entry+0xc>

1000022e <data_cpy_loop>:
1000022e:	c901      	ldmia	r1!, {r0}
10000230:	c201      	stmia	r2!, {r0}

10000232 <data_cpy>:
10000232:	429a      	cmp	r2, r3
10000234:	d3fb      	bcc.n	1000022e <data_cpy_loop>
10000236:	4770      	bx	lr

10000238 <data_cpy_table>:
10000238:	100071dc 	.word	0x100071dc
1000023c:	200000c0 	.word	0x200000c0
10000240:	20001060 	.word	0x20001060
10000244:	1000817c 	.word	0x1000817c
10000248:	20040000 	.word	0x20040000
1000024c:	20040000 	.word	0x20040000
10000250:	1000817c 	.word	0x1000817c
10000254:	20041000 	.word	0x20041000
10000258:	20041000 	.word	0x20041000
1000025c:	00000000 	.word	0x00000000
10000260:	4770      	bx	lr
10000262:	0000      	.short	0x0000
10000264:	00000000 	.word	0x00000000
10000268:	e000ed08 	.word	0xe000ed08
1000026c:	d0000000 	.word	0xd0000000
10000270:	20001060 	.word	0x20001060
10000274:	20001f5c 	.word	0x20001f5c
10000278:	10003d8d 	.word	0x10003d8d
1000027c:	100002d5 	.word	0x100002d5
10000280:	10003d85 	.word	0x10003d85

10000284 <_init>:
10000284:	b5f8      	push	{r3, r4, r5, r6, r7, lr}
10000286:	46c0      	nop			@ (mov r8, r8)

10000288 <register_tm_clones>:
10000288:	4806      	ldr	r0, [pc, #24]	@ (100002a4 <register_tm_clones+0x1c>)
1000028a:	4907      	ldr	r1, [pc, #28]	@ (100002a8 <register_tm_clones+0x20>)
1000028c:	1a09      	subs	r1, r1, r0
1000028e:	108b      	asrs	r3, r1, #2
10000290:	0fc9      	lsrs	r1, r1, #31
10000292:	18c9      	adds	r1, r1, r3
10000294:	b510      	push	{r4, lr}
10000296:	1049      	asrs	r1, r1, #1
10000298:	d003      	beq.n	100002a2 <register_tm_clones+0x1a>
1000029a:	4b04      	ldr	r3, [pc, #16]	@ (100002ac <register_tm_clones+0x24>)
1000029c:	2b00      	cmp	r3, #0
1000029e:	d000      	beq.n	100002a2 <register_tm_clones+0x1a>
100002a0:	4798      	blx	r3
100002a2:	bd10      	pop	{r4, pc}
100002a4:	20001060 	.word	0x20001060
100002a8:	20001060 	.word	0x20001060
100002ac:	00000000 	.word	0x00000000

100002b0 <frame_dummy>:
100002b0:	4b05      	ldr	r3, [pc, #20]	@ (100002c8 <frame_dummy+0x18>)
100002b2:	b510      	push	{r4, lr}
100002b4:	2b00      	cmp	r3, #0
100002b6:	d003      	beq.n	100002c0 <frame_dummy+0x10>
100002b8:	4904      	ldr	r1, [pc, #16]	@ (100002cc <frame_dummy+0x1c>)
100002ba:	4805      	ldr	r0, [pc, #20]	@ (100002d0 <frame_dummy+0x20>)
100002bc:	e000      	b.n	100002c0 <frame_dummy+0x10>
100002be:	bf00      	nop
100002c0:	f7ff ffe2 	bl	10000288 <register_tm_clones>
100002c4:	bd10      	pop	{r4, pc}
100002c6:	46c0      	nop			@ (mov r8, r8)
100002c8:	00000000 	.word	0x00000000
100002cc:	20001ef8 	.word	0x20001ef8
100002d0:	10006b0c 	.word	0x10006b0c

100002d4 <main>:
100002d4:	b5f0      	push	{r4, r5, r6, r7, lr}
100002d6:	46de      	mov	lr, fp
100002d8:	4657      	mov	r7, sl
100002da:	464e      	mov	r6, r9
100002dc:	4645      	mov	r5, r8
100002de:	b5e0      	push	{r5, r6, r7, lr}
100002e0:	b083      	sub	sp, #12
100002e2:	f003 fe7d 	bl	10003fe0 <stdio_init_all>
100002e6:	20fa      	movs	r0, #250	@ 0xfa
100002e8:	00c0      	lsls	r0, r0, #3
100002ea:	f000 fe45 	bl	10000f78 <sleep_ms>
100002ee:	2019      	movs	r0, #25
100002f0:	f000 f840 	bl	10000374 <gpio_init>
100002f4:	27d0      	movs	r7, #208	@ 0xd0
100002f6:	2380      	movs	r3, #128	@ 0x80
100002f8:	25ff      	movs	r5, #255	@ 0xff
100002fa:	049b      	lsls	r3, r3, #18
100002fc:	063f      	lsls	r7, r7, #24
100002fe:	627b      	str	r3, [r7, #36]	@ 0x24
10000300:	4698      	mov	r8, r3
10000302:	61bb      	str	r3, [r7, #24]
10000304:	4b15      	ldr	r3, [pc, #84]	@ (1000035c <main+0x88>)
10000306:	4e16      	ldr	r6, [pc, #88]	@ (10000360 <main+0x8c>)
10000308:	469b      	mov	fp, r3
1000030a:	4b16      	ldr	r3, [pc, #88]	@ (10000364 <main+0x90>)
1000030c:	469a      	mov	sl, r3
1000030e:	4b16      	ldr	r3, [pc, #88]	@ (10000368 <main+0x94>)
10000310:	4699      	mov	r9, r3
10000312:	4b16      	ldr	r3, [pc, #88]	@ (1000036c <main+0x98>)
10000314:	9300      	str	r3, [sp, #0]
10000316:	4b16      	ldr	r3, [pc, #88]	@ (10000370 <main+0x9c>)
10000318:	9301      	str	r3, [sp, #4]
1000031a:	f003 fe65 	bl	10003fe8 <__wrap_getchar>
1000031e:	4028      	ands	r0, r5
10000320:	0004      	movs	r4, r0
10000322:	0002      	movs	r2, r0
10000324:	0001      	movs	r1, r0
10000326:	0030      	movs	r0, r6
10000328:	f003 ff6a 	bl	10004200 <__wrap_printf>
1000032c:	2c65      	cmp	r4, #101	@ 0x65
1000032e:	d009      	beq.n	10000344 <main+0x70>
10000330:	2c76      	cmp	r4, #118	@ 0x76
10000332:	d00d      	beq.n	10000350 <main+0x7c>
10000334:	2c64      	cmp	r4, #100	@ 0x64
10000336:	d1f0      	bne.n	1000031a <main+0x46>
10000338:	4643      	mov	r3, r8
1000033a:	4650      	mov	r0, sl
1000033c:	61bb      	str	r3, [r7, #24]
1000033e:	f003 fedd 	bl	100040fc <__wrap_puts>
10000342:	e7ea      	b.n	1000031a <main+0x46>
10000344:	4643      	mov	r3, r8
10000346:	4658      	mov	r0, fp
10000348:	617b      	str	r3, [r7, #20]
1000034a:	f003 fed7 	bl	100040fc <__wrap_puts>
1000034e:	e7e4      	b.n	1000031a <main+0x46>
10000350:	464a      	mov	r2, r9
10000352:	9900      	ldr	r1, [sp, #0]
10000354:	9801      	ldr	r0, [sp, #4]
10000356:	f003 ff53 	bl	10004200 <__wrap_printf>
1000035a:	e7de      	b.n	1000031a <main+0x46>
1000035c:	10006b38 	.word	0x10006b38
10000360:	10006b10 	.word	0x10006b10
10000364:	10006b48 	.word	0x10006b48
10000368:	10006b5c 	.word	0x10006b5c
1000036c:	10006b64 	.word	0x10006b64
10000370:	10006b74 	.word	0x10006b74

10000374 <gpio_init>:
10000374:	2301      	movs	r3, #1
10000376:	22d0      	movs	r2, #208	@ 0xd0
10000378:	4083      	lsls	r3, r0
1000037a:	0612      	lsls	r2, r2, #24
1000037c:	6293      	str	r3, [r2, #40]	@ 0x28
1000037e:	6193      	str	r3, [r2, #24]
10000380:	4a08      	ldr	r2, [pc, #32]	@ (100003a4 <gpio_init+0x30>)
10000382:	0083      	lsls	r3, r0, #2
10000384:	189a      	adds	r2, r3, r2
10000386:	6811      	ldr	r1, [r2, #0]
10000388:	2240      	movs	r2, #64	@ 0x40
1000038a:	4051      	eors	r1, r2
1000038c:	3280      	adds	r2, #128	@ 0x80
1000038e:	400a      	ands	r2, r1
10000390:	4905      	ldr	r1, [pc, #20]	@ (100003a8 <gpio_init+0x34>)
10000392:	00c0      	lsls	r0, r0, #3
10000394:	185b      	adds	r3, r3, r1
10000396:	601a      	str	r2, [r3, #0]
10000398:	4b04      	ldr	r3, [pc, #16]	@ (100003ac <gpio_init+0x38>)
1000039a:	18c0      	adds	r0, r0, r3
1000039c:	2305      	movs	r3, #5
1000039e:	6043      	str	r3, [r0, #4]
100003a0:	4770      	bx	lr
100003a2:	46c0      	nop			@ (mov r8, r8)
100003a4:	4001c004 	.word	0x4001c004
100003a8:	4001d004 	.word	0x4001d004
100003ac:	40014000 	.word	0x40014000

100003b0 <rp2040_chip_version>:
100003b0:	2380      	movs	r3, #128	@ 0x80
100003b2:	05db      	lsls	r3, r3, #23
100003b4:	6818      	ldr	r0, [r3, #0]
100003b6:	0f00      	lsrs	r0, r0, #28
100003b8:	4770      	bx	lr
100003ba:	46c0      	nop			@ (mov r8, r8)

100003bc <panic>:
100003bc:	b40f      	push	{r0, r1, r2, r3}
100003be:	b500      	push	{lr}
100003c0:	4808      	ldr	r0, [pc, #32]	@ (100003e4 <panic+0x28>)
100003c2:	b083      	sub	sp, #12
100003c4:	f003 fe9a 	bl	100040fc <__wrap_puts>
100003c8:	9b04      	ldr	r3, [sp, #16]
100003ca:	2b00      	cmp	r3, #0
100003cc:	d007      	beq.n	100003de <panic+0x22>
100003ce:	a905      	add	r1, sp, #20
100003d0:	0018      	movs	r0, r3
100003d2:	9101      	str	r1, [sp, #4]
100003d4:	f003 fcbc 	bl	10003d50 <weak_raw_vprintf>
100003d8:	4803      	ldr	r0, [pc, #12]	@ (100003e8 <panic+0x2c>)
100003da:	f003 fe8f 	bl	100040fc <__wrap_puts>
100003de:	2001      	movs	r0, #1
100003e0:	f003 fcce 	bl	10003d80 <_exit>
100003e4:	10006ba0 	.word	0x10006ba0
100003e8:	10006bb0 	.word	0x10006bb0

100003ec <hw_claim_or_assert>:
100003ec:	b570      	push	{r4, r5, r6, lr}
100003ee:	468c      	mov	ip, r1
100003f0:	0016      	movs	r6, r2
100003f2:	f3ef 8410 	mrs	r4, PRIMASK
100003f6:	b672      	cpsid	i
100003f8:	490f      	ldr	r1, [pc, #60]	@ (10000438 <hw_claim_or_assert+0x4c>)
100003fa:	680b      	ldr	r3, [r1, #0]
100003fc:	2b00      	cmp	r3, #0
100003fe:	d0fc      	beq.n	100003fa <hw_claim_or_assert+0xe>
10000400:	f3bf 8f5f 	dmb	sy
10000404:	4663      	mov	r3, ip
10000406:	08db      	lsrs	r3, r3, #3
10000408:	18c5      	adds	r5, r0, r3
1000040a:	2207      	movs	r2, #7
1000040c:	5cc0      	ldrb	r0, [r0, r3]
1000040e:	4663      	mov	r3, ip
10000410:	401a      	ands	r2, r3
10000412:	2301      	movs	r3, #1
10000414:	4093      	lsls	r3, r2
10000416:	001a      	movs	r2, r3
10000418:	4002      	ands	r2, r0
1000041a:	4203      	tst	r3, r0
1000041c:	d107      	bne.n	1000042e <hw_claim_or_assert+0x42>
1000041e:	4318      	orrs	r0, r3
10000420:	7028      	strb	r0, [r5, #0]
10000422:	f3bf 8f5f 	dmb	sy
10000426:	600a      	str	r2, [r1, #0]
10000428:	f384 8810 	msr	PRIMASK, r4
1000042c:	bd70      	pop	{r4, r5, r6, pc}
1000042e:	4661      	mov	r1, ip
10000430:	0030      	movs	r0, r6
10000432:	f7ff ffc3 	bl	100003bc <panic>
10000436:	46c0      	nop			@ (mov r8, r8)
10000438:	d000012c 	.word	0xd000012c

1000043c <hw_claim_unused_from_range>:
1000043c:	b5f8      	push	{r3, r4, r5, r6, r7, lr}
1000043e:	46ce      	mov	lr, r9
10000440:	4647      	mov	r7, r8
10000442:	468c      	mov	ip, r1
10000444:	b580      	push	{r7, lr}
10000446:	001c      	movs	r4, r3
10000448:	f3ef 8810 	mrs	r8, PRIMASK
1000044c:	b672      	cpsid	i
1000044e:	491c      	ldr	r1, [pc, #112]	@ (100004c0 <hw_claim_unused_from_range+0x84>)
10000450:	680b      	ldr	r3, [r1, #0]
10000452:	2b00      	cmp	r3, #0
10000454:	d0fc      	beq.n	10000450 <hw_claim_unused_from_range+0x14>
10000456:	f3bf 8f5f 	dmb	sy
1000045a:	42a2      	cmp	r2, r4
1000045c:	d821      	bhi.n	100004a2 <hw_claim_unused_from_range+0x66>
1000045e:	2307      	movs	r3, #7
10000460:	4699      	mov	r9, r3
10000462:	e002      	b.n	1000046a <hw_claim_unused_from_range+0x2e>
10000464:	3201      	adds	r2, #1
10000466:	4294      	cmp	r4, r2
10000468:	d318      	bcc.n	1000049c <hw_claim_unused_from_range+0x60>
1000046a:	4649      	mov	r1, r9
1000046c:	2601      	movs	r6, #1
1000046e:	4011      	ands	r1, r2
10000470:	408e      	lsls	r6, r1
10000472:	08d3      	lsrs	r3, r2, #3
10000474:	18c7      	adds	r7, r0, r3
10000476:	5cc3      	ldrb	r3, [r0, r3]
10000478:	421e      	tst	r6, r3
1000047a:	d1f3      	bne.n	10000464 <hw_claim_unused_from_range+0x28>
1000047c:	0010      	movs	r0, r2
1000047e:	4333      	orrs	r3, r6
10000480:	703b      	strb	r3, [r7, #0]
10000482:	f3bf 8f5f 	dmb	sy
10000486:	2200      	movs	r2, #0
10000488:	4b0d      	ldr	r3, [pc, #52]	@ (100004c0 <hw_claim_unused_from_range+0x84>)
1000048a:	601a      	str	r2, [r3, #0]
1000048c:	f388 8810 	msr	PRIMASK, r8
10000490:	2800      	cmp	r0, #0
10000492:	db0e      	blt.n	100004b2 <hw_claim_unused_from_range+0x76>
10000494:	bcc0      	pop	{r6, r7}
10000496:	46b9      	mov	r9, r7
10000498:	46b0      	mov	r8, r6
1000049a:	bdf8      	pop	{r3, r4, r5, r6, r7, pc}
1000049c:	2001      	movs	r0, #1
1000049e:	4240      	negs	r0, r0
100004a0:	e7ef      	b.n	10000482 <hw_claim_unused_from_range+0x46>
100004a2:	f3bf 8f5f 	dmb	sy
100004a6:	2300      	movs	r3, #0
100004a8:	600b      	str	r3, [r1, #0]
100004aa:	f388 8810 	msr	PRIMASK, r8
100004ae:	2001      	movs	r0, #1
100004b0:	4240      	negs	r0, r0
100004b2:	4663      	mov	r3, ip
100004b4:	2b00      	cmp	r3, #0
100004b6:	d0ed      	beq.n	10000494 <hw_claim_unused_from_range+0x58>
100004b8:	9808      	ldr	r0, [sp, #32]
100004ba:	f7ff ff7f 	bl	100003bc <panic>
100004be:	46c0      	nop			@ (mov r8, r8)
100004c0:	d000012c 	.word	0xd000012c

100004c4 <next_striped_spin_lock_num>:
100004c4:	4a04      	ldr	r2, [pc, #16]	@ (100004d8 <next_striped_spin_lock_num+0x14>)
100004c6:	7810      	ldrb	r0, [r2, #0]
100004c8:	1c43      	adds	r3, r0, #1
100004ca:	b2db      	uxtb	r3, r3
100004cc:	2b17      	cmp	r3, #23
100004ce:	d900      	bls.n	100004d2 <next_striped_spin_lock_num+0xe>
100004d0:	2310      	movs	r3, #16
100004d2:	7013      	strb	r3, [r2, #0]
100004d4:	4770      	bx	lr
100004d6:	46c0      	nop			@ (mov r8, r8)
100004d8:	20000f98 	.word	0x20000f98

100004dc <spin_lock_claim_unused>:
100004dc:	b500      	push	{lr}
100004de:	4b05      	ldr	r3, [pc, #20]	@ (100004f4 <spin_lock_claim_unused+0x18>)
100004e0:	b083      	sub	sp, #12
100004e2:	0001      	movs	r1, r0
100004e4:	9300      	str	r3, [sp, #0]
100004e6:	2218      	movs	r2, #24
100004e8:	231f      	movs	r3, #31
100004ea:	4803      	ldr	r0, [pc, #12]	@ (100004f8 <spin_lock_claim_unused+0x1c>)
100004ec:	f7ff ffa6 	bl	1000043c <hw_claim_unused_from_range>
100004f0:	b003      	add	sp, #12
100004f2:	bd00      	pop	{pc}
100004f4:	10006bb4 	.word	0x10006bb4
100004f8:	20001a88 	.word	0x20001a88

100004fc <spin_locks_reset>:
100004fc:	2100      	movs	r1, #0
100004fe:	4b04      	ldr	r3, [pc, #16]	@ (10000510 <spin_locks_reset+0x14>)
10000500:	4a04      	ldr	r2, [pc, #16]	@ (10000514 <spin_locks_reset+0x18>)
10000502:	f3bf 8f5f 	dmb	sy
10000506:	c302      	stmia	r3!, {r1}
10000508:	4293      	cmp	r3, r2
1000050a:	d1fa      	bne.n	10000502 <spin_locks_reset+0x6>
1000050c:	4770      	bx	lr
1000050e:	46c0      	nop			@ (mov r8, r8)
10000510:	d0000100 	.word	0xd0000100
10000514:	d0000180 	.word	0xd0000180

10000518 <runtime_init_per_core_irq_priorities>:
10000518:	4b08      	ldr	r3, [pc, #32]	@ (1000053c <runtime_init_per_core_irq_priorities+0x24>)
1000051a:	4a09      	ldr	r2, [pc, #36]	@ (10000540 <runtime_init_per_core_irq_priorities+0x28>)
1000051c:	6013      	str	r3, [r2, #0]
1000051e:	4a09      	ldr	r2, [pc, #36]	@ (10000544 <runtime_init_per_core_irq_priorities+0x2c>)
10000520:	6013      	str	r3, [r2, #0]
10000522:	4a09      	ldr	r2, [pc, #36]	@ (10000548 <runtime_init_per_core_irq_priorities+0x30>)
10000524:	6013      	str	r3, [r2, #0]
10000526:	4a09      	ldr	r2, [pc, #36]	@ (1000054c <runtime_init_per_core_irq_priorities+0x34>)
10000528:	6013      	str	r3, [r2, #0]
1000052a:	4a09      	ldr	r2, [pc, #36]	@ (10000550 <runtime_init_per_core_irq_priorities+0x38>)
1000052c:	6013      	str	r3, [r2, #0]
1000052e:	4a09      	ldr	r2, [pc, #36]	@ (10000554 <runtime_init_per_core_irq_priorities+0x3c>)
10000530:	6013      	str	r3, [r2, #0]
10000532:	4a09      	ldr	r2, [pc, #36]	@ (10000558 <runtime_init_per_core_irq_priorities+0x40>)
10000534:	6013      	str	r3, [r2, #0]
10000536:	4a09      	ldr	r2, [pc, #36]	@ (1000055c <runtime_init_per_core_irq_priorities+0x44>)
10000538:	6013      	str	r3, [r2, #0]
1000053a:	4770      	bx	lr
1000053c:	80808080 	.word	0x80808080
10000540:	e000e400 	.word	0xe000e400
10000544:	e000e404 	.word	0xe000e404
10000548:	e000e408 	.word	0xe000e408
1000054c:	e000e40c 	.word	0xe000e40c
10000550:	e000e410 	.word	0xe000e410
10000554:	e000e414 	.word	0xe000e414
10000558:	e000e418 	.word	0xe000e418
1000055c:	e000e41c 	.word	0xe000e41c

10000560 <irq_set_enabled>:
10000560:	231f      	movs	r3, #31
10000562:	4018      	ands	r0, r3
10000564:	3b1e      	subs	r3, #30
10000566:	4083      	lsls	r3, r0
10000568:	2900      	cmp	r1, #0
1000056a:	d005      	beq.n	10000578 <irq_set_enabled+0x18>
1000056c:	21c0      	movs	r1, #192	@ 0xc0
1000056e:	4a04      	ldr	r2, [pc, #16]	@ (10000580 <irq_set_enabled+0x20>)
10000570:	0049      	lsls	r1, r1, #1
10000572:	5053      	str	r3, [r2, r1]
10000574:	6013      	str	r3, [r2, #0]
10000576:	4770      	bx	lr
10000578:	2280      	movs	r2, #128	@ 0x80
1000057a:	4901      	ldr	r1, [pc, #4]	@ (10000580 <irq_set_enabled+0x20>)
1000057c:	508b      	str	r3, [r1, r2]
1000057e:	e7fa      	b.n	10000576 <irq_set_enabled+0x16>
10000580:	e000e100 	.word	0xe000e100

10000584 <irq_is_enabled>:
10000584:	2201      	movs	r2, #1
10000586:	4082      	lsls	r2, r0
10000588:	4b03      	ldr	r3, [pc, #12]	@ (10000598 <irq_is_enabled+0x14>)
1000058a:	681b      	ldr	r3, [r3, #0]
1000058c:	4013      	ands	r3, r2
1000058e:	1e5a      	subs	r2, r3, #1
10000590:	4193      	sbcs	r3, r2
10000592:	b2d8      	uxtb	r0, r3
10000594:	4770      	bx	lr
10000596:	46c0      	nop			@ (mov r8, r8)
10000598:	e000e100 	.word	0xe000e100

1000059c <irq_set_pending>:
1000059c:	2301      	movs	r3, #1
1000059e:	4083      	lsls	r3, r0
100005a0:	4a01      	ldr	r2, [pc, #4]	@ (100005a8 <irq_set_pending+0xc>)
100005a2:	6013      	str	r3, [r2, #0]
100005a4:	4770      	bx	lr
100005a6:	46c0      	nop			@ (mov r8, r8)
100005a8:	e000e200 	.word	0xe000e200

100005ac <irq_has_shared_handler>:
100005ac:	4b05      	ldr	r3, [pc, #20]	@ (100005c4 <irq_has_shared_handler+0x18>)
100005ae:	3010      	adds	r0, #16
100005b0:	689b      	ldr	r3, [r3, #8]
100005b2:	0080      	lsls	r0, r0, #2
100005b4:	58c3      	ldr	r3, [r0, r3]
100005b6:	4a04      	ldr	r2, [pc, #16]	@ (100005c8 <irq_has_shared_handler+0x1c>)
100005b8:	2000      	movs	r0, #0
100005ba:	1a9b      	subs	r3, r3, r2
100005bc:	222f      	movs	r2, #47	@ 0x2f
100005be:	429a      	cmp	r2, r3
100005c0:	4140      	adcs	r0, r0
100005c2:	4770      	bx	lr
100005c4:	e000ed00 	.word	0xe000ed00
100005c8:	20000f9c 	.word	0x20000f9c

100005cc <irq_set_exclusive_handler>:
100005cc:	b570      	push	{r4, r5, r6, lr}
100005ce:	000d      	movs	r5, r1
100005d0:	f3ef 8610 	mrs	r6, PRIMASK
100005d4:	b672      	cpsid	i
100005d6:	4a0f      	ldr	r2, [pc, #60]	@ (10000614 <irq_set_exclusive_handler+0x48>)
100005d8:	6813      	ldr	r3, [r2, #0]
100005da:	2b00      	cmp	r3, #0
100005dc:	d0fc      	beq.n	100005d8 <irq_set_exclusive_handler+0xc>
100005de:	f3bf 8f5f 	dmb	sy
100005e2:	4b0d      	ldr	r3, [pc, #52]	@ (10000618 <irq_set_exclusive_handler+0x4c>)
100005e4:	3010      	adds	r0, #16
100005e6:	689b      	ldr	r3, [r3, #8]
100005e8:	0084      	lsls	r4, r0, #2
100005ea:	591b      	ldr	r3, [r3, r4]
100005ec:	4a0b      	ldr	r2, [pc, #44]	@ (1000061c <irq_set_exclusive_handler+0x50>)
100005ee:	4293      	cmp	r3, r2
100005f0:	d003      	beq.n	100005fa <irq_set_exclusive_handler+0x2e>
100005f2:	429d      	cmp	r5, r3
100005f4:	d001      	beq.n	100005fa <irq_set_exclusive_handler+0x2e>
100005f6:	f001 f813 	bl	10001620 <hard_assertion_failure>
100005fa:	4b07      	ldr	r3, [pc, #28]	@ (10000618 <irq_set_exclusive_handler+0x4c>)
100005fc:	689b      	ldr	r3, [r3, #8]
100005fe:	511d      	str	r5, [r3, r4]
10000600:	f3bf 8f5f 	dmb	sy
10000604:	f3bf 8f5f 	dmb	sy
10000608:	2200      	movs	r2, #0
1000060a:	4b02      	ldr	r3, [pc, #8]	@ (10000614 <irq_set_exclusive_handler+0x48>)
1000060c:	601a      	str	r2, [r3, #0]
1000060e:	f386 8810 	msr	PRIMASK, r6
10000612:	bd70      	pop	{r4, r5, r6, pc}
10000614:	d0000124 	.word	0xd0000124
10000618:	e000ed00 	.word	0xe000ed00
1000061c:	100001c1 	.word	0x100001c1

10000620 <irq_add_shared_handler>:
10000620:	b5f0      	push	{r4, r5, r6, r7, lr}
10000622:	46de      	mov	lr, fp
10000624:	4657      	mov	r7, sl
10000626:	464e      	mov	r6, r9
10000628:	4645      	mov	r5, r8
1000062a:	b5e0      	push	{r5, r6, r7, lr}
1000062c:	4682      	mov	sl, r0
1000062e:	b083      	sub	sp, #12
10000630:	468b      	mov	fp, r1
10000632:	0017      	movs	r7, r2
10000634:	f3ef 8810 	mrs	r8, PRIMASK
10000638:	b672      	cpsid	i
1000063a:	4a60      	ldr	r2, [pc, #384]	@ (100007bc <irq_add_shared_handler+0x19c>)
1000063c:	6813      	ldr	r3, [r2, #0]
1000063e:	2b00      	cmp	r3, #0
10000640:	d0fc      	beq.n	1000063c <irq_add_shared_handler+0x1c>
10000642:	f3bf 8f5f 	dmb	sy
10000646:	2500      	movs	r5, #0
10000648:	4b5d      	ldr	r3, [pc, #372]	@ (100007c0 <irq_add_shared_handler+0x1a0>)
1000064a:	575d      	ldrsb	r5, [r3, r5]
1000064c:	4699      	mov	r9, r3
1000064e:	2d00      	cmp	r5, #0
10000650:	da00      	bge.n	10000654 <irq_add_shared_handler+0x34>
10000652:	e09a      	b.n	1000078a <irq_add_shared_handler+0x16a>
10000654:	464a      	mov	r2, r9
10000656:	006b      	lsls	r3, r5, #1
10000658:	4c5a      	ldr	r4, [pc, #360]	@ (100007c4 <irq_add_shared_handler+0x1a4>)
1000065a:	195e      	adds	r6, r3, r5
1000065c:	00b6      	lsls	r6, r6, #2
1000065e:	9301      	str	r3, [sp, #4]
10000660:	19a3      	adds	r3, r4, r6
10000662:	9300      	str	r3, [sp, #0]
10000664:	799b      	ldrb	r3, [r3, #6]
10000666:	7013      	strb	r3, [r2, #0]
10000668:	4b57      	ldr	r3, [pc, #348]	@ (100007c8 <irq_add_shared_handler+0x1a8>)
1000066a:	689a      	ldr	r2, [r3, #8]
1000066c:	4653      	mov	r3, sl
1000066e:	3310      	adds	r3, #16
10000670:	009b      	lsls	r3, r3, #2
10000672:	58d1      	ldr	r1, [r2, r3]
10000674:	4699      	mov	r9, r3
10000676:	1b0b      	subs	r3, r1, r4
10000678:	2b2f      	cmp	r3, #47	@ 0x2f
1000067a:	d932      	bls.n	100006e2 <irq_add_shared_handler+0xc2>
1000067c:	4b53      	ldr	r3, [pc, #332]	@ (100007cc <irq_add_shared_handler+0x1ac>)
1000067e:	4299      	cmp	r1, r3
10000680:	d000      	beq.n	10000684 <irq_add_shared_handler+0x64>
10000682:	e098      	b.n	100007b6 <irq_add_shared_handler+0x196>
10000684:	9b01      	ldr	r3, [sp, #4]
10000686:	3602      	adds	r6, #2
10000688:	18ed      	adds	r5, r5, r3
1000068a:	4b51      	ldr	r3, [pc, #324]	@ (100007d0 <irq_add_shared_handler+0x1b0>)
1000068c:	00ad      	lsls	r5, r5, #2
1000068e:	5363      	strh	r3, [r4, r5]
10000690:	4b50      	ldr	r3, [pc, #320]	@ (100007d4 <irq_add_shared_handler+0x1b4>)
10000692:	19a6      	adds	r6, r4, r6
10000694:	3b04      	subs	r3, #4
10000696:	1b9b      	subs	r3, r3, r6
10000698:	4a4f      	ldr	r2, [pc, #316]	@ (100007d8 <irq_add_shared_handler+0x1b8>)
1000069a:	051b      	lsls	r3, r3, #20
1000069c:	0d5b      	lsrs	r3, r3, #21
1000069e:	1965      	adds	r5, r4, r5
100006a0:	4313      	orrs	r3, r2
100006a2:	806b      	strh	r3, [r5, #2]
100006a4:	4b4d      	ldr	r3, [pc, #308]	@ (100007dc <irq_add_shared_handler+0x1bc>)
100006a6:	2101      	movs	r1, #1
100006a8:	80ab      	strh	r3, [r5, #4]
100006aa:	23ff      	movs	r3, #255	@ 0xff
100006ac:	71ab      	strb	r3, [r5, #6]
100006ae:	465b      	mov	r3, fp
100006b0:	60ab      	str	r3, [r5, #8]
100006b2:	9b00      	ldr	r3, [sp, #0]
100006b4:	71ef      	strb	r7, [r5, #7]
100006b6:	430b      	orrs	r3, r1
100006b8:	0019      	movs	r1, r3
100006ba:	464a      	mov	r2, r9
100006bc:	4b42      	ldr	r3, [pc, #264]	@ (100007c8 <irq_add_shared_handler+0x1a8>)
100006be:	689b      	ldr	r3, [r3, #8]
100006c0:	5099      	str	r1, [r3, r2]
100006c2:	f3bf 8f5f 	dmb	sy
100006c6:	f3bf 8f5f 	dmb	sy
100006ca:	2200      	movs	r2, #0
100006cc:	4b3b      	ldr	r3, [pc, #236]	@ (100007bc <irq_add_shared_handler+0x19c>)
100006ce:	601a      	str	r2, [r3, #0]
100006d0:	f388 8810 	msr	PRIMASK, r8
100006d4:	b003      	add	sp, #12
100006d6:	bcf0      	pop	{r4, r5, r6, r7}
100006d8:	46bb      	mov	fp, r7
100006da:	46b2      	mov	sl, r6
100006dc:	46a9      	mov	r9, r5
100006de:	46a0      	mov	r8, r4
100006e0:	bdf0      	pop	{r4, r5, r6, r7, pc}
100006e2:	2001      	movs	r0, #1
100006e4:	000a      	movs	r2, r1
100006e6:	4382      	bics	r2, r0
100006e8:	79d3      	ldrb	r3, [r2, #7]
100006ea:	46b4      	mov	ip, r6
100006ec:	42bb      	cmp	r3, r7
100006ee:	d82d      	bhi.n	1000074c <irq_add_shared_handler+0x12c>
100006f0:	4b3b      	ldr	r3, [pc, #236]	@ (100007e0 <irq_add_shared_handler+0x1c0>)
100006f2:	1cb5      	adds	r5, r6, #2
100006f4:	0019      	movs	r1, r3
100006f6:	0013      	movs	r3, r2
100006f8:	1b1b      	subs	r3, r3, r4
100006fa:	415b      	adcs	r3, r3
100006fc:	4359      	muls	r1, r3
100006fe:	0d09      	lsrs	r1, r1, #20
10000700:	468c      	mov	ip, r1
10000702:	4b33      	ldr	r3, [pc, #204]	@ (100007d0 <irq_add_shared_handler+0x1b0>)
10000704:	1965      	adds	r5, r4, r5
10000706:	53a3      	strh	r3, [r4, r6]
10000708:	4b32      	ldr	r3, [pc, #200]	@ (100007d4 <irq_add_shared_handler+0x1b4>)
1000070a:	9900      	ldr	r1, [sp, #0]
1000070c:	3b04      	subs	r3, #4
1000070e:	1b5b      	subs	r3, r3, r5
10000710:	051b      	lsls	r3, r3, #20
10000712:	4d31      	ldr	r5, [pc, #196]	@ (100007d8 <irq_add_shared_handler+0x1b8>)
10000714:	0d5b      	lsrs	r3, r3, #21
10000716:	432b      	orrs	r3, r5
10000718:	3604      	adds	r6, #4
1000071a:	804b      	strh	r3, [r1, #2]
1000071c:	19a6      	adds	r6, r4, r6
1000071e:	1f13      	subs	r3, r2, #4
10000720:	1b9b      	subs	r3, r3, r6
10000722:	051b      	lsls	r3, r3, #20
10000724:	0d5b      	lsrs	r3, r3, #21
10000726:	431d      	orrs	r5, r3
10000728:	4663      	mov	r3, ip
1000072a:	718b      	strb	r3, [r1, #6]
1000072c:	465b      	mov	r3, fp
1000072e:	608b      	str	r3, [r1, #8]
10000730:	4b2c      	ldr	r3, [pc, #176]	@ (100007e4 <irq_add_shared_handler+0x1c4>)
10000732:	808d      	strh	r5, [r1, #4]
10000734:	71cf      	strb	r7, [r1, #7]
10000736:	6013      	str	r3, [r2, #0]
10000738:	4301      	orrs	r1, r0
1000073a:	e7be      	b.n	100006ba <irq_add_shared_handler+0x9a>
1000073c:	0058      	lsls	r0, r3, #1
1000073e:	18c0      	adds	r0, r0, r3
10000740:	0080      	lsls	r0, r0, #2
10000742:	1820      	adds	r0, r4, r0
10000744:	79c6      	ldrb	r6, [r0, #7]
10000746:	42be      	cmp	r6, r7
10000748:	d925      	bls.n	10000796 <irq_add_shared_handler+0x176>
1000074a:	0002      	movs	r2, r0
1000074c:	2306      	movs	r3, #6
1000074e:	56d3      	ldrsb	r3, [r2, r3]
10000750:	2b00      	cmp	r3, #0
10000752:	daf3      	bge.n	1000073c <irq_add_shared_handler+0x11c>
10000754:	469a      	mov	sl, r3
10000756:	1d13      	adds	r3, r2, #4
10000758:	469c      	mov	ip, r3
1000075a:	4823      	ldr	r0, [pc, #140]	@ (100007e8 <irq_add_shared_handler+0x1c8>)
1000075c:	4663      	mov	r3, ip
1000075e:	9e00      	ldr	r6, [sp, #0]
10000760:	7195      	strb	r5, [r2, #6]
10000762:	3e04      	subs	r6, #4
10000764:	1af6      	subs	r6, r6, r3
10000766:	0536      	lsls	r6, r6, #20
10000768:	4b1b      	ldr	r3, [pc, #108]	@ (100007d8 <irq_add_shared_handler+0x1b8>)
1000076a:	0d76      	lsrs	r6, r6, #21
1000076c:	431e      	orrs	r6, r3
1000076e:	9b01      	ldr	r3, [sp, #4]
10000770:	8096      	strh	r6, [r2, #4]
10000772:	195a      	adds	r2, r3, r5
10000774:	4653      	mov	r3, sl
10000776:	0092      	lsls	r2, r2, #2
10000778:	18a4      	adds	r4, r4, r2
1000077a:	71a3      	strb	r3, [r4, #6]
1000077c:	465b      	mov	r3, fp
1000077e:	4a19      	ldr	r2, [pc, #100]	@ (100007e4 <irq_add_shared_handler+0x1c4>)
10000780:	80a0      	strh	r0, [r4, #4]
10000782:	6022      	str	r2, [r4, #0]
10000784:	71e7      	strb	r7, [r4, #7]
10000786:	60a3      	str	r3, [r4, #8]
10000788:	e797      	b.n	100006ba <irq_add_shared_handler+0x9a>
1000078a:	f000 ff49 	bl	10001620 <hard_assertion_failure>
1000078e:	2500      	movs	r5, #0
10000790:	464b      	mov	r3, r9
10000792:	575d      	ldrsb	r5, [r3, r5]
10000794:	e75e      	b.n	10000654 <irq_add_shared_handler+0x34>
10000796:	4666      	mov	r6, ip
10000798:	469a      	mov	sl, r3
1000079a:	1d13      	adds	r3, r2, #4
1000079c:	469c      	mov	ip, r3
1000079e:	8890      	ldrh	r0, [r2, #4]
100007a0:	3604      	adds	r6, #4
100007a2:	0540      	lsls	r0, r0, #21
100007a4:	1500      	asrs	r0, r0, #20
100007a6:	19a6      	adds	r6, r4, r6
100007a8:	4460      	add	r0, ip
100007aa:	1b80      	subs	r0, r0, r6
100007ac:	0500      	lsls	r0, r0, #20
100007ae:	4e0a      	ldr	r6, [pc, #40]	@ (100007d8 <irq_add_shared_handler+0x1b8>)
100007b0:	0d40      	lsrs	r0, r0, #21
100007b2:	4330      	orrs	r0, r6
100007b4:	e7d2      	b.n	1000075c <irq_add_shared_handler+0x13c>
100007b6:	f000 ff33 	bl	10001620 <hard_assertion_failure>
100007ba:	e763      	b.n	10000684 <irq_add_shared_handler+0x64>
100007bc:	d0000124 	.word	0xd0000124
100007c0:	20001f55 	.word	0x20001f55
100007c4:	20000f9c 	.word	0x20000f9c
100007c8:	e000ed00 	.word	0xe000ed00
100007cc:	100001c1 	.word	0x100001c1
100007d0:	ffffa100 	.word	0xffffa100
100007d4:	20000fcc 	.word	0x20000fcc
100007d8:	ffffe000 	.word	0xffffe000
100007dc:	ffffbd01 	.word	0xffffbd01
100007e0:	0000aaaa 	.word	0x0000aaaa
100007e4:	47804801 	.word	0x47804801
100007e8:	0000bd01 	.word	0x0000bd01

100007ec <irq_add_tail_to_free_list>:
100007ec:	2301      	movs	r3, #1
100007ee:	4303      	orrs	r3, r0
100007f0:	b570      	push	{r4, r5, r6, lr}
100007f2:	469c      	mov	ip, r3
100007f4:	f3ef 8105 	mrs	r1, IPSR
100007f8:	f3ef 8510 	mrs	r5, PRIMASK
100007fc:	b672      	cpsid	i
100007fe:	4a21      	ldr	r2, [pc, #132]	@ (10000884 <irq_add_tail_to_free_list+0x98>)
10000800:	6813      	ldr	r3, [r2, #0]
10000802:	2b00      	cmp	r3, #0
10000804:	d0fc      	beq.n	10000800 <irq_add_tail_to_free_list+0x14>
10000806:	f3bf 8f5f 	dmb	sy
1000080a:	4b1f      	ldr	r3, [pc, #124]	@ (10000888 <irq_add_tail_to_free_list+0x9c>)
1000080c:	0004      	movs	r4, r0
1000080e:	4a1f      	ldr	r2, [pc, #124]	@ (1000088c <irq_add_tail_to_free_list+0xa0>)
10000810:	1ae4      	subs	r4, r4, r3
10000812:	4164      	adcs	r4, r4
10000814:	4362      	muls	r2, r4
10000816:	0d12      	lsrs	r2, r2, #20
10000818:	4c1d      	ldr	r4, [pc, #116]	@ (10000890 <irq_add_tail_to_free_list+0xa4>)
1000081a:	0089      	lsls	r1, r1, #2
1000081c:	68a6      	ldr	r6, [r4, #8]
1000081e:	b252      	sxtb	r2, r2
10000820:	5876      	ldr	r6, [r6, r1]
10000822:	4566      	cmp	r6, ip
10000824:	d01c      	beq.n	10000860 <irq_add_tail_to_free_list+0x74>
10000826:	2106      	movs	r1, #6
10000828:	5659      	ldrsb	r1, [r3, r1]
1000082a:	4291      	cmp	r1, r2
1000082c:	d01c      	beq.n	10000868 <irq_add_tail_to_free_list+0x7c>
1000082e:	2112      	movs	r1, #18
10000830:	5659      	ldrsb	r1, [r3, r1]
10000832:	4291      	cmp	r1, r2
10000834:	d022      	beq.n	1000087c <irq_add_tail_to_free_list+0x90>
10000836:	211e      	movs	r1, #30
10000838:	5659      	ldrsb	r1, [r3, r1]
1000083a:	4291      	cmp	r1, r2
1000083c:	d020      	beq.n	10000880 <irq_add_tail_to_free_list+0x94>
1000083e:	212a      	movs	r1, #42	@ 0x2a
10000840:	5659      	ldrsb	r1, [r3, r1]
10000842:	2403      	movs	r4, #3
10000844:	4291      	cmp	r1, r2
10000846:	d010      	beq.n	1000086a <irq_add_tail_to_free_list+0x7e>
10000848:	4b12      	ldr	r3, [pc, #72]	@ (10000894 <irq_add_tail_to_free_list+0xa8>)
1000084a:	7819      	ldrb	r1, [r3, #0]
1000084c:	701a      	strb	r2, [r3, #0]
1000084e:	7181      	strb	r1, [r0, #6]
10000850:	f3bf 8f5f 	dmb	sy
10000854:	2200      	movs	r2, #0
10000856:	4b0b      	ldr	r3, [pc, #44]	@ (10000884 <irq_add_tail_to_free_list+0x98>)
10000858:	601a      	str	r2, [r3, #0]
1000085a:	f385 8810 	msr	PRIMASK, r5
1000085e:	bd70      	pop	{r4, r5, r6, pc}
10000860:	68a3      	ldr	r3, [r4, #8]
10000862:	4c0d      	ldr	r4, [pc, #52]	@ (10000898 <irq_add_tail_to_free_list+0xac>)
10000864:	505c      	str	r4, [r3, r1]
10000866:	e7ef      	b.n	10000848 <irq_add_tail_to_free_list+0x5c>
10000868:	2400      	movs	r4, #0
1000086a:	0061      	lsls	r1, r4, #1
1000086c:	1909      	adds	r1, r1, r4
1000086e:	0089      	lsls	r1, r1, #2
10000870:	185b      	adds	r3, r3, r1
10000872:	21ff      	movs	r1, #255	@ 0xff
10000874:	7199      	strb	r1, [r3, #6]
10000876:	4909      	ldr	r1, [pc, #36]	@ (1000089c <irq_add_tail_to_free_list+0xb0>)
10000878:	8099      	strh	r1, [r3, #4]
1000087a:	e7e5      	b.n	10000848 <irq_add_tail_to_free_list+0x5c>
1000087c:	2401      	movs	r4, #1
1000087e:	e7f4      	b.n	1000086a <irq_add_tail_to_free_list+0x7e>
10000880:	2402      	movs	r4, #2
10000882:	e7f2      	b.n	1000086a <irq_add_tail_to_free_list+0x7e>
10000884:	d0000124 	.word	0xd0000124
10000888:	20000f9c 	.word	0x20000f9c
1000088c:	0000aaaa 	.word	0x0000aaaa
10000890:	e000ed00 	.word	0xe000ed00
10000894:	20001f55 	.word	0x20001f55
10000898:	100001c1 	.word	0x100001c1
1000089c:	ffffbd01 	.word	0xffffbd01

100008a0 <user_irq_claim_unused>:
100008a0:	b500      	push	{lr}
100008a2:	4b07      	ldr	r3, [pc, #28]	@ (100008c0 <user_irq_claim_unused+0x20>)
100008a4:	b083      	sub	sp, #12
100008a6:	0001      	movs	r1, r0
100008a8:	9300      	str	r3, [sp, #0]
100008aa:	2200      	movs	r2, #0
100008ac:	2305      	movs	r3, #5
100008ae:	4805      	ldr	r0, [pc, #20]	@ (100008c4 <user_irq_claim_unused+0x24>)
100008b0:	f7ff fdc4 	bl	1000043c <hw_claim_unused_from_range>
100008b4:	2800      	cmp	r0, #0
100008b6:	db01      	blt.n	100008bc <user_irq_claim_unused+0x1c>
100008b8:	231f      	movs	r3, #31
100008ba:	1a18      	subs	r0, r3, r0
100008bc:	b003      	add	sp, #12
100008be:	bd00      	pop	{pc}
100008c0:	10006bd0 	.word	0x10006bd0
100008c4:	20001f59 	.word	0x20001f59

100008c8 <lock_init>:
100008c8:	4b02      	ldr	r3, [pc, #8]	@ (100008d4 <lock_init+0xc>)
100008ca:	18c9      	adds	r1, r1, r3
100008cc:	0089      	lsls	r1, r1, #2
100008ce:	6001      	str	r1, [r0, #0]
100008d0:	4770      	bx	lr
100008d2:	46c0      	nop			@ (mov r8, r8)
100008d4:	34000040 	.word	0x34000040

100008d8 <runtime_init_mutex>:
100008d8:	b570      	push	{r4, r5, r6, lr}
100008da:	4c11      	ldr	r4, [pc, #68]	@ (10000920 <runtime_init_mutex+0x48>)
100008dc:	4d11      	ldr	r5, [pc, #68]	@ (10000924 <runtime_init_mutex+0x4c>)
100008de:	42ac      	cmp	r4, r5
100008e0:	d20f      	bcs.n	10000902 <runtime_init_mutex+0x2a>
100008e2:	26ff      	movs	r6, #255	@ 0xff
100008e4:	6823      	ldr	r3, [r4, #0]
100008e6:	2b00      	cmp	r3, #0
100008e8:	d00c      	beq.n	10000904 <runtime_init_mutex+0x2c>
100008ea:	f7ff fdeb 	bl	100004c4 <next_striped_spin_lock_num>
100008ee:	0001      	movs	r1, r0
100008f0:	0020      	movs	r0, r4
100008f2:	f7ff ffe9 	bl	100008c8 <lock_init>
100008f6:	80a6      	strh	r6, [r4, #4]
100008f8:	f3bf 8f5f 	dmb	sy
100008fc:	3408      	adds	r4, #8
100008fe:	42ac      	cmp	r4, r5
10000900:	d3f0      	bcc.n	100008e4 <runtime_init_mutex+0xc>
10000902:	bd70      	pop	{r4, r5, r6, pc}
10000904:	f7ff fdde 	bl	100004c4 <next_striped_spin_lock_num>
10000908:	0001      	movs	r1, r0
1000090a:	0020      	movs	r0, r4
1000090c:	f7ff ffdc 	bl	100008c8 <lock_init>
10000910:	7126      	strb	r6, [r4, #4]
10000912:	f3bf 8f5f 	dmb	sy
10000916:	3408      	adds	r4, #8
10000918:	42ac      	cmp	r4, r5
1000091a:	d3e3      	bcc.n	100008e4 <runtime_init_mutex+0xc>
1000091c:	e7f1      	b.n	10000902 <runtime_init_mutex+0x2a>
1000091e:	46c0      	nop			@ (mov r8, r8)
10000920:	20001058 	.word	0x20001058
10000924:	20001060 	.word	0x20001060

10000928 <mutex_init>:
10000928:	b510      	push	{r4, lr}
1000092a:	0004      	movs	r4, r0
1000092c:	f7ff fdca 	bl	100004c4 <next_striped_spin_lock_num>
10000930:	0001      	movs	r1, r0
10000932:	0020      	movs	r0, r4
10000934:	f7ff ffc8 	bl	100008c8 <lock_init>
10000938:	23ff      	movs	r3, #255	@ 0xff
1000093a:	7123      	strb	r3, [r4, #4]
1000093c:	f3bf 8f5f 	dmb	sy
10000940:	bd10      	pop	{r4, pc}
10000942:	46c0      	nop			@ (mov r8, r8)

10000944 <critical_section_init>:
10000944:	b510      	push	{r4, lr}
10000946:	0004      	movs	r4, r0
10000948:	2001      	movs	r0, #1
1000094a:	f7ff fdc7 	bl	100004dc <spin_lock_claim_unused>
1000094e:	4b03      	ldr	r3, [pc, #12]	@ (1000095c <critical_section_init+0x18>)
10000950:	18c0      	adds	r0, r0, r3
10000952:	0080      	lsls	r0, r0, #2
10000954:	6020      	str	r0, [r4, #0]
10000956:	f3bf 8f5f 	dmb	sy
1000095a:	bd10      	pop	{r4, pc}
1000095c:	34000040 	.word	0x34000040

10000960 <critical_section_init_with_lock_num>:
10000960:	4b03      	ldr	r3, [pc, #12]	@ (10000970 <critical_section_init_with_lock_num+0x10>)
10000962:	18c9      	adds	r1, r1, r3
10000964:	0089      	lsls	r1, r1, #2
10000966:	6001      	str	r1, [r0, #0]
10000968:	f3bf 8f5f 	dmb	sy
1000096c:	4770      	bx	lr
1000096e:	46c0      	nop			@ (mov r8, r8)
10000970:	34000040 	.word	0x34000040

10000974 <sleep_until_callback>:
10000974:	4b0a      	ldr	r3, [pc, #40]	@ (100009a0 <sleep_until_callback+0x2c>)
10000976:	6819      	ldr	r1, [r3, #0]
10000978:	f3ef 8010 	mrs	r0, PRIMASK
1000097c:	b672      	cpsid	i
1000097e:	680a      	ldr	r2, [r1, #0]
10000980:	2a00      	cmp	r2, #0
10000982:	d0fc      	beq.n	1000097e <sleep_until_callback+0xa>
10000984:	f3bf 8f5f 	dmb	sy
10000988:	681b      	ldr	r3, [r3, #0]
1000098a:	f3bf 8f5f 	dmb	sy
1000098e:	2200      	movs	r2, #0
10000990:	601a      	str	r2, [r3, #0]
10000992:	f380 8810 	msr	PRIMASK, r0
10000996:	bf40      	sev
10000998:	2000      	movs	r0, #0
1000099a:	2100      	movs	r1, #0
1000099c:	4770      	bx	lr
1000099e:	46c0      	nop			@ (mov r8, r8)
100009a0:	20001f34 	.word	0x20001f34

100009a4 <alarm_pool_irq_handler>:
100009a4:	b5f0      	push	{r4, r5, r6, r7, lr}
100009a6:	46de      	mov	lr, fp
100009a8:	4657      	mov	r7, sl
100009aa:	464e      	mov	r6, r9
100009ac:	4645      	mov	r5, r8
100009ae:	b5e0      	push	{r5, r6, r7, lr}
100009b0:	b085      	sub	sp, #20
100009b2:	f3ef 8305 	mrs	r3, IPSR
100009b6:	2203      	movs	r2, #3
100009b8:	401a      	ands	r2, r3
100009ba:	4bb3      	ldr	r3, [pc, #716]	@ (10000c88 <alarm_pool_irq_handler+0x2e4>)
100009bc:	0091      	lsls	r1, r2, #2
100009be:	585f      	ldr	r7, [r3, r1]
100009c0:	2301      	movs	r3, #1
100009c2:	4093      	lsls	r3, r2
100009c4:	469b      	mov	fp, r3
100009c6:	9202      	str	r2, [sp, #8]
100009c8:	465a      	mov	r2, fp
100009ca:	4688      	mov	r8, r1
100009cc:	4baf      	ldr	r3, [pc, #700]	@ (10000c8c <alarm_pool_irq_handler+0x2e8>)
100009ce:	601a      	str	r2, [r3, #0]
100009d0:	4baf      	ldr	r3, [pc, #700]	@ (10000c90 <alarm_pool_irq_handler+0x2ec>)
100009d2:	9303      	str	r3, [sp, #12]
100009d4:	465b      	mov	r3, fp
100009d6:	48af      	ldr	r0, [pc, #700]	@ (10000c94 <alarm_pool_irq_handler+0x2f0>)
100009d8:	6343      	str	r3, [r0, #52]	@ 0x34
100009da:	2308      	movs	r3, #8
100009dc:	5efe      	ldrsh	r6, [r7, r3]
100009de:	2e00      	cmp	r6, #0
100009e0:	da37      	bge.n	10000a52 <alarm_pool_irq_handler+0xae>
100009e2:	88bb      	ldrh	r3, [r7, #4]
100009e4:	b21b      	sxth	r3, r3
100009e6:	2b00      	cmp	r3, #0
100009e8:	db00      	blt.n	100009ec <alarm_pool_irq_handler+0x48>
100009ea:	e0a4      	b.n	10000b36 <alarm_pool_irq_handler+0x192>
100009ec:	79bb      	ldrb	r3, [r7, #6]
100009ee:	2b00      	cmp	r3, #0
100009f0:	d000      	beq.n	100009f4 <alarm_pool_irq_handler+0x50>
100009f2:	e0e5      	b.n	10000bc0 <alarm_pool_irq_handler+0x21c>
100009f4:	2308      	movs	r3, #8
100009f6:	5ef9      	ldrsh	r1, [r7, r3]
100009f8:	2900      	cmp	r1, #0
100009fa:	db20      	blt.n	10000a3e <alarm_pool_irq_handler+0x9a>
100009fc:	004b      	lsls	r3, r1, #1
100009fe:	697a      	ldr	r2, [r7, #20]
10000a00:	185b      	adds	r3, r3, r1
10000a02:	00db      	lsls	r3, r3, #3
10000a04:	18d3      	adds	r3, r2, r3
10000a06:	689d      	ldr	r5, [r3, #8]
10000a08:	68dc      	ldr	r4, [r3, #12]
10000a0a:	1c6b      	adds	r3, r5, #1
10000a0c:	d100      	bne.n	10000a10 <alarm_pool_irq_handler+0x6c>
10000a0e:	e104      	b.n	10000c1a <alarm_pool_irq_handler+0x276>
10000a10:	48a0      	ldr	r0, [pc, #640]	@ (10000c94 <alarm_pool_irq_handler+0x2f0>)
10000a12:	0001      	movs	r1, r0
10000a14:	4441      	add	r1, r8
10000a16:	6a82      	ldr	r2, [r0, #40]	@ 0x28
10000a18:	690b      	ldr	r3, [r1, #16]
10000a1a:	1aae      	subs	r6, r5, r2
10000a1c:	1a9b      	subs	r3, r3, r2
10000a1e:	429e      	cmp	r6, r3
10000a20:	d315      	bcc.n	10000a4e <alarm_pool_irq_handler+0xaa>
10000a22:	2301      	movs	r3, #1
10000a24:	6a02      	ldr	r2, [r0, #32]
10000a26:	9802      	ldr	r0, [sp, #8]
10000a28:	4083      	lsls	r3, r0
10000a2a:	421a      	tst	r2, r3
10000a2c:	d00f      	beq.n	10000a4e <alarm_pool_irq_handler+0xaa>
10000a2e:	4899      	ldr	r0, [pc, #612]	@ (10000c94 <alarm_pool_irq_handler+0x2f0>)
10000a30:	f000 fbaa 	bl	10001188 <timer_time_us_64>
10000a34:	428c      	cmp	r4, r1
10000a36:	dc02      	bgt.n	10000a3e <alarm_pool_irq_handler+0x9a>
10000a38:	d1cc      	bne.n	100009d4 <alarm_pool_irq_handler+0x30>
10000a3a:	4285      	cmp	r5, r0
10000a3c:	d9ca      	bls.n	100009d4 <alarm_pool_irq_handler+0x30>
10000a3e:	bf40      	sev
10000a40:	b005      	add	sp, #20
10000a42:	bcf0      	pop	{r4, r5, r6, r7}
10000a44:	46bb      	mov	fp, r7
10000a46:	46b2      	mov	sl, r6
10000a48:	46a9      	mov	r9, r5
10000a4a:	46a0      	mov	r8, r4
10000a4c:	bdf0      	pop	{r4, r5, r6, r7, pc}
10000a4e:	610d      	str	r5, [r1, #16]
10000a50:	e7ed      	b.n	10000a2e <alarm_pool_irq_handler+0x8a>
10000a52:	697a      	ldr	r2, [r7, #20]
10000a54:	0073      	lsls	r3, r6, #1
10000a56:	4691      	mov	r9, r2
10000a58:	199b      	adds	r3, r3, r6
10000a5a:	00db      	lsls	r3, r3, #3
10000a5c:	4499      	add	r9, r3
10000a5e:	464b      	mov	r3, r9
10000a60:	689c      	ldr	r4, [r3, #8]
10000a62:	68dd      	ldr	r5, [r3, #12]
10000a64:	f000 fb90 	bl	10001188 <timer_time_us_64>
10000a68:	428d      	cmp	r5, r1
10000a6a:	dcba      	bgt.n	100009e2 <alarm_pool_irq_handler+0x3e>
10000a6c:	d100      	bne.n	10000a70 <alarm_pool_irq_handler+0xcc>
10000a6e:	e0f6      	b.n	10000c5e <alarm_pool_irq_handler+0x2ba>
10000a70:	2d00      	cmp	r5, #0
10000a72:	da00      	bge.n	10000a76 <alarm_pool_irq_handler+0xd2>
10000a74:	e0db      	b.n	10000c2e <alarm_pool_irq_handler+0x28a>
10000a76:	464a      	mov	r2, r9
10000a78:	464b      	mov	r3, r9
10000a7a:	6952      	ldr	r2, [r2, #20]
10000a7c:	691b      	ldr	r3, [r3, #16]
10000a7e:	4692      	mov	sl, r2
10000a80:	9a03      	ldr	r2, [sp, #12]
10000a82:	4293      	cmp	r3, r2
10000a84:	d100      	bne.n	10000a88 <alarm_pool_irq_handler+0xe4>
10000a86:	e0cc      	b.n	10000c22 <alarm_pool_irq_handler+0x27e>
10000a88:	464a      	mov	r2, r9
10000a8a:	2108      	movs	r1, #8
10000a8c:	5e78      	ldrsh	r0, [r7, r1]
10000a8e:	8852      	ldrh	r2, [r2, #2]
10000a90:	0400      	lsls	r0, r0, #16
10000a92:	4651      	mov	r1, sl
10000a94:	4310      	orrs	r0, r2
10000a96:	4798      	blx	r3
10000a98:	9000      	str	r0, [sp, #0]
10000a9a:	9101      	str	r1, [sp, #4]
10000a9c:	9900      	ldr	r1, [sp, #0]
10000a9e:	9a01      	ldr	r2, [sp, #4]
10000aa0:	000b      	movs	r3, r1
10000aa2:	4313      	orrs	r3, r2
10000aa4:	d100      	bne.n	10000aa8 <alarm_pool_irq_handler+0x104>
10000aa6:	e0c2      	b.n	10000c2e <alarm_pool_irq_handler+0x28a>
10000aa8:	0013      	movs	r3, r2
10000aaa:	000a      	movs	r2, r1
10000aac:	2b00      	cmp	r3, #0
10000aae:	db00      	blt.n	10000ab2 <alarm_pool_irq_handler+0x10e>
10000ab0:	e0d9      	b.n	10000c66 <alarm_pool_irq_handler+0x2c2>
10000ab2:	0020      	movs	r0, r4
10000ab4:	0029      	movs	r1, r5
10000ab6:	1a80      	subs	r0, r0, r2
10000ab8:	4199      	sbcs	r1, r3
10000aba:	464b      	mov	r3, r9
10000abc:	6098      	str	r0, [r3, #8]
10000abe:	60d9      	str	r1, [r3, #12]
10000ac0:	2200      	movs	r2, #0
10000ac2:	5e9b      	ldrsh	r3, [r3, r2]
10000ac4:	2b00      	cmp	r3, #0
10000ac6:	da00      	bge.n	10000aca <alarm_pool_irq_handler+0x126>
10000ac8:	e78b      	b.n	100009e2 <alarm_pool_irq_handler+0x3e>
10000aca:	005d      	lsls	r5, r3, #1
10000acc:	697c      	ldr	r4, [r7, #20]
10000ace:	18ea      	adds	r2, r5, r3
10000ad0:	00d2      	lsls	r2, r2, #3
10000ad2:	18a2      	adds	r2, r4, r2
10000ad4:	9400      	str	r4, [sp, #0]
10000ad6:	6894      	ldr	r4, [r2, #8]
10000ad8:	68d2      	ldr	r2, [r2, #12]
10000ada:	46a2      	mov	sl, r4
10000adc:	428a      	cmp	r2, r1
10000ade:	dd00      	ble.n	10000ae2 <alarm_pool_irq_handler+0x13e>
10000ae0:	e77f      	b.n	100009e2 <alarm_pool_irq_handler+0x3e>
10000ae2:	d102      	bne.n	10000aea <alarm_pool_irq_handler+0x146>
10000ae4:	4284      	cmp	r4, r0
10000ae6:	d900      	bls.n	10000aea <alarm_pool_irq_handler+0x146>
10000ae8:	e77b      	b.n	100009e2 <alarm_pool_irq_handler+0x3e>
10000aea:	2408      	movs	r4, #8
10000aec:	46a4      	mov	ip, r4
10000aee:	813b      	strh	r3, [r7, #8]
10000af0:	44bc      	add	ip, r7
10000af2:	9c00      	ldr	r4, [sp, #0]
10000af4:	9700      	str	r7, [sp, #0]
10000af6:	002f      	movs	r7, r5
10000af8:	4665      	mov	r5, ip
10000afa:	46b4      	mov	ip, r6
10000afc:	003e      	movs	r6, r7
10000afe:	e006      	b.n	10000b0e <alarm_pool_irq_handler+0x16a>
10000b00:	005e      	lsls	r6, r3, #1
10000b02:	18f2      	adds	r2, r6, r3
10000b04:	00d2      	lsls	r2, r2, #3
10000b06:	18a2      	adds	r2, r4, r2
10000b08:	6897      	ldr	r7, [r2, #8]
10000b0a:	68d2      	ldr	r2, [r2, #12]
10000b0c:	46ba      	mov	sl, r7
10000b0e:	428a      	cmp	r2, r1
10000b10:	dc07      	bgt.n	10000b22 <alarm_pool_irq_handler+0x17e>
10000b12:	d100      	bne.n	10000b16 <alarm_pool_irq_handler+0x172>
10000b14:	e0b4      	b.n	10000c80 <alarm_pool_irq_handler+0x2dc>
10000b16:	18f3      	adds	r3, r6, r3
10000b18:	00db      	lsls	r3, r3, #3
10000b1a:	18e5      	adds	r5, r4, r3
10000b1c:	5ee3      	ldrsh	r3, [r4, r3]
10000b1e:	2b00      	cmp	r3, #0
10000b20:	daee      	bge.n	10000b00 <alarm_pool_irq_handler+0x15c>
10000b22:	4666      	mov	r6, ip
10000b24:	464a      	mov	r2, r9
10000b26:	9f00      	ldr	r7, [sp, #0]
10000b28:	8013      	strh	r3, [r2, #0]
10000b2a:	802e      	strh	r6, [r5, #0]
10000b2c:	88bb      	ldrh	r3, [r7, #4]
10000b2e:	b21b      	sxth	r3, r3
10000b30:	2b00      	cmp	r3, #0
10000b32:	da00      	bge.n	10000b36 <alarm_pool_irq_handler+0x192>
10000b34:	e75a      	b.n	100009ec <alarm_pool_irq_handler+0x48>
10000b36:	693a      	ldr	r2, [r7, #16]
10000b38:	f3ef 8110 	mrs	r1, PRIMASK
10000b3c:	b672      	cpsid	i
10000b3e:	6813      	ldr	r3, [r2, #0]
10000b40:	2b00      	cmp	r3, #0
10000b42:	d0fc      	beq.n	10000b3e <alarm_pool_irq_handler+0x19a>
10000b44:	f3bf 8f5f 	dmb	sy
10000b48:	2301      	movs	r3, #1
10000b4a:	88be      	ldrh	r6, [r7, #4]
10000b4c:	425b      	negs	r3, r3
10000b4e:	80bb      	strh	r3, [r7, #4]
10000b50:	b236      	sxth	r6, r6
10000b52:	693b      	ldr	r3, [r7, #16]
10000b54:	f3bf 8f5f 	dmb	sy
10000b58:	2200      	movs	r2, #0
10000b5a:	601a      	str	r2, [r3, #0]
10000b5c:	f381 8810 	msr	PRIMASK, r1
10000b60:	2e00      	cmp	r6, #0
10000b62:	da00      	bge.n	10000b66 <alarm_pool_irq_handler+0x1c2>
10000b64:	e742      	b.n	100009ec <alarm_pool_irq_handler+0x48>
10000b66:	003b      	movs	r3, r7
10000b68:	3308      	adds	r3, #8
10000b6a:	003a      	movs	r2, r7
10000b6c:	4699      	mov	r9, r3
10000b6e:	697d      	ldr	r5, [r7, #20]
10000b70:	0073      	lsls	r3, r6, #1
10000b72:	199b      	adds	r3, r3, r6
10000b74:	2408      	movs	r4, #8
10000b76:	5f11      	ldrsh	r1, [r2, r4]
10000b78:	00db      	lsls	r3, r3, #3
10000b7a:	4648      	mov	r0, r9
10000b7c:	18eb      	adds	r3, r5, r3
10000b7e:	2900      	cmp	r1, #0
10000b80:	db13      	blt.n	10000baa <alarm_pool_irq_handler+0x206>
10000b82:	689c      	ldr	r4, [r3, #8]
10000b84:	9300      	str	r3, [sp, #0]
10000b86:	46a4      	mov	ip, r4
10000b88:	68dc      	ldr	r4, [r3, #12]
10000b8a:	e006      	b.n	10000b9a <alarm_pool_irq_handler+0x1f6>
10000b8c:	42a3      	cmp	r3, r4
10000b8e:	d040      	beq.n	10000c12 <alarm_pool_irq_handler+0x26e>
10000b90:	2300      	movs	r3, #0
10000b92:	5ef9      	ldrsh	r1, [r7, r3]
10000b94:	0038      	movs	r0, r7
10000b96:	2900      	cmp	r1, #0
10000b98:	db06      	blt.n	10000ba8 <alarm_pool_irq_handler+0x204>
10000b9a:	004f      	lsls	r7, r1, #1
10000b9c:	187f      	adds	r7, r7, r1
10000b9e:	00ff      	lsls	r7, r7, #3
10000ba0:	19ef      	adds	r7, r5, r7
10000ba2:	68fb      	ldr	r3, [r7, #12]
10000ba4:	42a3      	cmp	r3, r4
10000ba6:	ddf1      	ble.n	10000b8c <alarm_pool_irq_handler+0x1e8>
10000ba8:	9b00      	ldr	r3, [sp, #0]
10000baa:	8006      	strh	r6, [r0, #0]
10000bac:	2000      	movs	r0, #0
10000bae:	5e1e      	ldrsh	r6, [r3, r0]
10000bb0:	8019      	strh	r1, [r3, #0]
10000bb2:	2e00      	cmp	r6, #0
10000bb4:	dadc      	bge.n	10000b70 <alarm_pool_irq_handler+0x1cc>
10000bb6:	0017      	movs	r7, r2
10000bb8:	79bb      	ldrb	r3, [r7, #6]
10000bba:	2b00      	cmp	r3, #0
10000bbc:	d100      	bne.n	10000bc0 <alarm_pool_irq_handler+0x21c>
10000bbe:	e719      	b.n	100009f4 <alarm_pool_irq_handler+0x50>
10000bc0:	2300      	movs	r3, #0
10000bc2:	71bb      	strb	r3, [r7, #6]
10000bc4:	2308      	movs	r3, #8
10000bc6:	5ef9      	ldrsh	r1, [r7, r3]
10000bc8:	1c4b      	adds	r3, r1, #1
10000bca:	d100      	bne.n	10000bce <alarm_pool_irq_handler+0x22a>
10000bcc:	e737      	b.n	10000a3e <alarm_pool_irq_handler+0x9a>
10000bce:	003d      	movs	r5, r7
10000bd0:	3508      	adds	r5, #8
10000bd2:	46ac      	mov	ip, r5
10000bd4:	697c      	ldr	r4, [r7, #20]
10000bd6:	e003      	b.n	10000be0 <alarm_pool_irq_handler+0x23c>
10000bd8:	4684      	mov	ip, r0
10000bda:	1c4b      	adds	r3, r1, #1
10000bdc:	d100      	bne.n	10000be0 <alarm_pool_irq_handler+0x23c>
10000bde:	e709      	b.n	100009f4 <alarm_pool_irq_handler+0x50>
10000be0:	004b      	lsls	r3, r1, #1
10000be2:	185b      	adds	r3, r3, r1
10000be4:	00db      	lsls	r3, r3, #3
10000be6:	18e0      	adds	r0, r4, r3
10000be8:	000a      	movs	r2, r1
10000bea:	5ee1      	ldrsh	r1, [r4, r3]
10000bec:	8843      	ldrh	r3, [r0, #2]
10000bee:	b21b      	sxth	r3, r3
10000bf0:	2b00      	cmp	r3, #0
10000bf2:	daf1      	bge.n	10000bd8 <alarm_pool_irq_handler+0x234>
10000bf4:	2501      	movs	r5, #1
10000bf6:	426d      	negs	r5, r5
10000bf8:	17ee      	asrs	r6, r5, #31
10000bfa:	6085      	str	r5, [r0, #8]
10000bfc:	60c6      	str	r6, [r0, #12]
10000bfe:	2508      	movs	r5, #8
10000c00:	5f7b      	ldrsh	r3, [r7, r5]
10000c02:	4293      	cmp	r3, r2
10000c04:	d0e9      	beq.n	10000bda <alarm_pool_irq_handler+0x236>
10000c06:	4663      	mov	r3, ip
10000c08:	8019      	strh	r1, [r3, #0]
10000c0a:	893b      	ldrh	r3, [r7, #8]
10000c0c:	8003      	strh	r3, [r0, #0]
10000c0e:	813a      	strh	r2, [r7, #8]
10000c10:	e7e3      	b.n	10000bda <alarm_pool_irq_handler+0x236>
10000c12:	68bb      	ldr	r3, [r7, #8]
10000c14:	4563      	cmp	r3, ip
10000c16:	d9bb      	bls.n	10000b90 <alarm_pool_irq_handler+0x1ec>
10000c18:	e7c6      	b.n	10000ba8 <alarm_pool_irq_handler+0x204>
10000c1a:	1c63      	adds	r3, r4, #1
10000c1c:	d000      	beq.n	10000c20 <alarm_pool_irq_handler+0x27c>
10000c1e:	e6f7      	b.n	10000a10 <alarm_pool_irq_handler+0x6c>
10000c20:	e705      	b.n	10000a2e <alarm_pool_irq_handler+0x8a>
10000c22:	4653      	mov	r3, sl
10000c24:	4650      	mov	r0, sl
10000c26:	691b      	ldr	r3, [r3, #16]
10000c28:	4798      	blx	r3
10000c2a:	2800      	cmp	r0, #0
10000c2c:	d123      	bne.n	10000c76 <alarm_pool_irq_handler+0x2d2>
10000c2e:	464b      	mov	r3, r9
10000c30:	881b      	ldrh	r3, [r3, #0]
10000c32:	693a      	ldr	r2, [r7, #16]
10000c34:	813b      	strh	r3, [r7, #8]
10000c36:	f3ef 8310 	mrs	r3, PRIMASK
10000c3a:	b672      	cpsid	i
10000c3c:	6811      	ldr	r1, [r2, #0]
10000c3e:	2900      	cmp	r1, #0
10000c40:	d0fc      	beq.n	10000c3c <alarm_pool_irq_handler+0x298>
10000c42:	f3bf 8f5f 	dmb	sy
10000c46:	4649      	mov	r1, r9
10000c48:	887a      	ldrh	r2, [r7, #2]
10000c4a:	800a      	strh	r2, [r1, #0]
10000c4c:	693a      	ldr	r2, [r7, #16]
10000c4e:	807e      	strh	r6, [r7, #2]
10000c50:	f3bf 8f5f 	dmb	sy
10000c54:	2100      	movs	r1, #0
10000c56:	6011      	str	r1, [r2, #0]
10000c58:	f383 8810 	msr	PRIMASK, r3
10000c5c:	e6c1      	b.n	100009e2 <alarm_pool_irq_handler+0x3e>
10000c5e:	4284      	cmp	r4, r0
10000c60:	d800      	bhi.n	10000c64 <alarm_pool_irq_handler+0x2c0>
10000c62:	e705      	b.n	10000a70 <alarm_pool_irq_handler+0xcc>
10000c64:	e6bd      	b.n	100009e2 <alarm_pool_irq_handler+0x3e>
10000c66:	480b      	ldr	r0, [pc, #44]	@ (10000c94 <alarm_pool_irq_handler+0x2f0>)
10000c68:	f000 fa8e 	bl	10001188 <timer_time_us_64>
10000c6c:	9b00      	ldr	r3, [sp, #0]
10000c6e:	9c01      	ldr	r4, [sp, #4]
10000c70:	18c0      	adds	r0, r0, r3
10000c72:	4161      	adcs	r1, r4
10000c74:	e721      	b.n	10000aba <alarm_pool_irq_handler+0x116>
10000c76:	4653      	mov	r3, sl
10000c78:	cb0c      	ldmia	r3, {r2, r3}
10000c7a:	9200      	str	r2, [sp, #0]
10000c7c:	9301      	str	r3, [sp, #4]
10000c7e:	e70d      	b.n	10000a9c <alarm_pool_irq_handler+0xf8>
10000c80:	4582      	cmp	sl, r0
10000c82:	d800      	bhi.n	10000c86 <alarm_pool_irq_handler+0x2e2>
10000c84:	e747      	b.n	10000b16 <alarm_pool_irq_handler+0x172>
10000c86:	e74c      	b.n	10000b22 <alarm_pool_irq_handler+0x17e>
10000c88:	20001f18 	.word	0x20001f18
10000c8c:	4005703c 	.word	0x4005703c
10000c90:	100009a5 	.word	0x100009a5
10000c94:	40054000 	.word	0x40054000

10000c98 <runtime_init_default_alarm_pool>:
10000c98:	b570      	push	{r4, r5, r6, lr}
10000c9a:	4c2d      	ldr	r4, [pc, #180]	@ (10000d50 <runtime_init_default_alarm_pool+0xb8>)
10000c9c:	6925      	ldr	r5, [r4, #16]
10000c9e:	2d00      	cmp	r5, #0
10000ca0:	d004      	beq.n	10000cac <runtime_init_default_alarm_pool+0x14>
10000ca2:	210a      	movs	r1, #10
10000ca4:	482b      	ldr	r0, [pc, #172]	@ (10000d54 <runtime_init_default_alarm_pool+0xbc>)
10000ca6:	f7ff fe0f 	bl	100008c8 <lock_init>
10000caa:	bd70      	pop	{r4, r5, r6, pc}
10000cac:	4e2a      	ldr	r6, [pc, #168]	@ (10000d58 <runtime_init_default_alarm_pool+0xc0>)
10000cae:	2103      	movs	r1, #3
10000cb0:	4829      	ldr	r0, [pc, #164]	@ (10000d58 <runtime_init_default_alarm_pool+0xc0>)
10000cb2:	f000 fa5f 	bl	10001174 <timer_hardware_alarm_claim>
10000cb6:	60e6      	str	r6, [r4, #12]
10000cb8:	f7ff fc04 	bl	100004c4 <next_striped_spin_lock_num>
10000cbc:	4b27      	ldr	r3, [pc, #156]	@ (10000d5c <runtime_init_default_alarm_pool+0xc4>)
10000cbe:	2203      	movs	r2, #3
10000cc0:	18c0      	adds	r0, r0, r3
10000cc2:	23d0      	movs	r3, #208	@ 0xd0
10000cc4:	7022      	strb	r2, [r4, #0]
10000cc6:	061b      	lsls	r3, r3, #24
10000cc8:	681b      	ldr	r3, [r3, #0]
10000cca:	2101      	movs	r1, #1
10000ccc:	7063      	strb	r3, [r4, #1]
10000cce:	4b24      	ldr	r3, [pc, #144]	@ (10000d60 <runtime_init_default_alarm_pool+0xc8>)
10000cd0:	0080      	lsls	r0, r0, #2
10000cd2:	60a3      	str	r3, [r4, #8]
10000cd4:	230f      	movs	r3, #15
10000cd6:	6120      	str	r0, [r4, #16]
10000cd8:	2002      	movs	r0, #2
10000cda:	8063      	strh	r3, [r4, #2]
10000cdc:	6963      	ldr	r3, [r4, #20]
10000cde:	4249      	negs	r1, r1
10000ce0:	80a1      	strh	r1, [r4, #4]
10000ce2:	8019      	strh	r1, [r3, #0]
10000ce4:	3102      	adds	r1, #2
10000ce6:	8619      	strh	r1, [r3, #48]	@ 0x30
10000ce8:	3147      	adds	r1, #71	@ 0x47
10000cea:	831d      	strh	r5, [r3, #24]
10000cec:	5258      	strh	r0, [r3, r1]
10000cee:	3118      	adds	r1, #24
10000cf0:	525a      	strh	r2, [r3, r1]
10000cf2:	3275      	adds	r2, #117	@ 0x75
10000cf4:	395c      	subs	r1, #92	@ 0x5c
10000cf6:	5299      	strh	r1, [r3, r2]
10000cf8:	3218      	adds	r2, #24
10000cfa:	3101      	adds	r1, #1
10000cfc:	5299      	strh	r1, [r3, r2]
10000cfe:	3218      	adds	r2, #24
10000d00:	3101      	adds	r1, #1
10000d02:	5299      	strh	r1, [r3, r2]
10000d04:	3218      	adds	r2, #24
10000d06:	3101      	adds	r1, #1
10000d08:	5299      	strh	r1, [r3, r2]
10000d0a:	3508      	adds	r5, #8
10000d0c:	3218      	adds	r2, #24
10000d0e:	529d      	strh	r5, [r3, r2]
10000d10:	3102      	adds	r1, #2
10000d12:	3218      	adds	r2, #24
10000d14:	5299      	strh	r1, [r3, r2]
10000d16:	3218      	adds	r2, #24
10000d18:	3101      	adds	r1, #1
10000d1a:	5299      	strh	r1, [r3, r2]
10000d1c:	3218      	adds	r2, #24
10000d1e:	3101      	adds	r1, #1
10000d20:	5299      	strh	r1, [r3, r2]
10000d22:	3218      	adds	r2, #24
10000d24:	3101      	adds	r1, #1
10000d26:	5299      	strh	r1, [r3, r2]
10000d28:	3218      	adds	r2, #24
10000d2a:	3101      	adds	r1, #1
10000d2c:	5299      	strh	r1, [r3, r2]
10000d2e:	3218      	adds	r2, #24
10000d30:	3101      	adds	r1, #1
10000d32:	5299      	strh	r1, [r3, r2]
10000d34:	4b0b      	ldr	r3, [pc, #44]	@ (10000d64 <runtime_init_default_alarm_pool+0xcc>)
10000d36:	490c      	ldr	r1, [pc, #48]	@ (10000d68 <runtime_init_default_alarm_pool+0xd0>)
10000d38:	60dc      	str	r4, [r3, #12]
10000d3a:	3001      	adds	r0, #1
10000d3c:	6235      	str	r5, [r6, #32]
10000d3e:	f7ff fc45 	bl	100005cc <irq_set_exclusive_handler>
10000d42:	2101      	movs	r1, #1
10000d44:	2003      	movs	r0, #3
10000d46:	f7ff fc0b 	bl	10000560 <irq_set_enabled>
10000d4a:	4b08      	ldr	r3, [pc, #32]	@ (10000d6c <runtime_init_default_alarm_pool+0xd4>)
10000d4c:	601d      	str	r5, [r3, #0]
10000d4e:	e7a8      	b.n	10000ca2 <runtime_init_default_alarm_pool+0xa>
10000d50:	20000fe4 	.word	0x20000fe4
10000d54:	20001f34 	.word	0x20001f34
10000d58:	40054000 	.word	0x40054000
10000d5c:	34000040 	.word	0x34000040
10000d60:	0010ffff 	.word	0x0010ffff
10000d64:	20001f18 	.word	0x20001f18
10000d68:	100009a5 	.word	0x100009a5
10000d6c:	40056038 	.word	0x40056038

10000d70 <alarm_pool_get_default>:
10000d70:	4800      	ldr	r0, [pc, #0]	@ (10000d74 <alarm_pool_get_default+0x4>)
10000d72:	4770      	bx	lr
10000d74:	20000fe4 	.word	0x20000fe4

10000d78 <alarm_pool_add_alarm_at>:
10000d78:	b5f8      	push	{r3, r4, r5, r6, r7, lr}
10000d7a:	001f      	movs	r7, r3
10000d7c:	ab08      	add	r3, sp, #32
10000d7e:	781b      	ldrb	r3, [r3, #0]
10000d80:	0004      	movs	r4, r0
10000d82:	0016      	movs	r6, r2
10000d84:	2b00      	cmp	r3, #0
10000d86:	d107      	bne.n	10000d98 <alarm_pool_add_alarm_at+0x20>
10000d88:	f000 fa06 	bl	10001198 <time_us_64>
10000d8c:	0032      	movs	r2, r6
10000d8e:	003b      	movs	r3, r7
10000d90:	1a12      	subs	r2, r2, r0
10000d92:	418b      	sbcs	r3, r1
10000d94:	2b00      	cmp	r3, #0
10000d96:	db51      	blt.n	10000e3c <alarm_pool_add_alarm_at+0xc4>
10000d98:	6922      	ldr	r2, [r4, #16]
10000d9a:	f3ef 8c10 	mrs	ip, PRIMASK
10000d9e:	b672      	cpsid	i
10000da0:	6813      	ldr	r3, [r2, #0]
10000da2:	2b00      	cmp	r3, #0
10000da4:	d0fc      	beq.n	10000da0 <alarm_pool_add_alarm_at+0x28>
10000da6:	f3bf 8f5f 	dmb	sy
10000daa:	2302      	movs	r3, #2
10000dac:	5ee1      	ldrsh	r1, [r4, r3]
10000dae:	6925      	ldr	r5, [r4, #16]
10000db0:	2900      	cmp	r1, #0
10000db2:	db3a      	blt.n	10000e2a <alarm_pool_add_alarm_at+0xb2>
10000db4:	004b      	lsls	r3, r1, #1
10000db6:	6960      	ldr	r0, [r4, #20]
10000db8:	185b      	adds	r3, r3, r1
10000dba:	00db      	lsls	r3, r3, #3
10000dbc:	18c2      	adds	r2, r0, r3
10000dbe:	5ac3      	ldrh	r3, [r0, r3]
10000dc0:	8063      	strh	r3, [r4, #2]
10000dc2:	f3bf 8f5f 	dmb	sy
10000dc6:	2300      	movs	r3, #0
10000dc8:	602b      	str	r3, [r5, #0]
10000dca:	f38c 8810 	msr	PRIMASK, ip
10000dce:	9b06      	ldr	r3, [sp, #24]
10000dd0:	6096      	str	r6, [r2, #8]
10000dd2:	60d7      	str	r7, [r2, #12]
10000dd4:	6113      	str	r3, [r2, #16]
10000dd6:	9b07      	ldr	r3, [sp, #28]
10000dd8:	6153      	str	r3, [r2, #20]
10000dda:	8853      	ldrh	r3, [r2, #2]
10000ddc:	3301      	adds	r3, #1
10000dde:	045b      	lsls	r3, r3, #17
10000de0:	0c5b      	lsrs	r3, r3, #17
10000de2:	1c18      	adds	r0, r3, #0
10000de4:	2b00      	cmp	r3, #0
10000de6:	d01e      	beq.n	10000e26 <alarm_pool_add_alarm_at+0xae>
10000de8:	b283      	uxth	r3, r0
10000dea:	8050      	strh	r0, [r2, #2]
10000dec:	0408      	lsls	r0, r1, #16
10000dee:	4318      	orrs	r0, r3
10000df0:	6925      	ldr	r5, [r4, #16]
10000df2:	f3ef 8610 	mrs	r6, PRIMASK
10000df6:	b672      	cpsid	i
10000df8:	682b      	ldr	r3, [r5, #0]
10000dfa:	2b00      	cmp	r3, #0
10000dfc:	d0fc      	beq.n	10000df8 <alarm_pool_add_alarm_at+0x80>
10000dfe:	f3bf 8f5f 	dmb	sy
10000e02:	88a3      	ldrh	r3, [r4, #4]
10000e04:	8013      	strh	r3, [r2, #0]
10000e06:	80a1      	strh	r1, [r4, #4]
10000e08:	6923      	ldr	r3, [r4, #16]
10000e0a:	f3bf 8f5f 	dmb	sy
10000e0e:	2200      	movs	r2, #0
10000e10:	601a      	str	r2, [r3, #0]
10000e12:	f386 8810 	msr	PRIMASK, r6
10000e16:	7823      	ldrb	r3, [r4, #0]
10000e18:	3201      	adds	r2, #1
10000e1a:	409a      	lsls	r2, r3
10000e1c:	4908      	ldr	r1, [pc, #32]	@ (10000e40 <alarm_pool_add_alarm_at+0xc8>)
10000e1e:	68e3      	ldr	r3, [r4, #12]
10000e20:	185b      	adds	r3, r3, r1
10000e22:	601a      	str	r2, [r3, #0]
10000e24:	bdf8      	pop	{r3, r4, r5, r6, r7, pc}
10000e26:	2001      	movs	r0, #1
10000e28:	e7de      	b.n	10000de8 <alarm_pool_add_alarm_at+0x70>
10000e2a:	f3bf 8f5f 	dmb	sy
10000e2e:	2300      	movs	r3, #0
10000e30:	602b      	str	r3, [r5, #0]
10000e32:	f38c 8810 	msr	PRIMASK, ip
10000e36:	2001      	movs	r0, #1
10000e38:	4240      	negs	r0, r0
10000e3a:	e7f3      	b.n	10000e24 <alarm_pool_add_alarm_at+0xac>
10000e3c:	2000      	movs	r0, #0
10000e3e:	e7f1      	b.n	10000e24 <alarm_pool_add_alarm_at+0xac>
10000e40:	0000203c 	.word	0x0000203c

10000e44 <alarm_pool_add_alarm_at_force_in_context>:
10000e44:	b570      	push	{r4, r5, r6, lr}
10000e46:	b082      	sub	sp, #8
10000e48:	9200      	str	r2, [sp, #0]
10000e4a:	9301      	str	r3, [sp, #4]
10000e4c:	0001      	movs	r1, r0
10000e4e:	6902      	ldr	r2, [r0, #16]
10000e50:	f3ef 8410 	mrs	r4, PRIMASK
10000e54:	b672      	cpsid	i
10000e56:	6813      	ldr	r3, [r2, #0]
10000e58:	2b00      	cmp	r3, #0
10000e5a:	d0fc      	beq.n	10000e56 <alarm_pool_add_alarm_at_force_in_context+0x12>
10000e5c:	f3bf 8f5f 	dmb	sy
10000e60:	2302      	movs	r3, #2
10000e62:	5ec8      	ldrsh	r0, [r1, r3]
10000e64:	690d      	ldr	r5, [r1, #16]
10000e66:	2800      	cmp	r0, #0
10000e68:	db3f      	blt.n	10000eea <alarm_pool_add_alarm_at_force_in_context+0xa6>
10000e6a:	694a      	ldr	r2, [r1, #20]
10000e6c:	0043      	lsls	r3, r0, #1
10000e6e:	0016      	movs	r6, r2
10000e70:	181b      	adds	r3, r3, r0
10000e72:	00db      	lsls	r3, r3, #3
10000e74:	18d2      	adds	r2, r2, r3
10000e76:	5af3      	ldrh	r3, [r6, r3]
10000e78:	804b      	strh	r3, [r1, #2]
10000e7a:	f3bf 8f5f 	dmb	sy
10000e7e:	2300      	movs	r3, #0
10000e80:	602b      	str	r3, [r5, #0]
10000e82:	f384 8810 	msr	PRIMASK, r4
10000e86:	9b06      	ldr	r3, [sp, #24]
10000e88:	6113      	str	r3, [r2, #16]
10000e8a:	9b07      	ldr	r3, [sp, #28]
10000e8c:	6153      	str	r3, [r2, #20]
10000e8e:	9b00      	ldr	r3, [sp, #0]
10000e90:	9c01      	ldr	r4, [sp, #4]
10000e92:	6093      	str	r3, [r2, #8]
10000e94:	60d4      	str	r4, [r2, #12]
10000e96:	8853      	ldrh	r3, [r2, #2]
10000e98:	3301      	adds	r3, #1
10000e9a:	045b      	lsls	r3, r3, #17
10000e9c:	0c5b      	lsrs	r3, r3, #17
10000e9e:	1c1d      	adds	r5, r3, #0
10000ea0:	2b00      	cmp	r3, #0
10000ea2:	d020      	beq.n	10000ee6 <alarm_pool_add_alarm_at_force_in_context+0xa2>
10000ea4:	b2ac      	uxth	r4, r5
10000ea6:	0403      	lsls	r3, r0, #16
10000ea8:	8055      	strh	r5, [r2, #2]
10000eaa:	4323      	orrs	r3, r4
10000eac:	690d      	ldr	r5, [r1, #16]
10000eae:	f3ef 8c10 	mrs	ip, PRIMASK
10000eb2:	b672      	cpsid	i
10000eb4:	682c      	ldr	r4, [r5, #0]
10000eb6:	2c00      	cmp	r4, #0
10000eb8:	d0fc      	beq.n	10000eb4 <alarm_pool_add_alarm_at_force_in_context+0x70>
10000eba:	f3bf 8f5f 	dmb	sy
10000ebe:	888c      	ldrh	r4, [r1, #4]
10000ec0:	8014      	strh	r4, [r2, #0]
10000ec2:	8088      	strh	r0, [r1, #4]
10000ec4:	690a      	ldr	r2, [r1, #16]
10000ec6:	f3bf 8f5f 	dmb	sy
10000eca:	2000      	movs	r0, #0
10000ecc:	6010      	str	r0, [r2, #0]
10000ece:	f38c 8810 	msr	PRIMASK, ip
10000ed2:	780a      	ldrb	r2, [r1, #0]
10000ed4:	3001      	adds	r0, #1
10000ed6:	4090      	lsls	r0, r2
10000ed8:	68ca      	ldr	r2, [r1, #12]
10000eda:	4908      	ldr	r1, [pc, #32]	@ (10000efc <alarm_pool_add_alarm_at_force_in_context+0xb8>)
10000edc:	1852      	adds	r2, r2, r1
10000ede:	6010      	str	r0, [r2, #0]
10000ee0:	0018      	movs	r0, r3
10000ee2:	b002      	add	sp, #8
10000ee4:	bd70      	pop	{r4, r5, r6, pc}
10000ee6:	2501      	movs	r5, #1
10000ee8:	e7dc      	b.n	10000ea4 <alarm_pool_add_alarm_at_force_in_context+0x60>
10000eea:	f3bf 8f5f 	dmb	sy
10000eee:	2300      	movs	r3, #0
10000ef0:	602b      	str	r3, [r5, #0]
10000ef2:	f384 8810 	msr	PRIMASK, r4
10000ef6:	3b01      	subs	r3, #1
10000ef8:	e7f2      	b.n	10000ee0 <alarm_pool_add_alarm_at_force_in_context+0x9c>
10000efa:	46c0      	nop			@ (mov r8, r8)
10000efc:	0000203c 	.word	0x0000203c

10000f00 <alarm_pool_cancel_alarm>:
10000f00:	b510      	push	{r4, lr}
10000f02:	8943      	ldrh	r3, [r0, #10]
10000f04:	140a      	asrs	r2, r1, #16
10000f06:	4293      	cmp	r3, r2
10000f08:	dd1a      	ble.n	10000f40 <alarm_pool_cancel_alarm+0x40>
10000f0a:	0053      	lsls	r3, r2, #1
10000f0c:	189b      	adds	r3, r3, r2
10000f0e:	6942      	ldr	r2, [r0, #20]
10000f10:	00db      	lsls	r3, r3, #3
10000f12:	18d3      	adds	r3, r2, r3
10000f14:	6904      	ldr	r4, [r0, #16]
10000f16:	f3ef 8c10 	mrs	ip, PRIMASK
10000f1a:	b672      	cpsid	i
10000f1c:	6822      	ldr	r2, [r4, #0]
10000f1e:	2a00      	cmp	r2, #0
10000f20:	d0fc      	beq.n	10000f1c <alarm_pool_cancel_alarm+0x1c>
10000f22:	f3bf 8f5f 	dmb	sy
10000f26:	885a      	ldrh	r2, [r3, #2]
10000f28:	0409      	lsls	r1, r1, #16
10000f2a:	b294      	uxth	r4, r2
10000f2c:	0c09      	lsrs	r1, r1, #16
10000f2e:	428a      	cmp	r2, r1
10000f30:	d008      	beq.n	10000f44 <alarm_pool_cancel_alarm+0x44>
10000f32:	6903      	ldr	r3, [r0, #16]
10000f34:	f3bf 8f5f 	dmb	sy
10000f38:	2200      	movs	r2, #0
10000f3a:	601a      	str	r2, [r3, #0]
10000f3c:	f38c 8810 	msr	PRIMASK, ip
10000f40:	2000      	movs	r0, #0
10000f42:	bd10      	pop	{r4, pc}
10000f44:	4a09      	ldr	r2, [pc, #36]	@ (10000f6c <alarm_pool_cancel_alarm+0x6c>)
10000f46:	4322      	orrs	r2, r4
10000f48:	805a      	strh	r2, [r3, #2]
10000f4a:	2301      	movs	r3, #1
10000f4c:	6902      	ldr	r2, [r0, #16]
10000f4e:	7183      	strb	r3, [r0, #6]
10000f50:	f3bf 8f5f 	dmb	sy
10000f54:	2100      	movs	r1, #0
10000f56:	6011      	str	r1, [r2, #0]
10000f58:	f38c 8810 	msr	PRIMASK, ip
10000f5c:	7802      	ldrb	r2, [r0, #0]
10000f5e:	4904      	ldr	r1, [pc, #16]	@ (10000f70 <alarm_pool_cancel_alarm+0x70>)
10000f60:	4093      	lsls	r3, r2
10000f62:	68c2      	ldr	r2, [r0, #12]
10000f64:	2001      	movs	r0, #1
10000f66:	1852      	adds	r2, r2, r1
10000f68:	6013      	str	r3, [r2, #0]
10000f6a:	e7ea      	b.n	10000f42 <alarm_pool_cancel_alarm+0x42>
10000f6c:	ffff8000 	.word	0xffff8000
10000f70:	0000203c 	.word	0x0000203c

10000f74 <alarm_pool_core_num>:
10000f74:	7840      	ldrb	r0, [r0, #1]
10000f76:	4770      	bx	lr

10000f78 <sleep_ms>:
10000f78:	b5f0      	push	{r4, r5, r6, r7, lr}
10000f7a:	46c6      	mov	lr, r8
10000f7c:	b500      	push	{lr}
10000f7e:	b082      	sub	sp, #8
10000f80:	0004      	movs	r4, r0
10000f82:	f000 f909 	bl	10001198 <time_us_64>
10000f86:	22fa      	movs	r2, #250	@ 0xfa
10000f88:	0006      	movs	r6, r0
10000f8a:	000f      	movs	r7, r1
10000f8c:	0020      	movs	r0, r4
10000f8e:	2300      	movs	r3, #0
10000f90:	2100      	movs	r1, #0
10000f92:	0092      	lsls	r2, r2, #2
10000f94:	f001 fabc 	bl	10002510 <__wrap___aeabi_lmul>
10000f98:	1980      	adds	r0, r0, r6
10000f9a:	4179      	adcs	r1, r7
10000f9c:	0004      	movs	r4, r0
10000f9e:	1e0d      	subs	r5, r1, #0
10000fa0:	da02      	bge.n	10000fa8 <sleep_ms+0x30>
10000fa2:	2401      	movs	r4, #1
10000fa4:	4d2e      	ldr	r5, [pc, #184]	@ (10001060 <sleep_ms+0xe8>)
10000fa6:	4264      	negs	r4, r4
10000fa8:	2606      	movs	r6, #6
10000faa:	4276      	negs	r6, r6
10000fac:	17f7      	asrs	r7, r6, #31
10000fae:	1936      	adds	r6, r6, r4
10000fb0:	416f      	adcs	r7, r5
10000fb2:	42af      	cmp	r7, r5
10000fb4:	d814      	bhi.n	10000fe0 <sleep_ms+0x68>
10000fb6:	d011      	beq.n	10000fdc <sleep_ms+0x64>
10000fb8:	f000 f8ee 	bl	10001198 <time_us_64>
10000fbc:	0032      	movs	r2, r6
10000fbe:	003b      	movs	r3, r7
10000fc0:	1a12      	subs	r2, r2, r0
10000fc2:	418b      	sbcs	r3, r1
10000fc4:	2b00      	cmp	r3, #0
10000fc6:	dc15      	bgt.n	10000ff4 <sleep_ms+0x7c>
10000fc8:	2b00      	cmp	r3, #0
10000fca:	d046      	beq.n	1000105a <sleep_ms+0xe2>
10000fcc:	0020      	movs	r0, r4
10000fce:	0029      	movs	r1, r5
10000fd0:	f000 f922 	bl	10001218 <busy_wait_until>
10000fd4:	b002      	add	sp, #8
10000fd6:	bc80      	pop	{r7}
10000fd8:	46b8      	mov	r8, r7
10000fda:	bdf0      	pop	{r4, r5, r6, r7, pc}
10000fdc:	42a6      	cmp	r6, r4
10000fde:	d9eb      	bls.n	10000fb8 <sleep_ms+0x40>
10000fe0:	2600      	movs	r6, #0
10000fe2:	2700      	movs	r7, #0
10000fe4:	f000 f8d8 	bl	10001198 <time_us_64>
10000fe8:	0032      	movs	r2, r6
10000fea:	003b      	movs	r3, r7
10000fec:	1a12      	subs	r2, r2, r0
10000fee:	418b      	sbcs	r3, r1
10000ff0:	2b00      	cmp	r3, #0
10000ff2:	dde9      	ble.n	10000fc8 <sleep_ms+0x50>
10000ff4:	f000 f8d0 	bl	10001198 <time_us_64>
10000ff8:	0032      	movs	r2, r6
10000ffa:	003b      	movs	r3, r7
10000ffc:	1a12      	subs	r2, r2, r0
10000ffe:	418b      	sbcs	r3, r1
10001000:	2b00      	cmp	r3, #0
10001002:	db0a      	blt.n	1000101a <sleep_ms+0xa2>
10001004:	2300      	movs	r3, #0
10001006:	9301      	str	r3, [sp, #4]
10001008:	4b16      	ldr	r3, [pc, #88]	@ (10001064 <sleep_ms+0xec>)
1000100a:	0032      	movs	r2, r6
1000100c:	9300      	str	r3, [sp, #0]
1000100e:	4816      	ldr	r0, [pc, #88]	@ (10001068 <sleep_ms+0xf0>)
10001010:	003b      	movs	r3, r7
10001012:	f7ff ff17 	bl	10000e44 <alarm_pool_add_alarm_at_force_in_context>
10001016:	3001      	adds	r0, #1
10001018:	d0d8      	beq.n	10000fcc <sleep_ms+0x54>
1000101a:	2300      	movs	r3, #0
1000101c:	0039      	movs	r1, r7
1000101e:	46b0      	mov	r8, r6
10001020:	469c      	mov	ip, r3
10001022:	4a12      	ldr	r2, [pc, #72]	@ (1000106c <sleep_ms+0xf4>)
10001024:	4812      	ldr	r0, [pc, #72]	@ (10001070 <sleep_ms+0xf8>)
10001026:	6a53      	ldr	r3, [r2, #36]	@ 0x24
10001028:	4299      	cmp	r1, r3
1000102a:	d804      	bhi.n	10001036 <sleep_ms+0xbe>
1000102c:	6a96      	ldr	r6, [r2, #40]	@ 0x28
1000102e:	4546      	cmp	r6, r8
10001030:	d2cc      	bcs.n	10000fcc <sleep_ms+0x54>
10001032:	4299      	cmp	r1, r3
10001034:	d1ca      	bne.n	10000fcc <sleep_ms+0x54>
10001036:	6806      	ldr	r6, [r0, #0]
10001038:	f3ef 8710 	mrs	r7, PRIMASK
1000103c:	b672      	cpsid	i
1000103e:	6833      	ldr	r3, [r6, #0]
10001040:	2b00      	cmp	r3, #0
10001042:	d0fc      	beq.n	1000103e <sleep_ms+0xc6>
10001044:	f3bf 8f5f 	dmb	sy
10001048:	6803      	ldr	r3, [r0, #0]
1000104a:	f3bf 8f5f 	dmb	sy
1000104e:	4666      	mov	r6, ip
10001050:	601e      	str	r6, [r3, #0]
10001052:	f387 8810 	msr	PRIMASK, r7
10001056:	bf20      	wfe
10001058:	e7e5      	b.n	10001026 <sleep_ms+0xae>
1000105a:	2a00      	cmp	r2, #0
1000105c:	d0b6      	beq.n	10000fcc <sleep_ms+0x54>
1000105e:	e7c9      	b.n	10000ff4 <sleep_ms+0x7c>
10001060:	7fffffff 	.word	0x7fffffff
10001064:	10000975 	.word	0x10000975
10001068:	20000fe4 	.word	0x20000fe4
1000106c:	40054000 	.word	0x40054000
10001070:	20001f34 	.word	0x20001f34

10001074 <best_effort_wfe_or_timeout>:
10001074:	b5f0      	push	{r4, r5, r6, r7, lr}
10001076:	46ce      	mov	lr, r9
10001078:	4647      	mov	r7, r8
1000107a:	b580      	push	{r7, lr}
1000107c:	0004      	movs	r4, r0
1000107e:	000d      	movs	r5, r1
10001080:	b085      	sub	sp, #20
10001082:	f3ef 8605 	mrs	r6, IPSR
10001086:	4689      	mov	r9, r1
10001088:	2e00      	cmp	r6, #0
1000108a:	d010      	beq.n	100010ae <best_effort_wfe_or_timeout+0x3a>
1000108c:	4936      	ldr	r1, [pc, #216]	@ (10001168 <best_effort_wfe_or_timeout+0xf4>)
1000108e:	2000      	movs	r0, #0
10001090:	6a4b      	ldr	r3, [r1, #36]	@ 0x24
10001092:	42ab      	cmp	r3, r5
10001094:	d306      	bcc.n	100010a4 <best_effort_wfe_or_timeout+0x30>
10001096:	6a8a      	ldr	r2, [r1, #40]	@ 0x28
10001098:	1b5b      	subs	r3, r3, r5
1000109a:	1e59      	subs	r1, r3, #1
1000109c:	418b      	sbcs	r3, r1
1000109e:	42a2      	cmp	r2, r4
100010a0:	4140      	adcs	r0, r0
100010a2:	4318      	orrs	r0, r3
100010a4:	b005      	add	sp, #20
100010a6:	bcc0      	pop	{r6, r7}
100010a8:	46b9      	mov	r9, r7
100010aa:	46b0      	mov	r8, r6
100010ac:	bdf0      	pop	{r4, r5, r6, r7, pc}
100010ae:	4f2f      	ldr	r7, [pc, #188]	@ (1000116c <best_effort_wfe_or_timeout+0xf8>)
100010b0:	68fb      	ldr	r3, [r7, #12]
100010b2:	783a      	ldrb	r2, [r7, #0]
100010b4:	4698      	mov	r8, r3
100010b6:	0018      	movs	r0, r3
100010b8:	9203      	str	r2, [sp, #12]
100010ba:	f000 f865 	bl	10001188 <timer_time_us_64>
100010be:	9a03      	ldr	r2, [sp, #12]
100010c0:	1d13      	adds	r3, r2, #4
100010c2:	4642      	mov	r2, r8
100010c4:	009b      	lsls	r3, r3, #2
100010c6:	589b      	ldr	r3, [r3, r2]
100010c8:	0022      	movs	r2, r4
100010ca:	1a1b      	subs	r3, r3, r0
100010cc:	469c      	mov	ip, r3
100010ce:	002b      	movs	r3, r5
100010d0:	1a12      	subs	r2, r2, r0
100010d2:	418b      	sbcs	r3, r1
100010d4:	429e      	cmp	r6, r3
100010d6:	dc10      	bgt.n	100010fa <best_effort_wfe_or_timeout+0x86>
100010d8:	d00d      	beq.n	100010f6 <best_effort_wfe_or_timeout+0x82>
100010da:	bf20      	wfe
100010dc:	4a22      	ldr	r2, [pc, #136]	@ (10001168 <best_effort_wfe_or_timeout+0xf4>)
100010de:	2000      	movs	r0, #0
100010e0:	6a53      	ldr	r3, [r2, #36]	@ 0x24
100010e2:	454b      	cmp	r3, r9
100010e4:	d3de      	bcc.n	100010a4 <best_effort_wfe_or_timeout+0x30>
100010e6:	6a92      	ldr	r2, [r2, #40]	@ 0x28
100010e8:	1b5b      	subs	r3, r3, r5
100010ea:	1e59      	subs	r1, r3, #1
100010ec:	418b      	sbcs	r3, r1
100010ee:	42a2      	cmp	r2, r4
100010f0:	4140      	adcs	r0, r0
100010f2:	4318      	orrs	r0, r3
100010f4:	e7d6      	b.n	100010a4 <best_effort_wfe_or_timeout+0x30>
100010f6:	4594      	cmp	ip, r2
100010f8:	d9ef      	bls.n	100010da <best_effort_wfe_or_timeout+0x66>
100010fa:	f000 f84d 	bl	10001198 <time_us_64>
100010fe:	0022      	movs	r2, r4
10001100:	002b      	movs	r3, r5
10001102:	1a12      	subs	r2, r2, r0
10001104:	418b      	sbcs	r3, r1
10001106:	2b00      	cmp	r3, #0
10001108:	db1b      	blt.n	10001142 <best_effort_wfe_or_timeout+0xce>
1000110a:	2300      	movs	r3, #0
1000110c:	9301      	str	r3, [sp, #4]
1000110e:	4b18      	ldr	r3, [pc, #96]	@ (10001170 <best_effort_wfe_or_timeout+0xfc>)
10001110:	0022      	movs	r2, r4
10001112:	9300      	str	r3, [sp, #0]
10001114:	0038      	movs	r0, r7
10001116:	002b      	movs	r3, r5
10001118:	f7ff fe94 	bl	10000e44 <alarm_pool_add_alarm_at_force_in_context>
1000111c:	2800      	cmp	r0, #0
1000111e:	dd10      	ble.n	10001142 <best_effort_wfe_or_timeout+0xce>
10001120:	4b11      	ldr	r3, [pc, #68]	@ (10001168 <best_effort_wfe_or_timeout+0xf4>)
10001122:	6a5a      	ldr	r2, [r3, #36]	@ 0x24
10001124:	454a      	cmp	r2, r9
10001126:	d31c      	bcc.n	10001162 <best_effort_wfe_or_timeout+0xee>
10001128:	6a9b      	ldr	r3, [r3, #40]	@ 0x28
1000112a:	42a3      	cmp	r3, r4
1000112c:	d317      	bcc.n	1000115e <best_effort_wfe_or_timeout+0xea>
1000112e:	0001      	movs	r1, r0
10001130:	0038      	movs	r0, r7
10001132:	f7ff fee5 	bl	10000f00 <alarm_pool_cancel_alarm>
10001136:	4a0c      	ldr	r2, [pc, #48]	@ (10001168 <best_effort_wfe_or_timeout+0xf4>)
10001138:	2000      	movs	r0, #0
1000113a:	6a53      	ldr	r3, [r2, #36]	@ 0x24
1000113c:	454b      	cmp	r3, r9
1000113e:	d3b1      	bcc.n	100010a4 <best_effort_wfe_or_timeout+0x30>
10001140:	e7d1      	b.n	100010e6 <best_effort_wfe_or_timeout+0x72>
10001142:	4a09      	ldr	r2, [pc, #36]	@ (10001168 <best_effort_wfe_or_timeout+0xf4>)
10001144:	2000      	movs	r0, #0
10001146:	6a53      	ldr	r3, [r2, #36]	@ 0x24
10001148:	454b      	cmp	r3, r9
1000114a:	d3ab      	bcc.n	100010a4 <best_effort_wfe_or_timeout+0x30>
1000114c:	2000      	movs	r0, #0
1000114e:	6a92      	ldr	r2, [r2, #40]	@ 0x28
10001150:	1b5b      	subs	r3, r3, r5
10001152:	42a2      	cmp	r2, r4
10001154:	4140      	adcs	r0, r0
10001156:	1e5a      	subs	r2, r3, #1
10001158:	4193      	sbcs	r3, r2
1000115a:	4318      	orrs	r0, r3
1000115c:	e7a2      	b.n	100010a4 <best_effort_wfe_or_timeout+0x30>
1000115e:	454a      	cmp	r2, r9
10001160:	d1e5      	bne.n	1000112e <best_effort_wfe_or_timeout+0xba>
10001162:	bf20      	wfe
10001164:	e7e3      	b.n	1000112e <best_effort_wfe_or_timeout+0xba>
10001166:	46c0      	nop			@ (mov r8, r8)
10001168:	40054000 	.word	0x40054000
1000116c:	20000fe4 	.word	0x20000fe4
10001170:	10000975 	.word	0x10000975

10001174 <timer_hardware_alarm_claim>:
10001174:	b510      	push	{r4, lr}
10001176:	4a02      	ldr	r2, [pc, #8]	@ (10001180 <timer_hardware_alarm_claim+0xc>)
10001178:	4802      	ldr	r0, [pc, #8]	@ (10001184 <timer_hardware_alarm_claim+0x10>)
1000117a:	f7ff f937 	bl	100003ec <hw_claim_or_assert>
1000117e:	bd10      	pop	{r4, pc}
10001180:	10006bec 	.word	0x10006bec
10001184:	20001a8c 	.word	0x20001a8c

10001188 <timer_time_us_64>:
10001188:	0003      	movs	r3, r0
1000118a:	6a41      	ldr	r1, [r0, #36]	@ 0x24
1000118c:	000a      	movs	r2, r1
1000118e:	6a98      	ldr	r0, [r3, #40]	@ 0x28
10001190:	6a59      	ldr	r1, [r3, #36]	@ 0x24
10001192:	428a      	cmp	r2, r1
10001194:	d1fa      	bne.n	1000118c <timer_time_us_64+0x4>
10001196:	4770      	bx	lr

10001198 <time_us_64>:
10001198:	4b03      	ldr	r3, [pc, #12]	@ (100011a8 <time_us_64+0x10>)
1000119a:	6a59      	ldr	r1, [r3, #36]	@ 0x24
1000119c:	000a      	movs	r2, r1
1000119e:	6a98      	ldr	r0, [r3, #40]	@ 0x28
100011a0:	6a59      	ldr	r1, [r3, #36]	@ 0x24
100011a2:	4291      	cmp	r1, r2
100011a4:	d1fa      	bne.n	1000119c <time_us_64+0x4>
100011a6:	4770      	bx	lr
100011a8:	40054000 	.word	0x40054000

100011ac <busy_wait_us>:
100011ac:	b570      	push	{r4, r5, r6, lr}
100011ae:	0005      	movs	r5, r0
100011b0:	000e      	movs	r6, r1
100011b2:	4a18      	ldr	r2, [pc, #96]	@ (10001214 <busy_wait_us+0x68>)
100011b4:	6a53      	ldr	r3, [r2, #36]	@ 0x24
100011b6:	0019      	movs	r1, r3
100011b8:	6a94      	ldr	r4, [r2, #40]	@ 0x28
100011ba:	6a53      	ldr	r3, [r2, #36]	@ 0x24
100011bc:	428b      	cmp	r3, r1
100011be:	d1fa      	bne.n	100011b6 <busy_wait_us+0xa>
100011c0:	0020      	movs	r0, r4
100011c2:	0019      	movs	r1, r3
100011c4:	002c      	movs	r4, r5
100011c6:	0035      	movs	r5, r6
100011c8:	1824      	adds	r4, r4, r0
100011ca:	414d      	adcs	r5, r1
100011cc:	42ab      	cmp	r3, r5
100011ce:	d816      	bhi.n	100011fe <busy_wait_us+0x52>
100011d0:	d013      	beq.n	100011fa <busy_wait_us+0x4e>
100011d2:	4b10      	ldr	r3, [pc, #64]	@ (10001214 <busy_wait_us+0x68>)
100011d4:	002a      	movs	r2, r5
100011d6:	6a5b      	ldr	r3, [r3, #36]	@ 0x24
100011d8:	429d      	cmp	r5, r3
100011da:	d903      	bls.n	100011e4 <busy_wait_us+0x38>
100011dc:	490d      	ldr	r1, [pc, #52]	@ (10001214 <busy_wait_us+0x68>)
100011de:	6a4b      	ldr	r3, [r1, #36]	@ 0x24
100011e0:	4293      	cmp	r3, r2
100011e2:	d3fc      	bcc.n	100011de <busy_wait_us+0x32>
100011e4:	4293      	cmp	r3, r2
100011e6:	d107      	bne.n	100011f8 <busy_wait_us+0x4c>
100011e8:	4a0a      	ldr	r2, [pc, #40]	@ (10001214 <busy_wait_us+0x68>)
100011ea:	e002      	b.n	100011f2 <busy_wait_us+0x46>
100011ec:	6a51      	ldr	r1, [r2, #36]	@ 0x24
100011ee:	4299      	cmp	r1, r3
100011f0:	d102      	bne.n	100011f8 <busy_wait_us+0x4c>
100011f2:	6a91      	ldr	r1, [r2, #40]	@ 0x28
100011f4:	42a1      	cmp	r1, r4
100011f6:	d3f9      	bcc.n	100011ec <busy_wait_us+0x40>
100011f8:	bd70      	pop	{r4, r5, r6, pc}
100011fa:	42a0      	cmp	r0, r4
100011fc:	d9e9      	bls.n	100011d2 <busy_wait_us+0x26>
100011fe:	4b05      	ldr	r3, [pc, #20]	@ (10001214 <busy_wait_us+0x68>)
10001200:	6a5b      	ldr	r3, [r3, #36]	@ 0x24
10001202:	001c      	movs	r4, r3
10001204:	1c5a      	adds	r2, r3, #1
10001206:	d0ef      	beq.n	100011e8 <busy_wait_us+0x3c>
10001208:	2201      	movs	r2, #1
1000120a:	2401      	movs	r4, #1
1000120c:	4264      	negs	r4, r4
1000120e:	17e5      	asrs	r5, r4, #31
10001210:	4252      	negs	r2, r2
10001212:	e7e3      	b.n	100011dc <busy_wait_us+0x30>
10001214:	40054000 	.word	0x40054000

10001218 <busy_wait_until>:
10001218:	4a06      	ldr	r2, [pc, #24]	@ (10001234 <busy_wait_until+0x1c>)
1000121a:	6a53      	ldr	r3, [r2, #36]	@ 0x24
1000121c:	4299      	cmp	r1, r3
1000121e:	d8fc      	bhi.n	1000121a <busy_wait_until+0x2>
10001220:	d107      	bne.n	10001232 <busy_wait_until+0x1a>
10001222:	4b04      	ldr	r3, [pc, #16]	@ (10001234 <busy_wait_until+0x1c>)
10001224:	e002      	b.n	1000122c <busy_wait_until+0x14>
10001226:	6a5a      	ldr	r2, [r3, #36]	@ 0x24
10001228:	4291      	cmp	r1, r2
1000122a:	d102      	bne.n	10001232 <busy_wait_until+0x1a>
1000122c:	6a9a      	ldr	r2, [r3, #40]	@ 0x28
1000122e:	4290      	cmp	r0, r2
10001230:	d8f9      	bhi.n	10001226 <busy_wait_until+0xe>
10001232:	4770      	bx	lr
10001234:	40054000 	.word	0x40054000

10001238 <clock_configure_int_divider>:
10001238:	b5f8      	push	{r3, r4, r5, r6, r7, lr}
1000123a:	46de      	mov	lr, fp
1000123c:	464e      	mov	r6, r9
1000123e:	4645      	mov	r5, r8
10001240:	4657      	mov	r7, sl
10001242:	b5e0      	push	{r5, r6, r7, lr}
10001244:	0005      	movs	r5, r0
10001246:	468b      	mov	fp, r1
10001248:	0018      	movs	r0, r3
1000124a:	990a      	ldr	r1, [sp, #40]	@ 0x28
1000124c:	4691      	mov	r9, r2
1000124e:	f000 fb3b 	bl	100018c8 <__wrap___aeabi_uidiv>
10001252:	9b0a      	ldr	r3, [sp, #40]	@ 0x28
10001254:	006c      	lsls	r4, r5, #1
10001256:	021e      	lsls	r6, r3, #8
10001258:	1964      	adds	r4, r4, r5
1000125a:	4b30      	ldr	r3, [pc, #192]	@ (1000131c <clock_configure_int_divider+0xe4>)
1000125c:	00a4      	lsls	r4, r4, #2
1000125e:	18e4      	adds	r4, r4, r3
10001260:	6863      	ldr	r3, [r4, #4]
10001262:	4680      	mov	r8, r0
10001264:	429e      	cmp	r6, r3
10001266:	d900      	bls.n	1000126a <clock_configure_int_divider+0x32>
10001268:	6066      	str	r6, [r4, #4]
1000126a:	1f2f      	subs	r7, r5, #4
1000126c:	b2fb      	uxtb	r3, r7
1000126e:	469a      	mov	sl, r3
10001270:	2b01      	cmp	r3, #1
10001272:	d92f      	bls.n	100012d4 <clock_configure_int_divider+0x9c>
10001274:	23c0      	movs	r3, #192	@ 0xc0
10001276:	2280      	movs	r2, #128	@ 0x80
10001278:	4f29      	ldr	r7, [pc, #164]	@ (10001320 <clock_configure_int_divider+0xe8>)
1000127a:	00ad      	lsls	r5, r5, #2
1000127c:	019b      	lsls	r3, r3, #6
1000127e:	5979      	ldr	r1, [r7, r5]
10001280:	0112      	lsls	r2, r2, #4
10001282:	18e3      	adds	r3, r4, r3
10001284:	601a      	str	r2, [r3, #0]
10001286:	2900      	cmp	r1, #0
10001288:	d11b      	bne.n	100012c2 <clock_configure_int_divider+0x8a>
1000128a:	464b      	mov	r3, r9
1000128c:	6822      	ldr	r2, [r4, #0]
1000128e:	015b      	lsls	r3, r3, #5
10001290:	4053      	eors	r3, r2
10001292:	22e0      	movs	r2, #224	@ 0xe0
10001294:	4013      	ands	r3, r2
10001296:	2280      	movs	r2, #128	@ 0x80
10001298:	0152      	lsls	r2, r2, #5
1000129a:	18a2      	adds	r2, r4, r2
1000129c:	6013      	str	r3, [r2, #0]
1000129e:	4653      	mov	r3, sl
100012a0:	2b01      	cmp	r3, #1
100012a2:	d92f      	bls.n	10001304 <clock_configure_int_divider+0xcc>
100012a4:	2380      	movs	r3, #128	@ 0x80
100012a6:	2280      	movs	r2, #128	@ 0x80
100012a8:	019b      	lsls	r3, r3, #6
100012aa:	18e3      	adds	r3, r4, r3
100012ac:	0112      	lsls	r2, r2, #4
100012ae:	601a      	str	r2, [r3, #0]
100012b0:	4643      	mov	r3, r8
100012b2:	6066      	str	r6, [r4, #4]
100012b4:	517b      	str	r3, [r7, r5]
100012b6:	bcf0      	pop	{r4, r5, r6, r7}
100012b8:	46bb      	mov	fp, r7
100012ba:	46b2      	mov	sl, r6
100012bc:	46a9      	mov	r9, r5
100012be:	46a0      	mov	r8, r4
100012c0:	bdf8      	pop	{r3, r4, r5, r6, r7, pc}
100012c2:	6978      	ldr	r0, [r7, #20]
100012c4:	f000 fb00 	bl	100018c8 <__wrap___aeabi_uidiv>
100012c8:	3001      	adds	r0, #1
100012ca:	0043      	lsls	r3, r0, #1
100012cc:	181b      	adds	r3, r3, r0
100012ce:	3b03      	subs	r3, #3
100012d0:	d2fd      	bcs.n	100012ce <clock_configure_int_divider+0x96>
100012d2:	e7da      	b.n	1000128a <clock_configure_int_divider+0x52>
100012d4:	465b      	mov	r3, fp
100012d6:	2b01      	cmp	r3, #1
100012d8:	d1cc      	bne.n	10001274 <clock_configure_int_divider+0x3c>
100012da:	23c0      	movs	r3, #192	@ 0xc0
100012dc:	2203      	movs	r2, #3
100012de:	019b      	lsls	r3, r3, #6
100012e0:	18e3      	adds	r3, r4, r3
100012e2:	601a      	str	r2, [r3, #0]
100012e4:	3a02      	subs	r2, #2
100012e6:	68a3      	ldr	r3, [r4, #8]
100012e8:	421a      	tst	r2, r3
100012ea:	d0fc      	beq.n	100012e6 <clock_configure_int_divider+0xae>
100012ec:	464a      	mov	r2, r9
100012ee:	6823      	ldr	r3, [r4, #0]
100012f0:	0152      	lsls	r2, r2, #5
100012f2:	405a      	eors	r2, r3
100012f4:	23e0      	movs	r3, #224	@ 0xe0
100012f6:	4013      	ands	r3, r2
100012f8:	2280      	movs	r2, #128	@ 0x80
100012fa:	0152      	lsls	r2, r2, #5
100012fc:	18a2      	adds	r2, r4, r2
100012fe:	4f08      	ldr	r7, [pc, #32]	@ (10001320 <clock_configure_int_divider+0xe8>)
10001300:	6013      	str	r3, [r2, #0]
10001302:	00ad      	lsls	r5, r5, #2
10001304:	4658      	mov	r0, fp
10001306:	2303      	movs	r3, #3
10001308:	6821      	ldr	r1, [r4, #0]
1000130a:	4041      	eors	r1, r0
1000130c:	400b      	ands	r3, r1
1000130e:	6013      	str	r3, [r2, #0]
10001310:	2201      	movs	r2, #1
10001312:	4082      	lsls	r2, r0
10001314:	68a3      	ldr	r3, [r4, #8]
10001316:	421a      	tst	r2, r3
10001318:	d0fc      	beq.n	10001314 <clock_configure_int_divider+0xdc>
1000131a:	e7c3      	b.n	100012a4 <clock_configure_int_divider+0x6c>
1000131c:	40008000 	.word	0x40008000
10001320:	20001a90 	.word	0x20001a90

10001324 <clock_configure_undivided>:
10001324:	b5f0      	push	{r4, r5, r6, r7, lr}
10001326:	46d6      	mov	lr, sl
10001328:	464f      	mov	r7, r9
1000132a:	4646      	mov	r6, r8
1000132c:	0044      	lsls	r4, r0, #1
1000132e:	4698      	mov	r8, r3
10001330:	1824      	adds	r4, r4, r0
10001332:	4b32      	ldr	r3, [pc, #200]	@ (100013fc <clock_configure_undivided+0xd8>)
10001334:	00a4      	lsls	r4, r4, #2
10001336:	18e4      	adds	r4, r4, r3
10001338:	6863      	ldr	r3, [r4, #4]
1000133a:	468a      	mov	sl, r1
1000133c:	4691      	mov	r9, r2
1000133e:	b5c0      	push	{r6, r7, lr}
10001340:	2bff      	cmp	r3, #255	@ 0xff
10001342:	d802      	bhi.n	1000134a <clock_configure_undivided+0x26>
10001344:	2380      	movs	r3, #128	@ 0x80
10001346:	005b      	lsls	r3, r3, #1
10001348:	6063      	str	r3, [r4, #4]
1000134a:	1f06      	subs	r6, r0, #4
1000134c:	b2f6      	uxtb	r6, r6
1000134e:	2e01      	cmp	r6, #1
10001350:	d92f      	bls.n	100013b2 <clock_configure_undivided+0x8e>
10001352:	23c0      	movs	r3, #192	@ 0xc0
10001354:	2280      	movs	r2, #128	@ 0x80
10001356:	4f2a      	ldr	r7, [pc, #168]	@ (10001400 <clock_configure_undivided+0xdc>)
10001358:	0085      	lsls	r5, r0, #2
1000135a:	019b      	lsls	r3, r3, #6
1000135c:	5979      	ldr	r1, [r7, r5]
1000135e:	0112      	lsls	r2, r2, #4
10001360:	18e3      	adds	r3, r4, r3
10001362:	601a      	str	r2, [r3, #0]
10001364:	2900      	cmp	r1, #0
10001366:	d11b      	bne.n	100013a0 <clock_configure_undivided+0x7c>
10001368:	464b      	mov	r3, r9
1000136a:	6822      	ldr	r2, [r4, #0]
1000136c:	015b      	lsls	r3, r3, #5
1000136e:	4053      	eors	r3, r2
10001370:	22e0      	movs	r2, #224	@ 0xe0
10001372:	4013      	ands	r3, r2
10001374:	2280      	movs	r2, #128	@ 0x80
10001376:	0152      	lsls	r2, r2, #5
10001378:	18a2      	adds	r2, r4, r2
1000137a:	6013      	str	r3, [r2, #0]
1000137c:	2e01      	cmp	r6, #1
1000137e:	d930      	bls.n	100013e2 <clock_configure_undivided+0xbe>
10001380:	2380      	movs	r3, #128	@ 0x80
10001382:	2280      	movs	r2, #128	@ 0x80
10001384:	019b      	lsls	r3, r3, #6
10001386:	18e3      	adds	r3, r4, r3
10001388:	0112      	lsls	r2, r2, #4
1000138a:	601a      	str	r2, [r3, #0]
1000138c:	2380      	movs	r3, #128	@ 0x80
1000138e:	005b      	lsls	r3, r3, #1
10001390:	6063      	str	r3, [r4, #4]
10001392:	4643      	mov	r3, r8
10001394:	517b      	str	r3, [r7, r5]
10001396:	bce0      	pop	{r5, r6, r7}
10001398:	46ba      	mov	sl, r7
1000139a:	46b1      	mov	r9, r6
1000139c:	46a8      	mov	r8, r5
1000139e:	bdf0      	pop	{r4, r5, r6, r7, pc}
100013a0:	6978      	ldr	r0, [r7, #20]
100013a2:	f000 fa91 	bl	100018c8 <__wrap___aeabi_uidiv>
100013a6:	3001      	adds	r0, #1
100013a8:	0043      	lsls	r3, r0, #1
100013aa:	181b      	adds	r3, r3, r0
100013ac:	3b03      	subs	r3, #3
100013ae:	d2fd      	bcs.n	100013ac <clock_configure_undivided+0x88>
100013b0:	e7da      	b.n	10001368 <clock_configure_undivided+0x44>
100013b2:	4653      	mov	r3, sl
100013b4:	2b01      	cmp	r3, #1
100013b6:	d1cc      	bne.n	10001352 <clock_configure_undivided+0x2e>
100013b8:	23c0      	movs	r3, #192	@ 0xc0
100013ba:	2203      	movs	r2, #3
100013bc:	019b      	lsls	r3, r3, #6
100013be:	18e3      	adds	r3, r4, r3
100013c0:	601a      	str	r2, [r3, #0]
100013c2:	3a02      	subs	r2, #2
100013c4:	68a3      	ldr	r3, [r4, #8]
100013c6:	421a      	tst	r2, r3
100013c8:	d0fc      	beq.n	100013c4 <clock_configure_undivided+0xa0>
100013ca:	464a      	mov	r2, r9
100013cc:	6823      	ldr	r3, [r4, #0]
100013ce:	0152      	lsls	r2, r2, #5
100013d0:	405a      	eors	r2, r3
100013d2:	23e0      	movs	r3, #224	@ 0xe0
100013d4:	4013      	ands	r3, r2
100013d6:	2280      	movs	r2, #128	@ 0x80
100013d8:	0152      	lsls	r2, r2, #5
100013da:	18a2      	adds	r2, r4, r2
100013dc:	4f08      	ldr	r7, [pc, #32]	@ (10001400 <clock_configure_undivided+0xdc>)
100013de:	6013      	str	r3, [r2, #0]
100013e0:	0085      	lsls	r5, r0, #2
100013e2:	4650      	mov	r0, sl
100013e4:	2303      	movs	r3, #3
100013e6:	6821      	ldr	r1, [r4, #0]
100013e8:	4041      	eors	r1, r0
100013ea:	400b      	ands	r3, r1
100013ec:	6013      	str	r3, [r2, #0]
100013ee:	2201      	movs	r2, #1
100013f0:	4082      	lsls	r2, r0
100013f2:	68a3      	ldr	r3, [r4, #8]
100013f4:	421a      	tst	r2, r3
100013f6:	d0fc      	beq.n	100013f2 <clock_configure_undivided+0xce>
100013f8:	e7c2      	b.n	10001380 <clock_configure_undivided+0x5c>
100013fa:	46c0      	nop			@ (mov r8, r8)
100013fc:	40008000 	.word	0x40008000
10001400:	20001a90 	.word	0x20001a90

10001404 <clock_get_hz>:
10001404:	4b01      	ldr	r3, [pc, #4]	@ (1000140c <clock_get_hz+0x8>)
10001406:	0080      	lsls	r0, r0, #2
10001408:	58c0      	ldr	r0, [r0, r3]
1000140a:	4770      	bx	lr
1000140c:	20001a90 	.word	0x20001a90

10001410 <pll_init>:
10001410:	b5f0      	push	{r4, r5, r6, r7, lr}
10001412:	46c6      	mov	lr, r8
10001414:	0004      	movs	r4, r0
10001416:	b500      	push	{lr}
10001418:	4823      	ldr	r0, [pc, #140]	@ (100014a8 <pll_init+0x98>)
1000141a:	0016      	movs	r6, r2
1000141c:	4698      	mov	r8, r3
1000141e:	000d      	movs	r5, r1
10001420:	f000 fa52 	bl	100018c8 <__wrap___aeabi_uidiv>
10001424:	0001      	movs	r1, r0
10001426:	0030      	movs	r0, r6
10001428:	f000 fa4e 	bl	100018c8 <__wrap___aeabi_uidiv>
1000142c:	4643      	mov	r3, r8
1000142e:	9a06      	ldr	r2, [sp, #24]
10001430:	041b      	lsls	r3, r3, #16
10001432:	0312      	lsls	r2, r2, #12
10001434:	4313      	orrs	r3, r2
10001436:	469c      	mov	ip, r3
10001438:	6823      	ldr	r3, [r4, #0]
1000143a:	0006      	movs	r6, r0
1000143c:	2b00      	cmp	r3, #0
1000143e:	db22      	blt.n	10001486 <pll_init+0x76>
10001440:	4b1a      	ldr	r3, [pc, #104]	@ (100014ac <pll_init+0x9c>)
10001442:	481b      	ldr	r0, [pc, #108]	@ (100014b0 <pll_init+0xa0>)
10001444:	18e2      	adds	r2, r4, r3
10001446:	1e53      	subs	r3, r2, #1
10001448:	419a      	sbcs	r2, r3
1000144a:	2380      	movs	r3, #128	@ 0x80
1000144c:	4252      	negs	r2, r2
1000144e:	0b12      	lsrs	r2, r2, #12
10001450:	019b      	lsls	r3, r3, #6
10001452:	0312      	lsls	r2, r2, #12
10001454:	18d2      	adds	r2, r2, r3
10001456:	4b17      	ldr	r3, [pc, #92]	@ (100014b4 <pll_init+0xa4>)
10001458:	601a      	str	r2, [r3, #0]
1000145a:	4b17      	ldr	r3, [pc, #92]	@ (100014b8 <pll_init+0xa8>)
1000145c:	601a      	str	r2, [r3, #0]
1000145e:	0013      	movs	r3, r2
10001460:	6801      	ldr	r1, [r0, #0]
10001462:	438b      	bics	r3, r1
10001464:	d1fb      	bne.n	1000145e <pll_init+0x4e>
10001466:	2221      	movs	r2, #33	@ 0x21
10001468:	4b14      	ldr	r3, [pc, #80]	@ (100014bc <pll_init+0xac>)
1000146a:	6025      	str	r5, [r4, #0]
1000146c:	18e3      	adds	r3, r4, r3
1000146e:	60a6      	str	r6, [r4, #8]
10001470:	601a      	str	r2, [r3, #0]
10001472:	6822      	ldr	r2, [r4, #0]
10001474:	2a00      	cmp	r2, #0
10001476:	dafc      	bge.n	10001472 <pll_init+0x62>
10001478:	4662      	mov	r2, ip
1000147a:	60e2      	str	r2, [r4, #12]
1000147c:	2208      	movs	r2, #8
1000147e:	601a      	str	r2, [r3, #0]
10001480:	bc80      	pop	{r7}
10001482:	46b8      	mov	r8, r7
10001484:	bdf0      	pop	{r4, r5, r6, r7, pc}
10001486:	233f      	movs	r3, #63	@ 0x3f
10001488:	6822      	ldr	r2, [r4, #0]
1000148a:	4013      	ands	r3, r2
1000148c:	42ab      	cmp	r3, r5
1000148e:	d1d7      	bne.n	10001440 <pll_init+0x30>
10001490:	68a3      	ldr	r3, [r4, #8]
10001492:	051b      	lsls	r3, r3, #20
10001494:	0d1b      	lsrs	r3, r3, #20
10001496:	4283      	cmp	r3, r0
10001498:	d1d2      	bne.n	10001440 <pll_init+0x30>
1000149a:	22ee      	movs	r2, #238	@ 0xee
1000149c:	68e3      	ldr	r3, [r4, #12]
1000149e:	02d2      	lsls	r2, r2, #11
100014a0:	4013      	ands	r3, r2
100014a2:	4563      	cmp	r3, ip
100014a4:	d1cc      	bne.n	10001440 <pll_init+0x30>
100014a6:	e7eb      	b.n	10001480 <pll_init+0x70>
100014a8:	00b71b00 	.word	0x00b71b00
100014ac:	bffd4000 	.word	0xbffd4000
100014b0:	4000c008 	.word	0x4000c008
100014b4:	4000e000 	.word	0x4000e000
100014b8:	4000f000 	.word	0x4000f000
100014bc:	00003004 	.word	0x00003004

100014c0 <watchdog_reboot>:
100014c0:	b510      	push	{r4, lr}
100014c2:	2480      	movs	r4, #128	@ 0x80
100014c4:	4b1c      	ldr	r3, [pc, #112]	@ (10001538 <watchdog_reboot+0x78>)
100014c6:	05e4      	lsls	r4, r4, #23
100014c8:	601c      	str	r4, [r3, #0]
100014ca:	2800      	cmp	r0, #0
100014cc:	d01a      	beq.n	10001504 <watchdog_reboot+0x44>
100014ce:	2301      	movs	r3, #1
100014d0:	4c1a      	ldr	r4, [pc, #104]	@ (1000153c <watchdog_reboot+0x7c>)
100014d2:	4318      	orrs	r0, r3
100014d4:	4b1a      	ldr	r3, [pc, #104]	@ (10001540 <watchdog_reboot+0x80>)
100014d6:	61dc      	str	r4, [r3, #28]
100014d8:	4c1a      	ldr	r4, [pc, #104]	@ (10001544 <watchdog_reboot+0x84>)
100014da:	4044      	eors	r4, r0
100014dc:	621c      	str	r4, [r3, #32]
100014de:	6259      	str	r1, [r3, #36]	@ 0x24
100014e0:	6298      	str	r0, [r3, #40]	@ 0x28
100014e2:	2180      	movs	r1, #128	@ 0x80
100014e4:	4b14      	ldr	r3, [pc, #80]	@ (10001538 <watchdog_reboot+0x78>)
100014e6:	05c9      	lsls	r1, r1, #23
100014e8:	6019      	str	r1, [r3, #0]
100014ea:	4817      	ldr	r0, [pc, #92]	@ (10001548 <watchdog_reboot+0x88>)
100014ec:	4917      	ldr	r1, [pc, #92]	@ (1000154c <watchdog_reboot+0x8c>)
100014ee:	6008      	str	r0, [r1, #0]
100014f0:	21e0      	movs	r1, #224	@ 0xe0
100014f2:	04c9      	lsls	r1, r1, #19
100014f4:	6019      	str	r1, [r3, #0]
100014f6:	2a00      	cmp	r2, #0
100014f8:	d107      	bne.n	1000150a <watchdog_reboot+0x4a>
100014fa:	2280      	movs	r2, #128	@ 0x80
100014fc:	4b14      	ldr	r3, [pc, #80]	@ (10001550 <watchdog_reboot+0x90>)
100014fe:	0612      	lsls	r2, r2, #24
10001500:	601a      	str	r2, [r3, #0]
10001502:	bd10      	pop	{r4, pc}
10001504:	4b0e      	ldr	r3, [pc, #56]	@ (10001540 <watchdog_reboot+0x80>)
10001506:	61d8      	str	r0, [r3, #28]
10001508:	e7eb      	b.n	100014e2 <watchdog_reboot+0x22>
1000150a:	0153      	lsls	r3, r2, #5
1000150c:	1a9b      	subs	r3, r3, r2
1000150e:	009b      	lsls	r3, r3, #2
10001510:	189a      	adds	r2, r3, r2
10001512:	2380      	movs	r3, #128	@ 0x80
10001514:	0112      	lsls	r2, r2, #4
10001516:	045b      	lsls	r3, r3, #17
10001518:	429a      	cmp	r2, r3
1000151a:	d209      	bcs.n	10001530 <watchdog_reboot+0x70>
1000151c:	0013      	movs	r3, r2
1000151e:	490d      	ldr	r1, [pc, #52]	@ (10001554 <watchdog_reboot+0x94>)
10001520:	600b      	str	r3, [r1, #0]
10001522:	4b07      	ldr	r3, [pc, #28]	@ (10001540 <watchdog_reboot+0x80>)
10001524:	605a      	str	r2, [r3, #4]
10001526:	2280      	movs	r2, #128	@ 0x80
10001528:	4b09      	ldr	r3, [pc, #36]	@ (10001550 <watchdog_reboot+0x90>)
1000152a:	05d2      	lsls	r2, r2, #23
1000152c:	601a      	str	r2, [r3, #0]
1000152e:	e7e8      	b.n	10001502 <watchdog_reboot+0x42>
10001530:	4b09      	ldr	r3, [pc, #36]	@ (10001558 <watchdog_reboot+0x98>)
10001532:	001a      	movs	r2, r3
10001534:	e7f3      	b.n	1000151e <watchdog_reboot+0x5e>
10001536:	46c0      	nop			@ (mov r8, r8)
10001538:	4005b000 	.word	0x4005b000
1000153c:	b007c0d3 	.word	0xb007c0d3
10001540:	40058000 	.word	0x40058000
10001544:	4ff83f2d 	.word	0x4ff83f2d
10001548:	0001fffc 	.word	0x0001fffc
1000154c:	40012008 	.word	0x40012008
10001550:	4005a000 	.word	0x4005a000
10001554:	20001ef0 	.word	0x20001ef0
10001558:	00ffffff 	.word	0x00ffffff

1000155c <tick_start>:
1000155c:	2380      	movs	r3, #128	@ 0x80
1000155e:	4a02      	ldr	r2, [pc, #8]	@ (10001568 <tick_start+0xc>)
10001560:	009b      	lsls	r3, r3, #2
10001562:	430b      	orrs	r3, r1
10001564:	62d3      	str	r3, [r2, #44]	@ 0x2c
10001566:	4770      	bx	lr
10001568:	40058000 	.word	0x40058000

1000156c <rom_func_lookup>:
1000156c:	2300      	movs	r3, #0
1000156e:	b510      	push	{r4, lr}
10001570:	0001      	movs	r1, r0
10001572:	8a98      	ldrh	r0, [r3, #20]
10001574:	8b1b      	ldrh	r3, [r3, #24]
10001576:	4798      	blx	r3
10001578:	bd10      	pop	{r4, pc}
1000157a:	46c0      	nop			@ (mov r8, r8)

1000157c <rom_data_lookup>:
1000157c:	2316      	movs	r3, #22
1000157e:	b510      	push	{r4, lr}
10001580:	0001      	movs	r1, r0
10001582:	8818      	ldrh	r0, [r3, #0]
10001584:	885b      	ldrh	r3, [r3, #2]
10001586:	4798      	blx	r3
10001588:	bd10      	pop	{r4, pc}
1000158a:	46c0      	nop			@ (mov r8, r8)

1000158c <rom_funcs_lookup>:
1000158c:	b5f8      	push	{r3, r4, r5, r6, r7, lr}
1000158e:	4647      	mov	r7, r8
10001590:	46ce      	mov	lr, r9
10001592:	b580      	push	{r7, lr}
10001594:	1e0f      	subs	r7, r1, #0
10001596:	d018      	beq.n	100015ca <rom_funcs_lookup+0x3e>
10001598:	2314      	movs	r3, #20
1000159a:	4699      	mov	r9, r3
1000159c:	3304      	adds	r3, #4
1000159e:	0004      	movs	r4, r0
100015a0:	2500      	movs	r5, #0
100015a2:	2601      	movs	r6, #1
100015a4:	4698      	mov	r8, r3
100015a6:	464b      	mov	r3, r9
100015a8:	8818      	ldrh	r0, [r3, #0]
100015aa:	4643      	mov	r3, r8
100015ac:	6821      	ldr	r1, [r4, #0]
100015ae:	881b      	ldrh	r3, [r3, #0]
100015b0:	4798      	blx	r3
100015b2:	c401      	stmia	r4!, {r0}
100015b4:	1e43      	subs	r3, r0, #1
100015b6:	4198      	sbcs	r0, r3
100015b8:	3501      	adds	r5, #1
100015ba:	4006      	ands	r6, r0
100015bc:	42af      	cmp	r7, r5
100015be:	d1f2      	bne.n	100015a6 <rom_funcs_lookup+0x1a>
100015c0:	0030      	movs	r0, r6
100015c2:	bcc0      	pop	{r6, r7}
100015c4:	46b9      	mov	r9, r7
100015c6:	46b0      	mov	r8, r6
100015c8:	bdf8      	pop	{r3, r4, r5, r6, r7, pc}
100015ca:	2601      	movs	r6, #1
100015cc:	e7f8      	b.n	100015c0 <rom_funcs_lookup+0x34>
100015ce:	46c0      	nop			@ (mov r8, r8)

100015d0 <rom_reset_usb_boot_extra>:
100015d0:	2300      	movs	r3, #0
100015d2:	b570      	push	{r4, r5, r6, lr}
100015d4:	0004      	movs	r4, r0
100015d6:	000d      	movs	r5, r1
100015d8:	8a98      	ldrh	r0, [r3, #20]
100015da:	4905      	ldr	r1, [pc, #20]	@ (100015f0 <rom_reset_usb_boot_extra+0x20>)
100015dc:	8b1b      	ldrh	r3, [r3, #24]
100015de:	4798      	blx	r3
100015e0:	0003      	movs	r3, r0
100015e2:	2000      	movs	r0, #0
100015e4:	2c00      	cmp	r4, #0
100015e6:	db01      	blt.n	100015ec <rom_reset_usb_boot_extra+0x1c>
100015e8:	3001      	adds	r0, #1
100015ea:	40a0      	lsls	r0, r4
100015ec:	0029      	movs	r1, r5
100015ee:	4798      	blx	r3
100015f0:	00004255 	.word	0x00004255

100015f4 <xosc_init>:
100015f4:	23aa      	movs	r3, #170	@ 0xaa
100015f6:	4a06      	ldr	r2, [pc, #24]	@ (10001610 <xosc_init+0x1c>)
100015f8:	011b      	lsls	r3, r3, #4
100015fa:	6013      	str	r3, [r2, #0]
100015fc:	238d      	movs	r3, #141	@ 0x8d
100015fe:	005b      	lsls	r3, r3, #1
10001600:	60d3      	str	r3, [r2, #12]
10001602:	4904      	ldr	r1, [pc, #16]	@ (10001614 <xosc_init+0x20>)
10001604:	4b04      	ldr	r3, [pc, #16]	@ (10001618 <xosc_init+0x24>)
10001606:	6019      	str	r1, [r3, #0]
10001608:	6853      	ldr	r3, [r2, #4]
1000160a:	2b00      	cmp	r3, #0
1000160c:	dafc      	bge.n	10001608 <xosc_init+0x14>
1000160e:	4770      	bx	lr
10001610:	40024000 	.word	0x40024000
10001614:	00fab000 	.word	0x00fab000
10001618:	40026000 	.word	0x40026000

1000161c <first_per_core_initializer>:
1000161c:	4770      	bx	lr
1000161e:	46c0      	nop			@ (mov r8, r8)

10001620 <hard_assertion_failure>:
10001620:	b510      	push	{r4, lr}
10001622:	4801      	ldr	r0, [pc, #4]	@ (10001628 <hard_assertion_failure+0x8>)
10001624:	f7fe feca 	bl	100003bc <panic>
10001628:	10006c10 	.word	0x10006c10

1000162c <runtime_run_initializers>:
1000162c:	b570      	push	{r4, r5, r6, lr}
1000162e:	4d07      	ldr	r5, [pc, #28]	@ (1000164c <runtime_run_initializers+0x20>)
10001630:	4e07      	ldr	r6, [pc, #28]	@ (10001650 <runtime_run_initializers+0x24>)
10001632:	42b5      	cmp	r5, r6
10001634:	d209      	bcs.n	1000164a <runtime_run_initializers+0x1e>
10001636:	2400      	movs	r4, #0
10001638:	3e01      	subs	r6, #1
1000163a:	1b76      	subs	r6, r6, r5
1000163c:	08b6      	lsrs	r6, r6, #2
1000163e:	3601      	adds	r6, #1
10001640:	cd08      	ldmia	r5!, {r3}
10001642:	3401      	adds	r4, #1
10001644:	4798      	blx	r3
10001646:	42b4      	cmp	r4, r6
10001648:	d1fa      	bne.n	10001640 <runtime_run_initializers+0x14>
1000164a:	bd70      	pop	{r4, r5, r6, pc}
1000164c:	10006ac8 	.word	0x10006ac8
10001650:	10006b04 	.word	0x10006b04

10001654 <runtime_init_early_resets>:
10001654:	4b05      	ldr	r3, [pc, #20]	@ (1000166c <runtime_init_early_resets+0x18>)
10001656:	4a06      	ldr	r2, [pc, #24]	@ (10001670 <runtime_init_early_resets+0x1c>)
10001658:	4906      	ldr	r1, [pc, #24]	@ (10001674 <runtime_init_early_resets+0x20>)
1000165a:	601a      	str	r2, [r3, #0]
1000165c:	4a06      	ldr	r2, [pc, #24]	@ (10001678 <runtime_init_early_resets+0x24>)
1000165e:	4b07      	ldr	r3, [pc, #28]	@ (1000167c <runtime_init_early_resets+0x28>)
10001660:	601a      	str	r2, [r3, #0]
10001662:	0010      	movs	r0, r2
10001664:	680b      	ldr	r3, [r1, #0]
10001666:	4398      	bics	r0, r3
10001668:	d1fb      	bne.n	10001662 <runtime_init_early_resets+0xe>
1000166a:	4770      	bx	lr
1000166c:	4000e000 	.word	0x4000e000
10001670:	fefbcdbf 	.word	0xfefbcdbf
10001674:	4000c008 	.word	0x4000c008
10001678:	003c7ffe 	.word	0x003c7ffe
1000167c:	4000f000 	.word	0x4000f000

10001680 <runtime_init_usb_power_down>:
10001680:	4b04      	ldr	r3, [pc, #16]	@ (10001694 <runtime_init_usb_power_down+0x14>)
10001682:	6cdb      	ldr	r3, [r3, #76]	@ 0x4c
10001684:	2b00      	cmp	r3, #0
10001686:	d103      	bne.n	10001690 <runtime_init_usb_power_down+0x10>
10001688:	2280      	movs	r2, #128	@ 0x80
1000168a:	4b03      	ldr	r3, [pc, #12]	@ (10001698 <runtime_init_usb_power_down+0x18>)
1000168c:	02d2      	lsls	r2, r2, #11
1000168e:	601a      	str	r2, [r3, #0]
10001690:	4770      	bx	lr
10001692:	46c0      	nop			@ (mov r8, r8)
10001694:	50110000 	.word	0x50110000
10001698:	5011204c 	.word	0x5011204c

1000169c <runtime_init_post_clock_resets>:
1000169c:	4a04      	ldr	r2, [pc, #16]	@ (100016b0 <runtime_init_post_clock_resets+0x14>)
1000169e:	4b05      	ldr	r3, [pc, #20]	@ (100016b4 <runtime_init_post_clock_resets+0x18>)
100016a0:	601a      	str	r2, [r3, #0]
100016a2:	4a05      	ldr	r2, [pc, #20]	@ (100016b8 <runtime_init_post_clock_resets+0x1c>)
100016a4:	6813      	ldr	r3, [r2, #0]
100016a6:	01db      	lsls	r3, r3, #7
100016a8:	3380      	adds	r3, #128	@ 0x80
100016aa:	d1fb      	bne.n	100016a4 <runtime_init_post_clock_resets+0x8>
100016ac:	4770      	bx	lr
100016ae:	46c0      	nop			@ (mov r8, r8)
100016b0:	01ffffff 	.word	0x01ffffff
100016b4:	4000f000 	.word	0x4000f000
100016b8:	4000c008 	.word	0x4000c008

100016bc <runtime_init_rp2040_gpio_ie_disable>:
100016bc:	2240      	movs	r2, #64	@ 0x40
100016be:	4b03      	ldr	r3, [pc, #12]	@ (100016cc <runtime_init_rp2040_gpio_ie_disable+0x10>)
100016c0:	679a      	str	r2, [r3, #120]	@ 0x78
100016c2:	675a      	str	r2, [r3, #116]	@ 0x74
100016c4:	671a      	str	r2, [r3, #112]	@ 0x70
100016c6:	66da      	str	r2, [r3, #108]	@ 0x6c
100016c8:	4770      	bx	lr
100016ca:	46c0      	nop			@ (mov r8, r8)
100016cc:	4001f000 	.word	0x4001f000

100016d0 <runtime_init_spin_locks_reset>:
100016d0:	b510      	push	{r4, lr}
100016d2:	f7fe ff13 	bl	100004fc <spin_locks_reset>
100016d6:	bd10      	pop	{r4, pc}

100016d8 <runtime_init_install_ram_vector_table>:
100016d8:	b570      	push	{r4, r5, r6, lr}
100016da:	4928      	ldr	r1, [pc, #160]	@ (1000177c <runtime_init_install_ram_vector_table+0xa4>)
100016dc:	4d28      	ldr	r5, [pc, #160]	@ (10001780 <runtime_init_install_ram_vector_table+0xa8>)
100016de:	4e29      	ldr	r6, [pc, #164]	@ (10001784 <runtime_init_install_ram_vector_table+0xac>)
100016e0:	1a6d      	subs	r5, r5, r1
100016e2:	10ac      	asrs	r4, r5, #2
100016e4:	0022      	movs	r2, r4
100016e6:	2c30      	cmp	r4, #48	@ 0x30
100016e8:	d900      	bls.n	100016ec <runtime_init_install_ram_vector_table+0x14>
100016ea:	2230      	movs	r2, #48	@ 0x30
100016ec:	0030      	movs	r0, r6
100016ee:	0092      	lsls	r2, r2, #2
100016f0:	f000 ff80 	bl	100025f4 <__wrap___aeabi_memcpy>
100016f4:	2dbc      	cmp	r5, #188	@ 0xbc
100016f6:	d83d      	bhi.n	10001774 <runtime_init_install_ram_vector_table+0x9c>
100016f8:	0023      	movs	r3, r4
100016fa:	3b2a      	subs	r3, #42	@ 0x2a
100016fc:	4a22      	ldr	r2, [pc, #136]	@ (10001788 <runtime_init_install_ram_vector_table+0xb0>)
100016fe:	2b05      	cmp	r3, #5
10001700:	d91d      	bls.n	1000173e <runtime_init_install_ram_vector_table+0x66>
10001702:	2030      	movs	r0, #48	@ 0x30
10001704:	1975      	adds	r5, r6, r5
10001706:	076d      	lsls	r5, r5, #29
10001708:	46a4      	mov	ip, r4
1000170a:	1b00      	subs	r0, r0, r4
1000170c:	0feb      	lsrs	r3, r5, #31
1000170e:	2d00      	cmp	r5, #0
10001710:	da03      	bge.n	1000171a <runtime_init_install_ram_vector_table+0x42>
10001712:	1c61      	adds	r1, r4, #1
10001714:	468c      	mov	ip, r1
10001716:	00a1      	lsls	r1, r4, #2
10001718:	5072      	str	r2, [r6, r1]
1000171a:	1ac0      	subs	r0, r0, r3
1000171c:	18e3      	adds	r3, r4, r3
1000171e:	009b      	lsls	r3, r3, #2
10001720:	0841      	lsrs	r1, r0, #1
10001722:	18f3      	adds	r3, r6, r3
10001724:	00c9      	lsls	r1, r1, #3
10001726:	18c9      	adds	r1, r1, r3
10001728:	601a      	str	r2, [r3, #0]
1000172a:	605a      	str	r2, [r3, #4]
1000172c:	3308      	adds	r3, #8
1000172e:	4299      	cmp	r1, r3
10001730:	d1fa      	bne.n	10001728 <runtime_init_install_ram_vector_table+0x50>
10001732:	2301      	movs	r3, #1
10001734:	4203      	tst	r3, r0
10001736:	d01d      	beq.n	10001774 <runtime_init_install_ram_vector_table+0x9c>
10001738:	4398      	bics	r0, r3
1000173a:	4460      	add	r0, ip
1000173c:	0004      	movs	r4, r0
1000173e:	00a3      	lsls	r3, r4, #2
10001740:	50f2      	str	r2, [r6, r3]
10001742:	1c63      	adds	r3, r4, #1
10001744:	2c2f      	cmp	r4, #47	@ 0x2f
10001746:	d015      	beq.n	10001774 <runtime_init_install_ram_vector_table+0x9c>
10001748:	009b      	lsls	r3, r3, #2
1000174a:	50f2      	str	r2, [r6, r3]
1000174c:	1ca3      	adds	r3, r4, #2
1000174e:	2c2e      	cmp	r4, #46	@ 0x2e
10001750:	d010      	beq.n	10001774 <runtime_init_install_ram_vector_table+0x9c>
10001752:	009b      	lsls	r3, r3, #2
10001754:	50f2      	str	r2, [r6, r3]
10001756:	1ce3      	adds	r3, r4, #3
10001758:	2c2d      	cmp	r4, #45	@ 0x2d
1000175a:	d00b      	beq.n	10001774 <runtime_init_install_ram_vector_table+0x9c>
1000175c:	009b      	lsls	r3, r3, #2
1000175e:	50f2      	str	r2, [r6, r3]
10001760:	1d23      	adds	r3, r4, #4
10001762:	2c2c      	cmp	r4, #44	@ 0x2c
10001764:	d006      	beq.n	10001774 <runtime_init_install_ram_vector_table+0x9c>
10001766:	009b      	lsls	r3, r3, #2
10001768:	50f2      	str	r2, [r6, r3]
1000176a:	1d63      	adds	r3, r4, #5
1000176c:	2c2b      	cmp	r4, #43	@ 0x2b
1000176e:	d001      	beq.n	10001774 <runtime_init_install_ram_vector_table+0x9c>
10001770:	009b      	lsls	r3, r3, #2
10001772:	50f2      	str	r2, [r6, r3]
10001774:	4b05      	ldr	r3, [pc, #20]	@ (1000178c <runtime_init_install_ram_vector_table+0xb4>)
10001776:	609e      	str	r6, [r3, #8]
10001778:	bd70      	pop	{r4, r5, r6, pc}
1000177a:	46c0      	nop			@ (mov r8, r8)
1000177c:	10000100 	.word	0x10000100
10001780:	100001c0 	.word	0x100001c0
10001784:	20000000 	.word	0x20000000
10001788:	100001c1 	.word	0x100001c1
1000178c:	e000ed00 	.word	0xe000ed00

10001790 <runtime_init_clocks>:
10001790:	2300      	movs	r3, #0
10001792:	b510      	push	{r4, lr}
10001794:	4c29      	ldr	r4, [pc, #164]	@ (1000183c <runtime_init_clocks+0xac>)
10001796:	b082      	sub	sp, #8
10001798:	67a3      	str	r3, [r4, #120]	@ 0x78
1000179a:	f7ff ff2b 	bl	100015f4 <xosc_init>
1000179e:	2201      	movs	r2, #1
100017a0:	4b27      	ldr	r3, [pc, #156]	@ (10001840 <runtime_init_clocks+0xb0>)
100017a2:	601a      	str	r2, [r3, #0]
100017a4:	6c63      	ldr	r3, [r4, #68]	@ 0x44
100017a6:	2b01      	cmp	r3, #1
100017a8:	d1fc      	bne.n	100017a4 <runtime_init_clocks+0x14>
100017aa:	2203      	movs	r2, #3
100017ac:	4b25      	ldr	r3, [pc, #148]	@ (10001844 <runtime_init_clocks+0xb4>)
100017ae:	601a      	str	r2, [r3, #0]
100017b0:	4a22      	ldr	r2, [pc, #136]	@ (1000183c <runtime_init_clocks+0xac>)
100017b2:	6b93      	ldr	r3, [r2, #56]	@ 0x38
100017b4:	2b01      	cmp	r3, #1
100017b6:	d1fc      	bne.n	100017b2 <runtime_init_clocks+0x22>
100017b8:	3301      	adds	r3, #1
100017ba:	9300      	str	r3, [sp, #0]
100017bc:	2101      	movs	r1, #1
100017be:	4a22      	ldr	r2, [pc, #136]	@ (10001848 <runtime_init_clocks+0xb8>)
100017c0:	4822      	ldr	r0, [pc, #136]	@ (1000184c <runtime_init_clocks+0xbc>)
100017c2:	3304      	adds	r3, #4
100017c4:	f7ff fe24 	bl	10001410 <pll_init>
100017c8:	2305      	movs	r3, #5
100017ca:	2101      	movs	r1, #1
100017cc:	9300      	str	r3, [sp, #0]
100017ce:	4a20      	ldr	r2, [pc, #128]	@ (10001850 <runtime_init_clocks+0xc0>)
100017d0:	4820      	ldr	r0, [pc, #128]	@ (10001854 <runtime_init_clocks+0xc4>)
100017d2:	f7ff fe1d 	bl	10001410 <pll_init>
100017d6:	2200      	movs	r2, #0
100017d8:	2102      	movs	r1, #2
100017da:	2004      	movs	r0, #4
100017dc:	4b1e      	ldr	r3, [pc, #120]	@ (10001858 <runtime_init_clocks+0xc8>)
100017de:	f7ff fda1 	bl	10001324 <clock_configure_undivided>
100017e2:	2200      	movs	r2, #0
100017e4:	2101      	movs	r1, #1
100017e6:	2005      	movs	r0, #5
100017e8:	4b1c      	ldr	r3, [pc, #112]	@ (1000185c <runtime_init_clocks+0xcc>)
100017ea:	f7ff fd9b 	bl	10001324 <clock_configure_undivided>
100017ee:	2200      	movs	r2, #0
100017f0:	2100      	movs	r1, #0
100017f2:	2007      	movs	r0, #7
100017f4:	4b1a      	ldr	r3, [pc, #104]	@ (10001860 <runtime_init_clocks+0xd0>)
100017f6:	f7ff fd95 	bl	10001324 <clock_configure_undivided>
100017fa:	2200      	movs	r2, #0
100017fc:	2100      	movs	r1, #0
100017fe:	2008      	movs	r0, #8
10001800:	4b17      	ldr	r3, [pc, #92]	@ (10001860 <runtime_init_clocks+0xd0>)
10001802:	f7ff fd8f 	bl	10001324 <clock_configure_undivided>
10001806:	2380      	movs	r3, #128	@ 0x80
10001808:	00db      	lsls	r3, r3, #3
1000180a:	9300      	str	r3, [sp, #0]
1000180c:	2200      	movs	r2, #0
1000180e:	2100      	movs	r1, #0
10001810:	2009      	movs	r0, #9
10001812:	4b13      	ldr	r3, [pc, #76]	@ (10001860 <runtime_init_clocks+0xd0>)
10001814:	f7ff fd10 	bl	10001238 <clock_configure_int_divider>
10001818:	2200      	movs	r2, #0
1000181a:	4b10      	ldr	r3, [pc, #64]	@ (1000185c <runtime_init_clocks+0xcc>)
1000181c:	2100      	movs	r1, #0
1000181e:	2006      	movs	r0, #6
10001820:	f7ff fd80 	bl	10001324 <clock_configure_undivided>
10001824:	2004      	movs	r0, #4
10001826:	f7ff fded 	bl	10001404 <clock_get_hz>
1000182a:	490e      	ldr	r1, [pc, #56]	@ (10001864 <runtime_init_clocks+0xd4>)
1000182c:	f000 f84c 	bl	100018c8 <__wrap___aeabi_uidiv>
10001830:	0001      	movs	r1, r0
10001832:	2000      	movs	r0, #0
10001834:	f7ff fe92 	bl	1000155c <tick_start>
10001838:	b002      	add	sp, #8
1000183a:	bd10      	pop	{r4, pc}
1000183c:	40008000 	.word	0x40008000
10001840:	4000b03c 	.word	0x4000b03c
10001844:	4000b030 	.word	0x4000b030
10001848:	59682f00 	.word	0x59682f00
1000184c:	40028000 	.word	0x40028000
10001850:	47868c00 	.word	0x47868c00
10001854:	4002c000 	.word	0x4002c000
10001858:	00b71b00 	.word	0x00b71b00
1000185c:	07735940 	.word	0x07735940
10001860:	02dc6c00 	.word	0x02dc6c00
10001864:	000f4240 	.word	0x000f4240

10001868 <__aeabi_bits_init>:
10001868:	4801      	ldr	r0, [pc, #4]	@ (10001870 <__aeabi_bits_init+0x8>)
1000186a:	2104      	movs	r1, #4
1000186c:	4b01      	ldr	r3, [pc, #4]	@ (10001874 <__aeabi_bits_init+0xc>)
1000186e:	4718      	bx	r3
10001870:	20001000 	.word	0x20001000
10001874:	1000158d 	.word	0x1000158d

10001878 <__wrap___aeabi_idiv>:
10001878:	4a12      	ldr	r2, [pc, #72]	@ (100018c4 <divmod_s32s32_savestate+0x18>)
1000187a:	6f93      	ldr	r3, [r2, #120]	@ 0x78
1000187c:	089b      	lsrs	r3, r3, #2
1000187e:	d215      	bcs.n	100018ac <divmod_s32s32_savestate>

10001880 <divmod_s32s32_unsafe>:
10001880:	6690      	str	r0, [r2, #104]	@ 0x68
10001882:	66d1      	str	r1, [r2, #108]	@ 0x6c
10001884:	2900      	cmp	r1, #0
10001886:	d005      	beq.n	10001894 <divmod_s32s32_unsafe+0x14>
10001888:	e7ff      	b.n	1000188a <divmod_s32s32_unsafe+0xa>
1000188a:	e7ff      	b.n	1000188c <divmod_s32s32_unsafe+0xc>
1000188c:	e7ff      	b.n	1000188e <divmod_s32s32_unsafe+0xe>
1000188e:	6f51      	ldr	r1, [r2, #116]	@ 0x74
10001890:	6f10      	ldr	r0, [r2, #112]	@ 0x70
10001892:	4770      	bx	lr
10001894:	b504      	push	{r2, lr}
10001896:	2180      	movs	r1, #128	@ 0x80
10001898:	0609      	lsls	r1, r1, #24
1000189a:	17c2      	asrs	r2, r0, #31
1000189c:	4051      	eors	r1, r2
1000189e:	2800      	cmp	r0, #0
100018a0:	d000      	beq.n	100018a4 <divmod_s32s32_unsafe+0x24>
100018a2:	43c8      	mvns	r0, r1
100018a4:	f005 f8d0 	bl	10006a48 <____aeabi_idiv0_veneer>
100018a8:	2100      	movs	r1, #0
100018aa:	bd04      	pop	{r2, pc}

100018ac <divmod_s32s32_savestate>:
100018ac:	b5f0      	push	{r4, r5, r6, r7, lr}
100018ae:	6e14      	ldr	r4, [r2, #96]	@ 0x60
100018b0:	6e55      	ldr	r5, [r2, #100]	@ 0x64
100018b2:	6f57      	ldr	r7, [r2, #116]	@ 0x74
100018b4:	6f16      	ldr	r6, [r2, #112]	@ 0x70
100018b6:	f7ff ffe3 	bl	10001880 <divmod_s32s32_unsafe>
100018ba:	6614      	str	r4, [r2, #96]	@ 0x60
100018bc:	6655      	str	r5, [r2, #100]	@ 0x64
100018be:	6757      	str	r7, [r2, #116]	@ 0x74
100018c0:	6716      	str	r6, [r2, #112]	@ 0x70
100018c2:	bdf0      	pop	{r4, r5, r6, r7, pc}
100018c4:	d0000000 	.word	0xd0000000

100018c8 <__wrap___aeabi_uidiv>:
100018c8:	4a11      	ldr	r2, [pc, #68]	@ (10001910 <divmod_u32u32_savestate+0x18>)
100018ca:	6f93      	ldr	r3, [r2, #120]	@ 0x78
100018cc:	089b      	lsrs	r3, r3, #2
100018ce:	d213      	bcs.n	100018f8 <divmod_u32u32_savestate>

100018d0 <divmod_u32u32_unsafe>:
100018d0:	6610      	str	r0, [r2, #96]	@ 0x60
100018d2:	6651      	str	r1, [r2, #100]	@ 0x64
100018d4:	2900      	cmp	r1, #0
100018d6:	d005      	beq.n	100018e4 <divmod_u32u32_unsafe+0x14>
100018d8:	e7ff      	b.n	100018da <divmod_u32u32_unsafe+0xa>
100018da:	e7ff      	b.n	100018dc <divmod_u32u32_unsafe+0xc>
100018dc:	e7ff      	b.n	100018de <divmod_u32u32_unsafe+0xe>
100018de:	6f51      	ldr	r1, [r2, #116]	@ 0x74
100018e0:	6f10      	ldr	r0, [r2, #112]	@ 0x70
100018e2:	4770      	bx	lr
100018e4:	b504      	push	{r2, lr}
100018e6:	2800      	cmp	r0, #0
100018e8:	d001      	beq.n	100018ee <divmod_u32u32_unsafe+0x1e>
100018ea:	2000      	movs	r0, #0
100018ec:	43c0      	mvns	r0, r0
100018ee:	f005 f8ab 	bl	10006a48 <____aeabi_idiv0_veneer>
100018f2:	2100      	movs	r1, #0
100018f4:	bd04      	pop	{r2, pc}
100018f6:	46c0      	nop			@ (mov r8, r8)

100018f8 <divmod_u32u32_savestate>:
100018f8:	b5f0      	push	{r4, r5, r6, r7, lr}
100018fa:	6e14      	ldr	r4, [r2, #96]	@ 0x60
100018fc:	6e55      	ldr	r5, [r2, #100]	@ 0x64
100018fe:	6f57      	ldr	r7, [r2, #116]	@ 0x74
10001900:	6f16      	ldr	r6, [r2, #112]	@ 0x70
10001902:	f7ff ffe5 	bl	100018d0 <divmod_u32u32_unsafe>
10001906:	6614      	str	r4, [r2, #96]	@ 0x60
10001908:	6655      	str	r5, [r2, #100]	@ 0x64
1000190a:	6757      	str	r7, [r2, #116]	@ 0x74
1000190c:	6716      	str	r6, [r2, #112]	@ 0x70
1000190e:	bdf0      	pop	{r4, r5, r6, r7, pc}
10001910:	d0000000 	.word	0xd0000000

10001914 <__wrap___aeabi_ldivmod>:
10001914:	4694      	mov	ip, r2
10001916:	4a4a      	ldr	r2, [pc, #296]	@ (10001a40 <udiv0+0x1a>)
10001918:	6f92      	ldr	r2, [r2, #120]	@ 0x78
1000191a:	0892      	lsrs	r2, r2, #2
1000191c:	4662      	mov	r2, ip
1000191e:	d201      	bcs.n	10001924 <divmod_s64s64_savestate>
10001920:	e028      	b.n	10001974 <divmod_s64s64_unsafe>
10001922:	46c0      	nop			@ (mov r8, r8)

10001924 <divmod_s64s64_savestate>:
10001924:	b5f0      	push	{r4, r5, r6, r7, lr}
10001926:	4e46      	ldr	r6, [pc, #280]	@ (10001a40 <udiv0+0x1a>)
10001928:	6e34      	ldr	r4, [r6, #96]	@ 0x60
1000192a:	6e75      	ldr	r5, [r6, #100]	@ 0x64
1000192c:	6f77      	ldr	r7, [r6, #116]	@ 0x74
1000192e:	6f36      	ldr	r6, [r6, #112]	@ 0x70
10001930:	f000 f820 	bl	10001974 <divmod_s64s64_unsafe>
10001934:	4694      	mov	ip, r2
10001936:	4a42      	ldr	r2, [pc, #264]	@ (10001a40 <udiv0+0x1a>)
10001938:	6614      	str	r4, [r2, #96]	@ 0x60
1000193a:	6655      	str	r5, [r2, #100]	@ 0x64
1000193c:	6757      	str	r7, [r2, #116]	@ 0x74
1000193e:	6716      	str	r6, [r2, #112]	@ 0x70
10001940:	4662      	mov	r2, ip
10001942:	bdf0      	pop	{r4, r5, r6, r7, pc}

10001944 <__wrap___aeabi_uldivmod>:
10001944:	4694      	mov	ip, r2
10001946:	4a3e      	ldr	r2, [pc, #248]	@ (10001a40 <udiv0+0x1a>)
10001948:	6f92      	ldr	r2, [r2, #120]	@ 0x78
1000194a:	0892      	lsrs	r2, r2, #2
1000194c:	4662      	mov	r2, ip
1000194e:	d201      	bcs.n	10001954 <divmod_u64u64_savestate>
10001950:	e054      	b.n	100019fc <divmod_u64u64_unsafe>
10001952:	46c0      	nop			@ (mov r8, r8)

10001954 <divmod_u64u64_savestate>:
10001954:	b5f0      	push	{r4, r5, r6, r7, lr}
10001956:	4e3a      	ldr	r6, [pc, #232]	@ (10001a40 <udiv0+0x1a>)
10001958:	6e34      	ldr	r4, [r6, #96]	@ 0x60
1000195a:	6e75      	ldr	r5, [r6, #100]	@ 0x64
1000195c:	6f77      	ldr	r7, [r6, #116]	@ 0x74
1000195e:	6f36      	ldr	r6, [r6, #112]	@ 0x70
10001960:	f000 f84c 	bl	100019fc <divmod_u64u64_unsafe>
10001964:	4694      	mov	ip, r2
10001966:	4a36      	ldr	r2, [pc, #216]	@ (10001a40 <udiv0+0x1a>)
10001968:	6614      	str	r4, [r2, #96]	@ 0x60
1000196a:	6655      	str	r5, [r2, #100]	@ 0x64
1000196c:	6757      	str	r7, [r2, #116]	@ 0x74
1000196e:	6716      	str	r6, [r2, #112]	@ 0x70
10001970:	4662      	mov	r2, ip
10001972:	bdf0      	pop	{r4, r5, r6, r7, pc}

10001974 <divmod_s64s64_unsafe>:
10001974:	2b00      	cmp	r3, #0
10001976:	db24      	blt.n	100019c2 <l42_1+0x26>
10001978:	d011      	beq.n	1000199e <l42_1+0x2>
1000197a:	2900      	cmp	r1, #0
1000197c:	da3e      	bge.n	100019fc <divmod_u64u64_unsafe>
1000197e:	b500      	push	{lr}
10001980:	43c9      	mvns	r1, r1
10001982:	4240      	negs	r0, r0
10001984:	d100      	bne.n	10001988 <l40_1>
10001986:	3101      	adds	r1, #1

10001988 <l40_1>:
10001988:	f000 f838 	bl	100019fc <divmod_u64u64_unsafe>
1000198c:	43c9      	mvns	r1, r1
1000198e:	4240      	negs	r0, r0
10001990:	d100      	bne.n	10001994 <l41_1>
10001992:	3101      	adds	r1, #1

10001994 <l41_1>:
10001994:	43db      	mvns	r3, r3
10001996:	4252      	negs	r2, r2
10001998:	d100      	bne.n	1000199c <l42_1>
1000199a:	3301      	adds	r3, #1

1000199c <l42_1>:
1000199c:	bd00      	pop	{pc}
1000199e:	2a00      	cmp	r2, #0
100019a0:	d1eb      	bne.n	1000197a <divmod_s64s64_unsafe+0x6>
100019a2:	2800      	cmp	r0, #0
100019a4:	d101      	bne.n	100019aa <l42_1+0xe>
100019a6:	2900      	cmp	r1, #0
100019a8:	d005      	beq.n	100019b6 <l42_1+0x1a>
100019aa:	2000      	movs	r0, #0
100019ac:	0fc9      	lsrs	r1, r1, #31
100019ae:	07c9      	lsls	r1, r1, #31
100019b0:	d101      	bne.n	100019b6 <l42_1+0x1a>
100019b2:	43c0      	mvns	r0, r0
100019b4:	0841      	lsrs	r1, r0, #1
100019b6:	b500      	push	{lr}
100019b8:	f005 f83e 	bl	10006a38 <____aeabi_ldiv0_veneer>
100019bc:	2200      	movs	r2, #0
100019be:	2300      	movs	r3, #0
100019c0:	bd00      	pop	{pc}
100019c2:	b500      	push	{lr}
100019c4:	2900      	cmp	r1, #0
100019c6:	db0a      	blt.n	100019de <l44_1+0x2>
100019c8:	43db      	mvns	r3, r3
100019ca:	4252      	negs	r2, r2
100019cc:	d100      	bne.n	100019d0 <l43_1>
100019ce:	3301      	adds	r3, #1

100019d0 <l43_1>:
100019d0:	f000 f814 	bl	100019fc <divmod_u64u64_unsafe>
100019d4:	43c9      	mvns	r1, r1
100019d6:	4240      	negs	r0, r0
100019d8:	d100      	bne.n	100019dc <l44_1>
100019da:	3101      	adds	r1, #1

100019dc <l44_1>:
100019dc:	bd00      	pop	{pc}
100019de:	43c9      	mvns	r1, r1
100019e0:	4240      	negs	r0, r0
100019e2:	d100      	bne.n	100019e6 <l45_1>
100019e4:	3101      	adds	r1, #1

100019e6 <l45_1>:
100019e6:	43db      	mvns	r3, r3
100019e8:	4252      	negs	r2, r2
100019ea:	d100      	bne.n	100019ee <l46_1>
100019ec:	3301      	adds	r3, #1

100019ee <l46_1>:
100019ee:	f000 f805 	bl	100019fc <divmod_u64u64_unsafe>
100019f2:	43db      	mvns	r3, r3
100019f4:	4252      	negs	r2, r2
100019f6:	d100      	bne.n	100019fa <l47_1>
100019f8:	3301      	adds	r3, #1

100019fa <l47_1>:
100019fa:	bd00      	pop	{pc}

100019fc <divmod_u64u64_unsafe>:
100019fc:	2900      	cmp	r1, #0
100019fe:	d123      	bne.n	10001a48 <y64>
10001a00:	2b00      	cmp	r3, #0
10001a02:	d118      	bne.n	10001a36 <udiv0+0x10>
10001a04:	2a00      	cmp	r2, #0
10001a06:	d00c      	beq.n	10001a22 <divmod_u64u64_unsafe+0x26>
10001a08:	46bc      	mov	ip, r7
10001a0a:	4f0d      	ldr	r7, [pc, #52]	@ (10001a40 <udiv0+0x1a>)
10001a0c:	6638      	str	r0, [r7, #96]	@ 0x60
10001a0e:	667a      	str	r2, [r7, #100]	@ 0x64
10001a10:	2100      	movs	r1, #0
10001a12:	2300      	movs	r3, #0
10001a14:	e7ff      	b.n	10001a16 <divmod_u64u64_unsafe+0x1a>
10001a16:	e7ff      	b.n	10001a18 <divmod_u64u64_unsafe+0x1c>
10001a18:	e7ff      	b.n	10001a1a <divmod_u64u64_unsafe+0x1e>
10001a1a:	6f7a      	ldr	r2, [r7, #116]	@ 0x74
10001a1c:	6f38      	ldr	r0, [r7, #112]	@ 0x70
10001a1e:	4667      	mov	r7, ip
10001a20:	4770      	bx	lr
10001a22:	2800      	cmp	r0, #0
10001a24:	d001      	beq.n	10001a2a <udiv0+0x4>

10001a26 <udiv0>:
10001a26:	4807      	ldr	r0, [pc, #28]	@ (10001a44 <udiv0+0x1e>)
10001a28:	0001      	movs	r1, r0
10001a2a:	b500      	push	{lr}
10001a2c:	f005 f804 	bl	10006a38 <____aeabi_ldiv0_veneer>
10001a30:	2200      	movs	r2, #0
10001a32:	2300      	movs	r3, #0
10001a34:	bd00      	pop	{pc}
10001a36:	0002      	movs	r2, r0
10001a38:	000b      	movs	r3, r1
10001a3a:	2000      	movs	r0, #0
10001a3c:	2100      	movs	r1, #0
10001a3e:	4770      	bx	lr
10001a40:	d0000000 	.word	0xd0000000
10001a44:	ffffffff 	.word	0xffffffff

10001a48 <y64>:
10001a48:	2b00      	cmp	r3, #0
10001a4a:	d000      	beq.n	10001a4e <y64+0x6>
10001a4c:	e0bf      	b.n	10001bce <y64_x48>
10001a4e:	0c13      	lsrs	r3, r2, #16
10001a50:	d128      	bne.n	10001aa4 <y64_x32>
10001a52:	2a00      	cmp	r2, #0
10001a54:	d0e7      	beq.n	10001a26 <udiv0>
10001a56:	b480      	push	{r7}
10001a58:	4f11      	ldr	r7, [pc, #68]	@ (10001aa0 <y64+0x58>)
10001a5a:	6639      	str	r1, [r7, #96]	@ 0x60
10001a5c:	667a      	str	r2, [r7, #100]	@ 0x64
10001a5e:	e7ff      	b.n	10001a60 <y64+0x18>
10001a60:	e7ff      	b.n	10001a62 <y64+0x1a>
10001a62:	b430      	push	{r4, r5}
10001a64:	0c04      	lsrs	r4, r0, #16
10001a66:	6f7b      	ldr	r3, [r7, #116]	@ 0x74
10001a68:	6f39      	ldr	r1, [r7, #112]	@ 0x70
10001a6a:	041b      	lsls	r3, r3, #16
10001a6c:	4323      	orrs	r3, r4
10001a6e:	663b      	str	r3, [r7, #96]	@ 0x60
10001a70:	667a      	str	r2, [r7, #100]	@ 0x64
10001a72:	e7ff      	b.n	10001a74 <y64+0x2c>
10001a74:	e7ff      	b.n	10001a76 <y64+0x2e>
10001a76:	e7ff      	b.n	10001a78 <y64+0x30>
10001a78:	46c0      	nop			@ (mov r8, r8)
10001a7a:	b284      	uxth	r4, r0
10001a7c:	6f7b      	ldr	r3, [r7, #116]	@ 0x74
10001a7e:	6f3d      	ldr	r5, [r7, #112]	@ 0x70
10001a80:	041b      	lsls	r3, r3, #16
10001a82:	4323      	orrs	r3, r4
10001a84:	663b      	str	r3, [r7, #96]	@ 0x60
10001a86:	667a      	str	r2, [r7, #100]	@ 0x64
10001a88:	e7ff      	b.n	10001a8a <y64+0x42>
10001a8a:	e7ff      	b.n	10001a8c <y64+0x44>
10001a8c:	46c0      	nop			@ (mov r8, r8)
10001a8e:	2300      	movs	r3, #0
10001a90:	042c      	lsls	r4, r5, #16
10001a92:	0c2d      	lsrs	r5, r5, #16
10001a94:	6f7a      	ldr	r2, [r7, #116]	@ 0x74
10001a96:	6f38      	ldr	r0, [r7, #112]	@ 0x70
10001a98:	1900      	adds	r0, r0, r4
10001a9a:	4169      	adcs	r1, r5
10001a9c:	bcb0      	pop	{r4, r5, r7}
10001a9e:	4770      	bx	lr
10001aa0:	d0000000 	.word	0xd0000000

10001aa4 <y64_x32>:
10001aa4:	b5f0      	push	{r4, r5, r6, r7, lr}
10001aa6:	4694      	mov	ip, r2
10001aa8:	2500      	movs	r5, #0
10001aaa:	0e14      	lsrs	r4, r2, #24
10001aac:	d101      	bne.n	10001ab2 <y64_x32+0xe>
10001aae:	0212      	lsls	r2, r2, #8
10001ab0:	3508      	adds	r5, #8
10001ab2:	0f14      	lsrs	r4, r2, #28
10001ab4:	d101      	bne.n	10001aba <y64_x32+0x16>
10001ab6:	0112      	lsls	r2, r2, #4
10001ab8:	3504      	adds	r5, #4
10001aba:	0f94      	lsrs	r4, r2, #30
10001abc:	d101      	bne.n	10001ac2 <y64_x32+0x1e>
10001abe:	0092      	lsls	r2, r2, #2
10001ac0:	3502      	adds	r5, #2
10001ac2:	0fd4      	lsrs	r4, r2, #31
10001ac4:	d101      	bne.n	10001aca <y64_x32+0x26>
10001ac6:	0052      	lsls	r2, r2, #1
10001ac8:	3501      	adds	r5, #1
10001aca:	0bd4      	lsrs	r4, r2, #15
10001acc:	3401      	adds	r4, #1
10001ace:	4f25      	ldr	r7, [pc, #148]	@ (10001b64 <y64_x32+0xc0>)
10001ad0:	667c      	str	r4, [r7, #100]	@ 0x64
10001ad2:	4c25      	ldr	r4, [pc, #148]	@ (10001b68 <y64_x32+0xc4>)
10001ad4:	663c      	str	r4, [r7, #96]	@ 0x60
10001ad6:	0c0e      	lsrs	r6, r1, #16
10001ad8:	b293      	uxth	r3, r2
10001ada:	e7ff      	b.n	10001adc <y64_x32+0x38>
10001adc:	e7ff      	b.n	10001ade <y64_x32+0x3a>
10001ade:	e7ff      	b.n	10001ae0 <y64_x32+0x3c>
10001ae0:	6f3c      	ldr	r4, [r7, #112]	@ 0x70
10001ae2:	4366      	muls	r6, r4
10001ae4:	0c36      	lsrs	r6, r6, #16
10001ae6:	0377      	lsls	r7, r6, #13
10001ae8:	46be      	mov	lr, r7
10001aea:	4373      	muls	r3, r6
10001aec:	0bdf      	lsrs	r7, r3, #15
10001aee:	045b      	lsls	r3, r3, #17
10001af0:	1ac0      	subs	r0, r0, r3
10001af2:	41b9      	sbcs	r1, r7
10001af4:	0c13      	lsrs	r3, r2, #16
10001af6:	4373      	muls	r3, r6
10001af8:	18db      	adds	r3, r3, r3
10001afa:	1ac9      	subs	r1, r1, r3
10001afc:	08ce      	lsrs	r6, r1, #3
10001afe:	4366      	muls	r6, r4
10001b00:	0c36      	lsrs	r6, r6, #16
10001b02:	44b6      	add	lr, r6
10001b04:	b293      	uxth	r3, r2
10001b06:	4373      	muls	r3, r6
10001b08:	0f1f      	lsrs	r7, r3, #28
10001b0a:	011b      	lsls	r3, r3, #4
10001b0c:	1ac0      	subs	r0, r0, r3
10001b0e:	41b9      	sbcs	r1, r7
10001b10:	0c13      	lsrs	r3, r2, #16
10001b12:	4373      	muls	r3, r6
10001b14:	0b1f      	lsrs	r7, r3, #12
10001b16:	051b      	lsls	r3, r3, #20
10001b18:	1ac0      	subs	r0, r0, r3
10001b1a:	41b9      	sbcs	r1, r7
10001b1c:	0d86      	lsrs	r6, r0, #22
10001b1e:	028f      	lsls	r7, r1, #10
10001b20:	433e      	orrs	r6, r7
10001b22:	4366      	muls	r6, r4
10001b24:	0c36      	lsrs	r6, r6, #16
10001b26:	2d09      	cmp	r5, #9
10001b28:	db24      	blt.n	10001b74 <last0>
10001b2a:	0a52      	lsrs	r2, r2, #9
10001b2c:	4372      	muls	r2, r6
10001b2e:	1a80      	subs	r0, r0, r2
10001b30:	0377      	lsls	r7, r6, #13
10001b32:	0a46      	lsrs	r6, r0, #9
10001b34:	4366      	muls	r6, r4
10001b36:	0c36      	lsrs	r6, r6, #16
10001b38:	2316      	movs	r3, #22
10001b3a:	1b5b      	subs	r3, r3, r5
10001b3c:	40de      	lsrs	r6, r3
10001b3e:	40df      	lsrs	r7, r3
10001b40:	19bf      	adds	r7, r7, r6
10001b42:	4664      	mov	r4, ip
10001b44:	4366      	muls	r6, r4
10001b46:	1b82      	subs	r2, r0, r6
10001b48:	4670      	mov	r0, lr
10001b4a:	3504      	adds	r5, #4
10001b4c:	3306      	adds	r3, #6
10001b4e:	0001      	movs	r1, r0
10001b50:	40d9      	lsrs	r1, r3
10001b52:	40a8      	lsls	r0, r5
10001b54:	19c0      	adds	r0, r0, r7
10001b56:	d300      	bcc.n	10001b5a <y64_x32+0xb6>
10001b58:	3101      	adds	r1, #1
10001b5a:	42a2      	cmp	r2, r4
10001b5c:	d206      	bcs.n	10001b6c <y64_x32+0xc8>
10001b5e:	2300      	movs	r3, #0
10001b60:	bdf0      	pop	{r4, r5, r6, r7, pc}
10001b62:	0000      	.short	0x0000
10001b64:	d0000000 	.word	0xd0000000
10001b68:	ffffffff 	.word	0xffffffff
10001b6c:	1b12      	subs	r2, r2, r4
10001b6e:	3001      	adds	r0, #1
10001b70:	d3f3      	bcc.n	10001b5a <y64_x32+0xb6>
10001b72:	e7f1      	b.n	10001b58 <y64_x32+0xb4>

10001b74 <last0>:
10001b74:	2709      	movs	r7, #9
10001b76:	1b7f      	subs	r7, r7, r5
10001b78:	40fe      	lsrs	r6, r7
10001b7a:	4664      	mov	r4, ip
10001b7c:	b2a2      	uxth	r2, r4
10001b7e:	4372      	muls	r2, r6
10001b80:	1a80      	subs	r0, r0, r2
10001b82:	d200      	bcs.n	10001b86 <last0+0x12>
10001b84:	3901      	subs	r1, #1
10001b86:	0c22      	lsrs	r2, r4, #16
10001b88:	4372      	muls	r2, r6
10001b8a:	0c13      	lsrs	r3, r2, #16
10001b8c:	0412      	lsls	r2, r2, #16
10001b8e:	1a82      	subs	r2, r0, r2
10001b90:	4199      	sbcs	r1, r3
10001b92:	000b      	movs	r3, r1
10001b94:	4670      	mov	r0, lr
10001b96:	3504      	adds	r5, #4
10001b98:	3713      	adds	r7, #19
10001b9a:	0001      	movs	r1, r0
10001b9c:	40f9      	lsrs	r1, r7
10001b9e:	40a8      	lsls	r0, r5
10001ba0:	1980      	adds	r0, r0, r6
10001ba2:	d300      	bcc.n	10001ba6 <last0+0x32>
10001ba4:	3101      	adds	r1, #1
10001ba6:	2b00      	cmp	r3, #0
10001ba8:	d102      	bne.n	10001bb0 <last0+0x3c>
10001baa:	42a2      	cmp	r2, r4
10001bac:	d20a      	bcs.n	10001bc4 <last0+0x50>
10001bae:	bdf0      	pop	{r4, r5, r6, r7, pc}
10001bb0:	3001      	adds	r0, #1
10001bb2:	d300      	bcc.n	10001bb6 <last0+0x42>
10001bb4:	3101      	adds	r1, #1
10001bb6:	1b12      	subs	r2, r2, r4
10001bb8:	d2fa      	bcs.n	10001bb0 <last0+0x3c>
10001bba:	3b01      	subs	r3, #1
10001bbc:	d1f8      	bne.n	10001bb0 <last0+0x3c>
10001bbe:	42a2      	cmp	r2, r4
10001bc0:	d200      	bcs.n	10001bc4 <last0+0x50>
10001bc2:	bdf0      	pop	{r4, r5, r6, r7, pc}
10001bc4:	3001      	adds	r0, #1
10001bc6:	d300      	bcc.n	10001bca <last0+0x56>
10001bc8:	3101      	adds	r1, #1
10001bca:	1b12      	subs	r2, r2, r4
10001bcc:	e7f7      	b.n	10001bbe <last0+0x4a>

10001bce <y64_x48>:
10001bce:	b5f0      	push	{r4, r5, r6, r7, lr}
10001bd0:	0c1c      	lsrs	r4, r3, #16
10001bd2:	d000      	beq.n	10001bd6 <y64_x48+0x8>
10001bd4:	e080      	b.n	10001cd8 <y64_x64>
10001bd6:	b40c      	push	{r2, r3}
10001bd8:	2500      	movs	r5, #0
10001bda:	0a1c      	lsrs	r4, r3, #8
10001bdc:	d104      	bne.n	10001be8 <y64_x48+0x1a>
10001bde:	021b      	lsls	r3, r3, #8
10001be0:	0e16      	lsrs	r6, r2, #24
10001be2:	4333      	orrs	r3, r6
10001be4:	0212      	lsls	r2, r2, #8
10001be6:	3508      	adds	r5, #8
10001be8:	0b1c      	lsrs	r4, r3, #12
10001bea:	d104      	bne.n	10001bf6 <y64_x48+0x28>
10001bec:	011b      	lsls	r3, r3, #4
10001bee:	0f16      	lsrs	r6, r2, #28
10001bf0:	4333      	orrs	r3, r6
10001bf2:	0112      	lsls	r2, r2, #4
10001bf4:	3504      	adds	r5, #4
10001bf6:	0b9c      	lsrs	r4, r3, #14
10001bf8:	d104      	bne.n	10001c04 <y64_x48+0x36>
10001bfa:	009b      	lsls	r3, r3, #2
10001bfc:	0f96      	lsrs	r6, r2, #30
10001bfe:	4333      	orrs	r3, r6
10001c00:	0092      	lsls	r2, r2, #2
10001c02:	3502      	adds	r5, #2
10001c04:	0bdc      	lsrs	r4, r3, #15
10001c06:	d102      	bne.n	10001c0e <y64_x48+0x40>
10001c08:	1892      	adds	r2, r2, r2
10001c0a:	415b      	adcs	r3, r3
10001c0c:	3501      	adds	r5, #1
10001c0e:	001c      	movs	r4, r3
10001c10:	1897      	adds	r7, r2, r2
10001c12:	4164      	adcs	r4, r4
10001c14:	3401      	adds	r4, #1
10001c16:	4f46      	ldr	r7, [pc, #280]	@ (10001d30 <y64_x64+0x58>)
10001c18:	667c      	str	r4, [r7, #100]	@ 0x64
10001c1a:	4c46      	ldr	r4, [pc, #280]	@ (10001d34 <y64_x64+0x5c>)
10001c1c:	663c      	str	r4, [r7, #96]	@ 0x60
10001c1e:	0c0e      	lsrs	r6, r1, #16
10001c20:	e7ff      	b.n	10001c22 <y64_x48+0x54>
10001c22:	e7ff      	b.n	10001c24 <y64_x48+0x56>
10001c24:	e7ff      	b.n	10001c26 <y64_x48+0x58>
10001c26:	46c0      	nop			@ (mov r8, r8)
10001c28:	6f3c      	ldr	r4, [r7, #112]	@ 0x70
10001c2a:	4366      	muls	r6, r4
10001c2c:	0c36      	lsrs	r6, r6, #16
10001c2e:	0377      	lsls	r7, r6, #13
10001c30:	46be      	mov	lr, r7
10001c32:	b297      	uxth	r7, r2
10001c34:	4377      	muls	r7, r6
10001c36:	1bc0      	subs	r0, r0, r7
10001c38:	d200      	bcs.n	10001c3c <y64_x48+0x6e>
10001c3a:	3901      	subs	r1, #1
10001c3c:	1bc0      	subs	r0, r0, r7
10001c3e:	d200      	bcs.n	10001c42 <y64_x48+0x74>
10001c40:	3901      	subs	r1, #1
10001c42:	b29f      	uxth	r7, r3
10001c44:	4377      	muls	r7, r6
10001c46:	1bc9      	subs	r1, r1, r7
10001c48:	1bc9      	subs	r1, r1, r7
10001c4a:	0c17      	lsrs	r7, r2, #16
10001c4c:	4377      	muls	r7, r6
10001c4e:	047e      	lsls	r6, r7, #17
10001c50:	0bff      	lsrs	r7, r7, #15
10001c52:	1b80      	subs	r0, r0, r6
10001c54:	41b9      	sbcs	r1, r7
10001c56:	08ce      	lsrs	r6, r1, #3
10001c58:	4366      	muls	r6, r4
10001c5a:	0c36      	lsrs	r6, r6, #16
10001c5c:	2d0c      	cmp	r5, #12
10001c5e:	db33      	blt.n	10001cc8 <last1>
10001c60:	44b6      	add	lr, r6
10001c62:	0b12      	lsrs	r2, r2, #12
10001c64:	051f      	lsls	r7, r3, #20
10001c66:	433a      	orrs	r2, r7
10001c68:	0b1b      	lsrs	r3, r3, #12
10001c6a:	b297      	uxth	r7, r2
10001c6c:	4377      	muls	r7, r6
10001c6e:	1bc0      	subs	r0, r0, r7
10001c70:	d200      	bcs.n	10001c74 <y64_x48+0xa6>
10001c72:	3901      	subs	r1, #1
10001c74:	b29f      	uxth	r7, r3
10001c76:	4377      	muls	r7, r6
10001c78:	1bc9      	subs	r1, r1, r7
10001c7a:	0c17      	lsrs	r7, r2, #16
10001c7c:	4377      	muls	r7, r6
10001c7e:	043e      	lsls	r6, r7, #16
10001c80:	0c3f      	lsrs	r7, r7, #16
10001c82:	1b80      	subs	r0, r0, r6
10001c84:	41b9      	sbcs	r1, r7
10001c86:	0d86      	lsrs	r6, r0, #22
10001c88:	028f      	lsls	r7, r1, #10
10001c8a:	433e      	orrs	r6, r7
10001c8c:	4366      	muls	r6, r4
10001c8e:	2729      	movs	r7, #41	@ 0x29
10001c90:	1b7f      	subs	r7, r7, r5
10001c92:	40fe      	lsrs	r6, r7
10001c94:	3d0c      	subs	r5, #12
10001c96:	4677      	mov	r7, lr
10001c98:	40af      	lsls	r7, r5
10001c9a:	19bf      	adds	r7, r7, r6
10001c9c:	bc30      	pop	{r4, r5}
10001c9e:	b2a2      	uxth	r2, r4
10001ca0:	b2ab      	uxth	r3, r5
10001ca2:	4372      	muls	r2, r6
10001ca4:	4373      	muls	r3, r6
10001ca6:	1a80      	subs	r0, r0, r2
10001ca8:	4199      	sbcs	r1, r3
10001caa:	0c22      	lsrs	r2, r4, #16
10001cac:	4372      	muls	r2, r6
10001cae:	0c13      	lsrs	r3, r2, #16
10001cb0:	0412      	lsls	r2, r2, #16
10001cb2:	1a80      	subs	r0, r0, r2
10001cb4:	4199      	sbcs	r1, r3
10001cb6:	0002      	movs	r2, r0
10001cb8:	000b      	movs	r3, r1
10001cba:	3701      	adds	r7, #1
10001cbc:	1b00      	subs	r0, r0, r4
10001cbe:	41a9      	sbcs	r1, r5
10001cc0:	d2f9      	bcs.n	10001cb6 <y64_x48+0xe8>
10001cc2:	1e78      	subs	r0, r7, #1
10001cc4:	2100      	movs	r1, #0
10001cc6:	bdf0      	pop	{r4, r5, r6, r7, pc}

10001cc8 <last1>:
10001cc8:	270c      	movs	r7, #12
10001cca:	1b7f      	subs	r7, r7, r5
10001ccc:	40fe      	lsrs	r6, r7
10001cce:	4677      	mov	r7, lr
10001cd0:	0b7f      	lsrs	r7, r7, #13
10001cd2:	40af      	lsls	r7, r5
10001cd4:	19ff      	adds	r7, r7, r7
10001cd6:	e7e0      	b.n	10001c9a <y64_x48+0xcc>

10001cd8 <y64_x64>:
10001cd8:	2400      	movs	r4, #0
10001cda:	1c5d      	adds	r5, r3, #1
10001cdc:	d007      	beq.n	10001cee <y64_x64+0x16>
10001cde:	4f14      	ldr	r7, [pc, #80]	@ (10001d30 <y64_x64+0x58>)
10001ce0:	667d      	str	r5, [r7, #100]	@ 0x64
10001ce2:	6639      	str	r1, [r7, #96]	@ 0x60
10001ce4:	e7ff      	b.n	10001ce6 <y64_x64+0xe>
10001ce6:	e7ff      	b.n	10001ce8 <y64_x64+0x10>
10001ce8:	e7ff      	b.n	10001cea <y64_x64+0x12>
10001cea:	e7ff      	b.n	10001cec <y64_x64+0x14>
10001cec:	6f3c      	ldr	r4, [r7, #112]	@ 0x70
10001cee:	b295      	uxth	r5, r2
10001cf0:	b29e      	uxth	r6, r3
10001cf2:	4365      	muls	r5, r4
10001cf4:	4366      	muls	r6, r4
10001cf6:	1b40      	subs	r0, r0, r5
10001cf8:	41b1      	sbcs	r1, r6
10001cfa:	0c15      	lsrs	r5, r2, #16
10001cfc:	0c1e      	lsrs	r6, r3, #16
10001cfe:	4365      	muls	r5, r4
10001d00:	4366      	muls	r6, r4
10001d02:	0436      	lsls	r6, r6, #16
10001d04:	0c2f      	lsrs	r7, r5, #16
10001d06:	433e      	orrs	r6, r7
10001d08:	042d      	lsls	r5, r5, #16
10001d0a:	1b40      	subs	r0, r0, r5
10001d0c:	41b1      	sbcs	r1, r6
10001d0e:	4299      	cmp	r1, r3
10001d10:	d204      	bcs.n	10001d1c <y64_x64+0x44>
10001d12:	0002      	movs	r2, r0
10001d14:	000b      	movs	r3, r1
10001d16:	0020      	movs	r0, r4
10001d18:	2100      	movs	r1, #0
10001d1a:	bdf0      	pop	{r4, r5, r6, r7, pc}
10001d1c:	d101      	bne.n	10001d22 <y64_x64+0x4a>
10001d1e:	4290      	cmp	r0, r2
10001d20:	d3f7      	bcc.n	10001d12 <y64_x64+0x3a>
10001d22:	1a80      	subs	r0, r0, r2
10001d24:	4199      	sbcs	r1, r3
10001d26:	3401      	adds	r4, #1
10001d28:	4299      	cmp	r1, r3
10001d2a:	d3f2      	bcc.n	10001d12 <y64_x64+0x3a>
10001d2c:	e7f6      	b.n	10001d1c <y64_x64+0x44>
10001d2e:	0000      	.short	0x0000
10001d30:	d0000000 	.word	0xd0000000
10001d34:	ffffffff 	.word	0xffffffff

10001d38 <__wrap___aeabi_drsub>:
10001d38:	4048      	eors	r0, r1
10001d3a:	4041      	eors	r1, r0
10001d3c:	4048      	eors	r0, r1

10001d3e <__wrap___aeabi_dsub>:
10001d3e:	b418      	push	{r3, r4}
10001d40:	4b1b      	ldr	r3, [pc, #108]	@ (10001db0 <__wrap___aeabi_dmul+0x12>)
10001d42:	685b      	ldr	r3, [r3, #4]
10001d44:	46fc      	mov	ip, pc
10001d46:	9301      	str	r3, [sp, #4]
10001d48:	bd08      	pop	{r3, pc}
10001d4a:	df04      	.short	0xdf04
10001d4c:	10001fe3 	.word	0x10001fe3

10001d50 <__wrap___aeabi_dadd>:
10001d50:	b418      	push	{r3, r4}
10001d52:	4b17      	ldr	r3, [pc, #92]	@ (10001db0 <__wrap___aeabi_dmul+0x12>)
10001d54:	681b      	ldr	r3, [r3, #0]
10001d56:	46fc      	mov	ip, pc
10001d58:	9301      	str	r3, [sp, #4]
10001d5a:	bd08      	pop	{r3, pc}
10001d5c:	1feddf00 	.word	0x1feddf00
10001d60:	1000      	.short	0x1000

10001d62 <__wrap___aeabi_ddiv>:
10001d62:	4694      	mov	ip, r2
10001d64:	4a13      	ldr	r2, [pc, #76]	@ (10001db4 <__wrap___aeabi_dmul+0x16>)
10001d66:	6f92      	ldr	r2, [r2, #120]	@ 0x78
10001d68:	0892      	lsrs	r2, r2, #2
10001d6a:	d209      	bcs.n	10001d80 <ddiv_save_state>
10001d6c:	4662      	mov	r2, ip

10001d6e <ddiv_shim_call>:
10001d6e:	b418      	push	{r3, r4}
10001d70:	4b0f      	ldr	r3, [pc, #60]	@ (10001db0 <__wrap___aeabi_dmul+0x12>)
10001d72:	68db      	ldr	r3, [r3, #12]
10001d74:	46fc      	mov	ip, pc
10001d76:	9301      	str	r3, [sp, #4]
10001d78:	bd08      	pop	{r3, pc}
10001d7a:	df0c      	.short	0xdf0c
10001d7c:	100022a5 	.word	0x100022a5

10001d80 <ddiv_save_state>:
10001d80:	4a0c      	ldr	r2, [pc, #48]	@ (10001db4 <__wrap___aeabi_dmul+0x16>)
10001d82:	b5f0      	push	{r4, r5, r6, r7, lr}
10001d84:	6e14      	ldr	r4, [r2, #96]	@ 0x60
10001d86:	6e55      	ldr	r5, [r2, #100]	@ 0x64
10001d88:	6f57      	ldr	r7, [r2, #116]	@ 0x74
10001d8a:	6f16      	ldr	r6, [r2, #112]	@ 0x70
10001d8c:	4662      	mov	r2, ip
10001d8e:	f7ff ffee 	bl	10001d6e <ddiv_shim_call>
10001d92:	4a08      	ldr	r2, [pc, #32]	@ (10001db4 <__wrap___aeabi_dmul+0x16>)
10001d94:	6614      	str	r4, [r2, #96]	@ 0x60
10001d96:	6655      	str	r5, [r2, #100]	@ 0x64
10001d98:	6757      	str	r7, [r2, #116]	@ 0x74
10001d9a:	6716      	str	r6, [r2, #112]	@ 0x70
10001d9c:	bdf0      	pop	{r4, r5, r6, r7, pc}

10001d9e <__wrap___aeabi_dmul>:
10001d9e:	b418      	push	{r3, r4}
10001da0:	4b03      	ldr	r3, [pc, #12]	@ (10001db0 <__wrap___aeabi_dmul+0x12>)
10001da2:	689b      	ldr	r3, [r3, #8]
10001da4:	46fc      	mov	ip, pc
10001da6:	9301      	str	r3, [sp, #4]
10001da8:	bd08      	pop	{r3, pc}
10001daa:	df08      	.short	0xdf08
10001dac:	10002149 	.word	0x10002149
10001db0:	200012b0 	.word	0x200012b0
10001db4:	d0000000 	.word	0xd0000000

10001db8 <__wrap___aeabi_cdrcmple>:
10001db8:	b5ff      	push	{r0, r1, r2, r3, r4, r5, r6, r7, lr}
10001dba:	4050      	eors	r0, r2
10001dbc:	4042      	eors	r2, r0
10001dbe:	4050      	eors	r0, r2
10001dc0:	4059      	eors	r1, r3
10001dc2:	404b      	eors	r3, r1
10001dc4:	4059      	eors	r1, r3
10001dc6:	e000      	b.n	10001dca <__aeabi_dfcmple_guts>

10001dc8 <__wrap___aeabi_cdcmpeq>:
10001dc8:	b5ff      	push	{r0, r1, r2, r3, r4, r5, r6, r7, lr}

10001dca <__aeabi_dfcmple_guts>:
10001dca:	4f15      	ldr	r7, [pc, #84]	@ (10001e20 <__aeabi_dfcmple_guts+0x56>)
10001dcc:	004c      	lsls	r4, r1, #1
10001dce:	0d64      	lsrs	r4, r4, #21
10001dd0:	d003      	beq.n	10001dda <__aeabi_dfcmple_guts+0x10>
10001dd2:	42bc      	cmp	r4, r7
10001dd4:	d104      	bne.n	10001de0 <__aeabi_dfcmple_guts+0x16>
10001dd6:	030c      	lsls	r4, r1, #12
10001dd8:	d814      	bhi.n	10001e04 <__aeabi_dfcmple_guts+0x3a>
10001dda:	2000      	movs	r0, #0
10001ddc:	0d09      	lsrs	r1, r1, #20
10001dde:	0509      	lsls	r1, r1, #20
10001de0:	005c      	lsls	r4, r3, #1
10001de2:	0d64      	lsrs	r4, r4, #21
10001de4:	d003      	beq.n	10001dee <__aeabi_dfcmple_guts+0x24>
10001de6:	42bc      	cmp	r4, r7
10001de8:	d104      	bne.n	10001df4 <__aeabi_dfcmple_guts+0x2a>
10001dea:	031c      	lsls	r4, r3, #12
10001dec:	d80a      	bhi.n	10001e04 <__aeabi_dfcmple_guts+0x3a>
10001dee:	2200      	movs	r2, #0
10001df0:	0d1b      	lsrs	r3, r3, #20
10001df2:	051b      	lsls	r3, r3, #20
10001df4:	2601      	movs	r6, #1
10001df6:	404b      	eors	r3, r1
10001df8:	d409      	bmi.n	10001e0e <__aeabi_dfcmple_guts+0x44>
10001dfa:	404b      	eors	r3, r1
10001dfc:	d503      	bpl.n	10001e06 <__aeabi_dfcmple_guts+0x3c>
10001dfe:	428b      	cmp	r3, r1
10001e00:	d100      	bne.n	10001e04 <__aeabi_dfcmple_guts+0x3a>
10001e02:	4282      	cmp	r2, r0
10001e04:	bdff      	pop	{r0, r1, r2, r3, r4, r5, r6, r7, pc}
10001e06:	4299      	cmp	r1, r3
10001e08:	d1fc      	bne.n	10001e04 <__aeabi_dfcmple_guts+0x3a>
10001e0a:	4290      	cmp	r0, r2
10001e0c:	bdff      	pop	{r0, r1, r2, r3, r4, r5, r6, r7, pc}
10001e0e:	430b      	orrs	r3, r1
10001e10:	18db      	adds	r3, r3, r3
10001e12:	4303      	orrs	r3, r0
10001e14:	4313      	orrs	r3, r2
10001e16:	d0f5      	beq.n	10001e04 <__aeabi_dfcmple_guts+0x3a>
10001e18:	43c9      	mvns	r1, r1
10001e1a:	1849      	adds	r1, r1, r1
10001e1c:	bdff      	pop	{r0, r1, r2, r3, r4, r5, r6, r7, pc}
10001e1e:	0000      	.short	0x0000
10001e20:	000007ff 	.word	0x000007ff

10001e24 <__wrap___aeabi_dcmplt>:
10001e24:	b500      	push	{lr}
10001e26:	f7ff ffcf 	bl	10001dc8 <__wrap___aeabi_cdcmpeq>
10001e2a:	4180      	sbcs	r0, r0
10001e2c:	bd00      	pop	{pc}
10001e2e:	46c0      	nop			@ (mov r8, r8)

10001e30 <__wrap___aeabi_dcmple>:
10001e30:	b500      	push	{lr}
10001e32:	f7ff ffc9 	bl	10001dc8 <__wrap___aeabi_cdcmpeq>
10001e36:	d901      	bls.n	10001e3c <__wrap___aeabi_dcmple+0xc>
10001e38:	2000      	movs	r0, #0
10001e3a:	bd00      	pop	{pc}
10001e3c:	2001      	movs	r0, #1
10001e3e:	bd00      	pop	{pc}

10001e40 <__wrap___aeabi_dcmpge>:
10001e40:	b500      	push	{lr}
10001e42:	f7ff ffb9 	bl	10001db8 <__wrap___aeabi_cdrcmple>
10001e46:	d901      	bls.n	10001e4c <__wrap___aeabi_dcmpge+0xc>
10001e48:	2000      	movs	r0, #0
10001e4a:	bd00      	pop	{pc}
10001e4c:	2001      	movs	r0, #1
10001e4e:	bd00      	pop	{pc}

10001e50 <__wrap___aeabi_dcmpgt>:
10001e50:	b500      	push	{lr}
10001e52:	f7ff ffb1 	bl	10001db8 <__wrap___aeabi_cdrcmple>
10001e56:	4180      	sbcs	r0, r0
10001e58:	bd00      	pop	{pc}

10001e5a <__wrap___aeabi_dcmpun>:
10001e5a:	2001      	movs	r0, #1
10001e5c:	0540      	lsls	r0, r0, #21
10001e5e:	004a      	lsls	r2, r1, #1
10001e60:	1812      	adds	r2, r2, r0
10001e62:	d804      	bhi.n	10001e6e <__wrap___aeabi_dcmpun+0x14>
10001e64:	005a      	lsls	r2, r3, #1
10001e66:	1812      	adds	r2, r2, r0
10001e68:	d801      	bhi.n	10001e6e <__wrap___aeabi_dcmpun+0x14>
10001e6a:	2000      	movs	r0, #0
10001e6c:	4770      	bx	lr
10001e6e:	2001      	movs	r0, #1
10001e70:	4770      	bx	lr
	...

10001e74 <__wrap___aeabi_ui2d>:
10001e74:	2100      	movs	r1, #0
10001e76:	2800      	cmp	r0, #0
10001e78:	d105      	bne.n	10001e86 <__wrap___aeabi_i2d+0xa>
10001e7a:	4770      	bx	lr

10001e7c <__wrap___aeabi_i2d>:
10001e7c:	17c1      	asrs	r1, r0, #31
10001e7e:	4048      	eors	r0, r1
10001e80:	1a40      	subs	r0, r0, r1
10001e82:	d0fa      	beq.n	10001e7a <__wrap___aeabi_ui2d+0x6>
10001e84:	07c9      	lsls	r1, r1, #31
10001e86:	b513      	push	{r0, r1, r4, lr}
10001e88:	4b06      	ldr	r3, [pc, #24]	@ (10001ea4 <__wrap___aeabi_i2d+0x28>)
10001e8a:	681b      	ldr	r3, [r3, #0]
10001e8c:	4798      	blx	r3
10001e8e:	bc0c      	pop	{r2, r3}
10001e90:	1c44      	adds	r4, r0, #1
10001e92:	40a2      	lsls	r2, r4
10001e94:	0510      	lsls	r0, r2, #20
10001e96:	0b12      	lsrs	r2, r2, #12
10001e98:	4903      	ldr	r1, [pc, #12]	@ (10001ea8 <__wrap___aeabi_i2d+0x2c>)
10001e9a:	1b09      	subs	r1, r1, r4
10001e9c:	0509      	lsls	r1, r1, #20
10001e9e:	4319      	orrs	r1, r3
10001ea0:	4311      	orrs	r1, r2
10001ea2:	bd10      	pop	{r4, pc}
10001ea4:	20001f30 	.word	0x20001f30
10001ea8:	0000041f 	.word	0x0000041f

10001eac <__wrap___aeabi_d2iz>:
10001eac:	b510      	push	{r4, lr}
10001eae:	004c      	lsls	r4, r1, #1
10001eb0:	0d62      	lsrs	r2, r4, #21
10001eb2:	2380      	movs	r3, #128	@ 0x80
10001eb4:	18d2      	adds	r2, r2, r3
10001eb6:	00db      	lsls	r3, r3, #3
10001eb8:	1ad2      	subs	r2, r2, r3
10001eba:	055b      	lsls	r3, r3, #21
10001ebc:	2a7e      	cmp	r2, #126	@ 0x7e
10001ebe:	dd10      	ble.n	10001ee2 <__wrap___aeabi_d2iz+0x36>
10001ec0:	3a9e      	subs	r2, #158	@ 0x9e
10001ec2:	da13      	bge.n	10001eec <__wrap___aeabi_d2iz+0x40>
10001ec4:	17cc      	asrs	r4, r1, #31
10001ec6:	0309      	lsls	r1, r1, #12
10001ec8:	0849      	lsrs	r1, r1, #1
10001eca:	4319      	orrs	r1, r3
10001ecc:	4252      	negs	r2, r2
10001ece:	40d1      	lsrs	r1, r2
10001ed0:	0064      	lsls	r4, r4, #1
10001ed2:	3401      	adds	r4, #1
10001ed4:	3215      	adds	r2, #21
10001ed6:	2a20      	cmp	r2, #32
10001ed8:	da05      	bge.n	10001ee6 <__wrap___aeabi_d2iz+0x3a>
10001eda:	40d0      	lsrs	r0, r2
10001edc:	4308      	orrs	r0, r1
10001ede:	4360      	muls	r0, r4
10001ee0:	bd10      	pop	{r4, pc}
10001ee2:	2000      	movs	r0, #0
10001ee4:	bd10      	pop	{r4, pc}
10001ee6:	4608      	mov	r0, r1
10001ee8:	4360      	muls	r0, r4
10001eea:	bd10      	pop	{r4, pc}
10001eec:	0fc8      	lsrs	r0, r1, #31
10001eee:	18c0      	adds	r0, r0, r3
10001ef0:	3801      	subs	r0, #1
10001ef2:	bd10      	pop	{r4, pc}

10001ef4 <__wrap___aeabi_d2uiz>:
10001ef4:	b418      	push	{r3, r4}
10001ef6:	4b04      	ldr	r3, [pc, #16]	@ (10001f08 <__wrap___aeabi_d2uiz+0x14>)
10001ef8:	6a5b      	ldr	r3, [r3, #36]	@ 0x24
10001efa:	46fc      	mov	ip, pc
10001efc:	9301      	str	r3, [sp, #4]
10001efe:	bd08      	pop	{r3, pc}
10001f00:	2455df24 	.word	0x2455df24
10001f04:	00001000 	.word	0x00001000
10001f08:	200012b0 	.word	0x200012b0

10001f0c <__aeabi_double_init>:
10001f0c:	2313      	movs	r3, #19
10001f0e:	b570      	push	{r4, r5, r6, lr}
10001f10:	781d      	ldrb	r5, [r3, #0]
10001f12:	2d01      	cmp	r5, #1
10001f14:	d019      	beq.n	10001f4a <__aeabi_double_init+0x3e>
10001f16:	dd14      	ble.n	10001f42 <__aeabi_double_init+0x36>
10001f18:	481f      	ldr	r0, [pc, #124]	@ (10001f98 <__aeabi_double_init+0x8c>)
10001f1a:	f7ff fb2f 	bl	1000157c <rom_data_lookup>
10001f1e:	0006      	movs	r6, r0
10001f20:	481e      	ldr	r0, [pc, #120]	@ (10001f9c <__aeabi_double_init+0x90>)
10001f22:	f7ff fb2b 	bl	1000157c <rom_data_lookup>
10001f26:	4c1e      	ldr	r4, [pc, #120]	@ (10001fa0 <__aeabi_double_init+0x94>)
10001f28:	2280      	movs	r2, #128	@ 0x80
10001f2a:	0031      	movs	r1, r6
10001f2c:	0020      	movs	r0, r4
10001f2e:	f000 fb61 	bl	100025f4 <__wrap___aeabi_memcpy>
10001f32:	2d02      	cmp	r5, #2
10001f34:	d02d      	beq.n	10001f92 <__aeabi_double_init+0x86>
10001f36:	481b      	ldr	r0, [pc, #108]	@ (10001fa4 <__aeabi_double_init+0x98>)
10001f38:	f7ff fb18 	bl	1000156c <rom_func_lookup>
10001f3c:	4b1a      	ldr	r3, [pc, #104]	@ (10001fa8 <__aeabi_double_init+0x9c>)
10001f3e:	6018      	str	r0, [r3, #0]
10001f40:	bd70      	pop	{r4, r5, r6, pc}
10001f42:	4b1a      	ldr	r3, [pc, #104]	@ (10001fac <__aeabi_double_init+0xa0>)
10001f44:	4c16      	ldr	r4, [pc, #88]	@ (10001fa0 <__aeabi_double_init+0x94>)
10001f46:	64a3      	str	r3, [r4, #72]	@ 0x48
10001f48:	e7f5      	b.n	10001f36 <__aeabi_double_init+0x2a>
10001f4a:	4b18      	ldr	r3, [pc, #96]	@ (10001fac <__aeabi_double_init+0xa0>)
10001f4c:	4c14      	ldr	r4, [pc, #80]	@ (10001fa0 <__aeabi_double_init+0x94>)
10001f4e:	6023      	str	r3, [r4, #0]
10001f50:	6063      	str	r3, [r4, #4]
10001f52:	60a3      	str	r3, [r4, #8]
10001f54:	60e3      	str	r3, [r4, #12]
10001f56:	6123      	str	r3, [r4, #16]
10001f58:	6163      	str	r3, [r4, #20]
10001f5a:	61a3      	str	r3, [r4, #24]
10001f5c:	61e3      	str	r3, [r4, #28]
10001f5e:	6223      	str	r3, [r4, #32]
10001f60:	6263      	str	r3, [r4, #36]	@ 0x24
10001f62:	62a3      	str	r3, [r4, #40]	@ 0x28
10001f64:	62e3      	str	r3, [r4, #44]	@ 0x2c
10001f66:	6323      	str	r3, [r4, #48]	@ 0x30
10001f68:	6363      	str	r3, [r4, #52]	@ 0x34
10001f6a:	63a3      	str	r3, [r4, #56]	@ 0x38
10001f6c:	63e3      	str	r3, [r4, #60]	@ 0x3c
10001f6e:	6423      	str	r3, [r4, #64]	@ 0x40
10001f70:	6463      	str	r3, [r4, #68]	@ 0x44
10001f72:	64a3      	str	r3, [r4, #72]	@ 0x48
10001f74:	64e3      	str	r3, [r4, #76]	@ 0x4c
10001f76:	6523      	str	r3, [r4, #80]	@ 0x50
10001f78:	6563      	str	r3, [r4, #84]	@ 0x54
10001f7a:	65a3      	str	r3, [r4, #88]	@ 0x58
10001f7c:	65e3      	str	r3, [r4, #92]	@ 0x5c
10001f7e:	6623      	str	r3, [r4, #96]	@ 0x60
10001f80:	6663      	str	r3, [r4, #100]	@ 0x64
10001f82:	66a3      	str	r3, [r4, #104]	@ 0x68
10001f84:	66e3      	str	r3, [r4, #108]	@ 0x6c
10001f86:	6723      	str	r3, [r4, #112]	@ 0x70
10001f88:	6763      	str	r3, [r4, #116]	@ 0x74
10001f8a:	67a3      	str	r3, [r4, #120]	@ 0x78
10001f8c:	67e3      	str	r3, [r4, #124]	@ 0x7c
10001f8e:	64a3      	str	r3, [r4, #72]	@ 0x48
10001f90:	e7d1      	b.n	10001f36 <__aeabi_double_init+0x2a>
10001f92:	4b06      	ldr	r3, [pc, #24]	@ (10001fac <__aeabi_double_init+0xa0>)
10001f94:	64a3      	str	r3, [r4, #72]	@ 0x48
10001f96:	e7ce      	b.n	10001f36 <__aeabi_double_init+0x2a>
10001f98:	00004453 	.word	0x00004453
10001f9c:	00004653 	.word	0x00004653
10001fa0:	200012b0 	.word	0x200012b0
10001fa4:	0000334c 	.word	0x0000334c
10001fa8:	20001f30 	.word	0x20001f30
10001fac:	10001fb1 	.word	0x10001fb1

10001fb0 <double_table_shim_on_use_helper>:
10001fb0:	b507      	push	{r0, r1, r2, lr}
10001fb2:	4660      	mov	r0, ip
10001fb4:	8801      	ldrh	r1, [r0, #0]
10001fb6:	0a0a      	lsrs	r2, r1, #8
10001fb8:	3002      	adds	r0, #2
10001fba:	2adf      	cmp	r2, #223	@ 0xdf
10001fbc:	d1fa      	bne.n	10001fb4 <double_table_shim_on_use_helper+0x4>
10001fbe:	b2c9      	uxtb	r1, r1
10001fc0:	0882      	lsrs	r2, r0, #2
10001fc2:	d304      	bcc.n	10001fce <double_table_shim_on_use_helper+0x1e>
10001fc4:	8802      	ldrh	r2, [r0, #0]
10001fc6:	8840      	ldrh	r0, [r0, #2]
10001fc8:	0400      	lsls	r0, r0, #16
10001fca:	4310      	orrs	r0, r2
10001fcc:	e000      	b.n	10001fd0 <double_table_shim_on_use_helper+0x20>
10001fce:	6800      	ldr	r0, [r0, #0]
10001fd0:	4a01      	ldr	r2, [pc, #4]	@ (10001fd8 <double_table_shim_on_use_helper+0x28>)
10001fd2:	5050      	str	r0, [r2, r1]
10001fd4:	9003      	str	r0, [sp, #12]
10001fd6:	bd07      	pop	{r0, r1, r2, pc}
10001fd8:	200012b0 	.word	0x200012b0

10001fdc <drsub_shim>:
10001fdc:	b40f      	push	{r0, r1, r2, r3}
10001fde:	bc03      	pop	{r0, r1}
10001fe0:	bc0c      	pop	{r2, r3}

10001fe2 <dsub_shim>:
10001fe2:	b5f0      	push	{r4, r5, r6, r7, lr}
10001fe4:	2401      	movs	r4, #1
10001fe6:	07e4      	lsls	r4, r4, #31
10001fe8:	4063      	eors	r3, r4
10001fea:	e000      	b.n	10001fee <da_entry>

10001fec <dadd_shim>:
10001fec:	b5f0      	push	{r4, r5, r6, r7, lr}

10001fee <da_entry>:
10001fee:	0d0c      	lsrs	r4, r1, #20
10001ff0:	0fcf      	lsrs	r7, r1, #31
10001ff2:	1e66      	subs	r6, r4, #1
10001ff4:	0536      	lsls	r6, r6, #20
10001ff6:	1b89      	subs	r1, r1, r6
10001ff8:	0564      	lsls	r4, r4, #21
10001ffa:	d303      	bcc.n	10002004 <l8_1>
10001ffc:	43c9      	mvns	r1, r1
10001ffe:	4240      	negs	r0, r0
10002000:	d300      	bcc.n	10002004 <l8_1>
10002002:	3101      	adds	r1, #1

10002004 <l8_1>:
10002004:	0d64      	lsrs	r4, r4, #21
10002006:	d003      	beq.n	10002010 <l8_2>
10002008:	1c66      	adds	r6, r4, #1
1000200a:	0af6      	lsrs	r6, r6, #11
1000200c:	d007      	beq.n	1000201e <l8_3>
1000200e:	1be4      	subs	r4, r4, r7

10002010 <l8_2>:
10002010:	2000      	movs	r0, #0
10002012:	007f      	lsls	r7, r7, #1
10002014:	1c79      	adds	r1, r7, #1
10002016:	0789      	lsls	r1, r1, #30
10002018:	1289      	asrs	r1, r1, #10
1000201a:	3c80      	subs	r4, #128	@ 0x80
1000201c:	0324      	lsls	r4, r4, #12

1000201e <l8_3>:
1000201e:	0d1d      	lsrs	r5, r3, #20
10002020:	0fdf      	lsrs	r7, r3, #31
10002022:	1e6e      	subs	r6, r5, #1
10002024:	0536      	lsls	r6, r6, #20
10002026:	1b9b      	subs	r3, r3, r6
10002028:	056d      	lsls	r5, r5, #21
1000202a:	d303      	bcc.n	10002034 <l9_1>
1000202c:	43db      	mvns	r3, r3
1000202e:	4252      	negs	r2, r2
10002030:	d300      	bcc.n	10002034 <l9_1>
10002032:	3301      	adds	r3, #1

10002034 <l9_1>:
10002034:	0d6d      	lsrs	r5, r5, #21
10002036:	d003      	beq.n	10002040 <l9_2>
10002038:	1c6e      	adds	r6, r5, #1
1000203a:	0af6      	lsrs	r6, r6, #11
1000203c:	d007      	beq.n	1000204e <l9_3>
1000203e:	1bed      	subs	r5, r5, r7

10002040 <l9_2>:
10002040:	2200      	movs	r2, #0
10002042:	007f      	lsls	r7, r7, #1
10002044:	1c7b      	adds	r3, r7, #1
10002046:	079b      	lsls	r3, r3, #30
10002048:	129b      	asrs	r3, r3, #10
1000204a:	3d80      	subs	r5, #128	@ 0x80
1000204c:	032d      	lsls	r5, r5, #12

1000204e <l9_3>:
1000204e:	1b2f      	subs	r7, r5, r4
10002050:	1b66      	subs	r6, r4, r5
10002052:	d458      	bmi.n	10002106 <da_ygtx>
10002054:	46a4      	mov	ip, r4
10002056:	2e20      	cmp	r6, #32
10002058:	da46      	bge.n	100020e8 <da_xrgty>
1000205a:	3720      	adds	r7, #32
1000205c:	0014      	movs	r4, r2
1000205e:	40bc      	lsls	r4, r7

10002060 <da_xgty0>:
10002060:	001d      	movs	r5, r3
10002062:	40bd      	lsls	r5, r7
10002064:	40f2      	lsrs	r2, r6
10002066:	4133      	asrs	r3, r6
10002068:	432a      	orrs	r2, r5

1000206a <da_add>:
1000206a:	1880      	adds	r0, r0, r2
1000206c:	4159      	adcs	r1, r3

1000206e <da_pack>:
1000206e:	0fcb      	lsrs	r3, r1, #31
10002070:	d005      	beq.n	1000207e <da_pack+0x10>
10002072:	43c9      	mvns	r1, r1
10002074:	43c0      	mvns	r0, r0
10002076:	2200      	movs	r2, #0
10002078:	4264      	negs	r4, r4
1000207a:	4150      	adcs	r0, r2
1000207c:	4151      	adcs	r1, r2
1000207e:	4662      	mov	r2, ip
10002080:	0d4d      	lsrs	r5, r1, #21
10002082:	d128      	bne.n	100020d6 <da_0>
10002084:	0d0d      	lsrs	r5, r1, #20
10002086:	d107      	bne.n	10002098 <da_1>
10002088:	2800      	cmp	r0, #0
1000208a:	d01f      	beq.n	100020cc <da_5>

1000208c <da_2>:
1000208c:	1924      	adds	r4, r4, r4
1000208e:	4140      	adcs	r0, r0
10002090:	4149      	adcs	r1, r1
10002092:	3a01      	subs	r2, #1
10002094:	0d0d      	lsrs	r5, r1, #20
10002096:	d0f9      	beq.n	1000208c <da_2>

10002098 <da_1>:
10002098:	0064      	lsls	r4, r4, #1
1000209a:	d306      	bcc.n	100020aa <da_3>

1000209c <da_4>:
1000209c:	3001      	adds	r0, #1
1000209e:	d300      	bcc.n	100020a2 <da_4+0x6>
100020a0:	3101      	adds	r1, #1
100020a2:	2c00      	cmp	r4, #0
100020a4:	d101      	bne.n	100020aa <da_3>
100020a6:	0840      	lsrs	r0, r0, #1
100020a8:	0040      	lsls	r0, r0, #1

100020aa <da_3>:
100020aa:	3a01      	subs	r2, #1
100020ac:	d40b      	bmi.n	100020c6 <da_6>
100020ae:	1c94      	adds	r4, r2, #2
100020b0:	0ae4      	lsrs	r4, r4, #11
100020b2:	d104      	bne.n	100020be <da_7>
100020b4:	0512      	lsls	r2, r2, #20
100020b6:	4411      	add	r1, r2
100020b8:	07db      	lsls	r3, r3, #31
100020ba:	4419      	add	r1, r3
100020bc:	bdf0      	pop	{r4, r5, r6, r7, pc}

100020be <da_7>:
100020be:	07d9      	lsls	r1, r3, #31
100020c0:	4b20      	ldr	r3, [pc, #128]	@ (10002144 <da_xmgty+0x4>)
100020c2:	4319      	orrs	r1, r3
100020c4:	e000      	b.n	100020c8 <da_6+0x2>

100020c6 <da_6>:
100020c6:	07d9      	lsls	r1, r3, #31
100020c8:	2000      	movs	r0, #0
100020ca:	bdf0      	pop	{r4, r5, r6, r7, pc}

100020cc <da_5>:
100020cc:	2900      	cmp	r1, #0
100020ce:	d1dd      	bne.n	1000208c <da_2>
100020d0:	2c00      	cmp	r4, #0
100020d2:	d1db      	bne.n	1000208c <da_2>
100020d4:	bdf0      	pop	{r4, r5, r6, r7, pc}

100020d6 <da_0>:
100020d6:	3201      	adds	r2, #1
100020d8:	07c6      	lsls	r6, r0, #31
100020da:	0840      	lsrs	r0, r0, #1
100020dc:	07cd      	lsls	r5, r1, #31
100020de:	4328      	orrs	r0, r5
100020e0:	0849      	lsrs	r1, r1, #1
100020e2:	2e00      	cmp	r6, #0
100020e4:	d0e1      	beq.n	100020aa <da_3>
100020e6:	e7d9      	b.n	1000209c <da_4>

100020e8 <da_xrgty>:
100020e8:	2e3c      	cmp	r6, #60	@ 0x3c
100020ea:	da29      	bge.n	10002140 <da_xmgty>
100020ec:	3e20      	subs	r6, #32
100020ee:	3740      	adds	r7, #64	@ 0x40
100020f0:	0014      	movs	r4, r2
100020f2:	40bc      	lsls	r4, r7
100020f4:	d000      	beq.n	100020f8 <da_xrgty+0x10>
100020f6:	2401      	movs	r4, #1
100020f8:	40f2      	lsrs	r2, r6
100020fa:	4314      	orrs	r4, r2
100020fc:	001a      	movs	r2, r3
100020fe:	40bb      	lsls	r3, r7
10002100:	431c      	orrs	r4, r3
10002102:	17d3      	asrs	r3, r2, #31
10002104:	e7ac      	b.n	10002060 <da_xgty0>

10002106 <da_ygtx>:
10002106:	46ac      	mov	ip, r5
10002108:	2f20      	cmp	r7, #32
1000210a:	da08      	bge.n	1000211e <da_yrgtx>
1000210c:	3620      	adds	r6, #32
1000210e:	0004      	movs	r4, r0
10002110:	40b4      	lsls	r4, r6

10002112 <da_ygtx0>:
10002112:	000d      	movs	r5, r1
10002114:	40b5      	lsls	r5, r6
10002116:	40f8      	lsrs	r0, r7
10002118:	4139      	asrs	r1, r7
1000211a:	4328      	orrs	r0, r5
1000211c:	e7a5      	b.n	1000206a <da_add>

1000211e <da_yrgtx>:
1000211e:	2f3c      	cmp	r7, #60	@ 0x3c
10002120:	da0c      	bge.n	1000213c <da_ymgtx>
10002122:	3f20      	subs	r7, #32
10002124:	3640      	adds	r6, #64	@ 0x40
10002126:	0004      	movs	r4, r0
10002128:	40b4      	lsls	r4, r6
1000212a:	d000      	beq.n	1000212e <da_yrgtx+0x10>
1000212c:	2401      	movs	r4, #1
1000212e:	40f8      	lsrs	r0, r7
10002130:	4304      	orrs	r4, r0
10002132:	0008      	movs	r0, r1
10002134:	40b1      	lsls	r1, r6
10002136:	430c      	orrs	r4, r1
10002138:	17c1      	asrs	r1, r0, #31
1000213a:	e7ea      	b.n	10002112 <da_ygtx0>

1000213c <da_ymgtx>:
1000213c:	0010      	movs	r0, r2
1000213e:	0019      	movs	r1, r3

10002140 <da_xmgty>:
10002140:	2400      	movs	r4, #0
10002142:	e794      	b.n	1000206e <da_pack>
10002144:	7ff00000 	.word	0x7ff00000

10002148 <dmul_shim>:
10002148:	b5f0      	push	{r4, r5, r6, r7, lr}
1000214a:	0d0c      	lsrs	r4, r1, #20
1000214c:	1e66      	subs	r6, r4, #1
1000214e:	0536      	lsls	r6, r6, #20
10002150:	1b89      	subs	r1, r1, r6
10002152:	0ae6      	lsrs	r6, r4, #11
10002154:	0564      	lsls	r4, r4, #21
10002156:	0d64      	lsrs	r4, r4, #21
10002158:	d002      	beq.n	10002160 <l12_1>
1000215a:	1c65      	adds	r5, r4, #1
1000215c:	0aed      	lsrs	r5, r5, #11
1000215e:	d004      	beq.n	1000216a <l12_2>

10002160 <l12_1>:
10002160:	2000      	movs	r0, #0
10002162:	2101      	movs	r1, #1
10002164:	0509      	lsls	r1, r1, #20
10002166:	3c80      	subs	r4, #128	@ 0x80
10002168:	0324      	lsls	r4, r4, #12

1000216a <l12_2>:
1000216a:	46a4      	mov	ip, r4
1000216c:	0d1c      	lsrs	r4, r3, #20
1000216e:	1e67      	subs	r7, r4, #1
10002170:	053f      	lsls	r7, r7, #20
10002172:	1bdb      	subs	r3, r3, r7
10002174:	0ae7      	lsrs	r7, r4, #11
10002176:	0564      	lsls	r4, r4, #21
10002178:	0d64      	lsrs	r4, r4, #21
1000217a:	d002      	beq.n	10002182 <l13_1>
1000217c:	1c65      	adds	r5, r4, #1
1000217e:	0aed      	lsrs	r5, r5, #11
10002180:	d004      	beq.n	1000218c <l13_2>

10002182 <l13_1>:
10002182:	2200      	movs	r2, #0
10002184:	2301      	movs	r3, #1
10002186:	051b      	lsls	r3, r3, #20
10002188:	3c80      	subs	r4, #128	@ 0x80
1000218a:	0324      	lsls	r4, r4, #12

1000218c <l13_2>:
1000218c:	4077      	eors	r7, r6
1000218e:	4464      	add	r4, ip
10002190:	b497      	push	{r0, r1, r2, r4, r7}
10002192:	b284      	uxth	r4, r0
10002194:	b296      	uxth	r6, r2
10002196:	4374      	muls	r4, r6
10002198:	0c07      	lsrs	r7, r0, #16
1000219a:	437e      	muls	r6, r7
1000219c:	0c15      	lsrs	r5, r2, #16
1000219e:	436f      	muls	r7, r5
100021a0:	b280      	uxth	r0, r0
100021a2:	4368      	muls	r0, r5
100021a4:	1836      	adds	r6, r6, r0
100021a6:	d302      	bcc.n	100021ae <l14_1>
100021a8:	2001      	movs	r0, #1
100021aa:	0400      	lsls	r0, r0, #16
100021ac:	183f      	adds	r7, r7, r0

100021ae <l14_1>:
100021ae:	0430      	lsls	r0, r6, #16
100021b0:	0c35      	lsrs	r5, r6, #16
100021b2:	1900      	adds	r0, r0, r4
100021b4:	417d      	adcs	r5, r7
100021b6:	4684      	mov	ip, r0
100021b8:	b288      	uxth	r0, r1
100021ba:	b29a      	uxth	r2, r3
100021bc:	4350      	muls	r0, r2
100021be:	0c0c      	lsrs	r4, r1, #16
100021c0:	4362      	muls	r2, r4
100021c2:	0c1f      	lsrs	r7, r3, #16
100021c4:	437c      	muls	r4, r7
100021c6:	b28e      	uxth	r6, r1
100021c8:	437e      	muls	r6, r7
100021ca:	1992      	adds	r2, r2, r6
100021cc:	d302      	bcc.n	100021d4 <l15_1>
100021ce:	2601      	movs	r6, #1
100021d0:	0436      	lsls	r6, r6, #16
100021d2:	19a4      	adds	r4, r4, r6

100021d4 <l15_1>:
100021d4:	0416      	lsls	r6, r2, #16
100021d6:	0c17      	lsrs	r7, r2, #16
100021d8:	1836      	adds	r6, r6, r0
100021da:	4167      	adcs	r7, r4
100021dc:	bc01      	pop	{r0}
100021de:	b281      	uxth	r1, r0
100021e0:	b29a      	uxth	r2, r3
100021e2:	4351      	muls	r1, r2
100021e4:	0c04      	lsrs	r4, r0, #16
100021e6:	4362      	muls	r2, r4
100021e8:	0c1b      	lsrs	r3, r3, #16
100021ea:	435c      	muls	r4, r3
100021ec:	b280      	uxth	r0, r0
100021ee:	4358      	muls	r0, r3
100021f0:	1812      	adds	r2, r2, r0
100021f2:	d302      	bcc.n	100021fa <l16_1>
100021f4:	2001      	movs	r0, #1
100021f6:	0400      	lsls	r0, r0, #16
100021f8:	1824      	adds	r4, r4, r0

100021fa <l16_1>:
100021fa:	0410      	lsls	r0, r2, #16
100021fc:	0c13      	lsrs	r3, r2, #16
100021fe:	1840      	adds	r0, r0, r1
10002200:	4163      	adcs	r3, r4
10002202:	182d      	adds	r5, r5, r0
10002204:	415e      	adcs	r6, r3
10002206:	2000      	movs	r0, #0
10002208:	4147      	adcs	r7, r0
1000220a:	bc06      	pop	{r1, r2}
1000220c:	b288      	uxth	r0, r1
1000220e:	b293      	uxth	r3, r2
10002210:	4358      	muls	r0, r3
10002212:	0c0c      	lsrs	r4, r1, #16
10002214:	4363      	muls	r3, r4
10002216:	0c12      	lsrs	r2, r2, #16
10002218:	4354      	muls	r4, r2
1000221a:	b289      	uxth	r1, r1
1000221c:	4351      	muls	r1, r2
1000221e:	185b      	adds	r3, r3, r1
10002220:	d302      	bcc.n	10002228 <l17_1>
10002222:	2101      	movs	r1, #1
10002224:	0409      	lsls	r1, r1, #16
10002226:	1864      	adds	r4, r4, r1

10002228 <l17_1>:
10002228:	0419      	lsls	r1, r3, #16
1000222a:	0c1a      	lsrs	r2, r3, #16
1000222c:	1809      	adds	r1, r1, r0
1000222e:	4162      	adcs	r2, r4
10002230:	186d      	adds	r5, r5, r1
10002232:	4156      	adcs	r6, r2
10002234:	2000      	movs	r0, #0
10002236:	4147      	adcs	r7, r0
10002238:	bc18      	pop	{r3, r4}
1000223a:	02f9      	lsls	r1, r7, #11
1000223c:	0d72      	lsrs	r2, r6, #21
1000223e:	4311      	orrs	r1, r2
10002240:	02f0      	lsls	r0, r6, #11
10002242:	0d6a      	lsrs	r2, r5, #21
10002244:	4310      	orrs	r0, r2
10002246:	02ed      	lsls	r5, r5, #11
10002248:	0d0a      	lsrs	r2, r1, #20
1000224a:	d103      	bne.n	10002254 <l17_1+0x2c>
1000224c:	196d      	adds	r5, r5, r5
1000224e:	4140      	adcs	r0, r0
10002250:	4149      	adcs	r1, r1
10002252:	3b01      	subs	r3, #1
10002254:	4e12      	ldr	r6, [pc, #72]	@ (100022a0 <dm_1+0xa>)
10002256:	1b9b      	subs	r3, r3, r6
10002258:	0076      	lsls	r6, r6, #1
1000225a:	42b3      	cmp	r3, r6
1000225c:	d20e      	bcs.n	1000227c <dm_0>
1000225e:	006d      	lsls	r5, r5, #1
10002260:	d307      	bcc.n	10002272 <l17_1+0x4a>
10002262:	3001      	adds	r0, #1
10002264:	2600      	movs	r6, #0
10002266:	4171      	adcs	r1, r6
10002268:	4666      	mov	r6, ip
1000226a:	4335      	orrs	r5, r6
1000226c:	d101      	bne.n	10002272 <l17_1+0x4a>
1000226e:	0840      	lsrs	r0, r0, #1
10002270:	0040      	lsls	r0, r0, #1
10002272:	051b      	lsls	r3, r3, #20
10002274:	18c9      	adds	r1, r1, r3

10002276 <dm_2>:
10002276:	07e4      	lsls	r4, r4, #31
10002278:	4421      	add	r1, r4
1000227a:	bdf0      	pop	{r4, r5, r6, r7, pc}

1000227c <dm_0>:
1000227c:	da0b      	bge.n	10002296 <dm_1>
1000227e:	3301      	adds	r3, #1
10002280:	d106      	bne.n	10002290 <dm_0+0x14>
10002282:	3001      	adds	r0, #1
10002284:	d104      	bne.n	10002290 <dm_0+0x14>
10002286:	3101      	adds	r1, #1
10002288:	0d4f      	lsrs	r7, r1, #21
1000228a:	d001      	beq.n	10002290 <dm_0+0x14>
1000228c:	0849      	lsrs	r1, r1, #1
1000228e:	e7f2      	b.n	10002276 <dm_2>
10002290:	07e1      	lsls	r1, r4, #31
10002292:	2000      	movs	r0, #0
10002294:	bdf0      	pop	{r4, r5, r6, r7, pc}

10002296 <dm_1>:
10002296:	3601      	adds	r6, #1
10002298:	0531      	lsls	r1, r6, #20
1000229a:	2000      	movs	r0, #0
1000229c:	e7eb      	b.n	10002276 <dm_2>
1000229e:	0000      	.short	0x0000
100022a0:	000003ff 	.word	0x000003ff

100022a4 <ddiv_shim>:
100022a4:	b5f0      	push	{r4, r5, r6, r7, lr}

100022a6 <ddiv0>:
100022a6:	0d1c      	lsrs	r4, r3, #20
100022a8:	1e67      	subs	r7, r4, #1
100022aa:	053f      	lsls	r7, r7, #20
100022ac:	1bdb      	subs	r3, r3, r7
100022ae:	0ae7      	lsrs	r7, r4, #11
100022b0:	0564      	lsls	r4, r4, #21
100022b2:	0d64      	lsrs	r4, r4, #21
100022b4:	d002      	beq.n	100022bc <l20_1>
100022b6:	1c66      	adds	r6, r4, #1
100022b8:	0af6      	lsrs	r6, r6, #11
100022ba:	d004      	beq.n	100022c6 <l20_2>

100022bc <l20_1>:
100022bc:	2200      	movs	r2, #0
100022be:	2301      	movs	r3, #1
100022c0:	051b      	lsls	r3, r3, #20
100022c2:	3c80      	subs	r4, #128	@ 0x80
100022c4:	0324      	lsls	r4, r4, #12

100022c6 <l20_2>:
100022c6:	25d0      	movs	r5, #208	@ 0xd0
100022c8:	062d      	lsls	r5, r5, #24
100022ca:	2600      	movs	r6, #0
100022cc:	43f6      	mvns	r6, r6
100022ce:	662e      	str	r6, [r5, #96]	@ 0x60
100022d0:	091e      	lsrs	r6, r3, #4
100022d2:	666e      	str	r6, [r5, #100]	@ 0x64
100022d4:	0fce      	lsrs	r6, r1, #31
100022d6:	19f6      	adds	r6, r6, r7
100022d8:	46b4      	mov	ip, r6
100022da:	0049      	lsls	r1, r1, #1
100022dc:	0d4f      	lsrs	r7, r1, #21
100022de:	d002      	beq.n	100022e6 <l20_2+0x20>
100022e0:	1c7e      	adds	r6, r7, #1
100022e2:	0af6      	lsrs	r6, r6, #11
100022e4:	d003      	beq.n	100022ee <l20_2+0x28>
100022e6:	2000      	movs	r0, #0
100022e8:	2100      	movs	r1, #0
100022ea:	3f40      	subs	r7, #64	@ 0x40
100022ec:	033f      	lsls	r7, r7, #12
100022ee:	1b3e      	subs	r6, r7, r4
100022f0:	00b6      	lsls	r6, r6, #2
100022f2:	44b4      	add	ip, r6
100022f4:	3f01      	subs	r7, #1
100022f6:	057f      	lsls	r7, r7, #21
100022f8:	1bc9      	subs	r1, r1, r7
100022fa:	0849      	lsrs	r1, r1, #1
100022fc:	6f2e      	ldr	r6, [r5, #112]	@ 0x70
100022fe:	3601      	adds	r6, #1
10002300:	0876      	lsrs	r6, r6, #1
10002302:	029c      	lsls	r4, r3, #10
10002304:	0d95      	lsrs	r5, r2, #22
10002306:	4325      	orrs	r5, r4
10002308:	4375      	muls	r5, r6
1000230a:	13ed      	asrs	r5, r5, #15
1000230c:	4375      	muls	r5, r6
1000230e:	13ad      	asrs	r5, r5, #14
10002310:	3501      	adds	r5, #1
10002312:	106d      	asrs	r5, r5, #1
10002314:	03f6      	lsls	r6, r6, #15
10002316:	1b76      	subs	r6, r6, r5
10002318:	b40c      	push	{r2, r3}
1000231a:	02cc      	lsls	r4, r1, #11
1000231c:	0d45      	lsrs	r5, r0, #21
1000231e:	432c      	orrs	r4, r5
10002320:	b2a2      	uxth	r2, r4
10002322:	b2b3      	uxth	r3, r6
10002324:	435a      	muls	r2, r3
10002326:	0c27      	lsrs	r7, r4, #16
10002328:	437b      	muls	r3, r7
1000232a:	0c35      	lsrs	r5, r6, #16
1000232c:	436f      	muls	r7, r5
1000232e:	b2a4      	uxth	r4, r4
10002330:	436c      	muls	r4, r5
10002332:	191b      	adds	r3, r3, r4
10002334:	d302      	bcc.n	1000233c <l21_1>
10002336:	2401      	movs	r4, #1
10002338:	0424      	lsls	r4, r4, #16
1000233a:	193f      	adds	r7, r7, r4

1000233c <l21_1>:
1000233c:	041c      	lsls	r4, r3, #16
1000233e:	0c1d      	lsrs	r5, r3, #16
10002340:	18a4      	adds	r4, r4, r2
10002342:	417d      	adcs	r5, r7
10002344:	1924      	adds	r4, r4, r4
10002346:	416d      	adcs	r5, r5
10002348:	9a00      	ldr	r2, [sp, #0]
1000234a:	b291      	uxth	r1, r2
1000234c:	b2ac      	uxth	r4, r5
1000234e:	4361      	muls	r1, r4
10002350:	0c17      	lsrs	r7, r2, #16
10002352:	437c      	muls	r4, r7
10002354:	0c2b      	lsrs	r3, r5, #16
10002356:	435f      	muls	r7, r3
10002358:	b292      	uxth	r2, r2
1000235a:	435a      	muls	r2, r3
1000235c:	18a4      	adds	r4, r4, r2
1000235e:	d302      	bcc.n	10002366 <l22_1>
10002360:	2201      	movs	r2, #1
10002362:	0412      	lsls	r2, r2, #16
10002364:	18bf      	adds	r7, r7, r2

10002366 <l22_1>:
10002366:	0422      	lsls	r2, r4, #16
10002368:	0c23      	lsrs	r3, r4, #16
1000236a:	1852      	adds	r2, r2, r1
1000236c:	417b      	adcs	r3, r7
1000236e:	9c01      	ldr	r4, [sp, #4]
10002370:	436c      	muls	r4, r5
10002372:	191b      	adds	r3, r3, r4
10002374:	0e52      	lsrs	r2, r2, #25
10002376:	01d9      	lsls	r1, r3, #7
10002378:	430a      	orrs	r2, r1
1000237a:	0144      	lsls	r4, r0, #5
1000237c:	1aa0      	subs	r0, r4, r2
1000237e:	b281      	uxth	r1, r0
10002380:	b2b2      	uxth	r2, r6
10002382:	4351      	muls	r1, r2
10002384:	1403      	asrs	r3, r0, #16
10002386:	435a      	muls	r2, r3
10002388:	0c36      	lsrs	r6, r6, #16
1000238a:	4373      	muls	r3, r6
1000238c:	b287      	uxth	r7, r0
1000238e:	4377      	muls	r7, r6
10002390:	17d6      	asrs	r6, r2, #31
10002392:	19d2      	adds	r2, r2, r7
10002394:	2700      	movs	r7, #0
10002396:	417e      	adcs	r6, r7
10002398:	0436      	lsls	r6, r6, #16
1000239a:	199b      	adds	r3, r3, r6
1000239c:	0417      	lsls	r7, r2, #16
1000239e:	0c16      	lsrs	r6, r2, #16
100023a0:	187f      	adds	r7, r7, r1
100023a2:	415e      	adcs	r6, r3
100023a4:	1673      	asrs	r3, r6, #25
100023a6:	18ed      	adds	r5, r5, r3
100023a8:	01f3      	lsls	r3, r6, #7
100023aa:	2600      	movs	r6, #0
100023ac:	3380      	adds	r3, #128	@ 0x80
100023ae:	4175      	adcs	r5, r6
100023b0:	0fa9      	lsrs	r1, r5, #30
100023b2:	d106      	bne.n	100023c2 <dd_0>
100023b4:	0064      	lsls	r4, r4, #1
100023b6:	0a69      	lsrs	r1, r5, #9
100023b8:	05e8      	lsls	r0, r5, #23
100023ba:	0a5b      	lsrs	r3, r3, #9
100023bc:	4318      	orrs	r0, r3
100023be:	d209      	bcs.n	100023d4 <dd_1>
100023c0:	e02f      	b.n	10002422 <dd_2>

100023c2 <dd_0>:
100023c2:	2204      	movs	r2, #4
100023c4:	4494      	add	ip, r2
100023c6:	3380      	adds	r3, #128	@ 0x80
100023c8:	4175      	adcs	r5, r6
100023ca:	0aa9      	lsrs	r1, r5, #10
100023cc:	05a8      	lsls	r0, r5, #22
100023ce:	0a9b      	lsrs	r3, r3, #10
100023d0:	4318      	orrs	r0, r3
100023d2:	d326      	bcc.n	10002422 <dd_2>

100023d4 <dd_1>:
100023d4:	4140      	adcs	r0, r0
100023d6:	4149      	adcs	r1, r1
100023d8:	0424      	lsls	r4, r4, #16
100023da:	9a00      	ldr	r2, [sp, #0]
100023dc:	9b01      	ldr	r3, [sp, #4]
100023de:	000d      	movs	r5, r1
100023e0:	4355      	muls	r5, r2
100023e2:	1b64      	subs	r4, r4, r5
100023e4:	4343      	muls	r3, r0
100023e6:	1ae4      	subs	r4, r4, r3
100023e8:	b295      	uxth	r5, r2
100023ea:	b286      	uxth	r6, r0
100023ec:	4375      	muls	r5, r6
100023ee:	0c17      	lsrs	r7, r2, #16
100023f0:	437e      	muls	r6, r7
100023f2:	0c03      	lsrs	r3, r0, #16
100023f4:	435f      	muls	r7, r3
100023f6:	b292      	uxth	r2, r2
100023f8:	435a      	muls	r2, r3
100023fa:	18b6      	adds	r6, r6, r2
100023fc:	d302      	bcc.n	10002404 <l24_1>
100023fe:	2201      	movs	r2, #1
10002400:	0412      	lsls	r2, r2, #16
10002402:	18bf      	adds	r7, r7, r2

10002404 <l24_1>:
10002404:	0432      	lsls	r2, r6, #16
10002406:	0c33      	lsrs	r3, r6, #16
10002408:	1952      	adds	r2, r2, r5
1000240a:	417b      	adcs	r3, r7
1000240c:	4252      	negs	r2, r2
1000240e:	419c      	sbcs	r4, r3
10002410:	2c00      	cmp	r4, #0
10002412:	d402      	bmi.n	1000241a <l24_1+0x16>
10002414:	2200      	movs	r2, #0
10002416:	3001      	adds	r0, #1
10002418:	4151      	adcs	r1, r2
1000241a:	0840      	lsrs	r0, r0, #1
1000241c:	07ca      	lsls	r2, r1, #31
1000241e:	4310      	orrs	r0, r2
10002420:	0849      	lsrs	r1, r1, #1

10002422 <dd_2>:
10002422:	b002      	add	sp, #8
10002424:	4662      	mov	r2, ip
10002426:	07d7      	lsls	r7, r2, #31
10002428:	1092      	asrs	r2, r2, #2
1000242a:	4b08      	ldr	r3, [pc, #32]	@ (1000244c <dd_4+0x6>)
1000242c:	18d2      	adds	r2, r2, r3
1000242e:	4b08      	ldr	r3, [pc, #32]	@ (10002450 <dd_4+0xa>)
10002430:	429a      	cmp	r2, r3
10002432:	d203      	bcs.n	1000243c <dd_3>
10002434:	0512      	lsls	r2, r2, #20
10002436:	1889      	adds	r1, r1, r2

10002438 <dd_5>:
10002438:	19c9      	adds	r1, r1, r7
1000243a:	bdf0      	pop	{r4, r5, r6, r7, pc}

1000243c <dd_3>:
1000243c:	2000      	movs	r0, #0
1000243e:	2a00      	cmp	r2, #0
10002440:	dc01      	bgt.n	10002446 <dd_4>
10002442:	0039      	movs	r1, r7
10002444:	bdf0      	pop	{r4, r5, r6, r7, pc}

10002446 <dd_4>:
10002446:	3301      	adds	r3, #1
10002448:	0519      	lsls	r1, r3, #20
1000244a:	e7f5      	b.n	10002438 <dd_5>
1000244c:	000003fd 	.word	0x000003fd
10002450:	000007fe 	.word	0x000007fe

10002454 <double2uint_shim>:
10002454:	2200      	movs	r2, #0

10002456 <double2ufix_shim>:
10002456:	b500      	push	{lr}
10002458:	3220      	adds	r2, #32
1000245a:	f000 f804 	bl	10002466 <double2ufix64_shim>
1000245e:	0008      	movs	r0, r1
10002460:	bd00      	pop	{pc}
	...

10002464 <double2uint64_shim>:
10002464:	2200      	movs	r2, #0

10002466 <double2ufix64_shim>:
10002466:	150b      	asrs	r3, r1, #20
10002468:	d40a      	bmi.n	10002480 <ret_dzero>

1000246a <d2fix>:
1000246a:	b510      	push	{r4, lr}
1000246c:	4694      	mov	ip, r2
1000246e:	f000 f831 	bl	100024d4 <dunpacks>
10002472:	1414      	asrs	r4, r2, #16
10002474:	3401      	adds	r4, #1
10002476:	da00      	bge.n	1000247a <d2fix+0x10>
10002478:	2100      	movs	r1, #0
1000247a:	17cb      	asrs	r3, r1, #31
1000247c:	4c14      	ldr	r4, [pc, #80]	@ (100024d0 <d2fix_a+0x4a>)
1000247e:	4720      	bx	r4

10002480 <ret_dzero>:
10002480:	2000      	movs	r0, #0
10002482:	2100      	movs	r1, #0
10002484:	4770      	bx	lr

10002486 <d2fix_a>:
10002486:	4462      	add	r2, ip
10002488:	3a34      	subs	r2, #52	@ 0x34
1000248a:	d40c      	bmi.n	100024a6 <d2fix_a+0x20>
1000248c:	2a0c      	cmp	r2, #12
1000248e:	da07      	bge.n	100024a0 <d2fix_a+0x1a>
10002490:	0004      	movs	r4, r0
10002492:	4091      	lsls	r1, r2
10002494:	4090      	lsls	r0, r2
10002496:	4252      	negs	r2, r2
10002498:	3220      	adds	r2, #32
1000249a:	40d4      	lsrs	r4, r2
1000249c:	4321      	orrs	r1, r4
1000249e:	bd10      	pop	{r4, pc}
100024a0:	43d8      	mvns	r0, r3
100024a2:	43d9      	mvns	r1, r3
100024a4:	bd10      	pop	{r4, pc}
100024a6:	3220      	adds	r2, #32
100024a8:	d407      	bmi.n	100024ba <d2fix_a+0x34>
100024aa:	460c      	mov	r4, r1
100024ac:	4094      	lsls	r4, r2
100024ae:	4252      	negs	r2, r2
100024b0:	3220      	adds	r2, #32
100024b2:	4111      	asrs	r1, r2
100024b4:	40d0      	lsrs	r0, r2
100024b6:	4320      	orrs	r0, r4
100024b8:	bd10      	pop	{r4, pc}
100024ba:	0008      	movs	r0, r1
100024bc:	17c9      	asrs	r1, r1, #31
100024be:	3220      	adds	r2, #32
100024c0:	d403      	bmi.n	100024ca <d2fix_a+0x44>
100024c2:	4252      	negs	r2, r2
100024c4:	3220      	adds	r2, #32
100024c6:	4110      	asrs	r0, r2
100024c8:	bd10      	pop	{r4, pc}
100024ca:	0018      	movs	r0, r3
100024cc:	0019      	movs	r1, r3
100024ce:	bd10      	pop	{r4, pc}
100024d0:	10002487 	.word	0x10002487

100024d4 <dunpacks>:
100024d4:	0d0a      	lsrs	r2, r1, #20
100024d6:	0fcc      	lsrs	r4, r1, #31
100024d8:	1e53      	subs	r3, r2, #1
100024da:	051b      	lsls	r3, r3, #20
100024dc:	1ac9      	subs	r1, r1, r3
100024de:	0552      	lsls	r2, r2, #21
100024e0:	d303      	bcc.n	100024ea <l60_1>
100024e2:	43c9      	mvns	r1, r1
100024e4:	4240      	negs	r0, r0
100024e6:	d300      	bcc.n	100024ea <l60_1>
100024e8:	3101      	adds	r1, #1

100024ea <l60_1>:
100024ea:	0d52      	lsrs	r2, r2, #21
100024ec:	d003      	beq.n	100024f6 <l60_2>
100024ee:	1c53      	adds	r3, r2, #1
100024f0:	0adb      	lsrs	r3, r3, #11
100024f2:	d007      	beq.n	10002504 <l60_3>
100024f4:	1b12      	subs	r2, r2, r4

100024f6 <l60_2>:
100024f6:	2000      	movs	r0, #0
100024f8:	0064      	lsls	r4, r4, #1
100024fa:	1c61      	adds	r1, r4, #1
100024fc:	0789      	lsls	r1, r1, #30
100024fe:	1289      	asrs	r1, r1, #10
10002500:	3a80      	subs	r2, #128	@ 0x80
10002502:	0312      	lsls	r2, r2, #12

10002504 <l60_3>:
10002504:	4b01      	ldr	r3, [pc, #4]	@ (1000250c <l60_3+0x8>)
10002506:	1ad2      	subs	r2, r2, r3
10002508:	4770      	bx	lr
1000250a:	0000      	.short	0x0000
1000250c:	000003ff 	.word	0x000003ff

10002510 <__wrap___aeabi_lmul>:
10002510:	4351      	muls	r1, r2
10002512:	4343      	muls	r3, r0
10002514:	18c9      	adds	r1, r1, r3
10002516:	468c      	mov	ip, r1
10002518:	0c11      	lsrs	r1, r2, #16
1000251a:	b283      	uxth	r3, r0
1000251c:	434b      	muls	r3, r1
1000251e:	b410      	push	{r4}
10002520:	0c04      	lsrs	r4, r0, #16
10002522:	4361      	muls	r1, r4
10002524:	b292      	uxth	r2, r2
10002526:	b280      	uxth	r0, r0
10002528:	4350      	muls	r0, r2
1000252a:	4362      	muls	r2, r4
1000252c:	041c      	lsls	r4, r3, #16
1000252e:	0c1b      	lsrs	r3, r3, #16
10002530:	1900      	adds	r0, r0, r4
10002532:	bc10      	pop	{r4}
10002534:	4159      	adcs	r1, r3
10002536:	0413      	lsls	r3, r2, #16
10002538:	0c12      	lsrs	r2, r2, #16
1000253a:	18c0      	adds	r0, r0, r3
1000253c:	4151      	adcs	r1, r2
1000253e:	4461      	add	r1, ip
10002540:	4770      	bx	lr
	...

10002544 <__aeabi_float_init>:
10002544:	2313      	movs	r3, #19
10002546:	b510      	push	{r4, lr}
10002548:	781c      	ldrb	r4, [r3, #0]
1000254a:	4813      	ldr	r0, [pc, #76]	@ (10002598 <__aeabi_float_init+0x54>)
1000254c:	f7ff f816 	bl	1000157c <rom_data_lookup>
10002550:	2c01      	cmp	r4, #1
10002552:	d00b      	beq.n	1000256c <__aeabi_float_init+0x28>
10002554:	dd04      	ble.n	10002560 <__aeabi_float_init+0x1c>
10002556:	0001      	movs	r1, r0
10002558:	2280      	movs	r2, #128	@ 0x80
1000255a:	4810      	ldr	r0, [pc, #64]	@ (1000259c <__aeabi_float_init+0x58>)
1000255c:	f000 f84a 	bl	100025f4 <__wrap___aeabi_memcpy>
10002560:	480f      	ldr	r0, [pc, #60]	@ (100025a0 <__aeabi_float_init+0x5c>)
10002562:	f7ff f803 	bl	1000156c <rom_func_lookup>
10002566:	4b0f      	ldr	r3, [pc, #60]	@ (100025a4 <__aeabi_float_init+0x60>)
10002568:	6018      	str	r0, [r3, #0]
1000256a:	bd10      	pop	{r4, pc}
1000256c:	4c0b      	ldr	r4, [pc, #44]	@ (1000259c <__aeabi_float_init+0x58>)
1000256e:	0001      	movs	r1, r0
10002570:	2254      	movs	r2, #84	@ 0x54
10002572:	0020      	movs	r0, r4
10002574:	f000 f83e 	bl	100025f4 <__wrap___aeabi_memcpy>
10002578:	4b0b      	ldr	r3, [pc, #44]	@ (100025a8 <__aeabi_float_init+0x64>)
1000257a:	6563      	str	r3, [r4, #84]	@ 0x54
1000257c:	65a3      	str	r3, [r4, #88]	@ 0x58
1000257e:	65e3      	str	r3, [r4, #92]	@ 0x5c
10002580:	6623      	str	r3, [r4, #96]	@ 0x60
10002582:	6663      	str	r3, [r4, #100]	@ 0x64
10002584:	66a3      	str	r3, [r4, #104]	@ 0x68
10002586:	66e3      	str	r3, [r4, #108]	@ 0x6c
10002588:	6723      	str	r3, [r4, #112]	@ 0x70
1000258a:	6763      	str	r3, [r4, #116]	@ 0x74
1000258c:	67a3      	str	r3, [r4, #120]	@ 0x78
1000258e:	67e3      	str	r3, [r4, #124]	@ 0x7c
10002590:	6223      	str	r3, [r4, #32]
10002592:	61e3      	str	r3, [r4, #28]
10002594:	e7e4      	b.n	10002560 <__aeabi_float_init+0x1c>
10002596:	46c0      	nop			@ (mov r8, r8)
10002598:	00004653 	.word	0x00004653
1000259c:	200013b0 	.word	0x200013b0
100025a0:	0000334c 	.word	0x0000334c
100025a4:	20001f30 	.word	0x20001f30
100025a8:	100025ad 	.word	0x100025ad

100025ac <float_table_shim_on_use_helper>:
100025ac:	b507      	push	{r0, r1, r2, lr}
100025ae:	4660      	mov	r0, ip
100025b0:	8801      	ldrh	r1, [r0, #0]
100025b2:	0a0a      	lsrs	r2, r1, #8
100025b4:	3002      	adds	r0, #2
100025b6:	2adf      	cmp	r2, #223	@ 0xdf
100025b8:	d1fa      	bne.n	100025b0 <float_table_shim_on_use_helper+0x4>
100025ba:	b2c9      	uxtb	r1, r1
100025bc:	0882      	lsrs	r2, r0, #2
100025be:	d304      	bcc.n	100025ca <float_table_shim_on_use_helper+0x1e>
100025c0:	8802      	ldrh	r2, [r0, #0]
100025c2:	8840      	ldrh	r0, [r0, #2]
100025c4:	0400      	lsls	r0, r0, #16
100025c6:	4310      	orrs	r0, r2
100025c8:	e000      	b.n	100025cc <float_table_shim_on_use_helper+0x20>
100025ca:	6800      	ldr	r0, [r0, #0]
100025cc:	4a01      	ldr	r2, [pc, #4]	@ (100025d4 <float_table_shim_on_use_helper+0x28>)
100025ce:	5050      	str	r0, [r2, r1]
100025d0:	9003      	str	r0, [sp, #12]
100025d2:	bd07      	pop	{r0, r1, r2, pc}
100025d4:	200013b0 	.word	0x200013b0

100025d8 <__aeabi_mem_init>:
100025d8:	4801      	ldr	r0, [pc, #4]	@ (100025e0 <__aeabi_mem_init+0x8>)
100025da:	2104      	movs	r1, #4
100025dc:	4b01      	ldr	r3, [pc, #4]	@ (100025e4 <__aeabi_mem_init+0xc>)
100025de:	4718      	bx	r3
100025e0:	20001010 	.word	0x20001010
100025e4:	1000158d 	.word	0x1000158d

100025e8 <__wrap_memset>:
100025e8:	4b01      	ldr	r3, [pc, #4]	@ (100025f0 <__wrap_memset+0x8>)
100025ea:	681b      	ldr	r3, [r3, #0]
100025ec:	4718      	bx	r3
100025ee:	0000      	.short	0x0000
100025f0:	20001010 	.word	0x20001010

100025f4 <__wrap___aeabi_memcpy>:
100025f4:	4b01      	ldr	r3, [pc, #4]	@ (100025fc <__wrap___aeabi_memcpy+0x8>)
100025f6:	685b      	ldr	r3, [r3, #4]
100025f8:	4718      	bx	r3
100025fa:	0000      	.short	0x0000
100025fc:	20001010 	.word	0x20001010

10002600 <_out_null>:
10002600:	4770      	bx	lr
10002602:	46c0      	nop			@ (mov r8, r8)

10002604 <_out_rev>:
10002604:	b5f8      	push	{r3, r4, r5, r6, r7, lr}
10002606:	46de      	mov	lr, fp
10002608:	4657      	mov	r7, sl
1000260a:	464e      	mov	r6, r9
1000260c:	4645      	mov	r5, r8
1000260e:	b5e0      	push	{r5, r6, r7, lr}
10002610:	4699      	mov	r9, r3
10002612:	9b0d      	ldr	r3, [sp, #52]	@ 0x34
10002614:	0007      	movs	r7, r0
10002616:	4688      	mov	r8, r1
10002618:	4693      	mov	fp, r2
1000261a:	079b      	lsls	r3, r3, #30
1000261c:	d028      	beq.n	10002670 <_out_rev+0x6c>
1000261e:	9b0b      	ldr	r3, [sp, #44]	@ 0x2c
10002620:	2b00      	cmp	r3, #0
10002622:	d03c      	beq.n	1000269e <_out_rev+0x9a>
10002624:	0016      	movs	r6, r2
10002626:	9c0b      	ldr	r4, [sp, #44]	@ 0x2c
10002628:	9d0a      	ldr	r5, [sp, #40]	@ 0x28
1000262a:	1936      	adds	r6, r6, r4
1000262c:	1b32      	subs	r2, r6, r4
1000262e:	3c01      	subs	r4, #1
10002630:	464b      	mov	r3, r9
10002632:	4641      	mov	r1, r8
10002634:	5d28      	ldrb	r0, [r5, r4]
10002636:	47b8      	blx	r7
10002638:	2c00      	cmp	r4, #0
1000263a:	d1f7      	bne.n	1000262c <_out_rev+0x28>
1000263c:	0035      	movs	r5, r6
1000263e:	9b0d      	ldr	r3, [sp, #52]	@ 0x34
10002640:	079b      	lsls	r3, r3, #30
10002642:	d50e      	bpl.n	10002662 <_out_rev+0x5e>
10002644:	465b      	mov	r3, fp
10002646:	1aec      	subs	r4, r5, r3
10002648:	9b0c      	ldr	r3, [sp, #48]	@ 0x30
1000264a:	42a3      	cmp	r3, r4
1000264c:	d909      	bls.n	10002662 <_out_rev+0x5e>
1000264e:	001e      	movs	r6, r3
10002650:	002a      	movs	r2, r5
10002652:	464b      	mov	r3, r9
10002654:	4641      	mov	r1, r8
10002656:	2020      	movs	r0, #32
10002658:	3401      	adds	r4, #1
1000265a:	47b8      	blx	r7
1000265c:	3501      	adds	r5, #1
1000265e:	42b4      	cmp	r4, r6
10002660:	d3f6      	bcc.n	10002650 <_out_rev+0x4c>
10002662:	0028      	movs	r0, r5
10002664:	bcf0      	pop	{r4, r5, r6, r7}
10002666:	46bb      	mov	fp, r7
10002668:	46b2      	mov	sl, r6
1000266a:	46a9      	mov	r9, r5
1000266c:	46a0      	mov	r8, r4
1000266e:	bdf8      	pop	{r3, r4, r5, r6, r7, pc}
10002670:	9b0b      	ldr	r3, [sp, #44]	@ 0x2c
10002672:	9a0c      	ldr	r2, [sp, #48]	@ 0x30
10002674:	4293      	cmp	r3, r2
10002676:	d214      	bcs.n	100026a2 <_out_rev+0x9e>
10002678:	0013      	movs	r3, r2
1000267a:	465d      	mov	r5, fp
1000267c:	000c      	movs	r4, r1
1000267e:	9a0b      	ldr	r2, [sp, #44]	@ 0x2c
10002680:	1a9e      	subs	r6, r3, r2
10002682:	1976      	adds	r6, r6, r5
10002684:	002a      	movs	r2, r5
10002686:	464b      	mov	r3, r9
10002688:	3501      	adds	r5, #1
1000268a:	0021      	movs	r1, r4
1000268c:	2020      	movs	r0, #32
1000268e:	47b8      	blx	r7
10002690:	42b5      	cmp	r5, r6
10002692:	d1f7      	bne.n	10002684 <_out_rev+0x80>
10002694:	9b0b      	ldr	r3, [sp, #44]	@ 0x2c
10002696:	46a0      	mov	r8, r4
10002698:	2b00      	cmp	r3, #0
1000269a:	d1c4      	bne.n	10002626 <_out_rev+0x22>
1000269c:	e7e1      	b.n	10002662 <_out_rev+0x5e>
1000269e:	0015      	movs	r5, r2
100026a0:	e7cd      	b.n	1000263e <_out_rev+0x3a>
100026a2:	465e      	mov	r6, fp
100026a4:	2b00      	cmp	r3, #0
100026a6:	d1be      	bne.n	10002626 <_out_rev+0x22>
100026a8:	465d      	mov	r5, fp
100026aa:	e7da      	b.n	10002662 <_out_rev+0x5e>

100026ac <_ntoa_format>:
100026ac:	b5f0      	push	{r4, r5, r6, r7, lr}
100026ae:	464f      	mov	r7, r9
100026b0:	46d6      	mov	lr, sl
100026b2:	4646      	mov	r6, r8
100026b4:	b5c0      	push	{r6, r7, lr}
100026b6:	b084      	sub	sp, #16
100026b8:	469c      	mov	ip, r3
100026ba:	ab0e      	add	r3, sp, #56	@ 0x38
100026bc:	781f      	ldrb	r7, [r3, #0]
100026be:	9b12      	ldr	r3, [sp, #72]	@ 0x48
100026c0:	4691      	mov	r9, r2
100026c2:	46ba      	mov	sl, r7
100026c4:	9c0d      	ldr	r4, [sp, #52]	@ 0x34
100026c6:	9e10      	ldr	r6, [sp, #64]	@ 0x40
100026c8:	9d11      	ldr	r5, [sp, #68]	@ 0x44
100026ca:	079b      	lsls	r3, r3, #30
100026cc:	d44c      	bmi.n	10002768 <_ntoa_format+0xbc>
100026ce:	2d00      	cmp	r5, #0
100026d0:	d141      	bne.n	10002756 <_ntoa_format+0xaa>
100026d2:	42b4      	cmp	r4, r6
100026d4:	d248      	bcs.n	10002768 <_ntoa_format+0xbc>
100026d6:	2301      	movs	r3, #1
100026d8:	9f12      	ldr	r7, [sp, #72]	@ 0x48
100026da:	401f      	ands	r7, r3
100026dc:	46b8      	mov	r8, r7
100026de:	9b0c      	ldr	r3, [sp, #48]	@ 0x30
100026e0:	1e5f      	subs	r7, r3, #1
100026e2:	2330      	movs	r3, #48	@ 0x30
100026e4:	e003      	b.n	100026ee <_ntoa_format+0x42>
100026e6:	3401      	adds	r4, #1
100026e8:	553b      	strb	r3, [r7, r4]
100026ea:	42a6      	cmp	r6, r4
100026ec:	d901      	bls.n	100026f2 <_ntoa_format+0x46>
100026ee:	2c20      	cmp	r4, #32
100026f0:	d1f9      	bne.n	100026e6 <_ntoa_format+0x3a>
100026f2:	4643      	mov	r3, r8
100026f4:	2b00      	cmp	r3, #0
100026f6:	d100      	bne.n	100026fa <_ntoa_format+0x4e>
100026f8:	e087      	b.n	1000280a <_ntoa_format+0x15e>
100026fa:	9b0c      	ldr	r3, [sp, #48]	@ 0x30
100026fc:	1e5f      	subs	r7, r3, #1
100026fe:	2330      	movs	r3, #48	@ 0x30
10002700:	42a5      	cmp	r5, r4
10002702:	d804      	bhi.n	1000270e <_ntoa_format+0x62>
10002704:	e030      	b.n	10002768 <_ntoa_format+0xbc>
10002706:	3401      	adds	r4, #1
10002708:	553b      	strb	r3, [r7, r4]
1000270a:	42ac      	cmp	r4, r5
1000270c:	d02c      	beq.n	10002768 <_ntoa_format+0xbc>
1000270e:	2c20      	cmp	r4, #32
10002710:	d1f9      	bne.n	10002706 <_ntoa_format+0x5a>
10002712:	9b12      	ldr	r3, [sp, #72]	@ 0x48
10002714:	06db      	lsls	r3, r3, #27
10002716:	d50d      	bpl.n	10002734 <_ntoa_format+0x88>
10002718:	9b12      	ldr	r3, [sp, #72]	@ 0x48
1000271a:	055b      	lsls	r3, r3, #21
1000271c:	d457      	bmi.n	100027ce <_ntoa_format+0x122>
1000271e:	42a6      	cmp	r6, r4
10002720:	d067      	beq.n	100027f2 <_ntoa_format+0x146>
10002722:	42a5      	cmp	r5, r4
10002724:	d065      	beq.n	100027f2 <_ntoa_format+0x146>
10002726:	9b0f      	ldr	r3, [sp, #60]	@ 0x3c
10002728:	2b10      	cmp	r3, #16
1000272a:	d053      	beq.n	100027d4 <_ntoa_format+0x128>
1000272c:	2b02      	cmp	r3, #2
1000272e:	d05b      	beq.n	100027e8 <_ntoa_format+0x13c>
10002730:	2c20      	cmp	r4, #32
10002732:	d136      	bne.n	100027a2 <_ntoa_format+0xf6>
10002734:	2320      	movs	r3, #32
10002736:	9c12      	ldr	r4, [sp, #72]	@ 0x48
10002738:	9301      	str	r3, [sp, #4]
1000273a:	9b0c      	ldr	r3, [sp, #48]	@ 0x30
1000273c:	464a      	mov	r2, r9
1000273e:	9300      	str	r3, [sp, #0]
10002740:	9403      	str	r4, [sp, #12]
10002742:	4663      	mov	r3, ip
10002744:	9502      	str	r5, [sp, #8]
10002746:	f7ff ff5d 	bl	10002604 <_out_rev>
1000274a:	b004      	add	sp, #16
1000274c:	bce0      	pop	{r5, r6, r7}
1000274e:	46ba      	mov	sl, r7
10002750:	46b1      	mov	r9, r6
10002752:	46a8      	mov	r8, r5
10002754:	bdf0      	pop	{r4, r5, r6, r7, pc}
10002756:	2301      	movs	r3, #1
10002758:	9a12      	ldr	r2, [sp, #72]	@ 0x48
1000275a:	4013      	ands	r3, r2
1000275c:	4698      	mov	r8, r3
1000275e:	2301      	movs	r3, #1
10002760:	4213      	tst	r3, r2
10002762:	d12d      	bne.n	100027c0 <_ntoa_format+0x114>
10002764:	42b4      	cmp	r4, r6
10002766:	d3ba      	bcc.n	100026de <_ntoa_format+0x32>
10002768:	9b12      	ldr	r3, [sp, #72]	@ 0x48
1000276a:	06db      	lsls	r3, r3, #27
1000276c:	d51e      	bpl.n	100027ac <_ntoa_format+0x100>
1000276e:	9b12      	ldr	r3, [sp, #72]	@ 0x48
10002770:	055b      	lsls	r3, r3, #21
10002772:	d4d8      	bmi.n	10002726 <_ntoa_format+0x7a>
10002774:	2c00      	cmp	r4, #0
10002776:	d1d2      	bne.n	1000271e <_ntoa_format+0x72>
10002778:	9b0f      	ldr	r3, [sp, #60]	@ 0x3c
1000277a:	2b10      	cmp	r3, #16
1000277c:	d060      	beq.n	10002840 <_ntoa_format+0x194>
1000277e:	9b0f      	ldr	r3, [sp, #60]	@ 0x3c
10002780:	2b02      	cmp	r3, #2
10002782:	d071      	beq.n	10002868 <_ntoa_format+0x1bc>
10002784:	2330      	movs	r3, #48	@ 0x30
10002786:	2401      	movs	r4, #1
10002788:	9a0c      	ldr	r2, [sp, #48]	@ 0x30
1000278a:	7013      	strb	r3, [r2, #0]
1000278c:	4653      	mov	r3, sl
1000278e:	2b00      	cmp	r3, #0
10002790:	d111      	bne.n	100027b6 <_ntoa_format+0x10a>
10002792:	9b12      	ldr	r3, [sp, #72]	@ 0x48
10002794:	075b      	lsls	r3, r3, #29
10002796:	d540      	bpl.n	1000281a <_ntoa_format+0x16e>
10002798:	262b      	movs	r6, #43	@ 0x2b
1000279a:	9a0c      	ldr	r2, [sp, #48]	@ 0x30
1000279c:	1c63      	adds	r3, r4, #1
1000279e:	5516      	strb	r6, [r2, r4]
100027a0:	e7c9      	b.n	10002736 <_ntoa_format+0x8a>
100027a2:	0023      	movs	r3, r4
100027a4:	3401      	adds	r4, #1
100027a6:	2630      	movs	r6, #48	@ 0x30
100027a8:	9a0c      	ldr	r2, [sp, #48]	@ 0x30
100027aa:	54d6      	strb	r6, [r2, r3]
100027ac:	2c20      	cmp	r4, #32
100027ae:	d0c1      	beq.n	10002734 <_ntoa_format+0x88>
100027b0:	4653      	mov	r3, sl
100027b2:	2b00      	cmp	r3, #0
100027b4:	d0ed      	beq.n	10002792 <_ntoa_format+0xe6>
100027b6:	262d      	movs	r6, #45	@ 0x2d
100027b8:	9a0c      	ldr	r2, [sp, #48]	@ 0x30
100027ba:	1c63      	adds	r3, r4, #1
100027bc:	5516      	strb	r6, [r2, r4]
100027be:	e7ba      	b.n	10002736 <_ntoa_format+0x8a>
100027c0:	2f00      	cmp	r7, #0
100027c2:	d034      	beq.n	1000282e <_ntoa_format+0x182>
100027c4:	3d01      	subs	r5, #1
100027c6:	42b4      	cmp	r4, r6
100027c8:	d200      	bcs.n	100027cc <_ntoa_format+0x120>
100027ca:	e788      	b.n	100026de <_ntoa_format+0x32>
100027cc:	e795      	b.n	100026fa <_ntoa_format+0x4e>
100027ce:	9b0f      	ldr	r3, [sp, #60]	@ 0x3c
100027d0:	2b10      	cmp	r3, #16
100027d2:	d1af      	bne.n	10002734 <_ntoa_format+0x88>
100027d4:	9b12      	ldr	r3, [sp, #72]	@ 0x48
100027d6:	069b      	lsls	r3, r3, #26
100027d8:	d53c      	bpl.n	10002854 <_ntoa_format+0x1a8>
100027da:	2c20      	cmp	r4, #32
100027dc:	d0aa      	beq.n	10002734 <_ntoa_format+0x88>
100027de:	2358      	movs	r3, #88	@ 0x58
100027e0:	9a0c      	ldr	r2, [sp, #48]	@ 0x30
100027e2:	5513      	strb	r3, [r2, r4]
100027e4:	3401      	adds	r4, #1
100027e6:	e7a3      	b.n	10002730 <_ntoa_format+0x84>
100027e8:	2c20      	cmp	r4, #32
100027ea:	d0a3      	beq.n	10002734 <_ntoa_format+0x88>
100027ec:	0023      	movs	r3, r4
100027ee:	3401      	adds	r4, #1
100027f0:	e007      	b.n	10002802 <_ntoa_format+0x156>
100027f2:	1e63      	subs	r3, r4, #1
100027f4:	2c01      	cmp	r4, #1
100027f6:	d0bf      	beq.n	10002778 <_ntoa_format+0xcc>
100027f8:	9a0f      	ldr	r2, [sp, #60]	@ 0x3c
100027fa:	2a10      	cmp	r2, #16
100027fc:	d036      	beq.n	1000286c <_ntoa_format+0x1c0>
100027fe:	2a02      	cmp	r2, #2
10002800:	d1d1      	bne.n	100027a6 <_ntoa_format+0xfa>
10002802:	2662      	movs	r6, #98	@ 0x62
10002804:	9a0c      	ldr	r2, [sp, #48]	@ 0x30
10002806:	54d6      	strb	r6, [r2, r3]
10002808:	e792      	b.n	10002730 <_ntoa_format+0x84>
1000280a:	9b12      	ldr	r3, [sp, #72]	@ 0x48
1000280c:	06db      	lsls	r3, r3, #27
1000280e:	d5cd      	bpl.n	100027ac <_ntoa_format+0x100>
10002810:	9b12      	ldr	r3, [sp, #72]	@ 0x48
10002812:	055b      	lsls	r3, r3, #21
10002814:	d400      	bmi.n	10002818 <_ntoa_format+0x16c>
10002816:	e782      	b.n	1000271e <_ntoa_format+0x72>
10002818:	e785      	b.n	10002726 <_ntoa_format+0x7a>
1000281a:	9a12      	ldr	r2, [sp, #72]	@ 0x48
1000281c:	0023      	movs	r3, r4
1000281e:	0716      	lsls	r6, r2, #28
10002820:	d400      	bmi.n	10002824 <_ntoa_format+0x178>
10002822:	e788      	b.n	10002736 <_ntoa_format+0x8a>
10002824:	2620      	movs	r6, #32
10002826:	9a0c      	ldr	r2, [sp, #48]	@ 0x30
10002828:	3301      	adds	r3, #1
1000282a:	5516      	strb	r6, [r2, r4]
1000282c:	e783      	b.n	10002736 <_ntoa_format+0x8a>
1000282e:	230c      	movs	r3, #12
10002830:	4013      	ands	r3, r2
10002832:	1e5f      	subs	r7, r3, #1
10002834:	41bb      	sbcs	r3, r7
10002836:	1aed      	subs	r5, r5, r3
10002838:	42b4      	cmp	r4, r6
1000283a:	d200      	bcs.n	1000283e <_ntoa_format+0x192>
1000283c:	e74f      	b.n	100026de <_ntoa_format+0x32>
1000283e:	e75c      	b.n	100026fa <_ntoa_format+0x4e>
10002840:	9b12      	ldr	r3, [sp, #72]	@ 0x48
10002842:	069b      	lsls	r3, r3, #26
10002844:	d40e      	bmi.n	10002864 <_ntoa_format+0x1b8>
10002846:	2378      	movs	r3, #120	@ 0x78
10002848:	9a0c      	ldr	r2, [sp, #48]	@ 0x30
1000284a:	2402      	movs	r4, #2
1000284c:	7013      	strb	r3, [r2, #0]
1000284e:	2330      	movs	r3, #48	@ 0x30
10002850:	7053      	strb	r3, [r2, #1]
10002852:	e79b      	b.n	1000278c <_ntoa_format+0xe0>
10002854:	2c20      	cmp	r4, #32
10002856:	d100      	bne.n	1000285a <_ntoa_format+0x1ae>
10002858:	e76c      	b.n	10002734 <_ntoa_format+0x88>
1000285a:	2378      	movs	r3, #120	@ 0x78
1000285c:	9a0c      	ldr	r2, [sp, #48]	@ 0x30
1000285e:	5513      	strb	r3, [r2, r4]
10002860:	3401      	adds	r4, #1
10002862:	e765      	b.n	10002730 <_ntoa_format+0x84>
10002864:	2358      	movs	r3, #88	@ 0x58
10002866:	e7ef      	b.n	10002848 <_ntoa_format+0x19c>
10002868:	3360      	adds	r3, #96	@ 0x60
1000286a:	e7ed      	b.n	10002848 <_ntoa_format+0x19c>
1000286c:	9a0c      	ldr	r2, [sp, #48]	@ 0x30
1000286e:	1ea6      	subs	r6, r4, #2
10002870:	18b6      	adds	r6, r6, r2
10002872:	9a12      	ldr	r2, [sp, #72]	@ 0x48
10002874:	0692      	lsls	r2, r2, #26
10002876:	d502      	bpl.n	1000287e <_ntoa_format+0x1d2>
10002878:	2258      	movs	r2, #88	@ 0x58
1000287a:	7032      	strb	r2, [r6, #0]
1000287c:	e793      	b.n	100027a6 <_ntoa_format+0xfa>
1000287e:	2278      	movs	r2, #120	@ 0x78
10002880:	7032      	strb	r2, [r6, #0]
10002882:	e790      	b.n	100027a6 <_ntoa_format+0xfa>

10002884 <_out_char>:
10002884:	b510      	push	{r4, lr}
10002886:	2800      	cmp	r0, #0
10002888:	d100      	bne.n	1000288c <_out_char+0x8>
1000288a:	bd10      	pop	{r4, pc}
1000288c:	f001 fbec 	bl	10004068 <__wrap_putchar>
10002890:	e7fb      	b.n	1000288a <_out_char+0x6>
10002892:	46c0      	nop			@ (mov r8, r8)

10002894 <_out_fct>:
10002894:	b510      	push	{r4, lr}
10002896:	2800      	cmp	r0, #0
10002898:	d003      	beq.n	100028a2 <_out_fct+0xe>
1000289a:	684a      	ldr	r2, [r1, #4]
1000289c:	680b      	ldr	r3, [r1, #0]
1000289e:	0011      	movs	r1, r2
100028a0:	4798      	blx	r3
100028a2:	bd10      	pop	{r4, pc}

100028a4 <_ftoa>:
100028a4:	b5f0      	push	{r4, r5, r6, r7, lr}
100028a6:	464e      	mov	r6, r9
100028a8:	46de      	mov	lr, fp
100028aa:	4657      	mov	r7, sl
100028ac:	4645      	mov	r5, r8
100028ae:	b5e0      	push	{r5, r6, r7, lr}
100028b0:	b095      	sub	sp, #84	@ 0x54
100028b2:	4683      	mov	fp, r0
100028b4:	4689      	mov	r9, r1
100028b6:	4692      	mov	sl, r2
100028b8:	4698      	mov	r8, r3
100028ba:	9a1e      	ldr	r2, [sp, #120]	@ 0x78
100028bc:	9b1f      	ldr	r3, [sp, #124]	@ 0x7c
100028be:	0010      	movs	r0, r2
100028c0:	0019      	movs	r1, r3
100028c2:	9e20      	ldr	r6, [sp, #128]	@ 0x80
100028c4:	f7ff fac9 	bl	10001e5a <__wrap___aeabi_dcmpun>
100028c8:	2800      	cmp	r0, #0
100028ca:	d000      	beq.n	100028ce <_ftoa+0x2a>
100028cc:	e1d2      	b.n	10002c74 <_ftoa+0x3d0>
100028ce:	981e      	ldr	r0, [sp, #120]	@ 0x78
100028d0:	991f      	ldr	r1, [sp, #124]	@ 0x7c
100028d2:	2201      	movs	r2, #1
100028d4:	4bc4      	ldr	r3, [pc, #784]	@ (10002be8 <_ftoa+0x344>)
100028d6:	4252      	negs	r2, r2
100028d8:	f7ff faa4 	bl	10001e24 <__wrap___aeabi_dcmplt>
100028dc:	2800      	cmp	r0, #0
100028de:	d000      	beq.n	100028e2 <_ftoa+0x3e>
100028e0:	e101      	b.n	10002ae6 <_ftoa+0x242>
100028e2:	981e      	ldr	r0, [sp, #120]	@ 0x78
100028e4:	991f      	ldr	r1, [sp, #124]	@ 0x7c
100028e6:	2201      	movs	r2, #1
100028e8:	4bc0      	ldr	r3, [pc, #768]	@ (10002bec <_ftoa+0x348>)
100028ea:	4252      	negs	r2, r2
100028ec:	f7ff fab0 	bl	10001e50 <__wrap___aeabi_dcmpgt>
100028f0:	2800      	cmp	r0, #0
100028f2:	d000      	beq.n	100028f6 <_ftoa+0x52>
100028f4:	e0d6      	b.n	10002aa4 <_ftoa+0x200>
100028f6:	981e      	ldr	r0, [sp, #120]	@ 0x78
100028f8:	991f      	ldr	r1, [sp, #124]	@ 0x7c
100028fa:	2200      	movs	r2, #0
100028fc:	4bbc      	ldr	r3, [pc, #752]	@ (10002bf0 <_ftoa+0x34c>)
100028fe:	f7ff faa7 	bl	10001e50 <__wrap___aeabi_dcmpgt>
10002902:	2800      	cmp	r0, #0
10002904:	d000      	beq.n	10002908 <_ftoa+0x64>
10002906:	e0b5      	b.n	10002a74 <_ftoa+0x1d0>
10002908:	981e      	ldr	r0, [sp, #120]	@ 0x78
1000290a:	991f      	ldr	r1, [sp, #124]	@ 0x7c
1000290c:	2200      	movs	r2, #0
1000290e:	4bb9      	ldr	r3, [pc, #740]	@ (10002bf4 <_ftoa+0x350>)
10002910:	f7ff fa88 	bl	10001e24 <__wrap___aeabi_dcmplt>
10002914:	2800      	cmp	r0, #0
10002916:	d000      	beq.n	1000291a <_ftoa+0x76>
10002918:	e0ac      	b.n	10002a74 <_ftoa+0x1d0>
1000291a:	981e      	ldr	r0, [sp, #120]	@ 0x78
1000291c:	991f      	ldr	r1, [sp, #124]	@ 0x7c
1000291e:	2200      	movs	r2, #0
10002920:	2300      	movs	r3, #0
10002922:	f7ff fa7f 	bl	10001e24 <__wrap___aeabi_dcmplt>
10002926:	2800      	cmp	r0, #0
10002928:	d000      	beq.n	1000292c <_ftoa+0x88>
1000292a:	e0d1      	b.n	10002ad0 <_ftoa+0x22c>
1000292c:	2300      	movs	r3, #0
1000292e:	930b      	str	r3, [sp, #44]	@ 0x2c
10002930:	9b22      	ldr	r3, [sp, #136]	@ 0x88
10002932:	055b      	lsls	r3, r3, #21
10002934:	d400      	bmi.n	10002938 <_ftoa+0x94>
10002936:	2606      	movs	r6, #6
10002938:	2400      	movs	r4, #0
1000293a:	2330      	movs	r3, #48	@ 0x30
1000293c:	e006      	b.n	1000294c <_ftoa+0xa8>
1000293e:	aa06      	add	r2, sp, #24
10002940:	3401      	adds	r4, #1
10002942:	3217      	adds	r2, #23
10002944:	5513      	strb	r3, [r2, r4]
10002946:	3e01      	subs	r6, #1
10002948:	2c20      	cmp	r4, #32
1000294a:	d001      	beq.n	10002950 <_ftoa+0xac>
1000294c:	2e09      	cmp	r6, #9
1000294e:	d8f6      	bhi.n	1000293e <_ftoa+0x9a>
10002950:	981e      	ldr	r0, [sp, #120]	@ 0x78
10002952:	991f      	ldr	r1, [sp, #124]	@ 0x7c
10002954:	f7ff faaa 	bl	10001eac <__wrap___aeabi_d2iz>
10002958:	4ba7      	ldr	r3, [pc, #668]	@ (10002bf8 <_ftoa+0x354>)
1000295a:	00f2      	lsls	r2, r6, #3
1000295c:	189b      	adds	r3, r3, r2
1000295e:	cb0c      	ldmia	r3, {r2, r3}
10002960:	0005      	movs	r5, r0
10002962:	9208      	str	r2, [sp, #32]
10002964:	9309      	str	r3, [sp, #36]	@ 0x24
10002966:	f7ff fa89 	bl	10001e7c <__wrap___aeabi_i2d>
1000296a:	0002      	movs	r2, r0
1000296c:	000b      	movs	r3, r1
1000296e:	981e      	ldr	r0, [sp, #120]	@ 0x78
10002970:	991f      	ldr	r1, [sp, #124]	@ 0x7c
10002972:	f7ff f9e4 	bl	10001d3e <__wrap___aeabi_dsub>
10002976:	9a08      	ldr	r2, [sp, #32]
10002978:	9b09      	ldr	r3, [sp, #36]	@ 0x24
1000297a:	f7ff fa10 	bl	10001d9e <__wrap___aeabi_dmul>
1000297e:	9006      	str	r0, [sp, #24]
10002980:	9107      	str	r1, [sp, #28]
10002982:	f7ff fab7 	bl	10001ef4 <__wrap___aeabi_d2uiz>
10002986:	0007      	movs	r7, r0
10002988:	f7ff fa74 	bl	10001e74 <__wrap___aeabi_ui2d>
1000298c:	0002      	movs	r2, r0
1000298e:	000b      	movs	r3, r1
10002990:	9806      	ldr	r0, [sp, #24]
10002992:	9907      	ldr	r1, [sp, #28]
10002994:	f7ff f9d3 	bl	10001d3e <__wrap___aeabi_dsub>
10002998:	2200      	movs	r2, #0
1000299a:	4b98      	ldr	r3, [pc, #608]	@ (10002bfc <_ftoa+0x358>)
1000299c:	9006      	str	r0, [sp, #24]
1000299e:	9107      	str	r1, [sp, #28]
100029a0:	f7ff fa56 	bl	10001e50 <__wrap___aeabi_dcmpgt>
100029a4:	2800      	cmp	r0, #0
100029a6:	d100      	bne.n	100029aa <_ftoa+0x106>
100029a8:	e0e9      	b.n	10002b7e <_ftoa+0x2da>
100029aa:	3701      	adds	r7, #1
100029ac:	0038      	movs	r0, r7
100029ae:	f7ff fa61 	bl	10001e74 <__wrap___aeabi_ui2d>
100029b2:	0002      	movs	r2, r0
100029b4:	000b      	movs	r3, r1
100029b6:	9808      	ldr	r0, [sp, #32]
100029b8:	9909      	ldr	r1, [sp, #36]	@ 0x24
100029ba:	f7ff fa39 	bl	10001e30 <__wrap___aeabi_dcmple>
100029be:	2800      	cmp	r0, #0
100029c0:	d001      	beq.n	100029c6 <_ftoa+0x122>
100029c2:	2700      	movs	r7, #0
100029c4:	3501      	adds	r5, #1
100029c6:	2e00      	cmp	r6, #0
100029c8:	d100      	bne.n	100029cc <_ftoa+0x128>
100029ca:	e0b7      	b.n	10002b3c <_ftoa+0x298>
100029cc:	9506      	str	r5, [sp, #24]
100029ce:	e013      	b.n	100029f8 <_ftoa+0x154>
100029d0:	2317      	movs	r3, #23
100029d2:	aa06      	add	r2, sp, #24
100029d4:	189b      	adds	r3, r3, r2
100029d6:	210a      	movs	r1, #10
100029d8:	0038      	movs	r0, r7
100029da:	3401      	adds	r4, #1
100029dc:	191d      	adds	r5, r3, r4
100029de:	f7fe ff73 	bl	100018c8 <__wrap___aeabi_uidiv>
100029e2:	3130      	adds	r1, #48	@ 0x30
100029e4:	7029      	strb	r1, [r5, #0]
100029e6:	0038      	movs	r0, r7
100029e8:	210a      	movs	r1, #10
100029ea:	3e01      	subs	r6, #1
100029ec:	f7fe ff6c 	bl	100018c8 <__wrap___aeabi_uidiv>
100029f0:	2f09      	cmp	r7, #9
100029f2:	d800      	bhi.n	100029f6 <_ftoa+0x152>
100029f4:	e0e1      	b.n	10002bba <_ftoa+0x316>
100029f6:	0007      	movs	r7, r0
100029f8:	2c20      	cmp	r4, #32
100029fa:	d1e9      	bne.n	100029d0 <_ftoa+0x12c>
100029fc:	9d06      	ldr	r5, [sp, #24]
100029fe:	2420      	movs	r4, #32
10002a00:	ab0c      	add	r3, sp, #48	@ 0x30
10002a02:	9306      	str	r3, [sp, #24]
10002a04:	2717      	movs	r7, #23
10002a06:	ab06      	add	r3, sp, #24
10002a08:	18ff      	adds	r7, r7, r3
10002a0a:	e00d      	b.n	10002a28 <_ftoa+0x184>
10002a0c:	0028      	movs	r0, r5
10002a0e:	210a      	movs	r1, #10
10002a10:	f7fe ff32 	bl	10001878 <__wrap___aeabi_idiv>
10002a14:	3401      	adds	r4, #1
10002a16:	3130      	adds	r1, #48	@ 0x30
10002a18:	0028      	movs	r0, r5
10002a1a:	5539      	strb	r1, [r7, r4]
10002a1c:	210a      	movs	r1, #10
10002a1e:	f7fe ff2b 	bl	10001878 <__wrap___aeabi_idiv>
10002a22:	1e05      	subs	r5, r0, #0
10002a24:	d100      	bne.n	10002a28 <_ftoa+0x184>
10002a26:	e0b7      	b.n	10002b98 <_ftoa+0x2f4>
10002a28:	2c20      	cmp	r4, #32
10002a2a:	d1ef      	bne.n	10002a0c <_ftoa+0x168>
10002a2c:	2303      	movs	r3, #3
10002a2e:	9a22      	ldr	r2, [sp, #136]	@ 0x88
10002a30:	4013      	ands	r3, r2
10002a32:	2b01      	cmp	r3, #1
10002a34:	d117      	bne.n	10002a66 <_ftoa+0x1c2>
10002a36:	9b21      	ldr	r3, [sp, #132]	@ 0x84
10002a38:	2b00      	cmp	r3, #0
10002a3a:	d014      	beq.n	10002a66 <_ftoa+0x1c2>
10002a3c:	9b0b      	ldr	r3, [sp, #44]	@ 0x2c
10002a3e:	2b00      	cmp	r3, #0
10002a40:	d100      	bne.n	10002a44 <_ftoa+0x1a0>
10002a42:	e0e3      	b.n	10002c0c <_ftoa+0x368>
10002a44:	9b21      	ldr	r3, [sp, #132]	@ 0x84
10002a46:	3b01      	subs	r3, #1
10002a48:	9321      	str	r3, [sp, #132]	@ 0x84
10002a4a:	2b20      	cmp	r3, #32
10002a4c:	d90b      	bls.n	10002a66 <_ftoa+0x1c2>
10002a4e:	2330      	movs	r3, #48	@ 0x30
10002a50:	9a21      	ldr	r2, [sp, #132]	@ 0x84
10002a52:	e006      	b.n	10002a62 <_ftoa+0x1be>
10002a54:	a906      	add	r1, sp, #24
10002a56:	3401      	adds	r4, #1
10002a58:	3117      	adds	r1, #23
10002a5a:	550b      	strb	r3, [r1, r4]
10002a5c:	4294      	cmp	r4, r2
10002a5e:	d300      	bcc.n	10002a62 <_ftoa+0x1be>
10002a60:	e0a0      	b.n	10002ba4 <_ftoa+0x300>
10002a62:	2c20      	cmp	r4, #32
10002a64:	d1f6      	bne.n	10002a54 <_ftoa+0x1b0>
10002a66:	9b22      	ldr	r3, [sp, #136]	@ 0x88
10002a68:	9401      	str	r4, [sp, #4]
10002a6a:	9303      	str	r3, [sp, #12]
10002a6c:	9b21      	ldr	r3, [sp, #132]	@ 0x84
10002a6e:	9302      	str	r3, [sp, #8]
10002a70:	9b06      	ldr	r3, [sp, #24]
10002a72:	e021      	b.n	10002ab8 <_ftoa+0x214>
10002a74:	9b22      	ldr	r3, [sp, #136]	@ 0x88
10002a76:	4652      	mov	r2, sl
10002a78:	9304      	str	r3, [sp, #16]
10002a7a:	9b21      	ldr	r3, [sp, #132]	@ 0x84
10002a7c:	4649      	mov	r1, r9
10002a7e:	9303      	str	r3, [sp, #12]
10002a80:	4658      	mov	r0, fp
10002a82:	9b1e      	ldr	r3, [sp, #120]	@ 0x78
10002a84:	9c1f      	ldr	r4, [sp, #124]	@ 0x7c
10002a86:	9602      	str	r6, [sp, #8]
10002a88:	9300      	str	r3, [sp, #0]
10002a8a:	9401      	str	r4, [sp, #4]
10002a8c:	4643      	mov	r3, r8
10002a8e:	f000 f943 	bl	10002d18 <_etoa>
10002a92:	0004      	movs	r4, r0
10002a94:	0020      	movs	r0, r4
10002a96:	b015      	add	sp, #84	@ 0x54
10002a98:	bcf0      	pop	{r4, r5, r6, r7}
10002a9a:	46bb      	mov	fp, r7
10002a9c:	46b2      	mov	sl, r6
10002a9e:	46a9      	mov	r9, r5
10002aa0:	46a0      	mov	r8, r4
10002aa2:	bdf0      	pop	{r4, r5, r6, r7, pc}
10002aa4:	9b22      	ldr	r3, [sp, #136]	@ 0x88
10002aa6:	075b      	lsls	r3, r3, #29
10002aa8:	d40f      	bmi.n	10002aca <_ftoa+0x226>
10002aaa:	2203      	movs	r2, #3
10002aac:	4b54      	ldr	r3, [pc, #336]	@ (10002c00 <_ftoa+0x35c>)
10002aae:	9922      	ldr	r1, [sp, #136]	@ 0x88
10002ab0:	9201      	str	r2, [sp, #4]
10002ab2:	9103      	str	r1, [sp, #12]
10002ab4:	9921      	ldr	r1, [sp, #132]	@ 0x84
10002ab6:	9102      	str	r1, [sp, #8]
10002ab8:	9300      	str	r3, [sp, #0]
10002aba:	4652      	mov	r2, sl
10002abc:	4643      	mov	r3, r8
10002abe:	4649      	mov	r1, r9
10002ac0:	4658      	mov	r0, fp
10002ac2:	f7ff fd9f 	bl	10002604 <_out_rev>
10002ac6:	0004      	movs	r4, r0
10002ac8:	e7e4      	b.n	10002a94 <_ftoa+0x1f0>
10002aca:	2204      	movs	r2, #4
10002acc:	4b4d      	ldr	r3, [pc, #308]	@ (10002c04 <_ftoa+0x360>)
10002ace:	e7ee      	b.n	10002aae <_ftoa+0x20a>
10002ad0:	9a1e      	ldr	r2, [sp, #120]	@ 0x78
10002ad2:	9b1f      	ldr	r3, [sp, #124]	@ 0x7c
10002ad4:	2000      	movs	r0, #0
10002ad6:	2100      	movs	r1, #0
10002ad8:	f7ff f931 	bl	10001d3e <__wrap___aeabi_dsub>
10002adc:	2301      	movs	r3, #1
10002ade:	901e      	str	r0, [sp, #120]	@ 0x78
10002ae0:	911f      	str	r1, [sp, #124]	@ 0x7c
10002ae2:	930b      	str	r3, [sp, #44]	@ 0x2c
10002ae4:	e724      	b.n	10002930 <_ftoa+0x8c>
10002ae6:	2302      	movs	r3, #2
10002ae8:	9a22      	ldr	r2, [sp, #136]	@ 0x88
10002aea:	4654      	mov	r4, sl
10002aec:	401a      	ands	r2, r3
10002aee:	9b22      	ldr	r3, [sp, #136]	@ 0x88
10002af0:	9206      	str	r2, [sp, #24]
10002af2:	079b      	lsls	r3, r3, #30
10002af4:	d100      	bne.n	10002af8 <_ftoa+0x254>
10002af6:	e0ac      	b.n	10002c52 <_ftoa+0x3ae>
10002af8:	0026      	movs	r6, r4
10002afa:	4d43      	ldr	r5, [pc, #268]	@ (10002c08 <_ftoa+0x364>)
10002afc:	9408      	str	r4, [sp, #32]
10002afe:	1f2f      	subs	r7, r5, #4
10002b00:	0032      	movs	r2, r6
10002b02:	78e8      	ldrb	r0, [r5, #3]
10002b04:	4643      	mov	r3, r8
10002b06:	4649      	mov	r1, r9
10002b08:	3d01      	subs	r5, #1
10002b0a:	47d8      	blx	fp
10002b0c:	3601      	adds	r6, #1
10002b0e:	42bd      	cmp	r5, r7
10002b10:	d1f6      	bne.n	10002b00 <_ftoa+0x25c>
10002b12:	9c08      	ldr	r4, [sp, #32]
10002b14:	9b06      	ldr	r3, [sp, #24]
10002b16:	3404      	adds	r4, #4
10002b18:	2b00      	cmp	r3, #0
10002b1a:	d0bb      	beq.n	10002a94 <_ftoa+0x1f0>
10002b1c:	4657      	mov	r7, sl
10002b1e:	9a21      	ldr	r2, [sp, #132]	@ 0x84
10002b20:	1be3      	subs	r3, r4, r7
10002b22:	429a      	cmp	r2, r3
10002b24:	d9b6      	bls.n	10002a94 <_ftoa+0x1f0>
10002b26:	0015      	movs	r5, r2
10002b28:	0022      	movs	r2, r4
10002b2a:	4643      	mov	r3, r8
10002b2c:	4649      	mov	r1, r9
10002b2e:	2020      	movs	r0, #32
10002b30:	3401      	adds	r4, #1
10002b32:	47d8      	blx	fp
10002b34:	1be3      	subs	r3, r4, r7
10002b36:	42ab      	cmp	r3, r5
10002b38:	d3f6      	bcc.n	10002b28 <_ftoa+0x284>
10002b3a:	e7ab      	b.n	10002a94 <_ftoa+0x1f0>
10002b3c:	0028      	movs	r0, r5
10002b3e:	f7ff f99d 	bl	10001e7c <__wrap___aeabi_i2d>
10002b42:	0002      	movs	r2, r0
10002b44:	000b      	movs	r3, r1
10002b46:	981e      	ldr	r0, [sp, #120]	@ 0x78
10002b48:	991f      	ldr	r1, [sp, #124]	@ 0x7c
10002b4a:	f7ff f8f8 	bl	10001d3e <__wrap___aeabi_dsub>
10002b4e:	4b2b      	ldr	r3, [pc, #172]	@ (10002bfc <_ftoa+0x358>)
10002b50:	2200      	movs	r2, #0
10002b52:	0006      	movs	r6, r0
10002b54:	000f      	movs	r7, r1
10002b56:	f7ff f965 	bl	10001e24 <__wrap___aeabi_dcmplt>
10002b5a:	ab0c      	add	r3, sp, #48	@ 0x30
10002b5c:	9306      	str	r3, [sp, #24]
10002b5e:	2800      	cmp	r0, #0
10002b60:	d000      	beq.n	10002b64 <_ftoa+0x2c0>
10002b62:	e74f      	b.n	10002a04 <_ftoa+0x160>
10002b64:	2200      	movs	r2, #0
10002b66:	0030      	movs	r0, r6
10002b68:	0039      	movs	r1, r7
10002b6a:	4b24      	ldr	r3, [pc, #144]	@ (10002bfc <_ftoa+0x358>)
10002b6c:	f7ff f970 	bl	10001e50 <__wrap___aeabi_dcmpgt>
10002b70:	2800      	cmp	r0, #0
10002b72:	d000      	beq.n	10002b76 <_ftoa+0x2d2>
10002b74:	e746      	b.n	10002a04 <_ftoa+0x160>
10002b76:	2301      	movs	r3, #1
10002b78:	3501      	adds	r5, #1
10002b7a:	439d      	bics	r5, r3
10002b7c:	e742      	b.n	10002a04 <_ftoa+0x160>
10002b7e:	2200      	movs	r2, #0
10002b80:	9806      	ldr	r0, [sp, #24]
10002b82:	9907      	ldr	r1, [sp, #28]
10002b84:	4b1d      	ldr	r3, [pc, #116]	@ (10002bfc <_ftoa+0x358>)
10002b86:	f7ff f94d 	bl	10001e24 <__wrap___aeabi_dcmplt>
10002b8a:	2800      	cmp	r0, #0
10002b8c:	d000      	beq.n	10002b90 <_ftoa+0x2ec>
10002b8e:	e71a      	b.n	100029c6 <_ftoa+0x122>
10002b90:	2f00      	cmp	r7, #0
10002b92:	d159      	bne.n	10002c48 <_ftoa+0x3a4>
10002b94:	3701      	adds	r7, #1
10002b96:	e716      	b.n	100029c6 <_ftoa+0x122>
10002b98:	2303      	movs	r3, #3
10002b9a:	9a22      	ldr	r2, [sp, #136]	@ 0x88
10002b9c:	4013      	ands	r3, r2
10002b9e:	2b01      	cmp	r3, #1
10002ba0:	d100      	bne.n	10002ba4 <_ftoa+0x300>
10002ba2:	e0a6      	b.n	10002cf2 <_ftoa+0x44e>
10002ba4:	2c20      	cmp	r4, #32
10002ba6:	d100      	bne.n	10002baa <_ftoa+0x306>
10002ba8:	e75d      	b.n	10002a66 <_ftoa+0x1c2>
10002baa:	9b0b      	ldr	r3, [sp, #44]	@ 0x2c
10002bac:	2b00      	cmp	r3, #0
10002bae:	d03a      	beq.n	10002c26 <_ftoa+0x382>
10002bb0:	232d      	movs	r3, #45	@ 0x2d
10002bb2:	9a06      	ldr	r2, [sp, #24]
10002bb4:	5513      	strb	r3, [r2, r4]
10002bb6:	3401      	adds	r4, #1
10002bb8:	e755      	b.n	10002a66 <_ftoa+0x1c2>
10002bba:	9d06      	ldr	r5, [sp, #24]
10002bbc:	2c20      	cmp	r4, #32
10002bbe:	d100      	bne.n	10002bc2 <_ftoa+0x31e>
10002bc0:	e71d      	b.n	100029fe <_ftoa+0x15a>
10002bc2:	2330      	movs	r3, #48	@ 0x30
10002bc4:	1936      	adds	r6, r6, r4
10002bc6:	e006      	b.n	10002bd6 <_ftoa+0x332>
10002bc8:	aa06      	add	r2, sp, #24
10002bca:	3401      	adds	r4, #1
10002bcc:	3217      	adds	r2, #23
10002bce:	5513      	strb	r3, [r2, r4]
10002bd0:	2c20      	cmp	r4, #32
10002bd2:	d100      	bne.n	10002bd6 <_ftoa+0x332>
10002bd4:	e713      	b.n	100029fe <_ftoa+0x15a>
10002bd6:	42a6      	cmp	r6, r4
10002bd8:	d1f6      	bne.n	10002bc8 <_ftoa+0x324>
10002bda:	232e      	movs	r3, #46	@ 0x2e
10002bdc:	aa0c      	add	r2, sp, #48	@ 0x30
10002bde:	3401      	adds	r4, #1
10002be0:	9206      	str	r2, [sp, #24]
10002be2:	5593      	strb	r3, [r2, r6]
10002be4:	e70e      	b.n	10002a04 <_ftoa+0x160>
10002be6:	46c0      	nop			@ (mov r8, r8)
10002be8:	ffefffff 	.word	0xffefffff
10002bec:	7fefffff 	.word	0x7fefffff
10002bf0:	41cdcd65 	.word	0x41cdcd65
10002bf4:	c1cdcd65 	.word	0xc1cdcd65
10002bf8:	10006f08 	.word	0x10006f08
10002bfc:	3fe00000 	.word	0x3fe00000
10002c00:	10006c60 	.word	0x10006c60
10002c04:	10006c58 	.word	0x10006c58
10002c08:	10006c68 	.word	0x10006c68
10002c0c:	230c      	movs	r3, #12
10002c0e:	9a22      	ldr	r2, [sp, #136]	@ 0x88
10002c10:	4213      	tst	r3, r2
10002c12:	d057      	beq.n	10002cc4 <_ftoa+0x420>
10002c14:	9b21      	ldr	r3, [sp, #132]	@ 0x84
10002c16:	3b01      	subs	r3, #1
10002c18:	9321      	str	r3, [sp, #132]	@ 0x84
10002c1a:	42a3      	cmp	r3, r4
10002c1c:	d900      	bls.n	10002c20 <_ftoa+0x37c>
10002c1e:	e716      	b.n	10002a4e <_ftoa+0x1aa>
10002c20:	2c20      	cmp	r4, #32
10002c22:	d100      	bne.n	10002c26 <_ftoa+0x382>
10002c24:	e71f      	b.n	10002a66 <_ftoa+0x1c2>
10002c26:	9b22      	ldr	r3, [sp, #136]	@ 0x88
10002c28:	075b      	lsls	r3, r3, #29
10002c2a:	d504      	bpl.n	10002c36 <_ftoa+0x392>
10002c2c:	232b      	movs	r3, #43	@ 0x2b
10002c2e:	9a06      	ldr	r2, [sp, #24]
10002c30:	5513      	strb	r3, [r2, r4]
10002c32:	3401      	adds	r4, #1
10002c34:	e717      	b.n	10002a66 <_ftoa+0x1c2>
10002c36:	9b22      	ldr	r3, [sp, #136]	@ 0x88
10002c38:	071b      	lsls	r3, r3, #28
10002c3a:	d400      	bmi.n	10002c3e <_ftoa+0x39a>
10002c3c:	e713      	b.n	10002a66 <_ftoa+0x1c2>
10002c3e:	2320      	movs	r3, #32
10002c40:	9a06      	ldr	r2, [sp, #24]
10002c42:	5513      	strb	r3, [r2, r4]
10002c44:	3401      	adds	r4, #1
10002c46:	e70e      	b.n	10002a66 <_ftoa+0x1c2>
10002c48:	07fb      	lsls	r3, r7, #31
10002c4a:	d400      	bmi.n	10002c4e <_ftoa+0x3aa>
10002c4c:	e6bb      	b.n	100029c6 <_ftoa+0x122>
10002c4e:	3701      	adds	r7, #1
10002c50:	e6b9      	b.n	100029c6 <_ftoa+0x122>
10002c52:	9b21      	ldr	r3, [sp, #132]	@ 0x84
10002c54:	2b04      	cmp	r3, #4
10002c56:	d800      	bhi.n	10002c5a <_ftoa+0x3b6>
10002c58:	e74e      	b.n	10002af8 <_ftoa+0x254>
10002c5a:	4655      	mov	r5, sl
10002c5c:	464f      	mov	r7, r9
10002c5e:	3c04      	subs	r4, #4
10002c60:	18e4      	adds	r4, r4, r3
10002c62:	002a      	movs	r2, r5
10002c64:	4643      	mov	r3, r8
10002c66:	3501      	adds	r5, #1
10002c68:	0039      	movs	r1, r7
10002c6a:	2020      	movs	r0, #32
10002c6c:	47d8      	blx	fp
10002c6e:	42ac      	cmp	r4, r5
10002c70:	d1f7      	bne.n	10002c62 <_ftoa+0x3be>
10002c72:	e741      	b.n	10002af8 <_ftoa+0x254>
10002c74:	2702      	movs	r7, #2
10002c76:	9b22      	ldr	r3, [sp, #136]	@ 0x88
10002c78:	4655      	mov	r5, sl
10002c7a:	401f      	ands	r7, r3
10002c7c:	079b      	lsls	r3, r3, #30
10002c7e:	d026      	beq.n	10002cce <_ftoa+0x42a>
10002c80:	9706      	str	r7, [sp, #24]
10002c82:	465f      	mov	r7, fp
10002c84:	4e23      	ldr	r6, [pc, #140]	@ (10002d14 <_ftoa+0x470>)
10002c86:	1cec      	adds	r4, r5, #3
10002c88:	002a      	movs	r2, r5
10002c8a:	78b0      	ldrb	r0, [r6, #2]
10002c8c:	4643      	mov	r3, r8
10002c8e:	4649      	mov	r1, r9
10002c90:	3501      	adds	r5, #1
10002c92:	47b8      	blx	r7
10002c94:	3e01      	subs	r6, #1
10002c96:	42ac      	cmp	r4, r5
10002c98:	d1f6      	bne.n	10002c88 <_ftoa+0x3e4>
10002c9a:	9f06      	ldr	r7, [sp, #24]
10002c9c:	2f00      	cmp	r7, #0
10002c9e:	d100      	bne.n	10002ca2 <_ftoa+0x3fe>
10002ca0:	e6f8      	b.n	10002a94 <_ftoa+0x1f0>
10002ca2:	4657      	mov	r7, sl
10002ca4:	9a21      	ldr	r2, [sp, #132]	@ 0x84
10002ca6:	1be3      	subs	r3, r4, r7
10002ca8:	429a      	cmp	r2, r3
10002caa:	d800      	bhi.n	10002cae <_ftoa+0x40a>
10002cac:	e6f2      	b.n	10002a94 <_ftoa+0x1f0>
10002cae:	0015      	movs	r5, r2
10002cb0:	0022      	movs	r2, r4
10002cb2:	4643      	mov	r3, r8
10002cb4:	4649      	mov	r1, r9
10002cb6:	2020      	movs	r0, #32
10002cb8:	3401      	adds	r4, #1
10002cba:	47d8      	blx	fp
10002cbc:	1be3      	subs	r3, r4, r7
10002cbe:	42ab      	cmp	r3, r5
10002cc0:	d3f6      	bcc.n	10002cb0 <_ftoa+0x40c>
10002cc2:	e6e7      	b.n	10002a94 <_ftoa+0x1f0>
10002cc4:	9b21      	ldr	r3, [sp, #132]	@ 0x84
10002cc6:	42a3      	cmp	r3, r4
10002cc8:	d900      	bls.n	10002ccc <_ftoa+0x428>
10002cca:	e6c0      	b.n	10002a4e <_ftoa+0x1aa>
10002ccc:	e6cb      	b.n	10002a66 <_ftoa+0x1c2>
10002cce:	9b21      	ldr	r3, [sp, #132]	@ 0x84
10002cd0:	2b03      	cmp	r3, #3
10002cd2:	d9d5      	bls.n	10002c80 <_ftoa+0x3dc>
10002cd4:	9706      	str	r7, [sp, #24]
10002cd6:	4654      	mov	r4, sl
10002cd8:	464f      	mov	r7, r9
10002cda:	3d03      	subs	r5, #3
10002cdc:	18ed      	adds	r5, r5, r3
10002cde:	0022      	movs	r2, r4
10002ce0:	4643      	mov	r3, r8
10002ce2:	3401      	adds	r4, #1
10002ce4:	0039      	movs	r1, r7
10002ce6:	2020      	movs	r0, #32
10002ce8:	47d8      	blx	fp
10002cea:	42a5      	cmp	r5, r4
10002cec:	d1f7      	bne.n	10002cde <_ftoa+0x43a>
10002cee:	9f06      	ldr	r7, [sp, #24]
10002cf0:	e7c6      	b.n	10002c80 <_ftoa+0x3dc>
10002cf2:	9b21      	ldr	r3, [sp, #132]	@ 0x84
10002cf4:	2b00      	cmp	r3, #0
10002cf6:	d100      	bne.n	10002cfa <_ftoa+0x456>
10002cf8:	e754      	b.n	10002ba4 <_ftoa+0x300>
10002cfa:	9b0b      	ldr	r3, [sp, #44]	@ 0x2c
10002cfc:	2b00      	cmp	r3, #0
10002cfe:	d085      	beq.n	10002c0c <_ftoa+0x368>
10002d00:	9b21      	ldr	r3, [sp, #132]	@ 0x84
10002d02:	3b01      	subs	r3, #1
10002d04:	9321      	str	r3, [sp, #132]	@ 0x84
10002d06:	429c      	cmp	r4, r3
10002d08:	d200      	bcs.n	10002d0c <_ftoa+0x468>
10002d0a:	e6a0      	b.n	10002a4e <_ftoa+0x1aa>
10002d0c:	2c20      	cmp	r4, #32
10002d0e:	d000      	beq.n	10002d12 <_ftoa+0x46e>
10002d10:	e74e      	b.n	10002bb0 <_ftoa+0x30c>
10002d12:	e6a8      	b.n	10002a66 <_ftoa+0x1c2>
10002d14:	10006c64 	.word	0x10006c64

10002d18 <_etoa>:
10002d18:	b5f0      	push	{r4, r5, r6, r7, lr}
10002d1a:	4645      	mov	r5, r8
10002d1c:	46de      	mov	lr, fp
10002d1e:	4657      	mov	r7, sl
10002d20:	464e      	mov	r6, r9
10002d22:	b5e0      	push	{r5, r6, r7, lr}
10002d24:	b09b      	sub	sp, #108	@ 0x6c
10002d26:	9c24      	ldr	r4, [sp, #144]	@ 0x90
10002d28:	9d25      	ldr	r5, [sp, #148]	@ 0x94
10002d2a:	4682      	mov	sl, r0
10002d2c:	4688      	mov	r8, r1
10002d2e:	4693      	mov	fp, r2
10002d30:	4699      	mov	r9, r3
10002d32:	0022      	movs	r2, r4
10002d34:	002b      	movs	r3, r5
10002d36:	0020      	movs	r0, r4
10002d38:	0029      	movs	r1, r5
10002d3a:	f7ff f88e 	bl	10001e5a <__wrap___aeabi_dcmpun>
10002d3e:	2800      	cmp	r0, #0
10002d40:	d000      	beq.n	10002d44 <_etoa+0x2c>
10002d42:	e0c1      	b.n	10002ec8 <_etoa+0x1b0>
10002d44:	2201      	movs	r2, #1
10002d46:	0020      	movs	r0, r4
10002d48:	0029      	movs	r1, r5
10002d4a:	4b7c      	ldr	r3, [pc, #496]	@ (10002f3c <_etoa+0x224>)
10002d4c:	4252      	negs	r2, r2
10002d4e:	f7ff f87f 	bl	10001e50 <__wrap___aeabi_dcmpgt>
10002d52:	2800      	cmp	r0, #0
10002d54:	d000      	beq.n	10002d58 <_etoa+0x40>
10002d56:	e0b7      	b.n	10002ec8 <_etoa+0x1b0>
10002d58:	2201      	movs	r2, #1
10002d5a:	0020      	movs	r0, r4
10002d5c:	0029      	movs	r1, r5
10002d5e:	4b78      	ldr	r3, [pc, #480]	@ (10002f40 <_etoa+0x228>)
10002d60:	4252      	negs	r2, r2
10002d62:	f7ff f85f 	bl	10001e24 <__wrap___aeabi_dcmplt>
10002d66:	2800      	cmp	r0, #0
10002d68:	d000      	beq.n	10002d6c <_etoa+0x54>
10002d6a:	e0ad      	b.n	10002ec8 <_etoa+0x1b0>
10002d6c:	2200      	movs	r2, #0
10002d6e:	2300      	movs	r3, #0
10002d70:	0020      	movs	r0, r4
10002d72:	0029      	movs	r1, r5
10002d74:	f7ff f856 	bl	10001e24 <__wrap___aeabi_dcmplt>
10002d78:	2800      	cmp	r0, #0
10002d7a:	d000      	beq.n	10002d7e <_etoa+0x66>
10002d7c:	e1bb      	b.n	100030f6 <_etoa+0x3de>
10002d7e:	9408      	str	r4, [sp, #32]
10002d80:	9509      	str	r5, [sp, #36]	@ 0x24
10002d82:	9808      	ldr	r0, [sp, #32]
10002d84:	9909      	ldr	r1, [sp, #36]	@ 0x24
10002d86:	2380      	movs	r3, #128	@ 0x80
10002d88:	9a28      	ldr	r2, [sp, #160]	@ 0xa0
10002d8a:	00db      	lsls	r3, r3, #3
10002d8c:	401a      	ands	r2, r3
10002d8e:	920f      	str	r2, [sp, #60]	@ 0x3c
10002d90:	2280      	movs	r2, #128	@ 0x80
10002d92:	9e28      	ldr	r6, [sp, #160]	@ 0xa0
10002d94:	0112      	lsls	r2, r2, #4
10002d96:	4016      	ands	r6, r2
10002d98:	0032      	movs	r2, r6
10002d9a:	960e      	str	r6, [sp, #56]	@ 0x38
10002d9c:	9e28      	ldr	r6, [sp, #160]	@ 0xa0
10002d9e:	000f      	movs	r7, r1
10002da0:	900a      	str	r0, [sp, #40]	@ 0x28
10002da2:	421e      	tst	r6, r3
10002da4:	d000      	beq.n	10002da8 <_etoa+0x90>
10002da6:	e0a4      	b.n	10002ef2 <_etoa+0x1da>
10002da8:	000b      	movs	r3, r1
10002daa:	4303      	orrs	r3, r0
10002dac:	d000      	beq.n	10002db0 <_etoa+0x98>
10002dae:	e0cb      	b.n	10002f48 <_etoa+0x230>
10002db0:	2a00      	cmp	r2, #0
10002db2:	d000      	beq.n	10002db6 <_etoa+0x9e>
10002db4:	e212      	b.n	100031dc <_etoa+0x4c4>
10002db6:	0032      	movs	r2, r6
10002db8:	3306      	adds	r3, #6
10002dba:	9326      	str	r3, [sp, #152]	@ 0x98
10002dbc:	2302      	movs	r3, #2
10002dbe:	4013      	ands	r3, r2
10002dc0:	930c      	str	r3, [sp, #48]	@ 0x30
10002dc2:	2302      	movs	r3, #2
10002dc4:	4213      	tst	r3, r2
10002dc6:	d000      	beq.n	10002dca <_etoa+0xb2>
10002dc8:	e20a      	b.n	100031e0 <_etoa+0x4c8>
10002dca:	9b27      	ldr	r3, [sp, #156]	@ 0x9c
10002dcc:	2b04      	cmp	r3, #4
10002dce:	d200      	bcs.n	10002dd2 <_etoa+0xba>
10002dd0:	e215      	b.n	100031fe <_etoa+0x4e6>
10002dd2:	2700      	movs	r7, #0
10002dd4:	2604      	movs	r6, #4
10002dd6:	3b04      	subs	r3, #4
10002dd8:	930e      	str	r3, [sp, #56]	@ 0x38
10002dda:	2200      	movs	r2, #0
10002ddc:	2300      	movs	r3, #0
10002dde:	0020      	movs	r0, r4
10002de0:	0029      	movs	r1, r5
10002de2:	f7ff f81f 	bl	10001e24 <__wrap___aeabi_dcmplt>
10002de6:	2800      	cmp	r0, #0
10002de8:	d000      	beq.n	10002dec <_etoa+0xd4>
10002dea:	e1c8      	b.n	1000317e <_etoa+0x466>
10002dec:	4b55      	ldr	r3, [pc, #340]	@ (10002f44 <_etoa+0x22c>)
10002dee:	9a28      	ldr	r2, [sp, #160]	@ 0xa0
10002df0:	4013      	ands	r3, r2
10002df2:	9304      	str	r3, [sp, #16]
10002df4:	9b0e      	ldr	r3, [sp, #56]	@ 0x38
10002df6:	9303      	str	r3, [sp, #12]
10002df8:	9b26      	ldr	r3, [sp, #152]	@ 0x98
10002dfa:	9302      	str	r3, [sp, #8]
10002dfc:	9b08      	ldr	r3, [sp, #32]
10002dfe:	9c09      	ldr	r4, [sp, #36]	@ 0x24
10002e00:	9300      	str	r3, [sp, #0]
10002e02:	9401      	str	r4, [sp, #4]
10002e04:	4641      	mov	r1, r8
10002e06:	464b      	mov	r3, r9
10002e08:	465a      	mov	r2, fp
10002e0a:	4650      	mov	r0, sl
10002e0c:	f7ff fd4a 	bl	100028a4 <_ftoa>
10002e10:	0002      	movs	r2, r0
10002e12:	2020      	movs	r0, #32
10002e14:	9b28      	ldr	r3, [sp, #160]	@ 0xa0
10002e16:	2500      	movs	r5, #0
10002e18:	4003      	ands	r3, r0
10002e1a:	4259      	negs	r1, r3
10002e1c:	414b      	adcs	r3, r1
10002e1e:	425b      	negs	r3, r3
10002e20:	4018      	ands	r0, r3
10002e22:	1c53      	adds	r3, r2, #1
10002e24:	9308      	str	r3, [sp, #32]
10002e26:	4641      	mov	r1, r8
10002e28:	464b      	mov	r3, r9
10002e2a:	3045      	adds	r0, #69	@ 0x45
10002e2c:	47d0      	blx	sl
10002e2e:	17fb      	asrs	r3, r7, #31
10002e30:	18fc      	adds	r4, r7, r3
10002e32:	405c      	eors	r4, r3
10002e34:	0ffb      	lsrs	r3, r7, #31
10002e36:	271f      	movs	r7, #31
10002e38:	930a      	str	r3, [sp, #40]	@ 0x28
10002e3a:	1e73      	subs	r3, r6, #1
10002e3c:	930e      	str	r3, [sp, #56]	@ 0x38
10002e3e:	ab0a      	add	r3, sp, #40	@ 0x28
10002e40:	18ff      	adds	r7, r7, r3
10002e42:	e006      	b.n	10002e52 <_etoa+0x13a>
10002e44:	0020      	movs	r0, r4
10002e46:	210a      	movs	r1, #10
10002e48:	f7fe fd3e 	bl	100018c8 <__wrap___aeabi_uidiv>
10002e4c:	0004      	movs	r4, r0
10002e4e:	2d20      	cmp	r5, #32
10002e50:	d008      	beq.n	10002e64 <_etoa+0x14c>
10002e52:	210a      	movs	r1, #10
10002e54:	0020      	movs	r0, r4
10002e56:	f7fe fd37 	bl	100018c8 <__wrap___aeabi_uidiv>
10002e5a:	3501      	adds	r5, #1
10002e5c:	3130      	adds	r1, #48	@ 0x30
10002e5e:	5579      	strb	r1, [r7, r5]
10002e60:	2c09      	cmp	r4, #9
10002e62:	d8ef      	bhi.n	10002e44 <_etoa+0x12c>
10002e64:	2305      	movs	r3, #5
10002e66:	9306      	str	r3, [sp, #24]
10002e68:	9b0e      	ldr	r3, [sp, #56]	@ 0x38
10002e6a:	4656      	mov	r6, sl
10002e6c:	9305      	str	r3, [sp, #20]
10002e6e:	2300      	movs	r3, #0
10002e70:	9304      	str	r3, [sp, #16]
10002e72:	330a      	adds	r3, #10
10002e74:	9303      	str	r3, [sp, #12]
10002e76:	9b0a      	ldr	r3, [sp, #40]	@ 0x28
10002e78:	4641      	mov	r1, r8
10002e7a:	9302      	str	r3, [sp, #8]
10002e7c:	ab12      	add	r3, sp, #72	@ 0x48
10002e7e:	9300      	str	r3, [sp, #0]
10002e80:	0030      	movs	r0, r6
10002e82:	464b      	mov	r3, r9
10002e84:	9a08      	ldr	r2, [sp, #32]
10002e86:	9501      	str	r5, [sp, #4]
10002e88:	f7ff fc10 	bl	100026ac <_ntoa_format>
10002e8c:	9b0c      	ldr	r3, [sp, #48]	@ 0x30
10002e8e:	2b00      	cmp	r3, #0
10002e90:	d028      	beq.n	10002ee4 <_etoa+0x1cc>
10002e92:	465f      	mov	r7, fp
10002e94:	9b27      	ldr	r3, [sp, #156]	@ 0x9c
10002e96:	1bc4      	subs	r4, r0, r7
10002e98:	42a3      	cmp	r3, r4
10002e9a:	d923      	bls.n	10002ee4 <_etoa+0x1cc>
10002e9c:	4682      	mov	sl, r0
10002e9e:	001d      	movs	r5, r3
10002ea0:	193a      	adds	r2, r7, r4
10002ea2:	464b      	mov	r3, r9
10002ea4:	4641      	mov	r1, r8
10002ea6:	2020      	movs	r0, #32
10002ea8:	3401      	adds	r4, #1
10002eaa:	47b0      	blx	r6
10002eac:	42a5      	cmp	r5, r4
10002eae:	d8f7      	bhi.n	10002ea0 <_etoa+0x188>
10002eb0:	4650      	mov	r0, sl
10002eb2:	4659      	mov	r1, fp
10002eb4:	9c27      	ldr	r4, [sp, #156]	@ 0x9c
10002eb6:	1a42      	subs	r2, r0, r1
10002eb8:	3201      	adds	r2, #1
10002eba:	2300      	movs	r3, #0
10002ebc:	4294      	cmp	r4, r2
10002ebe:	d300      	bcc.n	10002ec2 <_etoa+0x1aa>
10002ec0:	e195      	b.n	100031ee <_etoa+0x4d6>
10002ec2:	3001      	adds	r0, #1
10002ec4:	1818      	adds	r0, r3, r0
10002ec6:	e00d      	b.n	10002ee4 <_etoa+0x1cc>
10002ec8:	9b28      	ldr	r3, [sp, #160]	@ 0xa0
10002eca:	9400      	str	r4, [sp, #0]
10002ecc:	9501      	str	r5, [sp, #4]
10002ece:	9304      	str	r3, [sp, #16]
10002ed0:	9b27      	ldr	r3, [sp, #156]	@ 0x9c
10002ed2:	9303      	str	r3, [sp, #12]
10002ed4:	9b26      	ldr	r3, [sp, #152]	@ 0x98
10002ed6:	9302      	str	r3, [sp, #8]
10002ed8:	464b      	mov	r3, r9
10002eda:	465a      	mov	r2, fp
10002edc:	4641      	mov	r1, r8
10002ede:	4650      	mov	r0, sl
10002ee0:	f7ff fce0 	bl	100028a4 <_ftoa>
10002ee4:	b01b      	add	sp, #108	@ 0x6c
10002ee6:	bcf0      	pop	{r4, r5, r6, r7}
10002ee8:	46bb      	mov	fp, r7
10002eea:	46b2      	mov	sl, r6
10002eec:	46a9      	mov	r9, r5
10002eee:	46a0      	mov	r8, r4
10002ef0:	bdf0      	pop	{r4, r5, r6, r7, pc}
10002ef2:	4301      	orrs	r1, r0
10002ef4:	d12a      	bne.n	10002f4c <_etoa+0x234>
10002ef6:	9b0e      	ldr	r3, [sp, #56]	@ 0x38
10002ef8:	0032      	movs	r2, r6
10002efa:	2b00      	cmp	r3, #0
10002efc:	d100      	bne.n	10002f00 <_etoa+0x1e8>
10002efe:	e75d      	b.n	10002dbc <_etoa+0xa4>
10002f00:	2700      	movs	r7, #0
10002f02:	9b26      	ldr	r3, [sp, #152]	@ 0x98
10002f04:	2600      	movs	r6, #0
10002f06:	42bb      	cmp	r3, r7
10002f08:	dd00      	ble.n	10002f0c <_etoa+0x1f4>
10002f0a:	e182      	b.n	10003212 <_etoa+0x4fa>
10002f0c:	2200      	movs	r2, #0
10002f0e:	2300      	movs	r3, #0
10002f10:	0020      	movs	r0, r4
10002f12:	0029      	movs	r1, r5
10002f14:	f7fe ff86 	bl	10001e24 <__wrap___aeabi_dcmplt>
10002f18:	2800      	cmp	r0, #0
10002f1a:	d000      	beq.n	10002f1e <_etoa+0x206>
10002f1c:	e14b      	b.n	100031b6 <_etoa+0x49e>
10002f1e:	9b28      	ldr	r3, [sp, #160]	@ 0xa0
10002f20:	4a08      	ldr	r2, [pc, #32]	@ (10002f44 <_etoa+0x22c>)
10002f22:	9602      	str	r6, [sp, #8]
10002f24:	401a      	ands	r2, r3
10002f26:	2380      	movs	r3, #128	@ 0x80
10002f28:	00db      	lsls	r3, r3, #3
10002f2a:	4313      	orrs	r3, r2
10002f2c:	9304      	str	r3, [sp, #16]
10002f2e:	9b27      	ldr	r3, [sp, #156]	@ 0x9c
10002f30:	9303      	str	r3, [sp, #12]
10002f32:	9b08      	ldr	r3, [sp, #32]
10002f34:	9c09      	ldr	r4, [sp, #36]	@ 0x24
10002f36:	9300      	str	r3, [sp, #0]
10002f38:	9401      	str	r4, [sp, #4]
10002f3a:	e7cd      	b.n	10002ed8 <_etoa+0x1c0>
10002f3c:	7fefffff 	.word	0x7fefffff
10002f40:	ffefffff 	.word	0xffefffff
10002f44:	fffff7ff 	.word	0xfffff7ff
10002f48:	2306      	movs	r3, #6
10002f4a:	9326      	str	r3, [sp, #152]	@ 0x98
10002f4c:	4bb2      	ldr	r3, [pc, #712]	@ (10003218 <_etoa+0x500>)
10002f4e:	0078      	lsls	r0, r7, #1
10002f50:	0d40      	lsrs	r0, r0, #21
10002f52:	18c0      	adds	r0, r0, r3
10002f54:	f7fe ff92 	bl	10001e7c <__wrap___aeabi_i2d>
10002f58:	4ab0      	ldr	r2, [pc, #704]	@ (1000321c <_etoa+0x504>)
10002f5a:	4bb1      	ldr	r3, [pc, #708]	@ (10003220 <_etoa+0x508>)
10002f5c:	f7fe ff1f 	bl	10001d9e <__wrap___aeabi_dmul>
10002f60:	4ab0      	ldr	r2, [pc, #704]	@ (10003224 <_etoa+0x50c>)
10002f62:	4bb1      	ldr	r3, [pc, #708]	@ (10003228 <_etoa+0x510>)
10002f64:	f7fe fef4 	bl	10001d50 <__wrap___aeabi_dadd>
10002f68:	033f      	lsls	r7, r7, #12
10002f6a:	4bb0      	ldr	r3, [pc, #704]	@ (1000322c <_etoa+0x514>)
10002f6c:	0b3f      	lsrs	r7, r7, #12
10002f6e:	433b      	orrs	r3, r7
10002f70:	900c      	str	r0, [sp, #48]	@ 0x30
10002f72:	910d      	str	r1, [sp, #52]	@ 0x34
10002f74:	2200      	movs	r2, #0
10002f76:	980a      	ldr	r0, [sp, #40]	@ 0x28
10002f78:	0019      	movs	r1, r3
10002f7a:	4bad      	ldr	r3, [pc, #692]	@ (10003230 <_etoa+0x518>)
10002f7c:	f7fe fedf 	bl	10001d3e <__wrap___aeabi_dsub>
10002f80:	4aac      	ldr	r2, [pc, #688]	@ (10003234 <_etoa+0x51c>)
10002f82:	4bad      	ldr	r3, [pc, #692]	@ (10003238 <_etoa+0x520>)
10002f84:	f7fe ff0b 	bl	10001d9e <__wrap___aeabi_dmul>
10002f88:	0002      	movs	r2, r0
10002f8a:	000b      	movs	r3, r1
10002f8c:	980c      	ldr	r0, [sp, #48]	@ 0x30
10002f8e:	990d      	ldr	r1, [sp, #52]	@ 0x34
10002f90:	f7fe fede 	bl	10001d50 <__wrap___aeabi_dadd>
10002f94:	f7fe ff8a 	bl	10001eac <__wrap___aeabi_d2iz>
10002f98:	0007      	movs	r7, r0
10002f9a:	f7fe ff6f 	bl	10001e7c <__wrap___aeabi_i2d>
10002f9e:	4aa7      	ldr	r2, [pc, #668]	@ (1000323c <_etoa+0x524>)
10002fa0:	4ba7      	ldr	r3, [pc, #668]	@ (10003240 <_etoa+0x528>)
10002fa2:	900a      	str	r0, [sp, #40]	@ 0x28
10002fa4:	910b      	str	r1, [sp, #44]	@ 0x2c
10002fa6:	f7fe fefa 	bl	10001d9e <__wrap___aeabi_dmul>
10002faa:	2200      	movs	r2, #0
10002fac:	4ba5      	ldr	r3, [pc, #660]	@ (10003244 <_etoa+0x52c>)
10002fae:	f7fe fecf 	bl	10001d50 <__wrap___aeabi_dadd>
10002fb2:	f7fe ff7b 	bl	10001eac <__wrap___aeabi_d2iz>
10002fb6:	4aa4      	ldr	r2, [pc, #656]	@ (10003248 <_etoa+0x530>)
10002fb8:	0006      	movs	r6, r0
10002fba:	980a      	ldr	r0, [sp, #40]	@ 0x28
10002fbc:	990b      	ldr	r1, [sp, #44]	@ 0x2c
10002fbe:	4ba3      	ldr	r3, [pc, #652]	@ (1000324c <_etoa+0x534>)
10002fc0:	f7fe feed 	bl	10001d9e <__wrap___aeabi_dmul>
10002fc4:	900a      	str	r0, [sp, #40]	@ 0x28
10002fc6:	910b      	str	r1, [sp, #44]	@ 0x2c
10002fc8:	0030      	movs	r0, r6
10002fca:	f7fe ff57 	bl	10001e7c <__wrap___aeabi_i2d>
10002fce:	4aa0      	ldr	r2, [pc, #640]	@ (10003250 <_etoa+0x538>)
10002fd0:	4ba0      	ldr	r3, [pc, #640]	@ (10003254 <_etoa+0x53c>)
10002fd2:	f7fe fee4 	bl	10001d9e <__wrap___aeabi_dmul>
10002fd6:	0002      	movs	r2, r0
10002fd8:	000b      	movs	r3, r1
10002fda:	980a      	ldr	r0, [sp, #40]	@ 0x28
10002fdc:	990b      	ldr	r1, [sp, #44]	@ 0x2c
10002fde:	f7fe feae 	bl	10001d3e <__wrap___aeabi_dsub>
10002fe2:	0002      	movs	r2, r0
10002fe4:	000b      	movs	r3, r1
10002fe6:	900a      	str	r0, [sp, #40]	@ 0x28
10002fe8:	910b      	str	r1, [sp, #44]	@ 0x2c
10002fea:	f7fe fed8 	bl	10001d9e <__wrap___aeabi_dmul>
10002fee:	900c      	str	r0, [sp, #48]	@ 0x30
10002ff0:	910d      	str	r1, [sp, #52]	@ 0x34
10002ff2:	980a      	ldr	r0, [sp, #40]	@ 0x28
10002ff4:	990b      	ldr	r1, [sp, #44]	@ 0x2c
10002ff6:	0002      	movs	r2, r0
10002ff8:	000b      	movs	r3, r1
10002ffa:	f7fe fea9 	bl	10001d50 <__wrap___aeabi_dadd>
10002ffe:	2200      	movs	r2, #0
10003000:	9010      	str	r0, [sp, #64]	@ 0x40
10003002:	9111      	str	r1, [sp, #68]	@ 0x44
10003004:	980c      	ldr	r0, [sp, #48]	@ 0x30
10003006:	990d      	ldr	r1, [sp, #52]	@ 0x34
10003008:	4b93      	ldr	r3, [pc, #588]	@ (10003258 <_etoa+0x540>)
1000300a:	f7fe feaa 	bl	10001d62 <__wrap___aeabi_ddiv>
1000300e:	2200      	movs	r2, #0
10003010:	4b92      	ldr	r3, [pc, #584]	@ (1000325c <_etoa+0x544>)
10003012:	f7fe fe9d 	bl	10001d50 <__wrap___aeabi_dadd>
10003016:	0002      	movs	r2, r0
10003018:	000b      	movs	r3, r1
1000301a:	980c      	ldr	r0, [sp, #48]	@ 0x30
1000301c:	990d      	ldr	r1, [sp, #52]	@ 0x34
1000301e:	f7fe fea0 	bl	10001d62 <__wrap___aeabi_ddiv>
10003022:	2200      	movs	r2, #0
10003024:	4b8e      	ldr	r3, [pc, #568]	@ (10003260 <_etoa+0x548>)
10003026:	f7fe fe93 	bl	10001d50 <__wrap___aeabi_dadd>
1000302a:	0002      	movs	r2, r0
1000302c:	000b      	movs	r3, r1
1000302e:	980c      	ldr	r0, [sp, #48]	@ 0x30
10003030:	990d      	ldr	r1, [sp, #52]	@ 0x34
10003032:	f7fe fe96 	bl	10001d62 <__wrap___aeabi_ddiv>
10003036:	9a0a      	ldr	r2, [sp, #40]	@ 0x28
10003038:	9b0b      	ldr	r3, [sp, #44]	@ 0x2c
1000303a:	900c      	str	r0, [sp, #48]	@ 0x30
1000303c:	910d      	str	r1, [sp, #52]	@ 0x34
1000303e:	2180      	movs	r1, #128	@ 0x80
10003040:	2000      	movs	r0, #0
10003042:	05c9      	lsls	r1, r1, #23
10003044:	f7fe fe7b 	bl	10001d3e <__wrap___aeabi_dsub>
10003048:	0002      	movs	r2, r0
1000304a:	000b      	movs	r3, r1
1000304c:	980c      	ldr	r0, [sp, #48]	@ 0x30
1000304e:	990d      	ldr	r1, [sp, #52]	@ 0x34
10003050:	f7fe fe7e 	bl	10001d50 <__wrap___aeabi_dadd>
10003054:	0002      	movs	r2, r0
10003056:	000b      	movs	r3, r1
10003058:	9810      	ldr	r0, [sp, #64]	@ 0x40
1000305a:	9911      	ldr	r1, [sp, #68]	@ 0x44
1000305c:	f7fe fe81 	bl	10001d62 <__wrap___aeabi_ddiv>
10003060:	2200      	movs	r2, #0
10003062:	4b72      	ldr	r3, [pc, #456]	@ (1000322c <_etoa+0x514>)
10003064:	f7fe fe74 	bl	10001d50 <__wrap___aeabi_dadd>
10003068:	4b7e      	ldr	r3, [pc, #504]	@ (10003264 <_etoa+0x54c>)
1000306a:	2200      	movs	r2, #0
1000306c:	18f6      	adds	r6, r6, r3
1000306e:	0533      	lsls	r3, r6, #20
10003070:	f7fe fe95 	bl	10001d9e <__wrap___aeabi_dmul>
10003074:	0002      	movs	r2, r0
10003076:	000b      	movs	r3, r1
10003078:	900a      	str	r0, [sp, #40]	@ 0x28
1000307a:	910b      	str	r1, [sp, #44]	@ 0x2c
1000307c:	9808      	ldr	r0, [sp, #32]
1000307e:	9909      	ldr	r1, [sp, #36]	@ 0x24
10003080:	f7fe fed0 	bl	10001e24 <__wrap___aeabi_dcmplt>
10003084:	2800      	cmp	r0, #0
10003086:	d008      	beq.n	1000309a <_etoa+0x382>
10003088:	980a      	ldr	r0, [sp, #40]	@ 0x28
1000308a:	990b      	ldr	r1, [sp, #44]	@ 0x2c
1000308c:	2200      	movs	r2, #0
1000308e:	4b73      	ldr	r3, [pc, #460]	@ (1000325c <_etoa+0x544>)
10003090:	f7fe fe67 	bl	10001d62 <__wrap___aeabi_ddiv>
10003094:	900a      	str	r0, [sp, #40]	@ 0x28
10003096:	910b      	str	r1, [sp, #44]	@ 0x2c
10003098:	3f01      	subs	r7, #1
1000309a:	990a      	ldr	r1, [sp, #40]	@ 0x28
1000309c:	9a0b      	ldr	r2, [sp, #44]	@ 0x2c
1000309e:	000b      	movs	r3, r1
100030a0:	0011      	movs	r1, r2
100030a2:	003a      	movs	r2, r7
100030a4:	3263      	adds	r2, #99	@ 0x63
100030a6:	2ac6      	cmp	r2, #198	@ 0xc6
100030a8:	d812      	bhi.n	100030d0 <_etoa+0x3b8>
100030aa:	2202      	movs	r2, #2
100030ac:	9828      	ldr	r0, [sp, #160]	@ 0xa0
100030ae:	2604      	movs	r6, #4
100030b0:	4010      	ands	r0, r2
100030b2:	9a0e      	ldr	r2, [sp, #56]	@ 0x38
100030b4:	900c      	str	r0, [sp, #48]	@ 0x30
100030b6:	2a00      	cmp	r2, #0
100030b8:	d126      	bne.n	10003108 <_etoa+0x3f0>
100030ba:	9b27      	ldr	r3, [sp, #156]	@ 0x9c
100030bc:	2b04      	cmp	r3, #4
100030be:	d905      	bls.n	100030cc <_etoa+0x3b4>
100030c0:	2800      	cmp	r0, #0
100030c2:	d000      	beq.n	100030c6 <_etoa+0x3ae>
100030c4:	e0a1      	b.n	1000320a <_etoa+0x4f2>
100030c6:	9b27      	ldr	r3, [sp, #156]	@ 0x9c
100030c8:	3b04      	subs	r3, #4
100030ca:	930e      	str	r3, [sp, #56]	@ 0x38
100030cc:	2604      	movs	r6, #4
100030ce:	e042      	b.n	10003156 <_etoa+0x43e>
100030d0:	2202      	movs	r2, #2
100030d2:	9828      	ldr	r0, [sp, #160]	@ 0xa0
100030d4:	4010      	ands	r0, r2
100030d6:	9a0e      	ldr	r2, [sp, #56]	@ 0x38
100030d8:	900c      	str	r0, [sp, #48]	@ 0x30
100030da:	2a00      	cmp	r2, #0
100030dc:	d113      	bne.n	10003106 <_etoa+0x3ee>
100030de:	9b27      	ldr	r3, [sp, #156]	@ 0x9c
100030e0:	2b05      	cmp	r3, #5
100030e2:	d800      	bhi.n	100030e6 <_etoa+0x3ce>
100030e4:	e089      	b.n	100031fa <_etoa+0x4e2>
100030e6:	2800      	cmp	r0, #0
100030e8:	d000      	beq.n	100030ec <_etoa+0x3d4>
100030ea:	e084      	b.n	100031f6 <_etoa+0x4de>
100030ec:	9b27      	ldr	r3, [sp, #156]	@ 0x9c
100030ee:	2605      	movs	r6, #5
100030f0:	3b05      	subs	r3, #5
100030f2:	930e      	str	r3, [sp, #56]	@ 0x38
100030f4:	e032      	b.n	1000315c <_etoa+0x444>
100030f6:	2380      	movs	r3, #128	@ 0x80
100030f8:	061b      	lsls	r3, r3, #24
100030fa:	469c      	mov	ip, r3
100030fc:	44ac      	add	ip, r5
100030fe:	4663      	mov	r3, ip
10003100:	9408      	str	r4, [sp, #32]
10003102:	9309      	str	r3, [sp, #36]	@ 0x24
10003104:	e63d      	b.n	10002d82 <_etoa+0x6a>
10003106:	2605      	movs	r6, #5
10003108:	430b      	orrs	r3, r1
1000310a:	d100      	bne.n	1000310e <_etoa+0x3f6>
1000310c:	e6f9      	b.n	10002f02 <_etoa+0x1ea>
1000310e:	9808      	ldr	r0, [sp, #32]
10003110:	9909      	ldr	r1, [sp, #36]	@ 0x24
10003112:	4a55      	ldr	r2, [pc, #340]	@ (10003268 <_etoa+0x550>)
10003114:	4b55      	ldr	r3, [pc, #340]	@ (1000326c <_etoa+0x554>)
10003116:	f7fe fe93 	bl	10001e40 <__wrap___aeabi_dcmpge>
1000311a:	2800      	cmp	r0, #0
1000311c:	d008      	beq.n	10003130 <_etoa+0x418>
1000311e:	9808      	ldr	r0, [sp, #32]
10003120:	9909      	ldr	r1, [sp, #36]	@ 0x24
10003122:	2200      	movs	r2, #0
10003124:	4b52      	ldr	r3, [pc, #328]	@ (10003270 <_etoa+0x558>)
10003126:	f7fe fe7d 	bl	10001e24 <__wrap___aeabi_dcmplt>
1000312a:	2800      	cmp	r0, #0
1000312c:	d000      	beq.n	10003130 <_etoa+0x418>
1000312e:	e6e8      	b.n	10002f02 <_etoa+0x1ea>
10003130:	9b26      	ldr	r3, [sp, #152]	@ 0x98
10003132:	2b00      	cmp	r3, #0
10003134:	d034      	beq.n	100031a0 <_etoa+0x488>
10003136:	9b0f      	ldr	r3, [sp, #60]	@ 0x3c
10003138:	2b00      	cmp	r3, #0
1000313a:	d031      	beq.n	100031a0 <_etoa+0x488>
1000313c:	9b26      	ldr	r3, [sp, #152]	@ 0x98
1000313e:	3b01      	subs	r3, #1
10003140:	9326      	str	r3, [sp, #152]	@ 0x98
10003142:	9b27      	ldr	r3, [sp, #156]	@ 0x9c
10003144:	42b3      	cmp	r3, r6
10003146:	d904      	bls.n	10003152 <_etoa+0x43a>
10003148:	9b0c      	ldr	r3, [sp, #48]	@ 0x30
1000314a:	2b00      	cmp	r3, #0
1000314c:	d059      	beq.n	10003202 <_etoa+0x4ea>
1000314e:	2302      	movs	r3, #2
10003150:	930c      	str	r3, [sp, #48]	@ 0x30
10003152:	2300      	movs	r3, #0
10003154:	930e      	str	r3, [sp, #56]	@ 0x38
10003156:	2f00      	cmp	r7, #0
10003158:	d100      	bne.n	1000315c <_etoa+0x444>
1000315a:	e63e      	b.n	10002dda <_etoa+0xc2>
1000315c:	9a0a      	ldr	r2, [sp, #40]	@ 0x28
1000315e:	9b0b      	ldr	r3, [sp, #44]	@ 0x2c
10003160:	9808      	ldr	r0, [sp, #32]
10003162:	9909      	ldr	r1, [sp, #36]	@ 0x24
10003164:	f7fe fdfd 	bl	10001d62 <__wrap___aeabi_ddiv>
10003168:	2200      	movs	r2, #0
1000316a:	9008      	str	r0, [sp, #32]
1000316c:	9109      	str	r1, [sp, #36]	@ 0x24
1000316e:	2300      	movs	r3, #0
10003170:	0020      	movs	r0, r4
10003172:	0029      	movs	r1, r5
10003174:	f7fe fe56 	bl	10001e24 <__wrap___aeabi_dcmplt>
10003178:	2800      	cmp	r0, #0
1000317a:	d100      	bne.n	1000317e <_etoa+0x466>
1000317c:	e636      	b.n	10002dec <_etoa+0xd4>
1000317e:	9c08      	ldr	r4, [sp, #32]
10003180:	9d09      	ldr	r5, [sp, #36]	@ 0x24
10003182:	9a28      	ldr	r2, [sp, #160]	@ 0xa0
10003184:	2080      	movs	r0, #128	@ 0x80
10003186:	4b3b      	ldr	r3, [pc, #236]	@ (10003274 <_etoa+0x55c>)
10003188:	0600      	lsls	r0, r0, #24
1000318a:	4013      	ands	r3, r2
1000318c:	0022      	movs	r2, r4
1000318e:	9304      	str	r3, [sp, #16]
10003190:	9b0e      	ldr	r3, [sp, #56]	@ 0x38
10003192:	9303      	str	r3, [sp, #12]
10003194:	9b26      	ldr	r3, [sp, #152]	@ 0x98
10003196:	9302      	str	r3, [sp, #8]
10003198:	182b      	adds	r3, r5, r0
1000319a:	9200      	str	r2, [sp, #0]
1000319c:	9301      	str	r3, [sp, #4]
1000319e:	e631      	b.n	10002e04 <_etoa+0xec>
100031a0:	9b27      	ldr	r3, [sp, #156]	@ 0x9c
100031a2:	42b3      	cmp	r3, r6
100031a4:	d9d5      	bls.n	10003152 <_etoa+0x43a>
100031a6:	9b0c      	ldr	r3, [sp, #48]	@ 0x30
100031a8:	2b00      	cmp	r3, #0
100031aa:	d02a      	beq.n	10003202 <_etoa+0x4ea>
100031ac:	2300      	movs	r3, #0
100031ae:	930e      	str	r3, [sp, #56]	@ 0x38
100031b0:	3302      	adds	r3, #2
100031b2:	930c      	str	r3, [sp, #48]	@ 0x30
100031b4:	e7cf      	b.n	10003156 <_etoa+0x43e>
100031b6:	9b28      	ldr	r3, [sp, #160]	@ 0xa0
100031b8:	4a2e      	ldr	r2, [pc, #184]	@ (10003274 <_etoa+0x55c>)
100031ba:	2080      	movs	r0, #128	@ 0x80
100031bc:	9c08      	ldr	r4, [sp, #32]
100031be:	9d09      	ldr	r5, [sp, #36]	@ 0x24
100031c0:	401a      	ands	r2, r3
100031c2:	2380      	movs	r3, #128	@ 0x80
100031c4:	00db      	lsls	r3, r3, #3
100031c6:	4313      	orrs	r3, r2
100031c8:	0022      	movs	r2, r4
100031ca:	9304      	str	r3, [sp, #16]
100031cc:	9b27      	ldr	r3, [sp, #156]	@ 0x9c
100031ce:	0600      	lsls	r0, r0, #24
100031d0:	9303      	str	r3, [sp, #12]
100031d2:	182b      	adds	r3, r5, r0
100031d4:	9200      	str	r2, [sp, #0]
100031d6:	9301      	str	r3, [sp, #4]
100031d8:	9602      	str	r6, [sp, #8]
100031da:	e67d      	b.n	10002ed8 <_etoa+0x1c0>
100031dc:	2605      	movs	r6, #5
100031de:	e695      	b.n	10002f0c <_etoa+0x1f4>
100031e0:	2300      	movs	r3, #0
100031e2:	930e      	str	r3, [sp, #56]	@ 0x38
100031e4:	3302      	adds	r3, #2
100031e6:	2700      	movs	r7, #0
100031e8:	2604      	movs	r6, #4
100031ea:	930c      	str	r3, [sp, #48]	@ 0x30
100031ec:	e5f5      	b.n	10002dda <_etoa+0xc2>
100031ee:	1e4b      	subs	r3, r1, #1
100031f0:	191b      	adds	r3, r3, r4
100031f2:	1a1b      	subs	r3, r3, r0
100031f4:	e665      	b.n	10002ec2 <_etoa+0x1aa>
100031f6:	2302      	movs	r3, #2
100031f8:	930c      	str	r3, [sp, #48]	@ 0x30
100031fa:	2605      	movs	r6, #5
100031fc:	e7ae      	b.n	1000315c <_etoa+0x444>
100031fe:	2304      	movs	r3, #4
10003200:	e5e7      	b.n	10002dd2 <_etoa+0xba>
10003202:	9b27      	ldr	r3, [sp, #156]	@ 0x9c
10003204:	1b9b      	subs	r3, r3, r6
10003206:	930e      	str	r3, [sp, #56]	@ 0x38
10003208:	e7a5      	b.n	10003156 <_etoa+0x43e>
1000320a:	2302      	movs	r3, #2
1000320c:	2604      	movs	r6, #4
1000320e:	930c      	str	r3, [sp, #48]	@ 0x30
10003210:	e7a1      	b.n	10003156 <_etoa+0x43e>
10003212:	1bdb      	subs	r3, r3, r7
10003214:	1e5e      	subs	r6, r3, #1
10003216:	e679      	b.n	10002f0c <_etoa+0x1f4>
10003218:	fffffc01 	.word	0xfffffc01
1000321c:	509f79fb 	.word	0x509f79fb
10003220:	3fd34413 	.word	0x3fd34413
10003224:	8b60c8b3 	.word	0x8b60c8b3
10003228:	3fc68a28 	.word	0x3fc68a28
1000322c:	3ff00000 	.word	0x3ff00000
10003230:	3ff80000 	.word	0x3ff80000
10003234:	636f4361 	.word	0x636f4361
10003238:	3fd287a7 	.word	0x3fd287a7
1000323c:	0979a371 	.word	0x0979a371
10003240:	400a934f 	.word	0x400a934f
10003244:	3fe00000 	.word	0x3fe00000
10003248:	bbb55516 	.word	0xbbb55516
1000324c:	40026bb1 	.word	0x40026bb1
10003250:	fefa39ef 	.word	0xfefa39ef
10003254:	3fe62e42 	.word	0x3fe62e42
10003258:	402c0000 	.word	0x402c0000
1000325c:	40240000 	.word	0x40240000
10003260:	40180000 	.word	0x40180000
10003264:	000003ff 	.word	0x000003ff
10003268:	eb1c432d 	.word	0xeb1c432d
1000326c:	3f1a36e2 	.word	0x3f1a36e2
10003270:	412e8480 	.word	0x412e8480
10003274:	fffff7ff 	.word	0xfffff7ff

10003278 <_vsnprintf>:
10003278:	b5f0      	push	{r4, r5, r6, r7, lr}
1000327a:	4657      	mov	r7, sl
1000327c:	46de      	mov	lr, fp
1000327e:	464e      	mov	r6, r9
10003280:	4645      	mov	r5, r8
10003282:	b5e0      	push	{r5, r6, r7, lr}
10003284:	b0a3      	sub	sp, #140	@ 0x8c
10003286:	001f      	movs	r7, r3
10003288:	9b2c      	ldr	r3, [sp, #176]	@ 0xb0
1000328a:	4692      	mov	sl, r2
1000328c:	930c      	str	r3, [sp, #48]	@ 0x30
1000328e:	4ac9      	ldr	r2, [pc, #804]	@ (100035b4 <_vsnprintf+0x33c>)
10003290:	4bc9      	ldr	r3, [pc, #804]	@ (100035b8 <_vsnprintf+0x340>)
10003292:	468b      	mov	fp, r1
10003294:	900b      	str	r0, [sp, #44]	@ 0x2c
10003296:	601a      	str	r2, [r3, #0]
10003298:	2900      	cmp	r1, #0
1000329a:	d100      	bne.n	1000329e <_vsnprintf+0x26>
1000329c:	e1bf      	b.n	1000361e <_vsnprintf+0x3a6>
1000329e:	2300      	movs	r3, #0
100032a0:	7838      	ldrb	r0, [r7, #0]
100032a2:	4699      	mov	r9, r3
100032a4:	2800      	cmp	r0, #0
100032a6:	d100      	bne.n	100032aa <_vsnprintf+0x32>
100032a8:	e1c1      	b.n	1000362e <_vsnprintf+0x3b6>
100032aa:	4bc4      	ldr	r3, [pc, #784]	@ (100035bc <_vsnprintf+0x344>)
100032ac:	464c      	mov	r4, r9
100032ae:	9309      	str	r3, [sp, #36]	@ 0x24
100032b0:	4bc3      	ldr	r3, [pc, #780]	@ (100035c0 <_vsnprintf+0x348>)
100032b2:	930e      	str	r3, [sp, #56]	@ 0x38
100032b4:	465b      	mov	r3, fp
100032b6:	930a      	str	r3, [sp, #40]	@ 0x28
100032b8:	e008      	b.n	100032cc <_vsnprintf+0x54>
100032ba:	0022      	movs	r2, r4
100032bc:	4653      	mov	r3, sl
100032be:	990a      	ldr	r1, [sp, #40]	@ 0x28
100032c0:	9d0b      	ldr	r5, [sp, #44]	@ 0x2c
100032c2:	47a8      	blx	r5
100032c4:	3401      	adds	r4, #1
100032c6:	7838      	ldrb	r0, [r7, #0]
100032c8:	2800      	cmp	r0, #0
100032ca:	d076      	beq.n	100033ba <_vsnprintf+0x142>
100032cc:	3701      	adds	r7, #1
100032ce:	2825      	cmp	r0, #37	@ 0x25
100032d0:	d1f3      	bne.n	100032ba <_vsnprintf+0x42>
100032d2:	2310      	movs	r3, #16
100032d4:	469b      	mov	fp, r3
100032d6:	3b08      	subs	r3, #8
100032d8:	4699      	mov	r9, r3
100032da:	3b04      	subs	r3, #4
100032dc:	4698      	mov	r8, r3
100032de:	3b03      	subs	r3, #3
100032e0:	2600      	movs	r6, #0
100032e2:	2502      	movs	r5, #2
100032e4:	469c      	mov	ip, r3
100032e6:	7838      	ldrb	r0, [r7, #0]
100032e8:	1c79      	adds	r1, r7, #1
100032ea:	0003      	movs	r3, r0
100032ec:	3b20      	subs	r3, #32
100032ee:	b2db      	uxtb	r3, r3
100032f0:	2b10      	cmp	r3, #16
100032f2:	d803      	bhi.n	100032fc <_vsnprintf+0x84>
100032f4:	9a09      	ldr	r2, [sp, #36]	@ 0x24
100032f6:	009b      	lsls	r3, r3, #2
100032f8:	58d3      	ldr	r3, [r2, r3]
100032fa:	469f      	mov	pc, r3
100032fc:	0003      	movs	r3, r0
100032fe:	3b30      	subs	r3, #48	@ 0x30
10003300:	2b09      	cmp	r3, #9
10003302:	d936      	bls.n	10003372 <_vsnprintf+0xfa>
10003304:	2500      	movs	r5, #0
10003306:	282a      	cmp	r0, #42	@ 0x2a
10003308:	d100      	bne.n	1000330c <_vsnprintf+0x94>
1000330a:	e0a7      	b.n	1000345c <_vsnprintf+0x1e4>
1000330c:	2300      	movs	r3, #0
1000330e:	930d      	str	r3, [sp, #52]	@ 0x34
10003310:	282e      	cmp	r0, #46	@ 0x2e
10003312:	d03f      	beq.n	10003394 <_vsnprintf+0x11c>
10003314:	0003      	movs	r3, r0
10003316:	3b68      	subs	r3, #104	@ 0x68
10003318:	b2db      	uxtb	r3, r3
1000331a:	2b12      	cmp	r3, #18
1000331c:	d81b      	bhi.n	10003356 <_vsnprintf+0xde>
1000331e:	9a0e      	ldr	r2, [sp, #56]	@ 0x38
10003320:	009b      	lsls	r3, r3, #2
10003322:	58d3      	ldr	r3, [r2, r3]
10003324:	469f      	mov	pc, r3
10003326:	4663      	mov	r3, ip
10003328:	000f      	movs	r7, r1
1000332a:	431e      	orrs	r6, r3
1000332c:	e7db      	b.n	100032e6 <_vsnprintf+0x6e>
1000332e:	000f      	movs	r7, r1
10003330:	432e      	orrs	r6, r5
10003332:	e7d8      	b.n	100032e6 <_vsnprintf+0x6e>
10003334:	4643      	mov	r3, r8
10003336:	000f      	movs	r7, r1
10003338:	431e      	orrs	r6, r3
1000333a:	e7d4      	b.n	100032e6 <_vsnprintf+0x6e>
1000333c:	465b      	mov	r3, fp
1000333e:	000f      	movs	r7, r1
10003340:	431e      	orrs	r6, r3
10003342:	e7d0      	b.n	100032e6 <_vsnprintf+0x6e>
10003344:	464b      	mov	r3, r9
10003346:	000f      	movs	r7, r1
10003348:	431e      	orrs	r6, r3
1000334a:	e7cc      	b.n	100032e6 <_vsnprintf+0x6e>
1000334c:	2380      	movs	r3, #128	@ 0x80
1000334e:	7878      	ldrb	r0, [r7, #1]
10003350:	005b      	lsls	r3, r3, #1
10003352:	431e      	orrs	r6, r3
10003354:	3101      	adds	r1, #1
10003356:	000f      	movs	r7, r1
10003358:	2867      	cmp	r0, #103	@ 0x67
1000335a:	d845      	bhi.n	100033e8 <_vsnprintf+0x170>
1000335c:	2824      	cmp	r0, #36	@ 0x24
1000335e:	d9ac      	bls.n	100032ba <_vsnprintf+0x42>
10003360:	0003      	movs	r3, r0
10003362:	3b25      	subs	r3, #37	@ 0x25
10003364:	b2db      	uxtb	r3, r3
10003366:	2b42      	cmp	r3, #66	@ 0x42
10003368:	d8a7      	bhi.n	100032ba <_vsnprintf+0x42>
1000336a:	4996      	ldr	r1, [pc, #600]	@ (100035c4 <_vsnprintf+0x34c>)
1000336c:	009b      	lsls	r3, r3, #2
1000336e:	58cb      	ldr	r3, [r1, r3]
10003370:	469f      	mov	pc, r3
10003372:	2500      	movs	r5, #0
10003374:	00ab      	lsls	r3, r5, #2
10003376:	195d      	adds	r5, r3, r5
10003378:	006d      	lsls	r5, r5, #1
1000337a:	182d      	adds	r5, r5, r0
1000337c:	7808      	ldrb	r0, [r1, #0]
1000337e:	000f      	movs	r7, r1
10003380:	0003      	movs	r3, r0
10003382:	3b30      	subs	r3, #48	@ 0x30
10003384:	3d30      	subs	r5, #48	@ 0x30
10003386:	3101      	adds	r1, #1
10003388:	2b09      	cmp	r3, #9
1000338a:	d9f3      	bls.n	10003374 <_vsnprintf+0xfc>
1000338c:	2300      	movs	r3, #0
1000338e:	930d      	str	r3, [sp, #52]	@ 0x34
10003390:	282e      	cmp	r0, #46	@ 0x2e
10003392:	d1bf      	bne.n	10003314 <_vsnprintf+0x9c>
10003394:	2230      	movs	r2, #48	@ 0x30
10003396:	2080      	movs	r0, #128	@ 0x80
10003398:	4252      	negs	r2, r2
1000339a:	4690      	mov	r8, r2
1000339c:	00c0      	lsls	r0, r0, #3
1000339e:	4306      	orrs	r6, r0
100033a0:	7878      	ldrb	r0, [r7, #1]
100033a2:	000b      	movs	r3, r1
100033a4:	4480      	add	r8, r0
100033a6:	4642      	mov	r2, r8
100033a8:	2a09      	cmp	r2, #9
100033aa:	d800      	bhi.n	100033ae <_vsnprintf+0x136>
100033ac:	e151      	b.n	10003652 <_vsnprintf+0x3da>
100033ae:	282a      	cmp	r0, #42	@ 0x2a
100033b0:	d100      	bne.n	100033b4 <_vsnprintf+0x13c>
100033b2:	e15e      	b.n	10003672 <_vsnprintf+0x3fa>
100033b4:	000f      	movs	r7, r1
100033b6:	3101      	adds	r1, #1
100033b8:	e7ac      	b.n	10003314 <_vsnprintf+0x9c>
100033ba:	9b0a      	ldr	r3, [sp, #40]	@ 0x28
100033bc:	46a1      	mov	r9, r4
100033be:	469b      	mov	fp, r3
100033c0:	45ca      	cmp	sl, r9
100033c2:	d803      	bhi.n	100033cc <_vsnprintf+0x154>
100033c4:	2301      	movs	r3, #1
100033c6:	425b      	negs	r3, r3
100033c8:	4453      	add	r3, sl
100033ca:	4699      	mov	r9, r3
100033cc:	4653      	mov	r3, sl
100033ce:	464a      	mov	r2, r9
100033d0:	4659      	mov	r1, fp
100033d2:	2000      	movs	r0, #0
100033d4:	9d0b      	ldr	r5, [sp, #44]	@ 0x2c
100033d6:	47a8      	blx	r5
100033d8:	0020      	movs	r0, r4
100033da:	b023      	add	sp, #140	@ 0x8c
100033dc:	bcf0      	pop	{r4, r5, r6, r7}
100033de:	46bb      	mov	fp, r7
100033e0:	46b2      	mov	sl, r6
100033e2:	46a9      	mov	r9, r5
100033e4:	46a0      	mov	r8, r4
100033e6:	bdf0      	pop	{r4, r5, r6, r7, pc}
100033e8:	0003      	movs	r3, r0
100033ea:	3b69      	subs	r3, #105	@ 0x69
100033ec:	b2db      	uxtb	r3, r3
100033ee:	2b0f      	cmp	r3, #15
100033f0:	d900      	bls.n	100033f4 <_vsnprintf+0x17c>
100033f2:	e762      	b.n	100032ba <_vsnprintf+0x42>
100033f4:	2101      	movs	r1, #1
100033f6:	4099      	lsls	r1, r3
100033f8:	4688      	mov	r8, r1
100033fa:	4a73      	ldr	r2, [pc, #460]	@ (100035c8 <_vsnprintf+0x350>)
100033fc:	4011      	ands	r1, r2
100033fe:	468b      	mov	fp, r1
10003400:	0011      	movs	r1, r2
10003402:	4642      	mov	r2, r8
10003404:	420a      	tst	r2, r1
10003406:	d000      	beq.n	1000340a <_vsnprintf+0x192>
10003408:	e113      	b.n	10003632 <_vsnprintf+0x3ba>
1000340a:	2b0a      	cmp	r3, #10
1000340c:	d02f      	beq.n	1000346e <_vsnprintf+0x1f6>
1000340e:	2b07      	cmp	r3, #7
10003410:	d000      	beq.n	10003414 <_vsnprintf+0x19c>
10003412:	e752      	b.n	100032ba <_vsnprintf+0x42>
10003414:	9d0c      	ldr	r5, [sp, #48]	@ 0x30
10003416:	cd01      	ldmia	r5!, {r0}
10003418:	2800      	cmp	r0, #0
1000341a:	d100      	bne.n	1000341e <_vsnprintf+0x1a6>
1000341c:	e134      	b.n	10003688 <_vsnprintf+0x410>
1000341e:	2321      	movs	r3, #33	@ 0x21
10003420:	431e      	orrs	r6, r3
10003422:	46b0      	mov	r8, r6
10003424:	261f      	movs	r6, #31
10003426:	9a0d      	ldr	r2, [sp, #52]	@ 0x34
10003428:	ab12      	add	r3, sp, #72	@ 0x48
1000342a:	18f6      	adds	r6, r6, r3
1000342c:	46a1      	mov	r9, r4
1000342e:	4694      	mov	ip, r2
10003430:	4659      	mov	r1, fp
10003432:	0034      	movs	r4, r6
10003434:	e002      	b.n	1000343c <_vsnprintf+0x1c4>
10003436:	0900      	lsrs	r0, r0, #4
10003438:	2920      	cmp	r1, #32
1000343a:	d00a      	beq.n	10003452 <_vsnprintf+0x1da>
1000343c:	260f      	movs	r6, #15
1000343e:	4006      	ands	r6, r0
10003440:	0032      	movs	r2, r6
10003442:	3237      	adds	r2, #55	@ 0x37
10003444:	2e09      	cmp	r6, #9
10003446:	d800      	bhi.n	1000344a <_vsnprintf+0x1d2>
10003448:	3a07      	subs	r2, #7
1000344a:	3101      	adds	r1, #1
1000344c:	5462      	strb	r2, [r4, r1]
1000344e:	280f      	cmp	r0, #15
10003450:	d8f1      	bhi.n	10003436 <_vsnprintf+0x1be>
10003452:	4663      	mov	r3, ip
10003454:	464c      	mov	r4, r9
10003456:	468b      	mov	fp, r1
10003458:	930d      	str	r3, [sp, #52]	@ 0x34
1000345a:	e122      	b.n	100036a2 <_vsnprintf+0x42a>
1000345c:	9b0c      	ldr	r3, [sp, #48]	@ 0x30
1000345e:	cb20      	ldmia	r3!, {r5}
10003460:	2d00      	cmp	r5, #0
10003462:	db52      	blt.n	1000350a <_vsnprintf+0x292>
10003464:	7878      	ldrb	r0, [r7, #1]
10003466:	930c      	str	r3, [sp, #48]	@ 0x30
10003468:	000f      	movs	r7, r1
1000346a:	3101      	adds	r1, #1
1000346c:	e74e      	b.n	1000330c <_vsnprintf+0x94>
1000346e:	9b0c      	ldr	r3, [sp, #48]	@ 0x30
10003470:	990d      	ldr	r1, [sp, #52]	@ 0x34
10003472:	cb04      	ldmia	r3!, {r2}
10003474:	4690      	mov	r8, r2
10003476:	469b      	mov	fp, r3
10003478:	2900      	cmp	r1, #0
1000347a:	d100      	bne.n	1000347e <_vsnprintf+0x206>
1000347c:	e128      	b.n	100036d0 <_vsnprintf+0x458>
1000347e:	4643      	mov	r3, r8
10003480:	7818      	ldrb	r0, [r3, #0]
10003482:	4441      	add	r1, r8
10003484:	2800      	cmp	r0, #0
10003486:	d101      	bne.n	1000348c <_vsnprintf+0x214>
10003488:	f000 fc29 	bl	10003cde <_vsnprintf+0xa66>
1000348c:	9a0d      	ldr	r2, [sp, #52]	@ 0x34
1000348e:	4694      	mov	ip, r2
10003490:	000a      	movs	r2, r1
10003492:	e004      	b.n	1000349e <_vsnprintf+0x226>
10003494:	7859      	ldrb	r1, [r3, #1]
10003496:	3301      	adds	r3, #1
10003498:	2900      	cmp	r1, #0
1000349a:	d100      	bne.n	1000349e <_vsnprintf+0x226>
1000349c:	e195      	b.n	100037ca <_vsnprintf+0x552>
1000349e:	429a      	cmp	r2, r3
100034a0:	d1f8      	bne.n	10003494 <_vsnprintf+0x21c>
100034a2:	4663      	mov	r3, ip
100034a4:	930d      	str	r3, [sp, #52]	@ 0x34
100034a6:	4643      	mov	r3, r8
100034a8:	1ad3      	subs	r3, r2, r3
100034aa:	930f      	str	r3, [sp, #60]	@ 0x3c
100034ac:	0573      	lsls	r3, r6, #21
100034ae:	d400      	bmi.n	100034b2 <_vsnprintf+0x23a>
100034b0:	e16c      	b.n	1000378c <_vsnprintf+0x514>
100034b2:	9b0f      	ldr	r3, [sp, #60]	@ 0x3c
100034b4:	9a0d      	ldr	r2, [sp, #52]	@ 0x34
100034b6:	4293      	cmp	r3, r2
100034b8:	d900      	bls.n	100034bc <_vsnprintf+0x244>
100034ba:	920f      	str	r2, [sp, #60]	@ 0x3c
100034bc:	2302      	movs	r3, #2
100034be:	001a      	movs	r2, r3
100034c0:	4032      	ands	r2, r6
100034c2:	920c      	str	r2, [sp, #48]	@ 0x30
100034c4:	4233      	tst	r3, r6
100034c6:	d100      	bne.n	100034ca <_vsnprintf+0x252>
100034c8:	e291      	b.n	100039ee <_vsnprintf+0x776>
100034ca:	930c      	str	r3, [sp, #48]	@ 0x30
100034cc:	9b0d      	ldr	r3, [sp, #52]	@ 0x34
100034ce:	46b9      	mov	r9, r7
100034d0:	191e      	adds	r6, r3, r4
100034d2:	4643      	mov	r3, r8
100034d4:	1b1b      	subs	r3, r3, r4
100034d6:	46a8      	mov	r8, r5
100034d8:	0022      	movs	r2, r4
100034da:	001f      	movs	r7, r3
100034dc:	9d0b      	ldr	r5, [sp, #44]	@ 0x2c
100034de:	e008      	b.n	100034f2 <_vsnprintf+0x27a>
100034e0:	1c54      	adds	r4, r2, #1
100034e2:	4653      	mov	r3, sl
100034e4:	990a      	ldr	r1, [sp, #40]	@ 0x28
100034e6:	47a8      	blx	r5
100034e8:	5d38      	ldrb	r0, [r7, r4]
100034ea:	2800      	cmp	r0, #0
100034ec:	d100      	bne.n	100034f0 <_vsnprintf+0x278>
100034ee:	e163      	b.n	100037b8 <_vsnprintf+0x540>
100034f0:	0022      	movs	r2, r4
100034f2:	4296      	cmp	r6, r2
100034f4:	d1f4      	bne.n	100034e0 <_vsnprintf+0x268>
100034f6:	4645      	mov	r5, r8
100034f8:	464f      	mov	r7, r9
100034fa:	0034      	movs	r4, r6
100034fc:	9b0c      	ldr	r3, [sp, #48]	@ 0x30
100034fe:	2b00      	cmp	r3, #0
10003500:	d000      	beq.n	10003504 <_vsnprintf+0x28c>
10003502:	e197      	b.n	10003834 <_vsnprintf+0x5bc>
10003504:	465b      	mov	r3, fp
10003506:	930c      	str	r3, [sp, #48]	@ 0x30
10003508:	e6dd      	b.n	100032c6 <_vsnprintf+0x4e>
1000350a:	2202      	movs	r2, #2
1000350c:	7878      	ldrb	r0, [r7, #1]
1000350e:	4316      	orrs	r6, r2
10003510:	000f      	movs	r7, r1
10003512:	426d      	negs	r5, r5
10003514:	930c      	str	r3, [sp, #48]	@ 0x30
10003516:	3101      	adds	r1, #1
10003518:	e6f8      	b.n	1000330c <_vsnprintf+0x94>
1000351a:	7878      	ldrb	r0, [r7, #1]
1000351c:	286c      	cmp	r0, #108	@ 0x6c
1000351e:	d100      	bne.n	10003522 <_vsnprintf+0x2aa>
10003520:	e159      	b.n	100037d6 <_vsnprintf+0x55e>
10003522:	2380      	movs	r3, #128	@ 0x80
10003524:	005b      	lsls	r3, r3, #1
10003526:	431e      	orrs	r6, r3
10003528:	3101      	adds	r1, #1
1000352a:	e714      	b.n	10003356 <_vsnprintf+0xde>
1000352c:	2380      	movs	r3, #128	@ 0x80
1000352e:	009b      	lsls	r3, r3, #2
10003530:	7878      	ldrb	r0, [r7, #1]
10003532:	431e      	orrs	r6, r3
10003534:	3101      	adds	r1, #1
10003536:	e70e      	b.n	10003356 <_vsnprintf+0xde>
10003538:	7878      	ldrb	r0, [r7, #1]
1000353a:	2868      	cmp	r0, #104	@ 0x68
1000353c:	d100      	bne.n	10003540 <_vsnprintf+0x2c8>
1000353e:	e150      	b.n	100037e2 <_vsnprintf+0x56a>
10003540:	2380      	movs	r3, #128	@ 0x80
10003542:	3101      	adds	r1, #1
10003544:	431e      	orrs	r6, r3
10003546:	e706      	b.n	10003356 <_vsnprintf+0xde>
10003548:	2867      	cmp	r0, #103	@ 0x67
1000354a:	d100      	bne.n	1000354e <_vsnprintf+0x2d6>
1000354c:	e0c2      	b.n	100036d4 <_vsnprintf+0x45c>
1000354e:	2847      	cmp	r0, #71	@ 0x47
10003550:	d100      	bne.n	10003554 <_vsnprintf+0x2dc>
10003552:	e134      	b.n	100037be <_vsnprintf+0x546>
10003554:	2845      	cmp	r0, #69	@ 0x45
10003556:	d100      	bne.n	1000355a <_vsnprintf+0x2e2>
10003558:	e134      	b.n	100037c4 <_vsnprintf+0x54c>
1000355a:	2107      	movs	r1, #7
1000355c:	9b0c      	ldr	r3, [sp, #48]	@ 0x30
1000355e:	9a0d      	ldr	r2, [sp, #52]	@ 0x34
10003560:	3307      	adds	r3, #7
10003562:	438b      	bics	r3, r1
10003564:	0019      	movs	r1, r3
10003566:	9604      	str	r6, [sp, #16]
10003568:	9503      	str	r5, [sp, #12]
1000356a:	9202      	str	r2, [sp, #8]
1000356c:	c90c      	ldmia	r1!, {r2, r3}
1000356e:	980b      	ldr	r0, [sp, #44]	@ 0x2c
10003570:	9200      	str	r2, [sp, #0]
10003572:	9301      	str	r3, [sp, #4]
10003574:	910c      	str	r1, [sp, #48]	@ 0x30
10003576:	0022      	movs	r2, r4
10003578:	4653      	mov	r3, sl
1000357a:	990a      	ldr	r1, [sp, #40]	@ 0x28
1000357c:	f7ff fbcc 	bl	10002d18 <_etoa>
10003580:	0004      	movs	r4, r0
10003582:	e6a0      	b.n	100032c6 <_vsnprintf+0x4e>
10003584:	2846      	cmp	r0, #70	@ 0x46
10003586:	d100      	bne.n	1000358a <_vsnprintf+0x312>
10003588:	e0a8      	b.n	100036dc <_vsnprintf+0x464>
1000358a:	2107      	movs	r1, #7
1000358c:	9b0c      	ldr	r3, [sp, #48]	@ 0x30
1000358e:	9a0d      	ldr	r2, [sp, #52]	@ 0x34
10003590:	3307      	adds	r3, #7
10003592:	438b      	bics	r3, r1
10003594:	0019      	movs	r1, r3
10003596:	9604      	str	r6, [sp, #16]
10003598:	9503      	str	r5, [sp, #12]
1000359a:	9202      	str	r2, [sp, #8]
1000359c:	c90c      	ldmia	r1!, {r2, r3}
1000359e:	980b      	ldr	r0, [sp, #44]	@ 0x2c
100035a0:	9200      	str	r2, [sp, #0]
100035a2:	9301      	str	r3, [sp, #4]
100035a4:	910c      	str	r1, [sp, #48]	@ 0x30
100035a6:	0022      	movs	r2, r4
100035a8:	4653      	mov	r3, sl
100035aa:	990a      	ldr	r1, [sp, #40]	@ 0x28
100035ac:	f7ff f97a 	bl	100028a4 <_ftoa>
100035b0:	0004      	movs	r4, r0
100035b2:	e688      	b.n	100032c6 <_vsnprintf+0x4e>
100035b4:	10003279 	.word	0x10003279
100035b8:	20001eec 	.word	0x20001eec
100035bc:	10006d6c 	.word	0x10006d6c
100035c0:	10006db0 	.word	0x10006db0
100035c4:	10006dfc 	.word	0x10006dfc
100035c8:	00009041 	.word	0x00009041
100035cc:	0022      	movs	r2, r4
100035ce:	4653      	mov	r3, sl
100035d0:	2025      	movs	r0, #37	@ 0x25
100035d2:	990a      	ldr	r1, [sp, #40]	@ 0x28
100035d4:	9d0b      	ldr	r5, [sp, #44]	@ 0x2c
100035d6:	47a8      	blx	r5
100035d8:	3401      	adds	r4, #1
100035da:	e674      	b.n	100032c6 <_vsnprintf+0x4e>
100035dc:	9b0c      	ldr	r3, [sp, #48]	@ 0x30
100035de:	3304      	adds	r3, #4
100035e0:	469b      	mov	fp, r3
100035e2:	1c63      	adds	r3, r4, #1
100035e4:	4698      	mov	r8, r3
100035e6:	07b6      	lsls	r6, r6, #30
100035e8:	d400      	bmi.n	100035ec <_vsnprintf+0x374>
100035ea:	e0ff      	b.n	100037ec <_vsnprintf+0x574>
100035ec:	9b0c      	ldr	r3, [sp, #48]	@ 0x30
100035ee:	0022      	movs	r2, r4
100035f0:	7818      	ldrb	r0, [r3, #0]
100035f2:	990a      	ldr	r1, [sp, #40]	@ 0x28
100035f4:	4653      	mov	r3, sl
100035f6:	9e0b      	ldr	r6, [sp, #44]	@ 0x2c
100035f8:	47b0      	blx	r6
100035fa:	1964      	adds	r4, r4, r5
100035fc:	2d01      	cmp	r5, #1
100035fe:	d800      	bhi.n	10003602 <_vsnprintf+0x38a>
10003600:	e249      	b.n	10003a96 <_vsnprintf+0x81e>
10003602:	4645      	mov	r5, r8
10003604:	9e0b      	ldr	r6, [sp, #44]	@ 0x2c
10003606:	46b8      	mov	r8, r7
10003608:	9f0a      	ldr	r7, [sp, #40]	@ 0x28
1000360a:	002a      	movs	r2, r5
1000360c:	4653      	mov	r3, sl
1000360e:	3501      	adds	r5, #1
10003610:	0039      	movs	r1, r7
10003612:	2020      	movs	r0, #32
10003614:	47b0      	blx	r6
10003616:	42a5      	cmp	r5, r4
10003618:	d1f7      	bne.n	1000360a <_vsnprintf+0x392>
1000361a:	4647      	mov	r7, r8
1000361c:	e772      	b.n	10003504 <_vsnprintf+0x28c>
1000361e:	4bdb      	ldr	r3, [pc, #876]	@ (1000398c <_vsnprintf+0x714>)
10003620:	7838      	ldrb	r0, [r7, #0]
10003622:	930b      	str	r3, [sp, #44]	@ 0x2c
10003624:	2300      	movs	r3, #0
10003626:	4699      	mov	r9, r3
10003628:	2800      	cmp	r0, #0
1000362a:	d000      	beq.n	1000362e <_vsnprintf+0x3b6>
1000362c:	e63d      	b.n	100032aa <_vsnprintf+0x32>
1000362e:	2400      	movs	r4, #0
10003630:	e6c6      	b.n	100033c0 <_vsnprintf+0x148>
10003632:	286f      	cmp	r0, #111	@ 0x6f
10003634:	d055      	beq.n	100036e2 <_vsnprintf+0x46a>
10003636:	d800      	bhi.n	1000363a <_vsnprintf+0x3c2>
10003638:	e2bc      	b.n	10003bb4 <_vsnprintf+0x93c>
1000363a:	2310      	movs	r3, #16
1000363c:	2878      	cmp	r0, #120	@ 0x78
1000363e:	d100      	bne.n	10003642 <_vsnprintf+0x3ca>
10003640:	e09e      	b.n	10003780 <_vsnprintf+0x508>
10003642:	439e      	bics	r6, r3
10003644:	230a      	movs	r3, #10
10003646:	469c      	mov	ip, r3
10003648:	2300      	movs	r3, #0
1000364a:	930f      	str	r3, [sp, #60]	@ 0x3c
1000364c:	330a      	adds	r3, #10
1000364e:	469b      	mov	fp, r3
10003650:	e04d      	b.n	100036ee <_vsnprintf+0x476>
10003652:	2100      	movs	r1, #0
10003654:	008a      	lsls	r2, r1, #2
10003656:	1852      	adds	r2, r2, r1
10003658:	0052      	lsls	r2, r2, #1
1000365a:	3301      	adds	r3, #1
1000365c:	1811      	adds	r1, r2, r0
1000365e:	7818      	ldrb	r0, [r3, #0]
10003660:	3930      	subs	r1, #48	@ 0x30
10003662:	0002      	movs	r2, r0
10003664:	3a30      	subs	r2, #48	@ 0x30
10003666:	2a09      	cmp	r2, #9
10003668:	d9f4      	bls.n	10003654 <_vsnprintf+0x3dc>
1000366a:	910d      	str	r1, [sp, #52]	@ 0x34
1000366c:	001f      	movs	r7, r3
1000366e:	1c59      	adds	r1, r3, #1
10003670:	e650      	b.n	10003314 <_vsnprintf+0x9c>
10003672:	9b0c      	ldr	r3, [sp, #48]	@ 0x30
10003674:	78b8      	ldrb	r0, [r7, #2]
10003676:	cb04      	ldmia	r3!, {r2}
10003678:	3702      	adds	r7, #2
1000367a:	43d1      	mvns	r1, r2
1000367c:	17c9      	asrs	r1, r1, #31
1000367e:	400a      	ands	r2, r1
10003680:	920d      	str	r2, [sp, #52]	@ 0x34
10003682:	930c      	str	r3, [sp, #48]	@ 0x30
10003684:	1c79      	adds	r1, r7, #1
10003686:	e645      	b.n	10003314 <_vsnprintf+0x9c>
10003688:	2310      	movs	r3, #16
1000368a:	0030      	movs	r0, r6
1000368c:	4398      	bics	r0, r3
1000368e:	3311      	adds	r3, #17
10003690:	4318      	orrs	r0, r3
10003692:	2380      	movs	r3, #128	@ 0x80
10003694:	4680      	mov	r8, r0
10003696:	0030      	movs	r0, r6
10003698:	00db      	lsls	r3, r3, #3
1000369a:	4018      	ands	r0, r3
1000369c:	421e      	tst	r6, r3
1000369e:	d100      	bne.n	100036a2 <_vsnprintf+0x42a>
100036a0:	e6c0      	b.n	10003424 <_vsnprintf+0x1ac>
100036a2:	4643      	mov	r3, r8
100036a4:	9306      	str	r3, [sp, #24]
100036a6:	2308      	movs	r3, #8
100036a8:	9305      	str	r3, [sp, #20]
100036aa:	9b0d      	ldr	r3, [sp, #52]	@ 0x34
100036ac:	0022      	movs	r2, r4
100036ae:	9304      	str	r3, [sp, #16]
100036b0:	2310      	movs	r3, #16
100036b2:	9303      	str	r3, [sp, #12]
100036b4:	2300      	movs	r3, #0
100036b6:	9302      	str	r3, [sp, #8]
100036b8:	465b      	mov	r3, fp
100036ba:	9301      	str	r3, [sp, #4]
100036bc:	ab1a      	add	r3, sp, #104	@ 0x68
100036be:	9300      	str	r3, [sp, #0]
100036c0:	990a      	ldr	r1, [sp, #40]	@ 0x28
100036c2:	4653      	mov	r3, sl
100036c4:	980b      	ldr	r0, [sp, #44]	@ 0x2c
100036c6:	f7fe fff1 	bl	100026ac <_ntoa_format>
100036ca:	950c      	str	r5, [sp, #48]	@ 0x30
100036cc:	0004      	movs	r4, r0
100036ce:	e5fa      	b.n	100032c6 <_vsnprintf+0x4e>
100036d0:	3901      	subs	r1, #1
100036d2:	e6d4      	b.n	1000347e <_vsnprintf+0x206>
100036d4:	2380      	movs	r3, #128	@ 0x80
100036d6:	011b      	lsls	r3, r3, #4
100036d8:	431e      	orrs	r6, r3
100036da:	e73e      	b.n	1000355a <_vsnprintf+0x2e2>
100036dc:	2320      	movs	r3, #32
100036de:	431e      	orrs	r6, r3
100036e0:	e753      	b.n	1000358a <_vsnprintf+0x312>
100036e2:	2308      	movs	r3, #8
100036e4:	469c      	mov	ip, r3
100036e6:	2300      	movs	r3, #0
100036e8:	930f      	str	r3, [sp, #60]	@ 0x3c
100036ea:	3308      	adds	r3, #8
100036ec:	469b      	mov	fp, r3
100036ee:	2380      	movs	r3, #128	@ 0x80
100036f0:	0030      	movs	r0, r6
100036f2:	00db      	lsls	r3, r3, #3
100036f4:	4018      	ands	r0, r3
100036f6:	421e      	tst	r6, r3
100036f8:	d100      	bne.n	100036fc <_vsnprintf+0x484>
100036fa:	e11a      	b.n	10003932 <_vsnprintf+0x6ba>
100036fc:	230d      	movs	r3, #13
100036fe:	0031      	movs	r1, r6
10003700:	4399      	bics	r1, r3
10003702:	2380      	movs	r3, #128	@ 0x80
10003704:	000a      	movs	r2, r1
10003706:	009b      	lsls	r3, r3, #2
10003708:	401a      	ands	r2, r3
1000370a:	4691      	mov	r9, r2
1000370c:	4219      	tst	r1, r3
1000370e:	d000      	beq.n	10003712 <_vsnprintf+0x49a>
10003710:	e1c3      	b.n	10003a9a <_vsnprintf+0x822>
10003712:	2380      	movs	r3, #128	@ 0x80
10003714:	000a      	movs	r2, r1
10003716:	005b      	lsls	r3, r3, #1
10003718:	401a      	ands	r2, r3
1000371a:	4690      	mov	r8, r2
1000371c:	9a0c      	ldr	r2, [sp, #48]	@ 0x30
1000371e:	3204      	adds	r2, #4
10003720:	920f      	str	r2, [sp, #60]	@ 0x3c
10003722:	4219      	tst	r1, r3
10003724:	d000      	beq.n	10003728 <_vsnprintf+0x4b0>
10003726:	e28f      	b.n	10003c48 <_vsnprintf+0x9d0>
10003728:	064b      	lsls	r3, r1, #25
1000372a:	d500      	bpl.n	1000372e <_vsnprintf+0x4b6>
1000372c:	e197      	b.n	10003a5e <_vsnprintf+0x7e6>
1000372e:	060b      	lsls	r3, r1, #24
10003730:	d400      	bmi.n	10003734 <_vsnprintf+0x4bc>
10003732:	e2e5      	b.n	10003d00 <_vsnprintf+0xa88>
10003734:	9b0c      	ldr	r3, [sp, #48]	@ 0x30
10003736:	881b      	ldrh	r3, [r3, #0]
10003738:	4699      	mov	r9, r3
1000373a:	464b      	mov	r3, r9
1000373c:	2b00      	cmp	r3, #0
1000373e:	d000      	beq.n	10003742 <_vsnprintf+0x4ca>
10003740:	e205      	b.n	10003b4e <_vsnprintf+0x8d6>
10003742:	3310      	adds	r3, #16
10003744:	4399      	bics	r1, r3
10003746:	2800      	cmp	r0, #0
10003748:	d100      	bne.n	1000374c <_vsnprintf+0x4d4>
1000374a:	e200      	b.n	10003b4e <_vsnprintf+0x8d6>
1000374c:	2300      	movs	r3, #0
1000374e:	4698      	mov	r8, r3
10003750:	9b0d      	ldr	r3, [sp, #52]	@ 0x34
10003752:	9106      	str	r1, [sp, #24]
10003754:	9304      	str	r3, [sp, #16]
10003756:	465b      	mov	r3, fp
10003758:	9303      	str	r3, [sp, #12]
1000375a:	2300      	movs	r3, #0
1000375c:	9505      	str	r5, [sp, #20]
1000375e:	9302      	str	r3, [sp, #8]
10003760:	4643      	mov	r3, r8
10003762:	e0d9      	b.n	10003918 <_vsnprintf+0x6a0>
10003764:	2858      	cmp	r0, #88	@ 0x58
10003766:	d008      	beq.n	1000377a <_vsnprintf+0x502>
10003768:	2862      	cmp	r0, #98	@ 0x62
1000376a:	d178      	bne.n	1000385e <_vsnprintf+0x5e6>
1000376c:	2302      	movs	r3, #2
1000376e:	469c      	mov	ip, r3
10003770:	2300      	movs	r3, #0
10003772:	930f      	str	r3, [sp, #60]	@ 0x3c
10003774:	3302      	adds	r3, #2
10003776:	469b      	mov	fp, r3
10003778:	e7b9      	b.n	100036ee <_vsnprintf+0x476>
1000377a:	2320      	movs	r3, #32
1000377c:	431e      	orrs	r6, r3
1000377e:	3b10      	subs	r3, #16
10003780:	469c      	mov	ip, r3
10003782:	2300      	movs	r3, #0
10003784:	930f      	str	r3, [sp, #60]	@ 0x3c
10003786:	3310      	adds	r3, #16
10003788:	469b      	mov	fp, r3
1000378a:	e7b0      	b.n	100036ee <_vsnprintf+0x476>
1000378c:	2302      	movs	r3, #2
1000378e:	001a      	movs	r2, r3
10003790:	4032      	ands	r2, r6
10003792:	920c      	str	r2, [sp, #48]	@ 0x30
10003794:	4233      	tst	r3, r6
10003796:	d100      	bne.n	1000379a <_vsnprintf+0x522>
10003798:	e205      	b.n	10003ba6 <_vsnprintf+0x92e>
1000379a:	930c      	str	r3, [sp, #48]	@ 0x30
1000379c:	4643      	mov	r3, r8
1000379e:	46b9      	mov	r9, r7
100037a0:	9e0b      	ldr	r6, [sp, #44]	@ 0x2c
100037a2:	9f0a      	ldr	r7, [sp, #40]	@ 0x28
100037a4:	46a8      	mov	r8, r5
100037a6:	1b1d      	subs	r5, r3, r4
100037a8:	0022      	movs	r2, r4
100037aa:	4653      	mov	r3, sl
100037ac:	0039      	movs	r1, r7
100037ae:	3401      	adds	r4, #1
100037b0:	47b0      	blx	r6
100037b2:	5d28      	ldrb	r0, [r5, r4]
100037b4:	2800      	cmp	r0, #0
100037b6:	d1f7      	bne.n	100037a8 <_vsnprintf+0x530>
100037b8:	4645      	mov	r5, r8
100037ba:	464f      	mov	r7, r9
100037bc:	e69e      	b.n	100034fc <_vsnprintf+0x284>
100037be:	2380      	movs	r3, #128	@ 0x80
100037c0:	011b      	lsls	r3, r3, #4
100037c2:	431e      	orrs	r6, r3
100037c4:	2320      	movs	r3, #32
100037c6:	431e      	orrs	r6, r3
100037c8:	e6c7      	b.n	1000355a <_vsnprintf+0x2e2>
100037ca:	4662      	mov	r2, ip
100037cc:	920d      	str	r2, [sp, #52]	@ 0x34
100037ce:	4642      	mov	r2, r8
100037d0:	1a9b      	subs	r3, r3, r2
100037d2:	930f      	str	r3, [sp, #60]	@ 0x3c
100037d4:	e66a      	b.n	100034ac <_vsnprintf+0x234>
100037d6:	23c0      	movs	r3, #192	@ 0xc0
100037d8:	009b      	lsls	r3, r3, #2
100037da:	78b8      	ldrb	r0, [r7, #2]
100037dc:	431e      	orrs	r6, r3
100037de:	1cf9      	adds	r1, r7, #3
100037e0:	e5b9      	b.n	10003356 <_vsnprintf+0xde>
100037e2:	23c0      	movs	r3, #192	@ 0xc0
100037e4:	78b8      	ldrb	r0, [r7, #2]
100037e6:	431e      	orrs	r6, r3
100037e8:	1cf9      	adds	r1, r7, #3
100037ea:	e5b4      	b.n	10003356 <_vsnprintf+0xde>
100037ec:	2d01      	cmp	r5, #1
100037ee:	d800      	bhi.n	100037f2 <_vsnprintf+0x57a>
100037f0:	e14a      	b.n	10003a88 <_vsnprintf+0x810>
100037f2:	1e63      	subs	r3, r4, #1
100037f4:	4699      	mov	r9, r3
100037f6:	44a9      	add	r9, r5
100037f8:	464b      	mov	r3, r9
100037fa:	4652      	mov	r2, sl
100037fc:	0026      	movs	r6, r4
100037fe:	46a1      	mov	r9, r4
10003800:	46ba      	mov	sl, r7
10003802:	001c      	movs	r4, r3
10003804:	0017      	movs	r7, r2
10003806:	46a8      	mov	r8, r5
10003808:	9d0b      	ldr	r5, [sp, #44]	@ 0x2c
1000380a:	0032      	movs	r2, r6
1000380c:	003b      	movs	r3, r7
1000380e:	3601      	adds	r6, #1
10003810:	2020      	movs	r0, #32
10003812:	990a      	ldr	r1, [sp, #40]	@ 0x28
10003814:	47a8      	blx	r5
10003816:	42a6      	cmp	r6, r4
10003818:	d1f7      	bne.n	1000380a <_vsnprintf+0x592>
1000381a:	003b      	movs	r3, r7
1000381c:	4657      	mov	r7, sl
1000381e:	469a      	mov	sl, r3
10003820:	464c      	mov	r4, r9
10003822:	9b0c      	ldr	r3, [sp, #48]	@ 0x30
10003824:	0032      	movs	r2, r6
10003826:	7818      	ldrb	r0, [r3, #0]
10003828:	990a      	ldr	r1, [sp, #40]	@ 0x28
1000382a:	4653      	mov	r3, sl
1000382c:	9d0b      	ldr	r5, [sp, #44]	@ 0x2c
1000382e:	4444      	add	r4, r8
10003830:	47a8      	blx	r5
10003832:	e667      	b.n	10003504 <_vsnprintf+0x28c>
10003834:	46a0      	mov	r8, r4
10003836:	9b0f      	ldr	r3, [sp, #60]	@ 0x3c
10003838:	429d      	cmp	r5, r3
1000383a:	d800      	bhi.n	1000383e <_vsnprintf+0x5c6>
1000383c:	e662      	b.n	10003504 <_vsnprintf+0x28c>
1000383e:	192c      	adds	r4, r5, r4
10003840:	9e0b      	ldr	r6, [sp, #44]	@ 0x2c
10003842:	4645      	mov	r5, r8
10003844:	46b8      	mov	r8, r7
10003846:	9f0a      	ldr	r7, [sp, #40]	@ 0x28
10003848:	1ae4      	subs	r4, r4, r3
1000384a:	002a      	movs	r2, r5
1000384c:	4653      	mov	r3, sl
1000384e:	3501      	adds	r5, #1
10003850:	0039      	movs	r1, r7
10003852:	2020      	movs	r0, #32
10003854:	47b0      	blx	r6
10003856:	42a5      	cmp	r5, r4
10003858:	d1f7      	bne.n	1000384a <_vsnprintf+0x5d2>
1000385a:	4647      	mov	r7, r8
1000385c:	e652      	b.n	10003504 <_vsnprintf+0x28c>
1000385e:	2380      	movs	r3, #128	@ 0x80
10003860:	0032      	movs	r2, r6
10003862:	00db      	lsls	r3, r3, #3
10003864:	401a      	ands	r2, r3
10003866:	4690      	mov	r8, r2
10003868:	421e      	tst	r6, r3
1000386a:	d100      	bne.n	1000386e <_vsnprintf+0x5f6>
1000386c:	e0f3      	b.n	10003a56 <_vsnprintf+0x7de>
1000386e:	2111      	movs	r1, #17
10003870:	438e      	bics	r6, r1
10003872:	46b4      	mov	ip, r6
10003874:	4698      	mov	r8, r3
10003876:	2380      	movs	r3, #128	@ 0x80
10003878:	4662      	mov	r2, ip
1000387a:	009b      	lsls	r3, r3, #2
1000387c:	401a      	ands	r2, r3
1000387e:	4693      	mov	fp, r2
10003880:	4662      	mov	r2, ip
10003882:	421a      	tst	r2, r3
10003884:	d159      	bne.n	1000393a <_vsnprintf+0x6c2>
10003886:	2380      	movs	r3, #128	@ 0x80
10003888:	005b      	lsls	r3, r3, #1
1000388a:	401a      	ands	r2, r3
1000388c:	4691      	mov	r9, r2
1000388e:	9a0c      	ldr	r2, [sp, #48]	@ 0x30
10003890:	3204      	adds	r2, #4
10003892:	920f      	str	r2, [sp, #60]	@ 0x3c
10003894:	4662      	mov	r2, ip
10003896:	421a      	tst	r2, r3
10003898:	d000      	beq.n	1000389c <_vsnprintf+0x624>
1000389a:	e1a0      	b.n	10003bde <_vsnprintf+0x966>
1000389c:	4663      	mov	r3, ip
1000389e:	065b      	lsls	r3, r3, #25
100038a0:	d500      	bpl.n	100038a4 <_vsnprintf+0x62c>
100038a2:	e0d4      	b.n	10003a4e <_vsnprintf+0x7d6>
100038a4:	4663      	mov	r3, ip
100038a6:	061b      	lsls	r3, r3, #24
100038a8:	d400      	bmi.n	100038ac <_vsnprintf+0x634>
100038aa:	e212      	b.n	10003cd2 <_vsnprintf+0xa5a>
100038ac:	9b0c      	ldr	r3, [sp, #48]	@ 0x30
100038ae:	2200      	movs	r2, #0
100038b0:	5e9b      	ldrsh	r3, [r3, r2]
100038b2:	17d8      	asrs	r0, r3, #31
100038b4:	1819      	adds	r1, r3, r0
100038b6:	4041      	eors	r1, r0
100038b8:	b289      	uxth	r1, r1
100038ba:	0fda      	lsrs	r2, r3, #31
100038bc:	920c      	str	r2, [sp, #48]	@ 0x30
100038be:	2b00      	cmp	r3, #0
100038c0:	d100      	bne.n	100038c4 <_vsnprintf+0x64c>
100038c2:	e187      	b.n	10003bd4 <_vsnprintf+0x95c>
100038c4:	4688      	mov	r8, r1
100038c6:	261f      	movs	r6, #31
100038c8:	ab12      	add	r3, sp, #72	@ 0x48
100038ca:	46bb      	mov	fp, r7
100038cc:	9514      	str	r5, [sp, #80]	@ 0x50
100038ce:	18f7      	adds	r7, r6, r3
100038d0:	4645      	mov	r5, r8
100038d2:	464e      	mov	r6, r9
100038d4:	46e0      	mov	r8, ip
100038d6:	46a1      	mov	r9, r4
100038d8:	e006      	b.n	100038e8 <_vsnprintf+0x670>
100038da:	0028      	movs	r0, r5
100038dc:	210a      	movs	r1, #10
100038de:	f7fd fff3 	bl	100018c8 <__wrap___aeabi_uidiv>
100038e2:	0005      	movs	r5, r0
100038e4:	2e20      	cmp	r6, #32
100038e6:	d008      	beq.n	100038fa <_vsnprintf+0x682>
100038e8:	210a      	movs	r1, #10
100038ea:	0028      	movs	r0, r5
100038ec:	f7fd ffec 	bl	100018c8 <__wrap___aeabi_uidiv>
100038f0:	3601      	adds	r6, #1
100038f2:	3130      	adds	r1, #48	@ 0x30
100038f4:	55b9      	strb	r1, [r7, r6]
100038f6:	2d09      	cmp	r5, #9
100038f8:	d8ef      	bhi.n	100038da <_vsnprintf+0x662>
100038fa:	464c      	mov	r4, r9
100038fc:	46c4      	mov	ip, r8
100038fe:	46b1      	mov	r9, r6
10003900:	465f      	mov	r7, fp
10003902:	9d14      	ldr	r5, [sp, #80]	@ 0x50
10003904:	4663      	mov	r3, ip
10003906:	9306      	str	r3, [sp, #24]
10003908:	9b0d      	ldr	r3, [sp, #52]	@ 0x34
1000390a:	9505      	str	r5, [sp, #20]
1000390c:	9304      	str	r3, [sp, #16]
1000390e:	230a      	movs	r3, #10
10003910:	9303      	str	r3, [sp, #12]
10003912:	9b0c      	ldr	r3, [sp, #48]	@ 0x30
10003914:	9302      	str	r3, [sp, #8]
10003916:	464b      	mov	r3, r9
10003918:	9301      	str	r3, [sp, #4]
1000391a:	ab1a      	add	r3, sp, #104	@ 0x68
1000391c:	0022      	movs	r2, r4
1000391e:	9300      	str	r3, [sp, #0]
10003920:	990a      	ldr	r1, [sp, #40]	@ 0x28
10003922:	4653      	mov	r3, sl
10003924:	980b      	ldr	r0, [sp, #44]	@ 0x2c
10003926:	f7fe fec1 	bl	100026ac <_ntoa_format>
1000392a:	9b0f      	ldr	r3, [sp, #60]	@ 0x3c
1000392c:	0004      	movs	r4, r0
1000392e:	930c      	str	r3, [sp, #48]	@ 0x30
10003930:	e4c9      	b.n	100032c6 <_vsnprintf+0x4e>
10003932:	230c      	movs	r3, #12
10003934:	0031      	movs	r1, r6
10003936:	4399      	bics	r1, r3
10003938:	e6e3      	b.n	10003702 <_vsnprintf+0x48a>
1000393a:	2208      	movs	r2, #8
1000393c:	2107      	movs	r1, #7
1000393e:	4691      	mov	r9, r2
10003940:	9b0c      	ldr	r3, [sp, #48]	@ 0x30
10003942:	3307      	adds	r3, #7
10003944:	438b      	bics	r3, r1
10003946:	4499      	add	r9, r3
10003948:	464a      	mov	r2, r9
1000394a:	cb0a      	ldmia	r3, {r1, r3}
1000394c:	0008      	movs	r0, r1
1000394e:	920c      	str	r2, [sp, #48]	@ 0x30
10003950:	0fda      	lsrs	r2, r3, #31
10003952:	4693      	mov	fp, r2
10003954:	4318      	orrs	r0, r3
10003956:	d000      	beq.n	1000395a <_vsnprintf+0x6e2>
10003958:	e085      	b.n	10003a66 <_vsnprintf+0x7ee>
1000395a:	2300      	movs	r3, #0
1000395c:	4699      	mov	r9, r3
1000395e:	4643      	mov	r3, r8
10003960:	2b00      	cmp	r3, #0
10003962:	d12f      	bne.n	100039c4 <_vsnprintf+0x74c>
10003964:	2200      	movs	r2, #0
10003966:	2300      	movs	r3, #0
10003968:	9210      	str	r2, [sp, #64]	@ 0x40
1000396a:	9311      	str	r3, [sp, #68]	@ 0x44
1000396c:	2300      	movs	r3, #0
1000396e:	261f      	movs	r6, #31
10003970:	4699      	mov	r9, r3
10003972:	ab12      	add	r3, sp, #72	@ 0x48
10003974:	18f6      	adds	r6, r6, r3
10003976:	465b      	mov	r3, fp
10003978:	9514      	str	r5, [sp, #80]	@ 0x50
1000397a:	46bb      	mov	fp, r7
1000397c:	46e0      	mov	r8, ip
1000397e:	0037      	movs	r7, r6
10003980:	930f      	str	r3, [sp, #60]	@ 0x3c
10003982:	464e      	mov	r6, r9
10003984:	46a1      	mov	r9, r4
10003986:	9c10      	ldr	r4, [sp, #64]	@ 0x40
10003988:	9d11      	ldr	r5, [sp, #68]	@ 0x44
1000398a:	e005      	b.n	10003998 <_vsnprintf+0x720>
1000398c:	10002601 	.word	0x10002601
10003990:	0004      	movs	r4, r0
10003992:	000d      	movs	r5, r1
10003994:	2e20      	cmp	r6, #32
10003996:	d00c      	beq.n	100039b2 <_vsnprintf+0x73a>
10003998:	220a      	movs	r2, #10
1000399a:	2300      	movs	r3, #0
1000399c:	0020      	movs	r0, r4
1000399e:	0029      	movs	r1, r5
100039a0:	f7fd ffd0 	bl	10001944 <__wrap___aeabi_uldivmod>
100039a4:	3601      	adds	r6, #1
100039a6:	3230      	adds	r2, #48	@ 0x30
100039a8:	55ba      	strb	r2, [r7, r6]
100039aa:	2d00      	cmp	r5, #0
100039ac:	d1f0      	bne.n	10003990 <_vsnprintf+0x718>
100039ae:	2c09      	cmp	r4, #9
100039b0:	d8ee      	bhi.n	10003990 <_vsnprintf+0x718>
100039b2:	9b0f      	ldr	r3, [sp, #60]	@ 0x3c
100039b4:	9410      	str	r4, [sp, #64]	@ 0x40
100039b6:	9511      	str	r5, [sp, #68]	@ 0x44
100039b8:	465f      	mov	r7, fp
100039ba:	464c      	mov	r4, r9
100039bc:	46c4      	mov	ip, r8
100039be:	46b1      	mov	r9, r6
100039c0:	469b      	mov	fp, r3
100039c2:	9d14      	ldr	r5, [sp, #80]	@ 0x50
100039c4:	4663      	mov	r3, ip
100039c6:	9306      	str	r3, [sp, #24]
100039c8:	9b0d      	ldr	r3, [sp, #52]	@ 0x34
100039ca:	9505      	str	r5, [sp, #20]
100039cc:	9304      	str	r3, [sp, #16]
100039ce:	230a      	movs	r3, #10
100039d0:	9303      	str	r3, [sp, #12]
100039d2:	465b      	mov	r3, fp
100039d4:	9302      	str	r3, [sp, #8]
100039d6:	464b      	mov	r3, r9
100039d8:	9301      	str	r3, [sp, #4]
100039da:	ab1a      	add	r3, sp, #104	@ 0x68
100039dc:	0022      	movs	r2, r4
100039de:	9300      	str	r3, [sp, #0]
100039e0:	990a      	ldr	r1, [sp, #40]	@ 0x28
100039e2:	4653      	mov	r3, sl
100039e4:	980b      	ldr	r0, [sp, #44]	@ 0x2c
100039e6:	f7fe fe61 	bl	100026ac <_ntoa_format>
100039ea:	0004      	movs	r4, r0
100039ec:	e46b      	b.n	100032c6 <_vsnprintf+0x4e>
100039ee:	9b0f      	ldr	r3, [sp, #60]	@ 0x3c
100039f0:	429d      	cmp	r5, r3
100039f2:	d800      	bhi.n	100039f6 <_vsnprintf+0x77e>
100039f4:	e196      	b.n	10003d24 <_vsnprintf+0xaac>
100039f6:	2380      	movs	r3, #128	@ 0x80
100039f8:	00db      	lsls	r3, r3, #3
100039fa:	930c      	str	r3, [sp, #48]	@ 0x30
100039fc:	9b0f      	ldr	r3, [sp, #60]	@ 0x3c
100039fe:	192e      	adds	r6, r5, r4
10003a00:	1af6      	subs	r6, r6, r3
10003a02:	4643      	mov	r3, r8
10003a04:	930f      	str	r3, [sp, #60]	@ 0x3c
10003a06:	9b0d      	ldr	r3, [sp, #52]	@ 0x34
10003a08:	46a8      	mov	r8, r5
10003a0a:	4699      	mov	r9, r3
10003a0c:	4653      	mov	r3, sl
10003a0e:	46ba      	mov	sl, r7
10003a10:	001f      	movs	r7, r3
10003a12:	9d0b      	ldr	r5, [sp, #44]	@ 0x2c
10003a14:	0022      	movs	r2, r4
10003a16:	003b      	movs	r3, r7
10003a18:	3401      	adds	r4, #1
10003a1a:	2020      	movs	r0, #32
10003a1c:	990a      	ldr	r1, [sp, #40]	@ 0x28
10003a1e:	47a8      	blx	r5
10003a20:	42b4      	cmp	r4, r6
10003a22:	d1f7      	bne.n	10003a14 <_vsnprintf+0x79c>
10003a24:	9b0f      	ldr	r3, [sp, #60]	@ 0x3c
10003a26:	4645      	mov	r5, r8
10003a28:	4698      	mov	r8, r3
10003a2a:	464b      	mov	r3, r9
10003a2c:	930d      	str	r3, [sp, #52]	@ 0x34
10003a2e:	003b      	movs	r3, r7
10003a30:	4657      	mov	r7, sl
10003a32:	469a      	mov	sl, r3
10003a34:	4643      	mov	r3, r8
10003a36:	7818      	ldrb	r0, [r3, #0]
10003a38:	2800      	cmp	r0, #0
10003a3a:	d100      	bne.n	10003a3e <_vsnprintf+0x7c6>
10003a3c:	e562      	b.n	10003504 <_vsnprintf+0x28c>
10003a3e:	1c6b      	adds	r3, r5, #1
10003a40:	930f      	str	r3, [sp, #60]	@ 0x3c
10003a42:	9b0c      	ldr	r3, [sp, #48]	@ 0x30
10003a44:	2b00      	cmp	r3, #0
10003a46:	d100      	bne.n	10003a4a <_vsnprintf+0x7d2>
10003a48:	e6a8      	b.n	1000379c <_vsnprintf+0x524>
10003a4a:	2300      	movs	r3, #0
10003a4c:	e53d      	b.n	100034ca <_vsnprintf+0x252>
10003a4e:	9b0c      	ldr	r3, [sp, #48]	@ 0x30
10003a50:	781b      	ldrb	r3, [r3, #0]
10003a52:	0019      	movs	r1, r3
10003a54:	e731      	b.n	100038ba <_vsnprintf+0x642>
10003a56:	2310      	movs	r3, #16
10003a58:	439e      	bics	r6, r3
10003a5a:	46b4      	mov	ip, r6
10003a5c:	e70b      	b.n	10003876 <_vsnprintf+0x5fe>
10003a5e:	9b0c      	ldr	r3, [sp, #48]	@ 0x30
10003a60:	781b      	ldrb	r3, [r3, #0]
10003a62:	4699      	mov	r9, r3
10003a64:	e669      	b.n	1000373a <_vsnprintf+0x4c2>
10003a66:	17da      	asrs	r2, r3, #31
10003a68:	9212      	str	r2, [sp, #72]	@ 0x48
10003a6a:	9213      	str	r2, [sp, #76]	@ 0x4c
10003a6c:	404a      	eors	r2, r1
10003a6e:	9210      	str	r2, [sp, #64]	@ 0x40
10003a70:	9812      	ldr	r0, [sp, #72]	@ 0x48
10003a72:	9913      	ldr	r1, [sp, #76]	@ 0x4c
10003a74:	000a      	movs	r2, r1
10003a76:	405a      	eors	r2, r3
10003a78:	9211      	str	r2, [sp, #68]	@ 0x44
10003a7a:	9a10      	ldr	r2, [sp, #64]	@ 0x40
10003a7c:	9b11      	ldr	r3, [sp, #68]	@ 0x44
10003a7e:	1a12      	subs	r2, r2, r0
10003a80:	418b      	sbcs	r3, r1
10003a82:	9210      	str	r2, [sp, #64]	@ 0x40
10003a84:	9311      	str	r3, [sp, #68]	@ 0x44
10003a86:	e771      	b.n	1000396c <_vsnprintf+0x6f4>
10003a88:	9b0c      	ldr	r3, [sp, #48]	@ 0x30
10003a8a:	0022      	movs	r2, r4
10003a8c:	7818      	ldrb	r0, [r3, #0]
10003a8e:	990a      	ldr	r1, [sp, #40]	@ 0x28
10003a90:	4653      	mov	r3, sl
10003a92:	9c0b      	ldr	r4, [sp, #44]	@ 0x2c
10003a94:	47a0      	blx	r4
10003a96:	4644      	mov	r4, r8
10003a98:	e534      	b.n	10003504 <_vsnprintf+0x28c>
10003a9a:	2208      	movs	r2, #8
10003a9c:	2607      	movs	r6, #7
10003a9e:	4690      	mov	r8, r2
10003aa0:	9b0c      	ldr	r3, [sp, #48]	@ 0x30
10003aa2:	3307      	adds	r3, #7
10003aa4:	43b3      	bics	r3, r6
10003aa6:	4498      	add	r8, r3
10003aa8:	4642      	mov	r2, r8
10003aaa:	920c      	str	r2, [sp, #48]	@ 0x30
10003aac:	681a      	ldr	r2, [r3, #0]
10003aae:	685b      	ldr	r3, [r3, #4]
10003ab0:	9214      	str	r2, [sp, #80]	@ 0x50
10003ab2:	9308      	str	r3, [sp, #32]
10003ab4:	0013      	movs	r3, r2
10003ab6:	9a08      	ldr	r2, [sp, #32]
10003ab8:	4313      	orrs	r3, r2
10003aba:	d105      	bne.n	10003ac8 <_vsnprintf+0x850>
10003abc:	3310      	adds	r3, #16
10003abe:	4399      	bics	r1, r3
10003ac0:	2300      	movs	r3, #0
10003ac2:	4698      	mov	r8, r3
10003ac4:	2800      	cmp	r0, #0
10003ac6:	d138      	bne.n	10003b3a <_vsnprintf+0x8c2>
10003ac8:	2061      	movs	r0, #97	@ 0x61
10003aca:	068b      	lsls	r3, r1, #26
10003acc:	d500      	bpl.n	10003ad0 <_vsnprintf+0x858>
10003ace:	2041      	movs	r0, #65	@ 0x41
10003ad0:	2300      	movs	r3, #0
10003ad2:	261f      	movs	r6, #31
10003ad4:	4698      	mov	r8, r3
10003ad6:	465a      	mov	r2, fp
10003ad8:	ab12      	add	r3, sp, #72	@ 0x48
10003ada:	18f6      	adds	r6, r6, r3
10003adc:	0003      	movs	r3, r0
10003ade:	9218      	str	r2, [sp, #96]	@ 0x60
10003ae0:	9a0f      	ldr	r2, [sp, #60]	@ 0x3c
10003ae2:	3b0a      	subs	r3, #10
10003ae4:	46b1      	mov	r9, r6
10003ae6:	9516      	str	r5, [sp, #88]	@ 0x58
10003ae8:	9417      	str	r4, [sp, #92]	@ 0x5c
10003aea:	9719      	str	r7, [sp, #100]	@ 0x64
10003aec:	4644      	mov	r4, r8
10003aee:	4666      	mov	r6, ip
10003af0:	4690      	mov	r8, r2
10003af2:	469b      	mov	fp, r3
10003af4:	9f14      	ldr	r7, [sp, #80]	@ 0x50
10003af6:	9d08      	ldr	r5, [sp, #32]
10003af8:	9115      	str	r1, [sp, #84]	@ 0x54
10003afa:	e003      	b.n	10003b04 <_vsnprintf+0x88c>
10003afc:	0007      	movs	r7, r0
10003afe:	000d      	movs	r5, r1
10003b00:	2c20      	cmp	r4, #32
10003b02:	d013      	beq.n	10003b2c <_vsnprintf+0x8b4>
10003b04:	0032      	movs	r2, r6
10003b06:	2300      	movs	r3, #0
10003b08:	0038      	movs	r0, r7
10003b0a:	0029      	movs	r1, r5
10003b0c:	f7fd ff1a 	bl	10001944 <__wrap___aeabi_uldivmod>
10003b10:	465b      	mov	r3, fp
10003b12:	b2d2      	uxtb	r2, r2
10003b14:	18d3      	adds	r3, r2, r3
10003b16:	2a09      	cmp	r2, #9
10003b18:	d801      	bhi.n	10003b1e <_vsnprintf+0x8a6>
10003b1a:	0013      	movs	r3, r2
10003b1c:	3330      	adds	r3, #48	@ 0x30
10003b1e:	464a      	mov	r2, r9
10003b20:	3401      	adds	r4, #1
10003b22:	5513      	strb	r3, [r2, r4]
10003b24:	45a8      	cmp	r8, r5
10003b26:	d1e9      	bne.n	10003afc <_vsnprintf+0x884>
10003b28:	42be      	cmp	r6, r7
10003b2a:	d9e7      	bls.n	10003afc <_vsnprintf+0x884>
10003b2c:	9b18      	ldr	r3, [sp, #96]	@ 0x60
10003b2e:	46a0      	mov	r8, r4
10003b30:	469b      	mov	fp, r3
10003b32:	9915      	ldr	r1, [sp, #84]	@ 0x54
10003b34:	9d16      	ldr	r5, [sp, #88]	@ 0x58
10003b36:	9c17      	ldr	r4, [sp, #92]	@ 0x5c
10003b38:	9f19      	ldr	r7, [sp, #100]	@ 0x64
10003b3a:	9b0d      	ldr	r3, [sp, #52]	@ 0x34
10003b3c:	9106      	str	r1, [sp, #24]
10003b3e:	9304      	str	r3, [sp, #16]
10003b40:	465b      	mov	r3, fp
10003b42:	9303      	str	r3, [sp, #12]
10003b44:	2300      	movs	r3, #0
10003b46:	9505      	str	r5, [sp, #20]
10003b48:	9302      	str	r3, [sp, #8]
10003b4a:	4643      	mov	r3, r8
10003b4c:	e744      	b.n	100039d8 <_vsnprintf+0x760>
10003b4e:	2061      	movs	r0, #97	@ 0x61
10003b50:	068b      	lsls	r3, r1, #26
10003b52:	d500      	bpl.n	10003b56 <_vsnprintf+0x8de>
10003b54:	2041      	movs	r0, #65	@ 0x41
10003b56:	261f      	movs	r6, #31
10003b58:	ab12      	add	r3, sp, #72	@ 0x48
10003b5a:	18f2      	adds	r2, r6, r3
10003b5c:	0003      	movs	r3, r0
10003b5e:	3b0a      	subs	r3, #10
10003b60:	930c      	str	r3, [sp, #48]	@ 0x30
10003b62:	464b      	mov	r3, r9
10003b64:	4646      	mov	r6, r8
10003b66:	46a1      	mov	r9, r4
10003b68:	46a8      	mov	r8, r5
10003b6a:	001c      	movs	r4, r3
10003b6c:	465d      	mov	r5, fp
10003b6e:	9114      	str	r1, [sp, #80]	@ 0x50
10003b70:	46bb      	mov	fp, r7
10003b72:	0017      	movs	r7, r2
10003b74:	e002      	b.n	10003b7c <_vsnprintf+0x904>
10003b76:	0004      	movs	r4, r0
10003b78:	2e20      	cmp	r6, #32
10003b7a:	d00d      	beq.n	10003b98 <_vsnprintf+0x920>
10003b7c:	0029      	movs	r1, r5
10003b7e:	0020      	movs	r0, r4
10003b80:	f7fd fea2 	bl	100018c8 <__wrap___aeabi_uidiv>
10003b84:	9b0c      	ldr	r3, [sp, #48]	@ 0x30
10003b86:	18cb      	adds	r3, r1, r3
10003b88:	2909      	cmp	r1, #9
10003b8a:	d801      	bhi.n	10003b90 <_vsnprintf+0x918>
10003b8c:	000b      	movs	r3, r1
10003b8e:	3330      	adds	r3, #48	@ 0x30
10003b90:	3601      	adds	r6, #1
10003b92:	55bb      	strb	r3, [r7, r6]
10003b94:	42ac      	cmp	r4, r5
10003b96:	d2ee      	bcs.n	10003b76 <_vsnprintf+0x8fe>
10003b98:	465f      	mov	r7, fp
10003b9a:	464c      	mov	r4, r9
10003b9c:	46ab      	mov	fp, r5
10003b9e:	9914      	ldr	r1, [sp, #80]	@ 0x50
10003ba0:	4645      	mov	r5, r8
10003ba2:	46b0      	mov	r8, r6
10003ba4:	e5d4      	b.n	10003750 <_vsnprintf+0x4d8>
10003ba6:	9b0f      	ldr	r3, [sp, #60]	@ 0x3c
10003ba8:	429d      	cmp	r5, r3
10003baa:	d900      	bls.n	10003bae <_vsnprintf+0x936>
10003bac:	e726      	b.n	100039fc <_vsnprintf+0x784>
10003bae:	3301      	adds	r3, #1
10003bb0:	930f      	str	r3, [sp, #60]	@ 0x3c
10003bb2:	e5f3      	b.n	1000379c <_vsnprintf+0x524>
10003bb4:	2310      	movs	r3, #16
10003bb6:	0032      	movs	r2, r6
10003bb8:	439a      	bics	r2, r3
10003bba:	4694      	mov	ip, r2
10003bbc:	2869      	cmp	r0, #105	@ 0x69
10003bbe:	d000      	beq.n	10003bc2 <_vsnprintf+0x94a>
10003bc0:	e0a2      	b.n	10003d08 <_vsnprintf+0xa90>
10003bc2:	2380      	movs	r3, #128	@ 0x80
10003bc4:	0032      	movs	r2, r6
10003bc6:	00db      	lsls	r3, r3, #3
10003bc8:	401a      	ands	r2, r3
10003bca:	4690      	mov	r8, r2
10003bcc:	421e      	tst	r6, r3
10003bce:	d100      	bne.n	10003bd2 <_vsnprintf+0x95a>
10003bd0:	e651      	b.n	10003876 <_vsnprintf+0x5fe>
10003bd2:	e64c      	b.n	1000386e <_vsnprintf+0x5f6>
10003bd4:	4643      	mov	r3, r8
10003bd6:	2b00      	cmp	r3, #0
10003bd8:	d000      	beq.n	10003bdc <_vsnprintf+0x964>
10003bda:	e693      	b.n	10003904 <_vsnprintf+0x68c>
10003bdc:	e673      	b.n	100038c6 <_vsnprintf+0x64e>
10003bde:	9b0c      	ldr	r3, [sp, #48]	@ 0x30
10003be0:	681b      	ldr	r3, [r3, #0]
10003be2:	0fda      	lsrs	r2, r3, #31
10003be4:	2b00      	cmp	r3, #0
10003be6:	d070      	beq.n	10003cca <_vsnprintf+0xa52>
10003be8:	17d9      	asrs	r1, r3, #31
10003bea:	185b      	adds	r3, r3, r1
10003bec:	404b      	eors	r3, r1
10003bee:	4698      	mov	r8, r3
10003bf0:	261f      	movs	r6, #31
10003bf2:	ab12      	add	r3, sp, #72	@ 0x48
10003bf4:	18f6      	adds	r6, r6, r3
10003bf6:	46a1      	mov	r9, r4
10003bf8:	9514      	str	r5, [sp, #80]	@ 0x50
10003bfa:	465c      	mov	r4, fp
10003bfc:	4645      	mov	r5, r8
10003bfe:	46bb      	mov	fp, r7
10003c00:	46e0      	mov	r8, ip
10003c02:	0037      	movs	r7, r6
10003c04:	920c      	str	r2, [sp, #48]	@ 0x30
10003c06:	e006      	b.n	10003c16 <_vsnprintf+0x99e>
10003c08:	0028      	movs	r0, r5
10003c0a:	210a      	movs	r1, #10
10003c0c:	f7fd fe5c 	bl	100018c8 <__wrap___aeabi_uidiv>
10003c10:	0005      	movs	r5, r0
10003c12:	2c20      	cmp	r4, #32
10003c14:	d008      	beq.n	10003c28 <_vsnprintf+0x9b0>
10003c16:	210a      	movs	r1, #10
10003c18:	0028      	movs	r0, r5
10003c1a:	f7fd fe55 	bl	100018c8 <__wrap___aeabi_uidiv>
10003c1e:	3401      	adds	r4, #1
10003c20:	3130      	adds	r1, #48	@ 0x30
10003c22:	5539      	strb	r1, [r7, r4]
10003c24:	2d09      	cmp	r5, #9
10003c26:	d8ef      	bhi.n	10003c08 <_vsnprintf+0x990>
10003c28:	465f      	mov	r7, fp
10003c2a:	46c4      	mov	ip, r8
10003c2c:	46a3      	mov	fp, r4
10003c2e:	464c      	mov	r4, r9
10003c30:	9d14      	ldr	r5, [sp, #80]	@ 0x50
10003c32:	9a0c      	ldr	r2, [sp, #48]	@ 0x30
10003c34:	4663      	mov	r3, ip
10003c36:	9306      	str	r3, [sp, #24]
10003c38:	9b0d      	ldr	r3, [sp, #52]	@ 0x34
10003c3a:	9505      	str	r5, [sp, #20]
10003c3c:	9304      	str	r3, [sp, #16]
10003c3e:	230a      	movs	r3, #10
10003c40:	9202      	str	r2, [sp, #8]
10003c42:	9303      	str	r3, [sp, #12]
10003c44:	465b      	mov	r3, fp
10003c46:	e667      	b.n	10003918 <_vsnprintf+0x6a0>
10003c48:	9b0c      	ldr	r3, [sp, #48]	@ 0x30
10003c4a:	681b      	ldr	r3, [r3, #0]
10003c4c:	4698      	mov	r8, r3
10003c4e:	2b00      	cmp	r3, #0
10003c50:	d103      	bne.n	10003c5a <_vsnprintf+0x9e2>
10003c52:	3310      	adds	r3, #16
10003c54:	4399      	bics	r1, r3
10003c56:	2800      	cmp	r0, #0
10003c58:	d12d      	bne.n	10003cb6 <_vsnprintf+0xa3e>
10003c5a:	2061      	movs	r0, #97	@ 0x61
10003c5c:	068b      	lsls	r3, r1, #26
10003c5e:	d500      	bpl.n	10003c62 <_vsnprintf+0x9ea>
10003c60:	2041      	movs	r0, #65	@ 0x41
10003c62:	261f      	movs	r6, #31
10003c64:	ab12      	add	r3, sp, #72	@ 0x48
10003c66:	18f6      	adds	r6, r6, r3
10003c68:	0003      	movs	r3, r0
10003c6a:	3b0a      	subs	r3, #10
10003c6c:	464a      	mov	r2, r9
10003c6e:	930c      	str	r3, [sp, #48]	@ 0x30
10003c70:	9114      	str	r1, [sp, #80]	@ 0x50
10003c72:	4643      	mov	r3, r8
10003c74:	0031      	movs	r1, r6
10003c76:	46a8      	mov	r8, r5
10003c78:	46a1      	mov	r9, r4
10003c7a:	465e      	mov	r6, fp
10003c7c:	0014      	movs	r4, r2
10003c7e:	46bb      	mov	fp, r7
10003c80:	001d      	movs	r5, r3
10003c82:	000f      	movs	r7, r1
10003c84:	e002      	b.n	10003c8c <_vsnprintf+0xa14>
10003c86:	0005      	movs	r5, r0
10003c88:	2c20      	cmp	r4, #32
10003c8a:	d00d      	beq.n	10003ca8 <_vsnprintf+0xa30>
10003c8c:	0031      	movs	r1, r6
10003c8e:	0028      	movs	r0, r5
10003c90:	f7fd fe1a 	bl	100018c8 <__wrap___aeabi_uidiv>
10003c94:	9b0c      	ldr	r3, [sp, #48]	@ 0x30
10003c96:	18cb      	adds	r3, r1, r3
10003c98:	2909      	cmp	r1, #9
10003c9a:	d801      	bhi.n	10003ca0 <_vsnprintf+0xa28>
10003c9c:	000b      	movs	r3, r1
10003c9e:	3330      	adds	r3, #48	@ 0x30
10003ca0:	3401      	adds	r4, #1
10003ca2:	553b      	strb	r3, [r7, r4]
10003ca4:	42b5      	cmp	r5, r6
10003ca6:	d2ee      	bcs.n	10003c86 <_vsnprintf+0xa0e>
10003ca8:	0023      	movs	r3, r4
10003caa:	465f      	mov	r7, fp
10003cac:	464c      	mov	r4, r9
10003cae:	4645      	mov	r5, r8
10003cb0:	46b3      	mov	fp, r6
10003cb2:	4699      	mov	r9, r3
10003cb4:	9914      	ldr	r1, [sp, #80]	@ 0x50
10003cb6:	9b0d      	ldr	r3, [sp, #52]	@ 0x34
10003cb8:	9106      	str	r1, [sp, #24]
10003cba:	9304      	str	r3, [sp, #16]
10003cbc:	465b      	mov	r3, fp
10003cbe:	9303      	str	r3, [sp, #12]
10003cc0:	2300      	movs	r3, #0
10003cc2:	9505      	str	r5, [sp, #20]
10003cc4:	9302      	str	r3, [sp, #8]
10003cc6:	464b      	mov	r3, r9
10003cc8:	e626      	b.n	10003918 <_vsnprintf+0x6a0>
10003cca:	4643      	mov	r3, r8
10003ccc:	2b00      	cmp	r3, #0
10003cce:	d1b1      	bne.n	10003c34 <_vsnprintf+0x9bc>
10003cd0:	e78e      	b.n	10003bf0 <_vsnprintf+0x978>
10003cd2:	9b0c      	ldr	r3, [sp, #48]	@ 0x30
10003cd4:	681b      	ldr	r3, [r3, #0]
10003cd6:	17d8      	asrs	r0, r3, #31
10003cd8:	1819      	adds	r1, r3, r0
10003cda:	4041      	eors	r1, r0
10003cdc:	e5ed      	b.n	100038ba <_vsnprintf+0x642>
10003cde:	2380      	movs	r3, #128	@ 0x80
10003ce0:	0032      	movs	r2, r6
10003ce2:	00db      	lsls	r3, r3, #3
10003ce4:	401a      	ands	r2, r3
10003ce6:	920f      	str	r2, [sp, #60]	@ 0x3c
10003ce8:	421e      	tst	r6, r3
10003cea:	d00f      	beq.n	10003d0c <_vsnprintf+0xa94>
10003cec:	3002      	adds	r0, #2
10003cee:	0002      	movs	r2, r0
10003cf0:	4032      	ands	r2, r6
10003cf2:	920f      	str	r2, [sp, #60]	@ 0x3c
10003cf4:	4230      	tst	r0, r6
10003cf6:	d019      	beq.n	10003d2c <_vsnprintf+0xab4>
10003cf8:	2300      	movs	r3, #0
10003cfa:	46a0      	mov	r8, r4
10003cfc:	930f      	str	r3, [sp, #60]	@ 0x3c
10003cfe:	e59a      	b.n	10003836 <_vsnprintf+0x5be>
10003d00:	9b0c      	ldr	r3, [sp, #48]	@ 0x30
10003d02:	681b      	ldr	r3, [r3, #0]
10003d04:	4699      	mov	r9, r3
10003d06:	e518      	b.n	1000373a <_vsnprintf+0x4c2>
10003d08:	0016      	movs	r6, r2
10003d0a:	e49b      	b.n	10003644 <_vsnprintf+0x3cc>
10003d0c:	2302      	movs	r3, #2
10003d0e:	001a      	movs	r2, r3
10003d10:	4032      	ands	r2, r6
10003d12:	920c      	str	r2, [sp, #48]	@ 0x30
10003d14:	4233      	tst	r3, r6
10003d16:	d000      	beq.n	10003d1a <_vsnprintf+0xaa2>
10003d18:	e58c      	b.n	10003834 <_vsnprintf+0x5bc>
10003d1a:	2d00      	cmp	r5, #0
10003d1c:	d000      	beq.n	10003d20 <_vsnprintf+0xaa8>
10003d1e:	e66d      	b.n	100039fc <_vsnprintf+0x784>
10003d20:	f7ff fbf0 	bl	10003504 <_vsnprintf+0x28c>
10003d24:	3301      	adds	r3, #1
10003d26:	930f      	str	r3, [sp, #60]	@ 0x3c
10003d28:	f7ff fbd0 	bl	100034cc <_vsnprintf+0x254>
10003d2c:	930c      	str	r3, [sp, #48]	@ 0x30
10003d2e:	e7f4      	b.n	10003d1a <_vsnprintf+0xaa2>

10003d30 <vfctprintf>:
10003d30:	b500      	push	{lr}
10003d32:	b085      	sub	sp, #20
10003d34:	9103      	str	r1, [sp, #12]
10003d36:	2101      	movs	r1, #1
10003d38:	9002      	str	r0, [sp, #8]
10003d3a:	9300      	str	r3, [sp, #0]
10003d3c:	4803      	ldr	r0, [pc, #12]	@ (10003d4c <vfctprintf+0x1c>)
10003d3e:	0013      	movs	r3, r2
10003d40:	424a      	negs	r2, r1
10003d42:	a902      	add	r1, sp, #8
10003d44:	f7ff fa98 	bl	10003278 <_vsnprintf>
10003d48:	b005      	add	sp, #20
10003d4a:	bd00      	pop	{pc}
10003d4c:	10002895 	.word	0x10002895

10003d50 <weak_raw_vprintf>:
10003d50:	b510      	push	{r4, lr}
10003d52:	4a09      	ldr	r2, [pc, #36]	@ (10003d78 <weak_raw_vprintf+0x28>)
10003d54:	0003      	movs	r3, r0
10003d56:	6814      	ldr	r4, [r2, #0]
10003d58:	b084      	sub	sp, #16
10003d5a:	2c00      	cmp	r4, #0
10003d5c:	d008      	beq.n	10003d70 <weak_raw_vprintf+0x20>
10003d5e:	2201      	movs	r2, #1
10003d60:	9100      	str	r1, [sp, #0]
10003d62:	4806      	ldr	r0, [pc, #24]	@ (10003d7c <weak_raw_vprintf+0x2c>)
10003d64:	4252      	negs	r2, r2
10003d66:	a903      	add	r1, sp, #12
10003d68:	47a0      	blx	r4
10003d6a:	2001      	movs	r0, #1
10003d6c:	b004      	add	sp, #16
10003d6e:	bd10      	pop	{r4, pc}
10003d70:	f000 f9c4 	bl	100040fc <__wrap_puts>
10003d74:	2000      	movs	r0, #0
10003d76:	e7f9      	b.n	10003d6c <weak_raw_vprintf+0x1c>
10003d78:	20001eec 	.word	0x20001eec
10003d7c:	10002885 	.word	0x10002885

10003d80 <_exit>:
10003d80:	be00      	bkpt	0x0000
10003d82:	e7fd      	b.n	10003d80 <_exit>

10003d84 <exit>:
10003d84:	b510      	push	{r4, lr}
10003d86:	f7ff fffb 	bl	10003d80 <_exit>
10003d8a:	46c0      	nop			@ (mov r8, r8)

10003d8c <runtime_init>:
10003d8c:	b570      	push	{r4, r5, r6, lr}
10003d8e:	f7fd fc4d 	bl	1000162c <runtime_run_initializers>
10003d92:	4d07      	ldr	r5, [pc, #28]	@ (10003db0 <runtime_init+0x24>)
10003d94:	4e07      	ldr	r6, [pc, #28]	@ (10003db4 <runtime_init+0x28>)
10003d96:	42b5      	cmp	r5, r6
10003d98:	d209      	bcs.n	10003dae <runtime_init+0x22>
10003d9a:	2400      	movs	r4, #0
10003d9c:	3e01      	subs	r6, #1
10003d9e:	1b76      	subs	r6, r6, r5
10003da0:	08b6      	lsrs	r6, r6, #2
10003da2:	3601      	adds	r6, #1
10003da4:	cd08      	ldmia	r5!, {r3}
10003da6:	3401      	adds	r4, #1
10003da8:	4798      	blx	r3
10003daa:	42b4      	cmp	r4, r6
10003dac:	d1fa      	bne.n	10003da4 <runtime_init+0x18>
10003dae:	bd70      	pop	{r4, r5, r6, pc}
10003db0:	10006b04 	.word	0x10006b04
10003db4:	10006b0c 	.word	0x10006b0c

10003db8 <stdio_out_chars_no_crlf>:
10003db8:	0003      	movs	r3, r0
10003dba:	b510      	push	{r4, lr}
10003dbc:	0008      	movs	r0, r1
10003dbe:	0011      	movs	r1, r2
10003dc0:	681b      	ldr	r3, [r3, #0]
10003dc2:	4798      	blx	r3
10003dc4:	bd10      	pop	{r4, pc}
10003dc6:	46c0      	nop			@ (mov r8, r8)

10003dc8 <stdio_out_chars_crlf>:
10003dc8:	b5f8      	push	{r3, r4, r5, r6, r7, lr}
10003dca:	7d43      	ldrb	r3, [r0, #21]
10003dcc:	0007      	movs	r7, r0
10003dce:	000d      	movs	r5, r1
10003dd0:	0016      	movs	r6, r2
10003dd2:	2b00      	cmp	r3, #0
10003dd4:	d038      	beq.n	10003e48 <stdio_out_chars_crlf+0x80>
10003dd6:	2a00      	cmp	r2, #0
10003dd8:	dd1a      	ble.n	10003e10 <stdio_out_chars_crlf+0x48>
10003dda:	780b      	ldrb	r3, [r1, #0]
10003ddc:	2b0a      	cmp	r3, #10
10003dde:	d018      	beq.n	10003e12 <stdio_out_chars_crlf+0x4a>
10003de0:	2000      	movs	r0, #0
10003de2:	2e01      	cmp	r6, #1
10003de4:	d009      	beq.n	10003dfa <stdio_out_chars_crlf+0x32>
10003de6:	2401      	movs	r4, #1
10003de8:	0021      	movs	r1, r4
10003dea:	5c6b      	ldrb	r3, [r5, r1]
10003dec:	3401      	adds	r4, #1
10003dee:	2b0a      	cmp	r3, #10
10003df0:	d01a      	beq.n	10003e28 <stdio_out_chars_crlf+0x60>
10003df2:	42b4      	cmp	r4, r6
10003df4:	d1f8      	bne.n	10003de8 <stdio_out_chars_crlf+0x20>
10003df6:	4286      	cmp	r6, r0
10003df8:	dd03      	ble.n	10003e02 <stdio_out_chars_crlf+0x3a>
10003dfa:	1a31      	subs	r1, r6, r0
10003dfc:	683b      	ldr	r3, [r7, #0]
10003dfe:	1828      	adds	r0, r5, r0
10003e00:	4798      	blx	r3
10003e02:	19ad      	adds	r5, r5, r6
10003e04:	3d01      	subs	r5, #1
10003e06:	782b      	ldrb	r3, [r5, #0]
10003e08:	3b0d      	subs	r3, #13
10003e0a:	425a      	negs	r2, r3
10003e0c:	4153      	adcs	r3, r2
10003e0e:	753b      	strb	r3, [r7, #20]
10003e10:	bdf8      	pop	{r3, r4, r5, r6, r7, pc}
10003e12:	7d03      	ldrb	r3, [r0, #20]
10003e14:	2b00      	cmp	r3, #0
10003e16:	d1e3      	bne.n	10003de0 <stdio_out_chars_crlf+0x18>
10003e18:	2102      	movs	r1, #2
10003e1a:	480e      	ldr	r0, [pc, #56]	@ (10003e54 <stdio_out_chars_crlf+0x8c>)
10003e1c:	683b      	ldr	r3, [r7, #0]
10003e1e:	4798      	blx	r3
10003e20:	2e01      	cmp	r6, #1
10003e22:	d0ee      	beq.n	10003e02 <stdio_out_chars_crlf+0x3a>
10003e24:	2001      	movs	r0, #1
10003e26:	e7de      	b.n	10003de6 <stdio_out_chars_crlf+0x1e>
10003e28:	1e6b      	subs	r3, r5, #1
10003e2a:	5c5b      	ldrb	r3, [r3, r1]
10003e2c:	2b0d      	cmp	r3, #13
10003e2e:	d0e0      	beq.n	10003df2 <stdio_out_chars_crlf+0x2a>
10003e30:	4288      	cmp	r0, r1
10003e32:	da03      	bge.n	10003e3c <stdio_out_chars_crlf+0x74>
10003e34:	1a09      	subs	r1, r1, r0
10003e36:	683b      	ldr	r3, [r7, #0]
10003e38:	1828      	adds	r0, r5, r0
10003e3a:	4798      	blx	r3
10003e3c:	4805      	ldr	r0, [pc, #20]	@ (10003e54 <stdio_out_chars_crlf+0x8c>)
10003e3e:	2102      	movs	r1, #2
10003e40:	683b      	ldr	r3, [r7, #0]
10003e42:	4798      	blx	r3
10003e44:	0020      	movs	r0, r4
10003e46:	e7d4      	b.n	10003df2 <stdio_out_chars_crlf+0x2a>
10003e48:	6803      	ldr	r3, [r0, #0]
10003e4a:	0011      	movs	r1, r2
10003e4c:	0028      	movs	r0, r5
10003e4e:	4798      	blx	r3
10003e50:	e7de      	b.n	10003e10 <stdio_out_chars_crlf+0x48>
10003e52:	46c0      	nop			@ (mov r8, r8)
10003e54:	10006f58 	.word	0x10006f58

10003e58 <stdio_buffered_printer>:
10003e58:	b5f0      	push	{r4, r5, r6, r7, lr}
10003e5a:	46c6      	mov	lr, r8
10003e5c:	680b      	ldr	r3, [r1, #0]
10003e5e:	0007      	movs	r7, r0
10003e60:	000d      	movs	r5, r1
10003e62:	b500      	push	{lr}
10003e64:	2b80      	cmp	r3, #128	@ 0x80
10003e66:	d006      	beq.n	10003e76 <stdio_buffered_printer+0x1e>
10003e68:	1c5a      	adds	r2, r3, #1
10003e6a:	602a      	str	r2, [r5, #0]
10003e6c:	18ed      	adds	r5, r5, r3
10003e6e:	712f      	strb	r7, [r5, #4]
10003e70:	bc80      	pop	{r7}
10003e72:	46b8      	mov	r8, r7
10003e74:	bdf0      	pop	{r4, r5, r6, r7, pc}
10003e76:	4b0f      	ldr	r3, [pc, #60]	@ (10003eb4 <stdio_buffered_printer+0x5c>)
10003e78:	681c      	ldr	r4, [r3, #0]
10003e7a:	2c00      	cmp	r4, #0
10003e7c:	d016      	beq.n	10003eac <stdio_buffered_printer+0x54>
10003e7e:	1d0b      	adds	r3, r1, #4
10003e80:	4698      	mov	r8, r3
10003e82:	4e0d      	ldr	r6, [pc, #52]	@ (10003eb8 <stdio_buffered_printer+0x60>)
10003e84:	e002      	b.n	10003e8c <stdio_buffered_printer+0x34>
10003e86:	6924      	ldr	r4, [r4, #16]
10003e88:	2c00      	cmp	r4, #0
10003e8a:	d00f      	beq.n	10003eac <stdio_buffered_printer+0x54>
10003e8c:	6823      	ldr	r3, [r4, #0]
10003e8e:	2b00      	cmp	r3, #0
10003e90:	d0f9      	beq.n	10003e86 <stdio_buffered_printer+0x2e>
10003e92:	6833      	ldr	r3, [r6, #0]
10003e94:	2b00      	cmp	r3, #0
10003e96:	d001      	beq.n	10003e9c <stdio_buffered_printer+0x44>
10003e98:	42a3      	cmp	r3, r4
10003e9a:	d1f4      	bne.n	10003e86 <stdio_buffered_printer+0x2e>
10003e9c:	0020      	movs	r0, r4
10003e9e:	4641      	mov	r1, r8
10003ea0:	682a      	ldr	r2, [r5, #0]
10003ea2:	f7ff ff91 	bl	10003dc8 <stdio_out_chars_crlf>
10003ea6:	6924      	ldr	r4, [r4, #16]
10003ea8:	2c00      	cmp	r4, #0
10003eaa:	d1ef      	bne.n	10003e8c <stdio_buffered_printer+0x34>
10003eac:	2201      	movs	r2, #1
10003eae:	2300      	movs	r3, #0
10003eb0:	e7db      	b.n	10003e6a <stdio_buffered_printer+0x12>
10003eb2:	46c0      	nop			@ (mov r8, r8)
10003eb4:	20001ae0 	.word	0x20001ae0
10003eb8:	20001ae8 	.word	0x20001ae8

10003ebc <stdio_put_string>:
10003ebc:	b5f0      	push	{r4, r5, r6, r7, lr}
10003ebe:	4646      	mov	r6, r8
10003ec0:	46d6      	mov	lr, sl
10003ec2:	464f      	mov	r7, r9
10003ec4:	b5c0      	push	{r6, r7, lr}
10003ec6:	b082      	sub	sp, #8
10003ec8:	4690      	mov	r8, r2
10003eca:	001c      	movs	r4, r3
10003ecc:	0006      	movs	r6, r0
10003ece:	000d      	movs	r5, r1
10003ed0:	f7fd f962 	bl	10001198 <time_us_64>
10003ed4:	2300      	movs	r3, #0
10003ed6:	4a2f      	ldr	r2, [pc, #188]	@ (10003f94 <stdio_put_string+0xd8>)
10003ed8:	1812      	adds	r2, r2, r0
10003eda:	414b      	adcs	r3, r1
10003edc:	2b00      	cmp	r3, #0
10003ede:	da02      	bge.n	10003ee6 <stdio_put_string+0x2a>
10003ee0:	2201      	movs	r2, #1
10003ee2:	4b2d      	ldr	r3, [pc, #180]	@ (10003f98 <stdio_put_string+0xdc>)
10003ee4:	4252      	negs	r2, r2
10003ee6:	492d      	ldr	r1, [pc, #180]	@ (10003f9c <stdio_put_string+0xe0>)
10003ee8:	0008      	movs	r0, r1
10003eea:	468a      	mov	sl, r1
10003eec:	f002 fdc4 	bl	10006a78 <__mutex_try_enter_block_until_veneer>
10003ef0:	4681      	mov	r9, r0
10003ef2:	1c6b      	adds	r3, r5, #1
10003ef4:	d103      	bne.n	10003efe <stdio_put_string+0x42>
10003ef6:	0030      	movs	r0, r6
10003ef8:	f002 fd54 	bl	100069a4 <strlen>
10003efc:	0005      	movs	r5, r0
10003efe:	2c00      	cmp	r4, #0
10003f00:	d027      	beq.n	10003f52 <stdio_put_string+0x96>
10003f02:	4f27      	ldr	r7, [pc, #156]	@ (10003fa0 <stdio_put_string+0xe4>)
10003f04:	4b27      	ldr	r3, [pc, #156]	@ (10003fa4 <stdio_put_string+0xe8>)
10003f06:	681c      	ldr	r4, [r3, #0]
10003f08:	2c00      	cmp	r4, #0
10003f0a:	d018      	beq.n	10003f3e <stdio_put_string+0x82>
10003f0c:	4643      	mov	r3, r8
10003f0e:	2b00      	cmp	r3, #0
10003f10:	d121      	bne.n	10003f56 <stdio_put_string+0x9a>
10003f12:	4b25      	ldr	r3, [pc, #148]	@ (10003fa8 <stdio_put_string+0xec>)
10003f14:	4698      	mov	r8, r3
10003f16:	e002      	b.n	10003f1e <stdio_put_string+0x62>
10003f18:	6924      	ldr	r4, [r4, #16]
10003f1a:	2c00      	cmp	r4, #0
10003f1c:	d00f      	beq.n	10003f3e <stdio_put_string+0x82>
10003f1e:	6823      	ldr	r3, [r4, #0]
10003f20:	2b00      	cmp	r3, #0
10003f22:	d0f9      	beq.n	10003f18 <stdio_put_string+0x5c>
10003f24:	4643      	mov	r3, r8
10003f26:	681b      	ldr	r3, [r3, #0]
10003f28:	2b00      	cmp	r3, #0
10003f2a:	d001      	beq.n	10003f30 <stdio_put_string+0x74>
10003f2c:	429c      	cmp	r4, r3
10003f2e:	d1f3      	bne.n	10003f18 <stdio_put_string+0x5c>
10003f30:	0020      	movs	r0, r4
10003f32:	002a      	movs	r2, r5
10003f34:	0031      	movs	r1, r6
10003f36:	47b8      	blx	r7
10003f38:	6924      	ldr	r4, [r4, #16]
10003f3a:	2c00      	cmp	r4, #0
10003f3c:	d1ef      	bne.n	10003f1e <stdio_put_string+0x62>
10003f3e:	464b      	mov	r3, r9
10003f40:	2b00      	cmp	r3, #0
10003f42:	d123      	bne.n	10003f8c <stdio_put_string+0xd0>
10003f44:	0028      	movs	r0, r5
10003f46:	b002      	add	sp, #8
10003f48:	bce0      	pop	{r5, r6, r7}
10003f4a:	46ba      	mov	sl, r7
10003f4c:	46b1      	mov	r9, r6
10003f4e:	46a8      	mov	r8, r5
10003f50:	bdf0      	pop	{r4, r5, r6, r7, pc}
10003f52:	4f16      	ldr	r7, [pc, #88]	@ (10003fac <stdio_put_string+0xf0>)
10003f54:	e7d6      	b.n	10003f04 <stdio_put_string+0x48>
10003f56:	4b14      	ldr	r3, [pc, #80]	@ (10003fa8 <stdio_put_string+0xec>)
10003f58:	4698      	mov	r8, r3
10003f5a:	e002      	b.n	10003f62 <stdio_put_string+0xa6>
10003f5c:	6924      	ldr	r4, [r4, #16]
10003f5e:	2c00      	cmp	r4, #0
10003f60:	d0ed      	beq.n	10003f3e <stdio_put_string+0x82>
10003f62:	6823      	ldr	r3, [r4, #0]
10003f64:	2b00      	cmp	r3, #0
10003f66:	d0f9      	beq.n	10003f5c <stdio_put_string+0xa0>
10003f68:	4643      	mov	r3, r8
10003f6a:	681b      	ldr	r3, [r3, #0]
10003f6c:	2b00      	cmp	r3, #0
10003f6e:	d001      	beq.n	10003f74 <stdio_put_string+0xb8>
10003f70:	42a3      	cmp	r3, r4
10003f72:	d1f3      	bne.n	10003f5c <stdio_put_string+0xa0>
10003f74:	002a      	movs	r2, r5
10003f76:	0031      	movs	r1, r6
10003f78:	0020      	movs	r0, r4
10003f7a:	47b8      	blx	r7
10003f7c:	466b      	mov	r3, sp
10003f7e:	220a      	movs	r2, #10
10003f80:	0020      	movs	r0, r4
10003f82:	71da      	strb	r2, [r3, #7]
10003f84:	1dd9      	adds	r1, r3, #7
10003f86:	3a09      	subs	r2, #9
10003f88:	47b8      	blx	r7
10003f8a:	e7e7      	b.n	10003f5c <stdio_put_string+0xa0>
10003f8c:	4650      	mov	r0, sl
10003f8e:	f002 fd43 	bl	10006a18 <__mutex_exit_veneer>
10003f92:	e7d7      	b.n	10003f44 <stdio_put_string+0x88>
10003f94:	000f4240 	.word	0x000f4240
10003f98:	7fffffff 	.word	0x7fffffff
10003f9c:	20001058 	.word	0x20001058
10003fa0:	10003dc9 	.word	0x10003dc9
10003fa4:	20001ae0 	.word	0x20001ae0
10003fa8:	20001ae8 	.word	0x20001ae8
10003fac:	10003db9 	.word	0x10003db9

10003fb0 <stdio_set_driver_enabled>:
10003fb0:	4a0a      	ldr	r2, [pc, #40]	@ (10003fdc <stdio_set_driver_enabled+0x2c>)
10003fb2:	6813      	ldr	r3, [r2, #0]
10003fb4:	2b00      	cmp	r3, #0
10003fb6:	d105      	bne.n	10003fc4 <stdio_set_driver_enabled+0x14>
10003fb8:	e00c      	b.n	10003fd4 <stdio_set_driver_enabled+0x24>
10003fba:	001a      	movs	r2, r3
10003fbc:	691b      	ldr	r3, [r3, #16]
10003fbe:	3210      	adds	r2, #16
10003fc0:	2b00      	cmp	r3, #0
10003fc2:	d007      	beq.n	10003fd4 <stdio_set_driver_enabled+0x24>
10003fc4:	4283      	cmp	r3, r0
10003fc6:	d1f8      	bne.n	10003fba <stdio_set_driver_enabled+0xa>
10003fc8:	2900      	cmp	r1, #0
10003fca:	d102      	bne.n	10003fd2 <stdio_set_driver_enabled+0x22>
10003fcc:	6918      	ldr	r0, [r3, #16]
10003fce:	6010      	str	r0, [r2, #0]
10003fd0:	6119      	str	r1, [r3, #16]
10003fd2:	4770      	bx	lr
10003fd4:	2900      	cmp	r1, #0
10003fd6:	d0fc      	beq.n	10003fd2 <stdio_set_driver_enabled+0x22>
10003fd8:	6010      	str	r0, [r2, #0]
10003fda:	e7fa      	b.n	10003fd2 <stdio_set_driver_enabled+0x22>
10003fdc:	20001ae0 	.word	0x20001ae0

10003fe0 <stdio_init_all>:
10003fe0:	b510      	push	{r4, lr}
10003fe2:	f000 fb2b 	bl	1000463c <stdio_usb_init>
10003fe6:	bd10      	pop	{r4, pc}

10003fe8 <__wrap_getchar>:
10003fe8:	b5f0      	push	{r4, r5, r6, r7, lr}
10003fea:	4647      	mov	r7, r8
10003fec:	46ce      	mov	lr, r9
10003fee:	4b1a      	ldr	r3, [pc, #104]	@ (10004058 <__wrap_getchar+0x70>)
10003ff0:	b580      	push	{r7, lr}
10003ff2:	681a      	ldr	r2, [r3, #0]
10003ff4:	685b      	ldr	r3, [r3, #4]
10003ff6:	4691      	mov	r9, r2
10003ff8:	4698      	mov	r8, r3
10003ffa:	b083      	sub	sp, #12
10003ffc:	4f17      	ldr	r7, [pc, #92]	@ (1000405c <__wrap_getchar+0x74>)
10003ffe:	4d18      	ldr	r5, [pc, #96]	@ (10004060 <__wrap_getchar+0x78>)
10004000:	ae01      	add	r6, sp, #4
10004002:	683c      	ldr	r4, [r7, #0]
10004004:	2c00      	cmp	r4, #0
10004006:	d103      	bne.n	10004010 <__wrap_getchar+0x28>
10004008:	e015      	b.n	10004036 <__wrap_getchar+0x4e>
1000400a:	6924      	ldr	r4, [r4, #16]
1000400c:	2c00      	cmp	r4, #0
1000400e:	d012      	beq.n	10004036 <__wrap_getchar+0x4e>
10004010:	682b      	ldr	r3, [r5, #0]
10004012:	2b00      	cmp	r3, #0
10004014:	d001      	beq.n	1000401a <__wrap_getchar+0x32>
10004016:	429c      	cmp	r4, r3
10004018:	d1f7      	bne.n	1000400a <__wrap_getchar+0x22>
1000401a:	68a3      	ldr	r3, [r4, #8]
1000401c:	2b00      	cmp	r3, #0
1000401e:	d0f4      	beq.n	1000400a <__wrap_getchar+0x22>
10004020:	2101      	movs	r1, #1
10004022:	0030      	movs	r0, r6
10004024:	4798      	blx	r3
10004026:	2800      	cmp	r0, #0
10004028:	ddef      	ble.n	1000400a <__wrap_getchar+0x22>
1000402a:	7830      	ldrb	r0, [r6, #0]
1000402c:	b003      	add	sp, #12
1000402e:	bcc0      	pop	{r6, r7}
10004030:	46b9      	mov	r9, r7
10004032:	46b0      	mov	r8, r6
10004034:	bdf0      	pop	{r4, r5, r6, r7, pc}
10004036:	4b0b      	ldr	r3, [pc, #44]	@ (10004064 <__wrap_getchar+0x7c>)
10004038:	6a5a      	ldr	r2, [r3, #36]	@ 0x24
1000403a:	4590      	cmp	r8, r2
1000403c:	d807      	bhi.n	1000404e <__wrap_getchar+0x66>
1000403e:	6a9b      	ldr	r3, [r3, #40]	@ 0x28
10004040:	454b      	cmp	r3, r9
10004042:	d302      	bcc.n	1000404a <__wrap_getchar+0x62>
10004044:	2002      	movs	r0, #2
10004046:	4240      	negs	r0, r0
10004048:	e7f0      	b.n	1000402c <__wrap_getchar+0x44>
1000404a:	4590      	cmp	r8, r2
1000404c:	d1fa      	bne.n	10004044 <__wrap_getchar+0x5c>
1000404e:	2001      	movs	r0, #1
10004050:	2100      	movs	r1, #0
10004052:	f7fd f8ab 	bl	100011ac <busy_wait_us>
10004056:	e7d4      	b.n	10004002 <__wrap_getchar+0x1a>
10004058:	10006d10 	.word	0x10006d10
1000405c:	20001ae0 	.word	0x20001ae0
10004060:	20001ae8 	.word	0x20001ae8
10004064:	40054000 	.word	0x40054000

10004068 <__wrap_putchar>:
10004068:	b5f0      	push	{r4, r5, r6, r7, lr}
1000406a:	46ce      	mov	lr, r9
1000406c:	4647      	mov	r7, r8
1000406e:	b580      	push	{r7, lr}
10004070:	b083      	sub	sp, #12
10004072:	466b      	mov	r3, sp
10004074:	0006      	movs	r6, r0
10004076:	1ddd      	adds	r5, r3, #7
10004078:	7028      	strb	r0, [r5, #0]
1000407a:	f7fd f88d 	bl	10001198 <time_us_64>
1000407e:	2300      	movs	r3, #0
10004080:	4a19      	ldr	r2, [pc, #100]	@ (100040e8 <__wrap_putchar+0x80>)
10004082:	1812      	adds	r2, r2, r0
10004084:	414b      	adcs	r3, r1
10004086:	2b00      	cmp	r3, #0
10004088:	da02      	bge.n	10004090 <__wrap_putchar+0x28>
1000408a:	2201      	movs	r2, #1
1000408c:	4b17      	ldr	r3, [pc, #92]	@ (100040ec <__wrap_putchar+0x84>)
1000408e:	4252      	negs	r2, r2
10004090:	4917      	ldr	r1, [pc, #92]	@ (100040f0 <__wrap_putchar+0x88>)
10004092:	0008      	movs	r0, r1
10004094:	4689      	mov	r9, r1
10004096:	f002 fcef 	bl	10006a78 <__mutex_try_enter_block_until_veneer>
1000409a:	4b16      	ldr	r3, [pc, #88]	@ (100040f4 <__wrap_putchar+0x8c>)
1000409c:	4680      	mov	r8, r0
1000409e:	681c      	ldr	r4, [r3, #0]
100040a0:	2c00      	cmp	r4, #0
100040a2:	d014      	beq.n	100040ce <__wrap_putchar+0x66>
100040a4:	4f14      	ldr	r7, [pc, #80]	@ (100040f8 <__wrap_putchar+0x90>)
100040a6:	e002      	b.n	100040ae <__wrap_putchar+0x46>
100040a8:	6924      	ldr	r4, [r4, #16]
100040aa:	2c00      	cmp	r4, #0
100040ac:	d00f      	beq.n	100040ce <__wrap_putchar+0x66>
100040ae:	6823      	ldr	r3, [r4, #0]
100040b0:	2b00      	cmp	r3, #0
100040b2:	d0f9      	beq.n	100040a8 <__wrap_putchar+0x40>
100040b4:	683b      	ldr	r3, [r7, #0]
100040b6:	2b00      	cmp	r3, #0
100040b8:	d001      	beq.n	100040be <__wrap_putchar+0x56>
100040ba:	429c      	cmp	r4, r3
100040bc:	d1f4      	bne.n	100040a8 <__wrap_putchar+0x40>
100040be:	0020      	movs	r0, r4
100040c0:	2201      	movs	r2, #1
100040c2:	0029      	movs	r1, r5
100040c4:	f7ff fe80 	bl	10003dc8 <stdio_out_chars_crlf>
100040c8:	6924      	ldr	r4, [r4, #16]
100040ca:	2c00      	cmp	r4, #0
100040cc:	d1ef      	bne.n	100040ae <__wrap_putchar+0x46>
100040ce:	4643      	mov	r3, r8
100040d0:	2b00      	cmp	r3, #0
100040d2:	d105      	bne.n	100040e0 <__wrap_putchar+0x78>
100040d4:	0030      	movs	r0, r6
100040d6:	b003      	add	sp, #12
100040d8:	bcc0      	pop	{r6, r7}
100040da:	46b9      	mov	r9, r7
100040dc:	46b0      	mov	r8, r6
100040de:	bdf0      	pop	{r4, r5, r6, r7, pc}
100040e0:	4648      	mov	r0, r9
100040e2:	f002 fc99 	bl	10006a18 <__mutex_exit_veneer>
100040e6:	e7f5      	b.n	100040d4 <__wrap_putchar+0x6c>
100040e8:	000f4240 	.word	0x000f4240
100040ec:	7fffffff 	.word	0x7fffffff
100040f0:	20001058 	.word	0x20001058
100040f4:	20001ae0 	.word	0x20001ae0
100040f8:	20001ae8 	.word	0x20001ae8

100040fc <__wrap_puts>:
100040fc:	b570      	push	{r4, r5, r6, lr}
100040fe:	0004      	movs	r4, r0
10004100:	f002 fc50 	bl	100069a4 <strlen>
10004104:	2301      	movs	r3, #1
10004106:	0001      	movs	r1, r0
10004108:	0005      	movs	r5, r0
1000410a:	2201      	movs	r2, #1
1000410c:	0020      	movs	r0, r4
1000410e:	f7ff fed5 	bl	10003ebc <stdio_put_string>
10004112:	4b08      	ldr	r3, [pc, #32]	@ (10004134 <__wrap_puts+0x38>)
10004114:	681c      	ldr	r4, [r3, #0]
10004116:	2c00      	cmp	r4, #0
10004118:	d006      	beq.n	10004128 <__wrap_puts+0x2c>
1000411a:	6863      	ldr	r3, [r4, #4]
1000411c:	2b00      	cmp	r3, #0
1000411e:	d005      	beq.n	1000412c <__wrap_puts+0x30>
10004120:	4798      	blx	r3
10004122:	6924      	ldr	r4, [r4, #16]
10004124:	2c00      	cmp	r4, #0
10004126:	d1f8      	bne.n	1000411a <__wrap_puts+0x1e>
10004128:	0028      	movs	r0, r5
1000412a:	bd70      	pop	{r4, r5, r6, pc}
1000412c:	6924      	ldr	r4, [r4, #16]
1000412e:	2c00      	cmp	r4, #0
10004130:	d1f3      	bne.n	1000411a <__wrap_puts+0x1e>
10004132:	e7f9      	b.n	10004128 <__wrap_puts+0x2c>
10004134:	20001ae0 	.word	0x20001ae0

10004138 <__wrap_vprintf>:
10004138:	b5f0      	push	{r4, r5, r6, r7, lr}
1000413a:	46ce      	mov	lr, r9
1000413c:	4647      	mov	r7, r8
1000413e:	b580      	push	{r7, lr}
10004140:	b0a3      	sub	sp, #140	@ 0x8c
10004142:	0004      	movs	r4, r0
10004144:	000e      	movs	r6, r1
10004146:	f7fd f827 	bl	10001198 <time_us_64>
1000414a:	2300      	movs	r3, #0
1000414c:	4a26      	ldr	r2, [pc, #152]	@ (100041e8 <__wrap_vprintf+0xb0>)
1000414e:	1812      	adds	r2, r2, r0
10004150:	414b      	adcs	r3, r1
10004152:	2b00      	cmp	r3, #0
10004154:	da02      	bge.n	1000415c <__wrap_vprintf+0x24>
10004156:	2201      	movs	r2, #1
10004158:	4b24      	ldr	r3, [pc, #144]	@ (100041ec <__wrap_vprintf+0xb4>)
1000415a:	4252      	negs	r2, r2
1000415c:	4824      	ldr	r0, [pc, #144]	@ (100041f0 <__wrap_vprintf+0xb8>)
1000415e:	f002 fc8b 	bl	10006a78 <__mutex_try_enter_block_until_veneer>
10004162:	2300      	movs	r3, #0
10004164:	0022      	movs	r2, r4
10004166:	9301      	str	r3, [sp, #4]
10004168:	4680      	mov	r8, r0
1000416a:	0033      	movs	r3, r6
1000416c:	4821      	ldr	r0, [pc, #132]	@ (100041f4 <__wrap_vprintf+0xbc>)
1000416e:	a901      	add	r1, sp, #4
10004170:	f7ff fdde 	bl	10003d30 <vfctprintf>
10004174:	4f20      	ldr	r7, [pc, #128]	@ (100041f8 <__wrap_vprintf+0xc0>)
10004176:	9b01      	ldr	r3, [sp, #4]
10004178:	4681      	mov	r9, r0
1000417a:	683c      	ldr	r4, [r7, #0]
1000417c:	2b00      	cmp	r3, #0
1000417e:	d019      	beq.n	100041b4 <__wrap_vprintf+0x7c>
10004180:	2c00      	cmp	r4, #0
10004182:	d02f      	beq.n	100041e4 <__wrap_vprintf+0xac>
10004184:	4e1d      	ldr	r6, [pc, #116]	@ (100041fc <__wrap_vprintf+0xc4>)
10004186:	e002      	b.n	1000418e <__wrap_vprintf+0x56>
10004188:	6924      	ldr	r4, [r4, #16]
1000418a:	2c00      	cmp	r4, #0
1000418c:	d00f      	beq.n	100041ae <__wrap_vprintf+0x76>
1000418e:	6823      	ldr	r3, [r4, #0]
10004190:	2b00      	cmp	r3, #0
10004192:	d0f9      	beq.n	10004188 <__wrap_vprintf+0x50>
10004194:	6833      	ldr	r3, [r6, #0]
10004196:	2b00      	cmp	r3, #0
10004198:	d001      	beq.n	1000419e <__wrap_vprintf+0x66>
1000419a:	42a3      	cmp	r3, r4
1000419c:	d1f4      	bne.n	10004188 <__wrap_vprintf+0x50>
1000419e:	0020      	movs	r0, r4
100041a0:	9a01      	ldr	r2, [sp, #4]
100041a2:	a902      	add	r1, sp, #8
100041a4:	f7ff fe10 	bl	10003dc8 <stdio_out_chars_crlf>
100041a8:	6924      	ldr	r4, [r4, #16]
100041aa:	2c00      	cmp	r4, #0
100041ac:	d1ef      	bne.n	1000418e <__wrap_vprintf+0x56>
100041ae:	2300      	movs	r3, #0
100041b0:	683c      	ldr	r4, [r7, #0]
100041b2:	9301      	str	r3, [sp, #4]
100041b4:	2c00      	cmp	r4, #0
100041b6:	d006      	beq.n	100041c6 <__wrap_vprintf+0x8e>
100041b8:	6863      	ldr	r3, [r4, #4]
100041ba:	2b00      	cmp	r3, #0
100041bc:	d00c      	beq.n	100041d8 <__wrap_vprintf+0xa0>
100041be:	4798      	blx	r3
100041c0:	6924      	ldr	r4, [r4, #16]
100041c2:	2c00      	cmp	r4, #0
100041c4:	d1f8      	bne.n	100041b8 <__wrap_vprintf+0x80>
100041c6:	4643      	mov	r3, r8
100041c8:	2b00      	cmp	r3, #0
100041ca:	d107      	bne.n	100041dc <__wrap_vprintf+0xa4>
100041cc:	4648      	mov	r0, r9
100041ce:	b023      	add	sp, #140	@ 0x8c
100041d0:	bcc0      	pop	{r6, r7}
100041d2:	46b9      	mov	r9, r7
100041d4:	46b0      	mov	r8, r6
100041d6:	bdf0      	pop	{r4, r5, r6, r7, pc}
100041d8:	6924      	ldr	r4, [r4, #16]
100041da:	e7eb      	b.n	100041b4 <__wrap_vprintf+0x7c>
100041dc:	4804      	ldr	r0, [pc, #16]	@ (100041f0 <__wrap_vprintf+0xb8>)
100041de:	f002 fc1b 	bl	10006a18 <__mutex_exit_veneer>
100041e2:	e7f3      	b.n	100041cc <__wrap_vprintf+0x94>
100041e4:	9401      	str	r4, [sp, #4]
100041e6:	e7ee      	b.n	100041c6 <__wrap_vprintf+0x8e>
100041e8:	000f4240 	.word	0x000f4240
100041ec:	7fffffff 	.word	0x7fffffff
100041f0:	20001058 	.word	0x20001058
100041f4:	10003e59 	.word	0x10003e59
100041f8:	20001ae0 	.word	0x20001ae0
100041fc:	20001ae8 	.word	0x20001ae8

10004200 <__wrap_printf>:
10004200:	b40f      	push	{r0, r1, r2, r3}
10004202:	b500      	push	{lr}
10004204:	b083      	sub	sp, #12
10004206:	a904      	add	r1, sp, #16
10004208:	c901      	ldmia	r1!, {r0}
1000420a:	9101      	str	r1, [sp, #4]
1000420c:	f7ff ff94 	bl	10004138 <__wrap_vprintf>
10004210:	b003      	add	sp, #12
10004212:	bc08      	pop	{r3}
10004214:	b004      	add	sp, #16
10004216:	4718      	bx	r3

10004218 <resetd_init>:
10004218:	4770      	bx	lr
1000421a:	46c0      	nop			@ (mov r8, r8)

1000421c <resetd_reset>:
1000421c:	2200      	movs	r2, #0
1000421e:	4b01      	ldr	r3, [pc, #4]	@ (10004224 <resetd_reset+0x8>)
10004220:	701a      	strb	r2, [r3, #0]
10004222:	4770      	bx	lr
10004224:	20001f56 	.word	0x20001f56

10004228 <resetd_open>:
10004228:	794b      	ldrb	r3, [r1, #5]
1000422a:	2000      	movs	r0, #0
1000422c:	2bff      	cmp	r3, #255	@ 0xff
1000422e:	d10b      	bne.n	10004248 <resetd_open+0x20>
10004230:	798b      	ldrb	r3, [r1, #6]
10004232:	2b00      	cmp	r3, #0
10004234:	d108      	bne.n	10004248 <resetd_open+0x20>
10004236:	79cb      	ldrb	r3, [r1, #7]
10004238:	2b01      	cmp	r3, #1
1000423a:	d105      	bne.n	10004248 <resetd_open+0x20>
1000423c:	2a08      	cmp	r2, #8
1000423e:	d903      	bls.n	10004248 <resetd_open+0x20>
10004240:	4b02      	ldr	r3, [pc, #8]	@ (1000424c <resetd_open+0x24>)
10004242:	788a      	ldrb	r2, [r1, #2]
10004244:	3009      	adds	r0, #9
10004246:	701a      	strb	r2, [r3, #0]
10004248:	4770      	bx	lr
1000424a:	46c0      	nop			@ (mov r8, r8)
1000424c:	20001f56 	.word	0x20001f56

10004250 <resetd_xfer_cb>:
10004250:	2001      	movs	r0, #1
10004252:	4770      	bx	lr

10004254 <resetd_control_xfer_cb>:
10004254:	b510      	push	{r4, lr}
10004256:	2901      	cmp	r1, #1
10004258:	d113      	bne.n	10004282 <resetd_control_xfer_cb+0x2e>
1000425a:	4912      	ldr	r1, [pc, #72]	@ (100042a4 <resetd_control_xfer_cb+0x50>)
1000425c:	7953      	ldrb	r3, [r2, #5]
1000425e:	7910      	ldrb	r0, [r2, #4]
10004260:	7809      	ldrb	r1, [r1, #0]
10004262:	021b      	lsls	r3, r3, #8
10004264:	4303      	orrs	r3, r0
10004266:	2000      	movs	r0, #0
10004268:	4299      	cmp	r1, r3
1000426a:	d000      	beq.n	1000426e <resetd_control_xfer_cb+0x1a>
1000426c:	bd10      	pop	{r4, pc}
1000426e:	7853      	ldrb	r3, [r2, #1]
10004270:	2b01      	cmp	r3, #1
10004272:	d008      	beq.n	10004286 <resetd_control_xfer_cb+0x32>
10004274:	2b02      	cmp	r3, #2
10004276:	d1f9      	bne.n	1000426c <resetd_control_xfer_cb+0x18>
10004278:	2264      	movs	r2, #100	@ 0x64
1000427a:	2100      	movs	r1, #0
1000427c:	2000      	movs	r0, #0
1000427e:	f7fd f91f 	bl	100014c0 <watchdog_reboot>
10004282:	2001      	movs	r0, #1
10004284:	e7f2      	b.n	1000426c <resetd_control_xfer_cb+0x18>
10004286:	78d3      	ldrb	r3, [r2, #3]
10004288:	7891      	ldrb	r1, [r2, #2]
1000428a:	021b      	lsls	r3, r3, #8
1000428c:	4319      	orrs	r1, r3
1000428e:	0a48      	lsrs	r0, r1, #9
10004290:	05db      	lsls	r3, r3, #23
10004292:	d401      	bmi.n	10004298 <resetd_control_xfer_cb+0x44>
10004294:	2001      	movs	r0, #1
10004296:	4240      	negs	r0, r0
10004298:	237f      	movs	r3, #127	@ 0x7f
1000429a:	058a      	lsls	r2, r1, #22
1000429c:	0fd2      	lsrs	r2, r2, #31
1000429e:	4019      	ands	r1, r3
100042a0:	f7fd f996 	bl	100015d0 <rom_reset_usb_boot_extra>
100042a4:	20001f56 	.word	0x20001f56

100042a8 <tud_descriptor_bos_cb>:
100042a8:	4800      	ldr	r0, [pc, #0]	@ (100042ac <tud_descriptor_bos_cb+0x4>)
100042aa:	4770      	bx	lr
100042ac:	10007024 	.word	0x10007024

100042b0 <tud_vendor_control_xfer_cb>:
100042b0:	4694      	mov	ip, r2
100042b2:	2301      	movs	r3, #1
100042b4:	b510      	push	{r4, lr}
100042b6:	2901      	cmp	r1, #1
100042b8:	d10a      	bne.n	100042d0 <tud_vendor_control_xfer_cb+0x20>
100042ba:	7852      	ldrb	r2, [r2, #1]
100042bc:	2300      	movs	r3, #0
100042be:	2a01      	cmp	r2, #1
100042c0:	d106      	bne.n	100042d0 <tud_vendor_control_xfer_cb+0x20>
100042c2:	4662      	mov	r2, ip
100042c4:	7911      	ldrb	r1, [r2, #4]
100042c6:	7952      	ldrb	r2, [r2, #5]
100042c8:	0212      	lsls	r2, r2, #8
100042ca:	430a      	orrs	r2, r1
100042cc:	2a07      	cmp	r2, #7
100042ce:	d001      	beq.n	100042d4 <tud_vendor_control_xfer_cb+0x24>
100042d0:	0018      	movs	r0, r3
100042d2:	bd10      	pop	{r4, pc}
100042d4:	33a6      	adds	r3, #166	@ 0xa6
100042d6:	4661      	mov	r1, ip
100042d8:	4a02      	ldr	r2, [pc, #8]	@ (100042e4 <tud_vendor_control_xfer_cb+0x34>)
100042da:	f001 fa63 	bl	100057a4 <tud_control_xfer>
100042de:	0003      	movs	r3, r0
100042e0:	e7f6      	b.n	100042d0 <tud_vendor_control_xfer_cb+0x20>
100042e2:	46c0      	nop			@ (mov r8, r8)
100042e4:	10006f7c 	.word	0x10006f7c

100042e8 <usbd_app_driver_get_cb>:
100042e8:	2301      	movs	r3, #1
100042ea:	7003      	strb	r3, [r0, #0]
100042ec:	4800      	ldr	r0, [pc, #0]	@ (100042f0 <usbd_app_driver_get_cb+0x8>)
100042ee:	4770      	bx	lr
100042f0:	10006f5c 	.word	0x10006f5c

100042f4 <tud_cdc_line_coding_cb>:
100042f4:	784b      	ldrb	r3, [r1, #1]
100042f6:	780a      	ldrb	r2, [r1, #0]
100042f8:	021b      	lsls	r3, r3, #8
100042fa:	4313      	orrs	r3, r2
100042fc:	788a      	ldrb	r2, [r1, #2]
100042fe:	b510      	push	{r4, lr}
10004300:	0412      	lsls	r2, r2, #16
10004302:	431a      	orrs	r2, r3
10004304:	78cb      	ldrb	r3, [r1, #3]
10004306:	061b      	lsls	r3, r3, #24
10004308:	4313      	orrs	r3, r2
1000430a:	2296      	movs	r2, #150	@ 0x96
1000430c:	00d2      	lsls	r2, r2, #3
1000430e:	4293      	cmp	r3, r2
10004310:	d000      	beq.n	10004314 <tud_cdc_line_coding_cb+0x20>
10004312:	bd10      	pop	{r4, pc}
10004314:	2200      	movs	r2, #0
10004316:	2001      	movs	r0, #1
10004318:	0011      	movs	r1, r2
1000431a:	4240      	negs	r0, r0
1000431c:	f7fd f958 	bl	100015d0 <rom_reset_usb_boot_extra>

10004320 <stdio_usb_set_chars_available_callback>:
10004320:	4b02      	ldr	r3, [pc, #8]	@ (1000432c <stdio_usb_set_chars_available_callback+0xc>)
10004322:	6018      	str	r0, [r3, #0]
10004324:	4b02      	ldr	r3, [pc, #8]	@ (10004330 <stdio_usb_set_chars_available_callback+0x10>)
10004326:	6019      	str	r1, [r3, #0]
10004328:	4770      	bx	lr
1000432a:	46c0      	nop			@ (mov r8, r8)
1000432c:	20001a80 	.word	0x20001a80
10004330:	20001a84 	.word	0x20001a84

10004334 <usb_irq>:
10004334:	b510      	push	{r4, lr}
10004336:	4b02      	ldr	r3, [pc, #8]	@ (10004340 <usb_irq+0xc>)
10004338:	7818      	ldrb	r0, [r3, #0]
1000433a:	f7fc f92f 	bl	1000059c <irq_set_pending>
1000433e:	bd10      	pop	{r4, pc}
10004340:	20001f57 	.word	0x20001f57

10004344 <timer_task>:
10004344:	4b15      	ldr	r3, [pc, #84]	@ (1000439c <timer_task+0x58>)
10004346:	b570      	push	{r4, r5, r6, lr}
10004348:	681a      	ldr	r2, [r3, #0]
1000434a:	2a00      	cmp	r2, #0
1000434c:	d022      	beq.n	10004394 <timer_task+0x50>
1000434e:	f3ef 8110 	mrs	r1, PRIMASK
10004352:	b672      	cpsid	i
10004354:	6810      	ldr	r0, [r2, #0]
10004356:	2800      	cmp	r0, #0
10004358:	d0fc      	beq.n	10004354 <timer_task+0x10>
1000435a:	f3bf 8f5f 	dmb	sy
1000435e:	2000      	movs	r0, #0
10004360:	4a0f      	ldr	r2, [pc, #60]	@ (100043a0 <timer_task+0x5c>)
10004362:	6059      	str	r1, [r3, #4]
10004364:	7010      	strb	r0, [r2, #0]
10004366:	681b      	ldr	r3, [r3, #0]
10004368:	f3bf 8f5f 	dmb	sy
1000436c:	6018      	str	r0, [r3, #0]
1000436e:	f381 8810 	msr	PRIMASK, r1
10004372:	2400      	movs	r4, #0
10004374:	2500      	movs	r5, #0
10004376:	4e0b      	ldr	r6, [pc, #44]	@ (100043a4 <timer_task+0x60>)
10004378:	7830      	ldrb	r0, [r6, #0]
1000437a:	f7fc f903 	bl	10000584 <irq_is_enabled>
1000437e:	2800      	cmp	r0, #0
10004380:	d104      	bne.n	1000438c <timer_task+0x48>
10004382:	2400      	movs	r4, #0
10004384:	2500      	movs	r5, #0
10004386:	0029      	movs	r1, r5
10004388:	0020      	movs	r0, r4
1000438a:	bd70      	pop	{r4, r5, r6, pc}
1000438c:	7830      	ldrb	r0, [r6, #0]
1000438e:	f7fc f905 	bl	1000059c <irq_set_pending>
10004392:	e7f8      	b.n	10004386 <timer_task+0x42>
10004394:	24fa      	movs	r4, #250	@ 0xfa
10004396:	2500      	movs	r5, #0
10004398:	00a4      	lsls	r4, r4, #2
1000439a:	e7ec      	b.n	10004376 <timer_task+0x32>
1000439c:	20001f10 	.word	0x20001f10
100043a0:	20001f58 	.word	0x20001f58
100043a4:	20001f57 	.word	0x20001f57

100043a8 <stdio_usb_in_chars>:
100043a8:	b570      	push	{r4, r5, r6, lr}
100043aa:	0005      	movs	r5, r0
100043ac:	2000      	movs	r0, #0
100043ae:	000e      	movs	r6, r1
100043b0:	f001 fb10 	bl	100059d4 <tud_cdc_n_connected>
100043b4:	2800      	cmp	r0, #0
100043b6:	d034      	beq.n	10004422 <stdio_usb_in_chars+0x7a>
100043b8:	2000      	movs	r0, #0
100043ba:	f001 fb21 	bl	10005a00 <tud_cdc_n_available>
100043be:	2800      	cmp	r0, #0
100043c0:	d02f      	beq.n	10004422 <stdio_usb_in_chars+0x7a>
100043c2:	f7fc fee9 	bl	10001198 <time_us_64>
100043c6:	2300      	movs	r3, #0
100043c8:	4a17      	ldr	r2, [pc, #92]	@ (10004428 <stdio_usb_in_chars+0x80>)
100043ca:	1812      	adds	r2, r2, r0
100043cc:	414b      	adcs	r3, r1
100043ce:	2b00      	cmp	r3, #0
100043d0:	db16      	blt.n	10004400 <stdio_usb_in_chars+0x58>
100043d2:	4c16      	ldr	r4, [pc, #88]	@ (1000442c <stdio_usb_in_chars+0x84>)
100043d4:	0020      	movs	r0, r4
100043d6:	f002 fb4f 	bl	10006a78 <__mutex_try_enter_block_until_veneer>
100043da:	2800      	cmp	r0, #0
100043dc:	d021      	beq.n	10004422 <stdio_usb_in_chars+0x7a>
100043de:	2000      	movs	r0, #0
100043e0:	f001 faf8 	bl	100059d4 <tud_cdc_n_connected>
100043e4:	2800      	cmp	r0, #0
100043e6:	d10f      	bne.n	10004408 <stdio_usb_in_chars+0x60>
100043e8:	2001      	movs	r0, #1
100043ea:	2100      	movs	r1, #0
100043ec:	4240      	negs	r0, r0
100043ee:	f000 fd0f 	bl	10004e10 <tud_task_ext>
100043f2:	2503      	movs	r5, #3
100043f4:	426d      	negs	r5, r5
100043f6:	0020      	movs	r0, r4
100043f8:	f002 fb0e 	bl	10006a18 <__mutex_exit_veneer>
100043fc:	0028      	movs	r0, r5
100043fe:	bd70      	pop	{r4, r5, r6, pc}
10004400:	2201      	movs	r2, #1
10004402:	4b0b      	ldr	r3, [pc, #44]	@ (10004430 <stdio_usb_in_chars+0x88>)
10004404:	4252      	negs	r2, r2
10004406:	e7e4      	b.n	100043d2 <stdio_usb_in_chars+0x2a>
10004408:	2000      	movs	r0, #0
1000440a:	f001 faf9 	bl	10005a00 <tud_cdc_n_available>
1000440e:	2800      	cmp	r0, #0
10004410:	d0ea      	beq.n	100043e8 <stdio_usb_in_chars+0x40>
10004412:	0029      	movs	r1, r5
10004414:	0032      	movs	r2, r6
10004416:	2000      	movs	r0, #0
10004418:	f001 fafc 	bl	10005a14 <tud_cdc_n_read>
1000441c:	1e05      	subs	r5, r0, #0
1000441e:	d1ea      	bne.n	100043f6 <stdio_usb_in_chars+0x4e>
10004420:	e7e7      	b.n	100043f2 <stdio_usb_in_chars+0x4a>
10004422:	2503      	movs	r5, #3
10004424:	426d      	negs	r5, r5
10004426:	e7e9      	b.n	100043fc <stdio_usb_in_chars+0x54>
10004428:	000f4240 	.word	0x000f4240
1000442c:	20001f38 	.word	0x20001f38
10004430:	7fffffff 	.word	0x7fffffff

10004434 <stdio_usb_out_flush>:
10004434:	b510      	push	{r4, lr}
10004436:	f7fc feaf 	bl	10001198 <time_us_64>
1000443a:	2300      	movs	r3, #0
1000443c:	4a0d      	ldr	r2, [pc, #52]	@ (10004474 <stdio_usb_out_flush+0x40>)
1000443e:	1812      	adds	r2, r2, r0
10004440:	414b      	adcs	r3, r1
10004442:	2b00      	cmp	r3, #0
10004444:	da02      	bge.n	1000444c <stdio_usb_out_flush+0x18>
10004446:	2201      	movs	r2, #1
10004448:	4b0b      	ldr	r3, [pc, #44]	@ (10004478 <stdio_usb_out_flush+0x44>)
1000444a:	4252      	negs	r2, r2
1000444c:	480b      	ldr	r0, [pc, #44]	@ (1000447c <stdio_usb_out_flush+0x48>)
1000444e:	f002 fb13 	bl	10006a78 <__mutex_try_enter_block_until_veneer>
10004452:	2800      	cmp	r0, #0
10004454:	d00c      	beq.n	10004470 <stdio_usb_out_flush+0x3c>
10004456:	2001      	movs	r0, #1
10004458:	2100      	movs	r1, #0
1000445a:	4240      	negs	r0, r0
1000445c:	f000 fcd8 	bl	10004e10 <tud_task_ext>
10004460:	2000      	movs	r0, #0
10004462:	f001 fb1b 	bl	10005a9c <tud_cdc_n_write_flush>
10004466:	2800      	cmp	r0, #0
10004468:	d1f5      	bne.n	10004456 <stdio_usb_out_flush+0x22>
1000446a:	4804      	ldr	r0, [pc, #16]	@ (1000447c <stdio_usb_out_flush+0x48>)
1000446c:	f002 fad4 	bl	10006a18 <__mutex_exit_veneer>
10004470:	bd10      	pop	{r4, pc}
10004472:	46c0      	nop			@ (mov r8, r8)
10004474:	000f4240 	.word	0x000f4240
10004478:	7fffffff 	.word	0x7fffffff
1000447c:	20001f38 	.word	0x20001f38

10004480 <stdio_usb_out_chars>:
10004480:	b5f8      	push	{r3, r4, r5, r6, r7, lr}
10004482:	46ce      	mov	lr, r9
10004484:	4647      	mov	r7, r8
10004486:	b580      	push	{r7, lr}
10004488:	0005      	movs	r5, r0
1000448a:	000c      	movs	r4, r1
1000448c:	f7fc fe84 	bl	10001198 <time_us_64>
10004490:	2300      	movs	r3, #0
10004492:	4a34      	ldr	r2, [pc, #208]	@ (10004564 <stdio_usb_out_chars+0xe4>)
10004494:	1812      	adds	r2, r2, r0
10004496:	414b      	adcs	r3, r1
10004498:	2b00      	cmp	r3, #0
1000449a:	da02      	bge.n	100044a2 <stdio_usb_out_chars+0x22>
1000449c:	2201      	movs	r2, #1
1000449e:	4b32      	ldr	r3, [pc, #200]	@ (10004568 <stdio_usb_out_chars+0xe8>)
100044a0:	4252      	negs	r2, r2
100044a2:	4932      	ldr	r1, [pc, #200]	@ (1000456c <stdio_usb_out_chars+0xec>)
100044a4:	0008      	movs	r0, r1
100044a6:	4688      	mov	r8, r1
100044a8:	f002 fae6 	bl	10006a78 <__mutex_try_enter_block_until_veneer>
100044ac:	2800      	cmp	r0, #0
100044ae:	d103      	bne.n	100044b8 <stdio_usb_out_chars+0x38>
100044b0:	bcc0      	pop	{r6, r7}
100044b2:	46b9      	mov	r9, r7
100044b4:	46b0      	mov	r8, r6
100044b6:	bdf8      	pop	{r3, r4, r5, r6, r7, pc}
100044b8:	2000      	movs	r0, #0
100044ba:	f001 fa8b 	bl	100059d4 <tud_cdc_n_connected>
100044be:	2800      	cmp	r0, #0
100044c0:	d048      	beq.n	10004554 <stdio_usb_out_chars+0xd4>
100044c2:	2600      	movs	r6, #0
100044c4:	2c00      	cmp	r4, #0
100044c6:	dd41      	ble.n	1000454c <stdio_usb_out_chars+0xcc>
100044c8:	4b29      	ldr	r3, [pc, #164]	@ (10004570 <stdio_usb_out_chars+0xf0>)
100044ca:	4699      	mov	r9, r3
100044cc:	e013      	b.n	100044f6 <stdio_usb_out_chars+0x76>
100044ce:	19a9      	adds	r1, r5, r6
100044d0:	2000      	movs	r0, #0
100044d2:	f001 fb1f 	bl	10005b14 <tud_cdc_n_write>
100044d6:	0007      	movs	r7, r0
100044d8:	2001      	movs	r0, #1
100044da:	2100      	movs	r1, #0
100044dc:	4240      	negs	r0, r0
100044de:	f000 fc97 	bl	10004e10 <tud_task_ext>
100044e2:	2000      	movs	r0, #0
100044e4:	f001 fada 	bl	10005a9c <tud_cdc_n_write_flush>
100044e8:	f7fc fe56 	bl	10001198 <time_us_64>
100044ec:	4b20      	ldr	r3, [pc, #128]	@ (10004570 <stdio_usb_out_chars+0xf0>)
100044ee:	19f6      	adds	r6, r6, r7
100044f0:	c303      	stmia	r3!, {r0, r1}
100044f2:	42b4      	cmp	r4, r6
100044f4:	dd2a      	ble.n	1000454c <stdio_usb_out_chars+0xcc>
100044f6:	2000      	movs	r0, #0
100044f8:	f001 fb2c 	bl	10005b54 <tud_cdc_n_write_available>
100044fc:	1ba7      	subs	r7, r4, r6
100044fe:	0002      	movs	r2, r0
10004500:	42b8      	cmp	r0, r7
10004502:	dd00      	ble.n	10004506 <stdio_usb_out_chars+0x86>
10004504:	003a      	movs	r2, r7
10004506:	2a00      	cmp	r2, #0
10004508:	d1e1      	bne.n	100044ce <stdio_usb_out_chars+0x4e>
1000450a:	2001      	movs	r0, #1
1000450c:	2100      	movs	r1, #0
1000450e:	4240      	negs	r0, r0
10004510:	f000 fc7e 	bl	10004e10 <tud_task_ext>
10004514:	2000      	movs	r0, #0
10004516:	f001 fac1 	bl	10005a9c <tud_cdc_n_write_flush>
1000451a:	2000      	movs	r0, #0
1000451c:	f001 fa5a 	bl	100059d4 <tud_cdc_n_connected>
10004520:	2800      	cmp	r0, #0
10004522:	d013      	beq.n	1000454c <stdio_usb_out_chars+0xcc>
10004524:	2000      	movs	r0, #0
10004526:	f001 fb15 	bl	10005b54 <tud_cdc_n_write_available>
1000452a:	2800      	cmp	r0, #0
1000452c:	d1e1      	bne.n	100044f2 <stdio_usb_out_chars+0x72>
1000452e:	f7fc fe33 	bl	10001198 <time_us_64>
10004532:	464b      	mov	r3, r9
10004534:	000f      	movs	r7, r1
10004536:	cb0c      	ldmia	r3, {r2, r3}
10004538:	2100      	movs	r1, #0
1000453a:	4684      	mov	ip, r0
1000453c:	480d      	ldr	r0, [pc, #52]	@ (10004574 <stdio_usb_out_chars+0xf4>)
1000453e:	1812      	adds	r2, r2, r0
10004540:	414b      	adcs	r3, r1
10004542:	429f      	cmp	r7, r3
10004544:	d802      	bhi.n	1000454c <stdio_usb_out_chars+0xcc>
10004546:	d1d4      	bne.n	100044f2 <stdio_usb_out_chars+0x72>
10004548:	4594      	cmp	ip, r2
1000454a:	d9d2      	bls.n	100044f2 <stdio_usb_out_chars+0x72>
1000454c:	4640      	mov	r0, r8
1000454e:	f002 fa63 	bl	10006a18 <__mutex_exit_veneer>
10004552:	e7ad      	b.n	100044b0 <stdio_usb_out_chars+0x30>
10004554:	2000      	movs	r0, #0
10004556:	2100      	movs	r1, #0
10004558:	4b05      	ldr	r3, [pc, #20]	@ (10004570 <stdio_usb_out_chars+0xf0>)
1000455a:	c303      	stmia	r3!, {r0, r1}
1000455c:	4640      	mov	r0, r8
1000455e:	f002 fa5b 	bl	10006a18 <__mutex_exit_veneer>
10004562:	e7a5      	b.n	100044b0 <stdio_usb_out_chars+0x30>
10004564:	000f4240 	.word	0x000f4240
10004568:	7fffffff 	.word	0x7fffffff
1000456c:	20001f38 	.word	0x20001f38
10004570:	200012a8 	.word	0x200012a8
10004574:	0007a120 	.word	0x0007a120

10004578 <low_priority_worker_irq>:
10004578:	b530      	push	{r4, r5, lr}
1000457a:	2100      	movs	r1, #0
1000457c:	b085      	sub	sp, #20
1000457e:	4828      	ldr	r0, [pc, #160]	@ (10004620 <low_priority_worker_irq+0xa8>)
10004580:	f002 fa6a 	bl	10006a58 <__mutex_try_enter_veneer>
10004584:	2800      	cmp	r0, #0
10004586:	d11c      	bne.n	100045c2 <low_priority_worker_irq+0x4a>
10004588:	4b26      	ldr	r3, [pc, #152]	@ (10004624 <low_priority_worker_irq+0xac>)
1000458a:	681a      	ldr	r2, [r3, #0]
1000458c:	2a00      	cmp	r2, #0
1000458e:	d016      	beq.n	100045be <low_priority_worker_irq+0x46>
10004590:	f3ef 8110 	mrs	r1, PRIMASK
10004594:	b672      	cpsid	i
10004596:	6810      	ldr	r0, [r2, #0]
10004598:	2800      	cmp	r0, #0
1000459a:	d0fc      	beq.n	10004596 <low_priority_worker_irq+0x1e>
1000459c:	f3bf 8f5f 	dmb	sy
100045a0:	2401      	movs	r4, #1
100045a2:	4821      	ldr	r0, [pc, #132]	@ (10004628 <low_priority_worker_irq+0xb0>)
100045a4:	6059      	str	r1, [r3, #4]
100045a6:	7802      	ldrb	r2, [r0, #0]
100045a8:	681b      	ldr	r3, [r3, #0]
100045aa:	b2d2      	uxtb	r2, r2
100045ac:	7004      	strb	r4, [r0, #0]
100045ae:	f3bf 8f5f 	dmb	sy
100045b2:	2000      	movs	r0, #0
100045b4:	6018      	str	r0, [r3, #0]
100045b6:	f381 8810 	msr	PRIMASK, r1
100045ba:	2a00      	cmp	r2, #0
100045bc:	d017      	beq.n	100045ee <low_priority_worker_irq+0x76>
100045be:	b005      	add	sp, #20
100045c0:	bd30      	pop	{r4, r5, pc}
100045c2:	2001      	movs	r0, #1
100045c4:	2100      	movs	r1, #0
100045c6:	4240      	negs	r0, r0
100045c8:	f000 fc22 	bl	10004e10 <tud_task_ext>
100045cc:	2000      	movs	r0, #0
100045ce:	f001 fa17 	bl	10005a00 <tud_cdc_n_available>
100045d2:	0005      	movs	r5, r0
100045d4:	4812      	ldr	r0, [pc, #72]	@ (10004620 <low_priority_worker_irq+0xa8>)
100045d6:	f002 fa1f 	bl	10006a18 <__mutex_exit_veneer>
100045da:	2d00      	cmp	r5, #0
100045dc:	d0ef      	beq.n	100045be <low_priority_worker_irq+0x46>
100045de:	4b13      	ldr	r3, [pc, #76]	@ (1000462c <low_priority_worker_irq+0xb4>)
100045e0:	681b      	ldr	r3, [r3, #0]
100045e2:	2b00      	cmp	r3, #0
100045e4:	d0eb      	beq.n	100045be <low_priority_worker_irq+0x46>
100045e6:	4a12      	ldr	r2, [pc, #72]	@ (10004630 <low_priority_worker_irq+0xb8>)
100045e8:	6810      	ldr	r0, [r2, #0]
100045ea:	4798      	blx	r3
100045ec:	e7e7      	b.n	100045be <low_priority_worker_irq+0x46>
100045ee:	f7fc fbbf 	bl	10000d70 <alarm_pool_get_default>
100045f2:	0004      	movs	r4, r0
100045f4:	f7fc fdd0 	bl	10001198 <time_us_64>
100045f8:	22fa      	movs	r2, #250	@ 0xfa
100045fa:	2300      	movs	r3, #0
100045fc:	0092      	lsls	r2, r2, #2
100045fe:	1812      	adds	r2, r2, r0
10004600:	414b      	adcs	r3, r1
10004602:	2b00      	cmp	r3, #0
10004604:	da02      	bge.n	1000460c <low_priority_worker_irq+0x94>
10004606:	2201      	movs	r2, #1
10004608:	4b0a      	ldr	r3, [pc, #40]	@ (10004634 <low_priority_worker_irq+0xbc>)
1000460a:	4252      	negs	r2, r2
1000460c:	2101      	movs	r1, #1
1000460e:	9102      	str	r1, [sp, #8]
10004610:	2100      	movs	r1, #0
10004612:	9101      	str	r1, [sp, #4]
10004614:	4908      	ldr	r1, [pc, #32]	@ (10004638 <low_priority_worker_irq+0xc0>)
10004616:	0020      	movs	r0, r4
10004618:	9100      	str	r1, [sp, #0]
1000461a:	f7fc fbad 	bl	10000d78 <alarm_pool_add_alarm_at>
1000461e:	e7ce      	b.n	100045be <low_priority_worker_irq+0x46>
10004620:	20001f38 	.word	0x20001f38
10004624:	20001f10 	.word	0x20001f10
10004628:	20001f58 	.word	0x20001f58
1000462c:	20001a80 	.word	0x20001a80
10004630:	20001a84 	.word	0x20001a84
10004634:	7fffffff 	.word	0x7fffffff
10004638:	10004345 	.word	0x10004345

1000463c <stdio_usb_init>:
1000463c:	23d0      	movs	r3, #208	@ 0xd0
1000463e:	b510      	push	{r4, lr}
10004640:	061b      	lsls	r3, r3, #24
10004642:	b084      	sub	sp, #16
10004644:	681c      	ldr	r4, [r3, #0]
10004646:	f7fc fb93 	bl	10000d70 <alarm_pool_get_default>
1000464a:	f7fc fc93 	bl	10000f74 <alarm_pool_core_num>
1000464e:	42a0      	cmp	r0, r4
10004650:	d002      	beq.n	10004658 <stdio_usb_init+0x1c>
10004652:	2000      	movs	r0, #0
10004654:	b004      	add	sp, #16
10004656:	bd10      	pop	{r4, pc}
10004658:	4b28      	ldr	r3, [pc, #160]	@ (100046fc <stdio_usb_init+0xc0>)
1000465a:	2100      	movs	r1, #0
1000465c:	2000      	movs	r0, #0
1000465e:	781b      	ldrb	r3, [r3, #0]
10004660:	f001 fd60 	bl	10006124 <tusb_rhport_init>
10004664:	4826      	ldr	r0, [pc, #152]	@ (10004700 <stdio_usb_init+0xc4>)
10004666:	6803      	ldr	r3, [r0, #0]
10004668:	2b00      	cmp	r3, #0
1000466a:	d044      	beq.n	100046f6 <stdio_usb_init+0xba>
1000466c:	2001      	movs	r0, #1
1000466e:	f7fc f917 	bl	100008a0 <user_irq_claim_unused>
10004672:	23ff      	movs	r3, #255	@ 0xff
10004674:	4c23      	ldr	r4, [pc, #140]	@ (10004704 <stdio_usb_init+0xc8>)
10004676:	4924      	ldr	r1, [pc, #144]	@ (10004708 <stdio_usb_init+0xcc>)
10004678:	7020      	strb	r0, [r4, #0]
1000467a:	4018      	ands	r0, r3
1000467c:	f7fb ffa6 	bl	100005cc <irq_set_exclusive_handler>
10004680:	7820      	ldrb	r0, [r4, #0]
10004682:	2101      	movs	r1, #1
10004684:	f7fb ff6c 	bl	10000560 <irq_set_enabled>
10004688:	2005      	movs	r0, #5
1000468a:	f7fb ff8f 	bl	100005ac <irq_has_shared_handler>
1000468e:	2800      	cmp	r0, #0
10004690:	d124      	bne.n	100046dc <stdio_usb_init+0xa0>
10004692:	2208      	movs	r2, #8
10004694:	2100      	movs	r1, #0
10004696:	481d      	ldr	r0, [pc, #116]	@ (1000470c <stdio_usb_init+0xd0>)
10004698:	f7fd ffa6 	bl	100025e8 <__wrap_memset>
1000469c:	f7fc fb68 	bl	10000d70 <alarm_pool_get_default>
100046a0:	0004      	movs	r4, r0
100046a2:	f7fc fd79 	bl	10001198 <time_us_64>
100046a6:	22fa      	movs	r2, #250	@ 0xfa
100046a8:	2300      	movs	r3, #0
100046aa:	0092      	lsls	r2, r2, #2
100046ac:	1812      	adds	r2, r2, r0
100046ae:	414b      	adcs	r3, r1
100046b0:	2b00      	cmp	r3, #0
100046b2:	da02      	bge.n	100046ba <stdio_usb_init+0x7e>
100046b4:	2201      	movs	r2, #1
100046b6:	4b16      	ldr	r3, [pc, #88]	@ (10004710 <stdio_usb_init+0xd4>)
100046b8:	4252      	negs	r2, r2
100046ba:	2101      	movs	r1, #1
100046bc:	9102      	str	r1, [sp, #8]
100046be:	2100      	movs	r1, #0
100046c0:	9101      	str	r1, [sp, #4]
100046c2:	4914      	ldr	r1, [pc, #80]	@ (10004714 <stdio_usb_init+0xd8>)
100046c4:	0020      	movs	r0, r4
100046c6:	9100      	str	r1, [sp, #0]
100046c8:	f7fc fb56 	bl	10000d78 <alarm_pool_add_alarm_at>
100046cc:	2800      	cmp	r0, #0
100046ce:	dbc0      	blt.n	10004652 <stdio_usb_init+0x16>
100046d0:	4811      	ldr	r0, [pc, #68]	@ (10004718 <stdio_usb_init+0xdc>)
100046d2:	2101      	movs	r1, #1
100046d4:	f7ff fc6c 	bl	10003fb0 <stdio_set_driver_enabled>
100046d8:	2001      	movs	r0, #1
100046da:	e7bb      	b.n	10004654 <stdio_usb_init+0x18>
100046dc:	2001      	movs	r0, #1
100046de:	f7fb fefd 	bl	100004dc <spin_lock_claim_unused>
100046e2:	0001      	movs	r1, r0
100046e4:	4809      	ldr	r0, [pc, #36]	@ (1000470c <stdio_usb_init+0xd0>)
100046e6:	f7fc f93b 	bl	10000960 <critical_section_init_with_lock_num>
100046ea:	2200      	movs	r2, #0
100046ec:	2005      	movs	r0, #5
100046ee:	490b      	ldr	r1, [pc, #44]	@ (1000471c <stdio_usb_init+0xe0>)
100046f0:	f7fb ff96 	bl	10000620 <irq_add_shared_handler>
100046f4:	e7ec      	b.n	100046d0 <stdio_usb_init+0x94>
100046f6:	f7fc f917 	bl	10000928 <mutex_init>
100046fa:	e7b7      	b.n	1000466c <stdio_usb_init+0x30>
100046fc:	100071d8 	.word	0x100071d8
10004700:	20001f38 	.word	0x20001f38
10004704:	20001f57 	.word	0x20001f57
10004708:	10004579 	.word	0x10004579
1000470c:	20001f10 	.word	0x20001f10
10004710:	7fffffff 	.word	0x7fffffff
10004714:	10004345 	.word	0x10004345
10004718:	20001020 	.word	0x20001020
1000471c:	10004335 	.word	0x10004335

10004720 <tud_descriptor_device_cb>:
10004720:	4800      	ldr	r0, [pc, #0]	@ (10004724 <tud_descriptor_device_cb+0x4>)
10004722:	4770      	bx	lr
10004724:	100070c0 	.word	0x100070c0

10004728 <tud_descriptor_configuration_cb>:
10004728:	4800      	ldr	r0, [pc, #0]	@ (1000472c <tud_descriptor_configuration_cb+0x4>)
1000472a:	4770      	bx	lr
1000472c:	1000706c 	.word	0x1000706c

10004730 <tud_descriptor_string_cb>:
10004730:	b510      	push	{r4, lr}
10004732:	0004      	movs	r4, r0
10004734:	4816      	ldr	r0, [pc, #88]	@ (10004790 <tud_descriptor_string_cb+0x60>)
10004736:	7803      	ldrb	r3, [r0, #0]
10004738:	2b00      	cmp	r3, #0
1000473a:	d020      	beq.n	1000477e <tud_descriptor_string_cb+0x4e>
1000473c:	2c00      	cmp	r4, #0
1000473e:	d106      	bne.n	1000474e <tud_descriptor_string_cb+0x1e>
10004740:	4b14      	ldr	r3, [pc, #80]	@ (10004794 <tud_descriptor_string_cb+0x64>)
10004742:	4815      	ldr	r0, [pc, #84]	@ (10004798 <tud_descriptor_string_cb+0x68>)
10004744:	8043      	strh	r3, [r0, #2]
10004746:	3b06      	subs	r3, #6
10004748:	3bff      	subs	r3, #255	@ 0xff
1000474a:	8003      	strh	r3, [r0, #0]
1000474c:	bd10      	pop	{r4, pc}
1000474e:	2c05      	cmp	r4, #5
10004750:	d81c      	bhi.n	1000478c <tud_descriptor_string_cb+0x5c>
10004752:	4b12      	ldr	r3, [pc, #72]	@ (1000479c <tud_descriptor_string_cb+0x6c>)
10004754:	00a4      	lsls	r4, r4, #2
10004756:	58e4      	ldr	r4, [r4, r3]
10004758:	480f      	ldr	r0, [pc, #60]	@ (10004798 <tud_descriptor_string_cb+0x68>)
1000475a:	2301      	movs	r3, #1
1000475c:	1c81      	adds	r1, r0, #2
1000475e:	3c01      	subs	r4, #1
10004760:	e004      	b.n	1000476c <tud_descriptor_string_cb+0x3c>
10004762:	3301      	adds	r3, #1
10004764:	800a      	strh	r2, [r1, #0]
10004766:	3102      	adds	r1, #2
10004768:	2b14      	cmp	r3, #20
1000476a:	d00c      	beq.n	10004786 <tud_descriptor_string_cb+0x56>
1000476c:	5ce2      	ldrb	r2, [r4, r3]
1000476e:	2a00      	cmp	r2, #0
10004770:	d1f7      	bne.n	10004762 <tud_descriptor_string_cb+0x32>
10004772:	22c0      	movs	r2, #192	@ 0xc0
10004774:	b2db      	uxtb	r3, r3
10004776:	005b      	lsls	r3, r3, #1
10004778:	0092      	lsls	r2, r2, #2
1000477a:	4313      	orrs	r3, r2
1000477c:	e7e5      	b.n	1000474a <tud_descriptor_string_cb+0x1a>
1000477e:	2111      	movs	r1, #17
10004780:	f000 f816 	bl	100047b0 <pico_get_unique_board_id_string>
10004784:	e7da      	b.n	1000473c <tud_descriptor_string_cb+0xc>
10004786:	23ca      	movs	r3, #202	@ 0xca
10004788:	009b      	lsls	r3, r3, #2
1000478a:	e7de      	b.n	1000474a <tud_descriptor_string_cb+0x1a>
1000478c:	2000      	movs	r0, #0
1000478e:	e7dd      	b.n	1000474c <tud_descriptor_string_cb+0x1c>
10004790:	20001f40 	.word	0x20001f40
10004794:	00000409 	.word	0x00000409
10004798:	20001ab8 	.word	0x20001ab8
1000479c:	10007054 	.word	0x10007054

100047a0 <_retrieve_unique_id_on_boot>:
100047a0:	b510      	push	{r4, lr}
100047a2:	4802      	ldr	r0, [pc, #8]	@ (100047ac <_retrieve_unique_id_on_boot+0xc>)
100047a4:	f000 f8f4 	bl	10004990 <flash_get_unique_id>
100047a8:	bd10      	pop	{r4, pc}
100047aa:	46c0      	nop			@ (mov r8, r8)
100047ac:	20001f28 	.word	0x20001f28

100047b0 <pico_get_unique_board_id_string>:
100047b0:	b530      	push	{r4, r5, lr}
100047b2:	2901      	cmp	r1, #1
100047b4:	d100      	bne.n	100047b8 <pico_get_unique_board_id_string+0x8>
100047b6:	e0bb      	b.n	10004930 <pico_get_unique_board_id_string+0x180>
100047b8:	4b74      	ldr	r3, [pc, #464]	@ (1000498c <pico_get_unique_board_id_string+0x1dc>)
100047ba:	3901      	subs	r1, #1
100047bc:	781a      	ldrb	r2, [r3, #0]
100047be:	1112      	asrs	r2, r2, #4
100047c0:	0014      	movs	r4, r2
100047c2:	3430      	adds	r4, #48	@ 0x30
100047c4:	2a09      	cmp	r2, #9
100047c6:	dd00      	ble.n	100047ca <pico_get_unique_board_id_string+0x1a>
100047c8:	e0b5      	b.n	10004936 <pico_get_unique_board_id_string+0x186>
100047ca:	7004      	strb	r4, [r0, #0]
100047cc:	2901      	cmp	r1, #1
100047ce:	d100      	bne.n	100047d2 <pico_get_unique_board_id_string+0x22>
100047d0:	e0da      	b.n	10004988 <pico_get_unique_board_id_string+0x1d8>
100047d2:	220f      	movs	r2, #15
100047d4:	781c      	ldrb	r4, [r3, #0]
100047d6:	4022      	ands	r2, r4
100047d8:	0014      	movs	r4, r2
100047da:	3430      	adds	r4, #48	@ 0x30
100047dc:	2a09      	cmp	r2, #9
100047de:	d900      	bls.n	100047e2 <pico_get_unique_board_id_string+0x32>
100047e0:	e0ac      	b.n	1000493c <pico_get_unique_board_id_string+0x18c>
100047e2:	7044      	strb	r4, [r0, #1]
100047e4:	2902      	cmp	r1, #2
100047e6:	d100      	bne.n	100047ea <pico_get_unique_board_id_string+0x3a>
100047e8:	e0ce      	b.n	10004988 <pico_get_unique_board_id_string+0x1d8>
100047ea:	785a      	ldrb	r2, [r3, #1]
100047ec:	4694      	mov	ip, r2
100047ee:	1112      	asrs	r2, r2, #4
100047f0:	0014      	movs	r4, r2
100047f2:	3430      	adds	r4, #48	@ 0x30
100047f4:	2a09      	cmp	r2, #9
100047f6:	dd00      	ble.n	100047fa <pico_get_unique_board_id_string+0x4a>
100047f8:	e0a3      	b.n	10004942 <pico_get_unique_board_id_string+0x192>
100047fa:	7084      	strb	r4, [r0, #2]
100047fc:	2903      	cmp	r1, #3
100047fe:	d100      	bne.n	10004802 <pico_get_unique_board_id_string+0x52>
10004800:	e0c2      	b.n	10004988 <pico_get_unique_board_id_string+0x1d8>
10004802:	4664      	mov	r4, ip
10004804:	220f      	movs	r2, #15
10004806:	4022      	ands	r2, r4
10004808:	0014      	movs	r4, r2
1000480a:	3430      	adds	r4, #48	@ 0x30
1000480c:	2a09      	cmp	r2, #9
1000480e:	d900      	bls.n	10004812 <pico_get_unique_board_id_string+0x62>
10004810:	e09a      	b.n	10004948 <pico_get_unique_board_id_string+0x198>
10004812:	70c4      	strb	r4, [r0, #3]
10004814:	2904      	cmp	r1, #4
10004816:	d100      	bne.n	1000481a <pico_get_unique_board_id_string+0x6a>
10004818:	e0b6      	b.n	10004988 <pico_get_unique_board_id_string+0x1d8>
1000481a:	789a      	ldrb	r2, [r3, #2]
1000481c:	4694      	mov	ip, r2
1000481e:	1112      	asrs	r2, r2, #4
10004820:	0014      	movs	r4, r2
10004822:	3430      	adds	r4, #48	@ 0x30
10004824:	2a09      	cmp	r2, #9
10004826:	dd00      	ble.n	1000482a <pico_get_unique_board_id_string+0x7a>
10004828:	e091      	b.n	1000494e <pico_get_unique_board_id_string+0x19e>
1000482a:	7104      	strb	r4, [r0, #4]
1000482c:	2905      	cmp	r1, #5
1000482e:	d100      	bne.n	10004832 <pico_get_unique_board_id_string+0x82>
10004830:	e0aa      	b.n	10004988 <pico_get_unique_board_id_string+0x1d8>
10004832:	4664      	mov	r4, ip
10004834:	220f      	movs	r2, #15
10004836:	4022      	ands	r2, r4
10004838:	0014      	movs	r4, r2
1000483a:	3430      	adds	r4, #48	@ 0x30
1000483c:	2a09      	cmp	r2, #9
1000483e:	d900      	bls.n	10004842 <pico_get_unique_board_id_string+0x92>
10004840:	e088      	b.n	10004954 <pico_get_unique_board_id_string+0x1a4>
10004842:	7144      	strb	r4, [r0, #5]
10004844:	2906      	cmp	r1, #6
10004846:	d100      	bne.n	1000484a <pico_get_unique_board_id_string+0x9a>
10004848:	e09e      	b.n	10004988 <pico_get_unique_board_id_string+0x1d8>
1000484a:	2530      	movs	r5, #48	@ 0x30
1000484c:	46ac      	mov	ip, r5
1000484e:	78dc      	ldrb	r4, [r3, #3]
10004850:	1122      	asrs	r2, r4, #4
10004852:	4494      	add	ip, r2
10004854:	2a09      	cmp	r2, #9
10004856:	dd00      	ble.n	1000485a <pico_get_unique_board_id_string+0xaa>
10004858:	e07f      	b.n	1000495a <pico_get_unique_board_id_string+0x1aa>
1000485a:	4662      	mov	r2, ip
1000485c:	7182      	strb	r2, [r0, #6]
1000485e:	2907      	cmp	r1, #7
10004860:	d100      	bne.n	10004864 <pico_get_unique_board_id_string+0xb4>
10004862:	e091      	b.n	10004988 <pico_get_unique_board_id_string+0x1d8>
10004864:	220f      	movs	r2, #15
10004866:	4022      	ands	r2, r4
10004868:	0014      	movs	r4, r2
1000486a:	3430      	adds	r4, #48	@ 0x30
1000486c:	2a09      	cmp	r2, #9
1000486e:	d900      	bls.n	10004872 <pico_get_unique_board_id_string+0xc2>
10004870:	e077      	b.n	10004962 <pico_get_unique_board_id_string+0x1b2>
10004872:	71c4      	strb	r4, [r0, #7]
10004874:	2908      	cmp	r1, #8
10004876:	d100      	bne.n	1000487a <pico_get_unique_board_id_string+0xca>
10004878:	e086      	b.n	10004988 <pico_get_unique_board_id_string+0x1d8>
1000487a:	2530      	movs	r5, #48	@ 0x30
1000487c:	46ac      	mov	ip, r5
1000487e:	791c      	ldrb	r4, [r3, #4]
10004880:	1122      	asrs	r2, r4, #4
10004882:	4494      	add	ip, r2
10004884:	2a09      	cmp	r2, #9
10004886:	dd00      	ble.n	1000488a <pico_get_unique_board_id_string+0xda>
10004888:	e06e      	b.n	10004968 <pico_get_unique_board_id_string+0x1b8>
1000488a:	4662      	mov	r2, ip
1000488c:	7202      	strb	r2, [r0, #8]
1000488e:	2909      	cmp	r1, #9
10004890:	d100      	bne.n	10004894 <pico_get_unique_board_id_string+0xe4>
10004892:	e079      	b.n	10004988 <pico_get_unique_board_id_string+0x1d8>
10004894:	220f      	movs	r2, #15
10004896:	4022      	ands	r2, r4
10004898:	0014      	movs	r4, r2
1000489a:	3430      	adds	r4, #48	@ 0x30
1000489c:	2a09      	cmp	r2, #9
1000489e:	d867      	bhi.n	10004970 <pico_get_unique_board_id_string+0x1c0>
100048a0:	7244      	strb	r4, [r0, #9]
100048a2:	290a      	cmp	r1, #10
100048a4:	d100      	bne.n	100048a8 <pico_get_unique_board_id_string+0xf8>
100048a6:	e06f      	b.n	10004988 <pico_get_unique_board_id_string+0x1d8>
100048a8:	2530      	movs	r5, #48	@ 0x30
100048aa:	46ac      	mov	ip, r5
100048ac:	795c      	ldrb	r4, [r3, #5]
100048ae:	1122      	asrs	r2, r4, #4
100048b0:	4494      	add	ip, r2
100048b2:	2a09      	cmp	r2, #9
100048b4:	dc5f      	bgt.n	10004976 <pico_get_unique_board_id_string+0x1c6>
100048b6:	4662      	mov	r2, ip
100048b8:	7282      	strb	r2, [r0, #10]
100048ba:	290b      	cmp	r1, #11
100048bc:	d064      	beq.n	10004988 <pico_get_unique_board_id_string+0x1d8>
100048be:	220f      	movs	r2, #15
100048c0:	4022      	ands	r2, r4
100048c2:	0014      	movs	r4, r2
100048c4:	3430      	adds	r4, #48	@ 0x30
100048c6:	2a09      	cmp	r2, #9
100048c8:	d859      	bhi.n	1000497e <pico_get_unique_board_id_string+0x1ce>
100048ca:	72c4      	strb	r4, [r0, #11]
100048cc:	290c      	cmp	r1, #12
100048ce:	d05b      	beq.n	10004988 <pico_get_unique_board_id_string+0x1d8>
100048d0:	2530      	movs	r5, #48	@ 0x30
100048d2:	46ac      	mov	ip, r5
100048d4:	799c      	ldrb	r4, [r3, #6]
100048d6:	1122      	asrs	r2, r4, #4
100048d8:	4494      	add	ip, r2
100048da:	2a09      	cmp	r2, #9
100048dc:	dd02      	ble.n	100048e4 <pico_get_unique_board_id_string+0x134>
100048de:	3507      	adds	r5, #7
100048e0:	46ac      	mov	ip, r5
100048e2:	4494      	add	ip, r2
100048e4:	4662      	mov	r2, ip
100048e6:	7302      	strb	r2, [r0, #12]
100048e8:	290d      	cmp	r1, #13
100048ea:	d04d      	beq.n	10004988 <pico_get_unique_board_id_string+0x1d8>
100048ec:	220f      	movs	r2, #15
100048ee:	4022      	ands	r2, r4
100048f0:	0014      	movs	r4, r2
100048f2:	3430      	adds	r4, #48	@ 0x30
100048f4:	2a09      	cmp	r2, #9
100048f6:	d901      	bls.n	100048fc <pico_get_unique_board_id_string+0x14c>
100048f8:	3237      	adds	r2, #55	@ 0x37
100048fa:	0014      	movs	r4, r2
100048fc:	7344      	strb	r4, [r0, #13]
100048fe:	290e      	cmp	r1, #14
10004900:	d042      	beq.n	10004988 <pico_get_unique_board_id_string+0x1d8>
10004902:	79da      	ldrb	r2, [r3, #7]
10004904:	1113      	asrs	r3, r2, #4
10004906:	001c      	movs	r4, r3
10004908:	3430      	adds	r4, #48	@ 0x30
1000490a:	2b09      	cmp	r3, #9
1000490c:	dd01      	ble.n	10004912 <pico_get_unique_board_id_string+0x162>
1000490e:	3337      	adds	r3, #55	@ 0x37
10004910:	001c      	movs	r4, r3
10004912:	7384      	strb	r4, [r0, #14]
10004914:	290f      	cmp	r1, #15
10004916:	d037      	beq.n	10004988 <pico_get_unique_board_id_string+0x1d8>
10004918:	230f      	movs	r3, #15
1000491a:	4013      	ands	r3, r2
1000491c:	001a      	movs	r2, r3
1000491e:	3237      	adds	r2, #55	@ 0x37
10004920:	2b09      	cmp	r3, #9
10004922:	d801      	bhi.n	10004928 <pico_get_unique_board_id_string+0x178>
10004924:	3330      	adds	r3, #48	@ 0x30
10004926:	001a      	movs	r2, r3
10004928:	73c2      	strb	r2, [r0, #15]
1000492a:	2910      	cmp	r1, #16
1000492c:	d02c      	beq.n	10004988 <pico_get_unique_board_id_string+0x1d8>
1000492e:	3010      	adds	r0, #16
10004930:	2300      	movs	r3, #0
10004932:	7003      	strb	r3, [r0, #0]
10004934:	bd30      	pop	{r4, r5, pc}
10004936:	3237      	adds	r2, #55	@ 0x37
10004938:	0014      	movs	r4, r2
1000493a:	e746      	b.n	100047ca <pico_get_unique_board_id_string+0x1a>
1000493c:	3237      	adds	r2, #55	@ 0x37
1000493e:	0014      	movs	r4, r2
10004940:	e74f      	b.n	100047e2 <pico_get_unique_board_id_string+0x32>
10004942:	3237      	adds	r2, #55	@ 0x37
10004944:	0014      	movs	r4, r2
10004946:	e758      	b.n	100047fa <pico_get_unique_board_id_string+0x4a>
10004948:	3237      	adds	r2, #55	@ 0x37
1000494a:	0014      	movs	r4, r2
1000494c:	e761      	b.n	10004812 <pico_get_unique_board_id_string+0x62>
1000494e:	3237      	adds	r2, #55	@ 0x37
10004950:	0014      	movs	r4, r2
10004952:	e76a      	b.n	1000482a <pico_get_unique_board_id_string+0x7a>
10004954:	3237      	adds	r2, #55	@ 0x37
10004956:	0014      	movs	r4, r2
10004958:	e773      	b.n	10004842 <pico_get_unique_board_id_string+0x92>
1000495a:	3507      	adds	r5, #7
1000495c:	46ac      	mov	ip, r5
1000495e:	4494      	add	ip, r2
10004960:	e77b      	b.n	1000485a <pico_get_unique_board_id_string+0xaa>
10004962:	3237      	adds	r2, #55	@ 0x37
10004964:	0014      	movs	r4, r2
10004966:	e784      	b.n	10004872 <pico_get_unique_board_id_string+0xc2>
10004968:	3507      	adds	r5, #7
1000496a:	46ac      	mov	ip, r5
1000496c:	4494      	add	ip, r2
1000496e:	e78c      	b.n	1000488a <pico_get_unique_board_id_string+0xda>
10004970:	3237      	adds	r2, #55	@ 0x37
10004972:	0014      	movs	r4, r2
10004974:	e794      	b.n	100048a0 <pico_get_unique_board_id_string+0xf0>
10004976:	3507      	adds	r5, #7
10004978:	46ac      	mov	ip, r5
1000497a:	4494      	add	ip, r2
1000497c:	e79b      	b.n	100048b6 <pico_get_unique_board_id_string+0x106>
1000497e:	3237      	adds	r2, #55	@ 0x37
10004980:	0014      	movs	r4, r2
10004982:	72c4      	strb	r4, [r0, #11]
10004984:	290c      	cmp	r1, #12
10004986:	d1a3      	bne.n	100048d0 <pico_get_unique_board_id_string+0x120>
10004988:	1840      	adds	r0, r0, r1
1000498a:	e7d1      	b.n	10004930 <pico_get_unique_board_id_string+0x180>
1000498c:	20001f28 	.word	0x20001f28

10004990 <flash_get_unique_id>:
10004990:	b510      	push	{r4, lr}
10004992:	b088      	sub	sp, #32
10004994:	0004      	movs	r4, r0
10004996:	220d      	movs	r2, #13
10004998:	2100      	movs	r1, #0
1000499a:	4668      	mov	r0, sp
1000499c:	f7fd fe24 	bl	100025e8 <__wrap_memset>
100049a0:	220d      	movs	r2, #13
100049a2:	2100      	movs	r1, #0
100049a4:	a804      	add	r0, sp, #16
100049a6:	f7fd fe1f 	bl	100025e8 <__wrap_memset>
100049aa:	234b      	movs	r3, #75	@ 0x4b
100049ac:	466a      	mov	r2, sp
100049ae:	4668      	mov	r0, sp
100049b0:	7013      	strb	r3, [r2, #0]
100049b2:	a904      	add	r1, sp, #16
100049b4:	220d      	movs	r2, #13
100049b6:	f002 f827 	bl	10006a08 <__flash_do_cmd_veneer>
100049ba:	2115      	movs	r1, #21
100049bc:	2208      	movs	r2, #8
100049be:	0020      	movs	r0, r4
100049c0:	4469      	add	r1, sp
100049c2:	f7fd fe17 	bl	100025f4 <__wrap___aeabi_memcpy>
100049c6:	b008      	add	sp, #32
100049c8:	bd10      	pop	{r4, pc}
100049ca:	46c0      	nop			@ (mov r8, r8)

100049cc <dcd_init>:
100049cc:	b5f8      	push	{r3, r4, r5, r6, r7, lr}
100049ce:	f000 f947 	bl	10004c60 <rp2040_usb_init>
100049d2:	230c      	movs	r3, #12
100049d4:	4d19      	ldr	r5, [pc, #100]	@ (10004a3c <dcd_init+0x70>)
100049d6:	22ff      	movs	r2, #255	@ 0xff
100049d8:	67ab      	str	r3, [r5, #120]	@ 0x78
100049da:	2005      	movs	r0, #5
100049dc:	4918      	ldr	r1, [pc, #96]	@ (10004a40 <dcd_init+0x74>)
100049de:	f7fb fe1f 	bl	10000620 <irq_add_shared_handler>
100049e2:	4c18      	ldr	r4, [pc, #96]	@ (10004a44 <dcd_init+0x78>)
100049e4:	2240      	movs	r2, #64	@ 0x40
100049e6:	2100      	movs	r1, #0
100049e8:	0020      	movs	r0, r4
100049ea:	f7fd fdfd 	bl	100025e8 <__wrap_memset>
100049ee:	2740      	movs	r7, #64	@ 0x40
100049f0:	2300      	movs	r3, #0
100049f2:	2601      	movs	r6, #1
100049f4:	2121      	movs	r1, #33	@ 0x21
100049f6:	4a14      	ldr	r2, [pc, #80]	@ (10004a48 <dcd_init+0x7c>)
100049f8:	7066      	strb	r6, [r4, #1]
100049fa:	8327      	strh	r7, [r4, #24]
100049fc:	60a2      	str	r2, [r4, #8]
100049fe:	6013      	str	r3, [r2, #0]
10004a00:	5463      	strb	r3, [r4, r1]
10004a02:	315f      	adds	r1, #95	@ 0x5f
10004a04:	8461      	strh	r1, [r4, #34]	@ 0x22
10004a06:	3945      	subs	r1, #69	@ 0x45
10004a08:	5463      	strb	r3, [r4, r1]
10004a0a:	4a10      	ldr	r2, [pc, #64]	@ (10004a4c <dcd_init+0x80>)
10004a0c:	4910      	ldr	r1, [pc, #64]	@ (10004a50 <dcd_init+0x84>)
10004a0e:	6063      	str	r3, [r4, #4]
10004a10:	60e2      	str	r2, [r4, #12]
10004a12:	8727      	strh	r7, [r4, #56]	@ 0x38
10004a14:	62a1      	str	r1, [r4, #40]	@ 0x28
10004a16:	600b      	str	r3, [r1, #0]
10004a18:	6263      	str	r3, [r4, #36]	@ 0x24
10004a1a:	62e2      	str	r2, [r4, #44]	@ 0x2c
10004a1c:	f002 f804 	bl	10006a28 <__reset_non_control_endpoints_veneer>
10004a20:	2380      	movs	r3, #128	@ 0x80
10004a22:	059b      	lsls	r3, r3, #22
10004a24:	642e      	str	r6, [r5, #64]	@ 0x40
10004a26:	64eb      	str	r3, [r5, #76]	@ 0x4c
10004a28:	2390      	movs	r3, #144	@ 0x90
10004a2a:	4a0a      	ldr	r2, [pc, #40]	@ (10004a54 <dcd_init+0x88>)
10004a2c:	2001      	movs	r0, #1
10004a2e:	50ea      	str	r2, [r5, r3]
10004a30:	2280      	movs	r2, #128	@ 0x80
10004a32:	4b09      	ldr	r3, [pc, #36]	@ (10004a58 <dcd_init+0x8c>)
10004a34:	0252      	lsls	r2, r2, #9
10004a36:	64da      	str	r2, [r3, #76]	@ 0x4c
10004a38:	bdf8      	pop	{r3, r4, r5, r6, r7, pc}
10004a3a:	46c0      	nop			@ (mov r8, r8)
10004a3c:	50110000 	.word	0x50110000
10004a40:	20000515 	.word	0x20000515
10004a44:	20001aec 	.word	0x20001aec
10004a48:	50100084 	.word	0x50100084
10004a4c:	50100100 	.word	0x50100100
10004a50:	50100080 	.word	0x50100080
10004a54:	0001d010 	.word	0x0001d010
10004a58:	50112000 	.word	0x50112000

10004a5c <dcd_int_enable>:
10004a5c:	b510      	push	{r4, lr}
10004a5e:	2101      	movs	r1, #1
10004a60:	2005      	movs	r0, #5
10004a62:	f7fb fd7d 	bl	10000560 <irq_set_enabled>
10004a66:	bd10      	pop	{r4, pc}

10004a68 <dcd_set_address>:
10004a68:	b510      	push	{r4, lr}
10004a6a:	2200      	movs	r2, #0
10004a6c:	2100      	movs	r1, #0
10004a6e:	4802      	ldr	r0, [pc, #8]	@ (10004a78 <dcd_set_address+0x10>)
10004a70:	f000 f916 	bl	10004ca0 <hw_endpoint_xfer_start>
10004a74:	bd10      	pop	{r4, pc}
10004a76:	46c0      	nop			@ (mov r8, r8)
10004a78:	20001b0c 	.word	0x20001b0c

10004a7c <dcd_sof_enable>:
10004a7c:	4b04      	ldr	r3, [pc, #16]	@ (10004a90 <dcd_sof_enable+0x14>)
10004a7e:	7019      	strb	r1, [r3, #0]
10004a80:	2900      	cmp	r1, #0
10004a82:	d004      	beq.n	10004a8e <dcd_sof_enable+0x12>
10004a84:	2180      	movs	r1, #128	@ 0x80
10004a86:	2390      	movs	r3, #144	@ 0x90
10004a88:	4a02      	ldr	r2, [pc, #8]	@ (10004a94 <dcd_sof_enable+0x18>)
10004a8a:	0289      	lsls	r1, r1, #10
10004a8c:	50d1      	str	r1, [r2, r3]
10004a8e:	4770      	bx	lr
10004a90:	20001f52 	.word	0x20001f52
10004a94:	50112000 	.word	0x50112000

10004a98 <dcd_edpt0_status_complete>:
10004a98:	780b      	ldrb	r3, [r1, #0]
10004a9a:	065b      	lsls	r3, r3, #25
10004a9c:	d000      	beq.n	10004aa0 <dcd_edpt0_status_complete+0x8>
10004a9e:	4770      	bx	lr
10004aa0:	784b      	ldrb	r3, [r1, #1]
10004aa2:	2b05      	cmp	r3, #5
10004aa4:	d1fb      	bne.n	10004a9e <dcd_edpt0_status_complete+0x6>
10004aa6:	788a      	ldrb	r2, [r1, #2]
10004aa8:	4b01      	ldr	r3, [pc, #4]	@ (10004ab0 <dcd_edpt0_status_complete+0x18>)
10004aaa:	601a      	str	r2, [r3, #0]
10004aac:	e7f7      	b.n	10004a9e <dcd_edpt0_status_complete+0x6>
10004aae:	46c0      	nop			@ (mov r8, r8)
10004ab0:	50110000 	.word	0x50110000

10004ab4 <dcd_edpt_open>:
10004ab4:	b5f8      	push	{r3, r4, r5, r6, r7, lr}
10004ab6:	46ce      	mov	lr, r9
10004ab8:	4647      	mov	r7, r8
10004aba:	78c8      	ldrb	r0, [r1, #3]
10004abc:	b580      	push	{r7, lr}
10004abe:	0780      	lsls	r0, r0, #30
10004ac0:	0f83      	lsrs	r3, r0, #30
10004ac2:	0018      	movs	r0, r3
10004ac4:	2b01      	cmp	r3, #1
10004ac6:	d061      	beq.n	10004b8c <dcd_edpt_open+0xd8>
10004ac8:	788b      	ldrb	r3, [r1, #2]
10004aca:	790a      	ldrb	r2, [r1, #4]
10004acc:	469c      	mov	ip, r3
10004ace:	794b      	ldrb	r3, [r1, #5]
10004ad0:	217f      	movs	r1, #127	@ 0x7f
10004ad2:	021b      	lsls	r3, r3, #8
10004ad4:	4313      	orrs	r3, r2
10004ad6:	055b      	lsls	r3, r3, #21
10004ad8:	0d5e      	lsrs	r6, r3, #21
10004ada:	4663      	mov	r3, ip
10004adc:	4019      	ands	r1, r3
10004ade:	09dc      	lsrs	r4, r3, #7
10004ae0:	004b      	lsls	r3, r1, #1
10004ae2:	191a      	adds	r2, r3, r4
10004ae4:	001f      	movs	r7, r3
10004ae6:	4663      	mov	r3, ip
10004ae8:	4d2f      	ldr	r5, [pc, #188]	@ (10004ba8 <dcd_edpt_open+0xf4>)
10004aea:	0152      	lsls	r2, r2, #5
10004aec:	18aa      	adds	r2, r5, r2
10004aee:	7093      	strb	r3, [r2, #2]
10004af0:	2301      	movs	r3, #1
10004af2:	4063      	eors	r3, r4
10004af4:	7053      	strb	r3, [r2, #1]
10004af6:	2300      	movs	r3, #0
10004af8:	8316      	strh	r6, [r2, #24]
10004afa:	70d3      	strb	r3, [r2, #3]
10004afc:	76d0      	strb	r0, [r2, #27]
10004afe:	46b1      	mov	r9, r6
10004b00:	00ca      	lsls	r2, r1, #3
10004b02:	2c01      	cmp	r4, #1
10004b04:	d031      	beq.n	10004b6a <dcd_edpt_open+0xb6>
10004b06:	4e29      	ldr	r6, [pc, #164]	@ (10004bac <dcd_edpt_open+0xf8>)
10004b08:	1992      	adds	r2, r2, r6
10004b0a:	018e      	lsls	r6, r1, #6
10004b0c:	46b4      	mov	ip, r6
10004b0e:	44ac      	add	ip, r5
10004b10:	4666      	mov	r6, ip
10004b12:	60b2      	str	r2, [r6, #8]
10004b14:	6013      	str	r3, [r2, #0]
10004b16:	2900      	cmp	r1, #0
10004b18:	d031      	beq.n	10004b7e <dcd_edpt_open+0xca>
10004b1a:	4b25      	ldr	r3, [pc, #148]	@ (10004bb0 <dcd_edpt_open+0xfc>)
10004b1c:	00c9      	lsls	r1, r1, #3
10004b1e:	18c9      	adds	r1, r1, r3
10004b20:	6071      	str	r1, [r6, #4]
10004b22:	464b      	mov	r3, r9
10004b24:	333f      	adds	r3, #63	@ 0x3f
10004b26:	099b      	lsrs	r3, r3, #6
10004b28:	2802      	cmp	r0, #2
10004b2a:	d036      	beq.n	10004b9a <dcd_edpt_open+0xe6>
10004b2c:	019b      	lsls	r3, r3, #6
10004b2e:	4821      	ldr	r0, [pc, #132]	@ (10004bb4 <dcd_edpt_open+0x100>)
10004b30:	1939      	adds	r1, r7, r4
10004b32:	6802      	ldr	r2, [r0, #0]
10004b34:	0149      	lsls	r1, r1, #5
10004b36:	1869      	adds	r1, r5, r1
10004b38:	000e      	movs	r6, r1
10004b3a:	60ca      	str	r2, [r1, #12]
10004b3c:	491e      	ldr	r1, [pc, #120]	@ (10004bb8 <dcd_edpt_open+0x104>)
10004b3e:	18d3      	adds	r3, r2, r3
10004b40:	6003      	str	r3, [r0, #0]
10004b42:	428b      	cmp	r3, r1
10004b44:	d82b      	bhi.n	10004b9e <dcd_edpt_open+0xea>
10004b46:	193b      	adds	r3, r7, r4
10004b48:	015b      	lsls	r3, r3, #5
10004b4a:	18ed      	adds	r5, r5, r3
10004b4c:	7eeb      	ldrb	r3, [r5, #27]
10004b4e:	491b      	ldr	r1, [pc, #108]	@ (10004bbc <dcd_edpt_open+0x108>)
10004b50:	069b      	lsls	r3, r3, #26
10004b52:	404a      	eors	r2, r1
10004b54:	4313      	orrs	r3, r2
10004b56:	2280      	movs	r2, #128	@ 0x80
10004b58:	0612      	lsls	r2, r2, #24
10004b5a:	4313      	orrs	r3, r2
10004b5c:	686a      	ldr	r2, [r5, #4]
10004b5e:	6013      	str	r3, [r2, #0]
10004b60:	2001      	movs	r0, #1
10004b62:	bcc0      	pop	{r6, r7}
10004b64:	46b9      	mov	r9, r7
10004b66:	46b0      	mov	r8, r6
10004b68:	bdf8      	pop	{r3, r4, r5, r6, r7, pc}
10004b6a:	4e15      	ldr	r6, [pc, #84]	@ (10004bc0 <dcd_edpt_open+0x10c>)
10004b6c:	1992      	adds	r2, r2, r6
10004b6e:	018e      	lsls	r6, r1, #6
10004b70:	46b4      	mov	ip, r6
10004b72:	44ac      	add	ip, r5
10004b74:	4666      	mov	r6, ip
10004b76:	62b2      	str	r2, [r6, #40]	@ 0x28
10004b78:	6013      	str	r3, [r2, #0]
10004b7a:	2900      	cmp	r1, #0
10004b7c:	d108      	bne.n	10004b90 <dcd_edpt_open+0xdc>
10004b7e:	2300      	movs	r3, #0
10004b80:	0164      	lsls	r4, r4, #5
10004b82:	192c      	adds	r4, r5, r4
10004b84:	6063      	str	r3, [r4, #4]
10004b86:	4b0f      	ldr	r3, [pc, #60]	@ (10004bc4 <dcd_edpt_open+0x110>)
10004b88:	60e3      	str	r3, [r4, #12]
10004b8a:	e7e9      	b.n	10004b60 <dcd_edpt_open+0xac>
10004b8c:	2000      	movs	r0, #0
10004b8e:	e7e8      	b.n	10004b62 <dcd_edpt_open+0xae>
10004b90:	4b0a      	ldr	r3, [pc, #40]	@ (10004bbc <dcd_edpt_open+0x108>)
10004b92:	00c9      	lsls	r1, r1, #3
10004b94:	18c9      	adds	r1, r1, r3
10004b96:	6271      	str	r1, [r6, #36]	@ 0x24
10004b98:	e7c3      	b.n	10004b22 <dcd_edpt_open+0x6e>
10004b9a:	01db      	lsls	r3, r3, #7
10004b9c:	e7c7      	b.n	10004b2e <dcd_edpt_open+0x7a>
10004b9e:	f7fc fd3f 	bl	10001620 <hard_assertion_failure>
10004ba2:	68f2      	ldr	r2, [r6, #12]
10004ba4:	e7cf      	b.n	10004b46 <dcd_edpt_open+0x92>
10004ba6:	46c0      	nop			@ (mov r8, r8)
10004ba8:	20001aec 	.word	0x20001aec
10004bac:	50100084 	.word	0x50100084
10004bb0:	50100004 	.word	0x50100004
10004bb4:	20001ef4 	.word	0x20001ef4
10004bb8:	50100fff 	.word	0x50100fff
10004bbc:	50100000 	.word	0x50100000
10004bc0:	50100080 	.word	0x50100080
10004bc4:	50100100 	.word	0x50100100

10004bc8 <dcd_edpt_close_all>:
10004bc8:	b510      	push	{r4, lr}
10004bca:	f001 ff2d 	bl	10006a28 <__reset_non_control_endpoints_veneer>
10004bce:	bd10      	pop	{r4, pc}

10004bd0 <dcd_edpt_xfer>:
10004bd0:	207f      	movs	r0, #127	@ 0x7f
10004bd2:	b510      	push	{r4, lr}
10004bd4:	4008      	ands	r0, r1
10004bd6:	0040      	lsls	r0, r0, #1
10004bd8:	09c9      	lsrs	r1, r1, #7
10004bda:	1840      	adds	r0, r0, r1
10004bdc:	0011      	movs	r1, r2
10004bde:	4a04      	ldr	r2, [pc, #16]	@ (10004bf0 <dcd_edpt_xfer+0x20>)
10004be0:	0140      	lsls	r0, r0, #5
10004be2:	1880      	adds	r0, r0, r2
10004be4:	001a      	movs	r2, r3
10004be6:	f000 f85b 	bl	10004ca0 <hw_endpoint_xfer_start>
10004bea:	2001      	movs	r0, #1
10004bec:	bd10      	pop	{r4, pc}
10004bee:	46c0      	nop			@ (mov r8, r8)
10004bf0:	20001aec 	.word	0x20001aec

10004bf4 <dcd_edpt_stall>:
10004bf4:	237f      	movs	r3, #127	@ 0x7f
10004bf6:	0018      	movs	r0, r3
10004bf8:	b500      	push	{lr}
10004bfa:	4008      	ands	r0, r1
10004bfc:	b083      	sub	sp, #12
10004bfe:	420b      	tst	r3, r1
10004c00:	d104      	bne.n	10004c0c <dcd_edpt_stall+0x18>
10004c02:	424b      	negs	r3, r1
10004c04:	414b      	adcs	r3, r1
10004c06:	4a08      	ldr	r2, [pc, #32]	@ (10004c28 <dcd_edpt_stall+0x34>)
10004c08:	3301      	adds	r3, #1
10004c0a:	6693      	str	r3, [r2, #104]	@ 0x68
10004c0c:	2280      	movs	r2, #128	@ 0x80
10004c0e:	09c9      	lsrs	r1, r1, #7
10004c10:	0040      	lsls	r0, r0, #1
10004c12:	4b06      	ldr	r3, [pc, #24]	@ (10004c2c <dcd_edpt_stall+0x38>)
10004c14:	1840      	adds	r0, r0, r1
10004c16:	0140      	lsls	r0, r0, #5
10004c18:	2100      	movs	r1, #0
10004c1a:	18c0      	adds	r0, r0, r3
10004c1c:	0112      	lsls	r2, r2, #4
10004c1e:	f001 ff43 	bl	10006aa8 <___hw_endpoint_buffer_control_update32_veneer>
10004c22:	b003      	add	sp, #12
10004c24:	bd00      	pop	{pc}
10004c26:	46c0      	nop			@ (mov r8, r8)
10004c28:	50112000 	.word	0x50112000
10004c2c:	20001aec 	.word	0x20001aec

10004c30 <dcd_edpt_clear_stall>:
10004c30:	227f      	movs	r2, #127	@ 0x7f
10004c32:	0013      	movs	r3, r2
10004c34:	b510      	push	{r4, lr}
10004c36:	400b      	ands	r3, r1
10004c38:	420a      	tst	r2, r1
10004c3a:	d100      	bne.n	10004c3e <dcd_edpt_clear_stall+0xe>
10004c3c:	bd10      	pop	{r4, pc}
10004c3e:	09c9      	lsrs	r1, r1, #7
10004c40:	005b      	lsls	r3, r3, #1
10004c42:	185b      	adds	r3, r3, r1
10004c44:	4804      	ldr	r0, [pc, #16]	@ (10004c58 <dcd_edpt_clear_stall+0x28>)
10004c46:	015b      	lsls	r3, r3, #5
10004c48:	18c0      	adds	r0, r0, r3
10004c4a:	2300      	movs	r3, #0
10004c4c:	2200      	movs	r2, #0
10004c4e:	4903      	ldr	r1, [pc, #12]	@ (10004c5c <dcd_edpt_clear_stall+0x2c>)
10004c50:	70c3      	strb	r3, [r0, #3]
10004c52:	f001 ff29 	bl	10006aa8 <___hw_endpoint_buffer_control_update32_veneer>
10004c56:	e7f1      	b.n	10004c3c <dcd_edpt_clear_stall+0xc>
10004c58:	20001aec 	.word	0x20001aec
10004c5c:	fffff7ff 	.word	0xfffff7ff

10004c60 <rp2040_usb_init>:
10004c60:	2280      	movs	r2, #128	@ 0x80
10004c62:	4b0a      	ldr	r3, [pc, #40]	@ (10004c8c <rp2040_usb_init+0x2c>)
10004c64:	0452      	lsls	r2, r2, #17
10004c66:	b510      	push	{r4, lr}
10004c68:	601a      	str	r2, [r3, #0]
10004c6a:	4b09      	ldr	r3, [pc, #36]	@ (10004c90 <rp2040_usb_init+0x30>)
10004c6c:	4909      	ldr	r1, [pc, #36]	@ (10004c94 <rp2040_usb_init+0x34>)
10004c6e:	601a      	str	r2, [r3, #0]
10004c70:	0010      	movs	r0, r2
10004c72:	680b      	ldr	r3, [r1, #0]
10004c74:	4398      	bics	r0, r3
10004c76:	d1fb      	bne.n	10004c70 <rp2040_usb_init+0x10>
10004c78:	2280      	movs	r2, #128	@ 0x80
10004c7a:	2100      	movs	r1, #0
10004c7c:	0152      	lsls	r2, r2, #5
10004c7e:	4806      	ldr	r0, [pc, #24]	@ (10004c98 <rp2040_usb_init+0x38>)
10004c80:	f7fd fcb2 	bl	100025e8 <__wrap_memset>
10004c84:	2209      	movs	r2, #9
10004c86:	4b05      	ldr	r3, [pc, #20]	@ (10004c9c <rp2040_usb_init+0x3c>)
10004c88:	675a      	str	r2, [r3, #116]	@ 0x74
10004c8a:	bd10      	pop	{r4, pc}
10004c8c:	4000e000 	.word	0x4000e000
10004c90:	4000f000 	.word	0x4000f000
10004c94:	4000c008 	.word	0x4000c008
10004c98:	50100000 	.word	0x50100000
10004c9c:	50110000 	.word	0x50110000

10004ca0 <hw_endpoint_xfer_start>:
10004ca0:	2300      	movs	r3, #0
10004ca2:	b510      	push	{r4, lr}
10004ca4:	82c3      	strh	r3, [r0, #22]
10004ca6:	3301      	adds	r3, #1
10004ca8:	8282      	strh	r2, [r0, #20]
10004caa:	7683      	strb	r3, [r0, #26]
10004cac:	6101      	str	r1, [r0, #16]
10004cae:	0004      	movs	r4, r0
10004cb0:	f001 fef2 	bl	10006a98 <__e15_is_bulkin_ep_veneer>
10004cb4:	2800      	cmp	r0, #0
10004cb6:	d004      	beq.n	10004cc2 <hw_endpoint_xfer_start+0x22>
10004cb8:	2180      	movs	r1, #128	@ 0x80
10004cba:	2390      	movs	r3, #144	@ 0x90
10004cbc:	4a07      	ldr	r2, [pc, #28]	@ (10004cdc <hw_endpoint_xfer_start+0x3c>)
10004cbe:	0289      	lsls	r1, r1, #10
10004cc0:	50d1      	str	r1, [r2, r3]
10004cc2:	0020      	movs	r0, r4
10004cc4:	f001 fef8 	bl	10006ab8 <__e15_is_critical_frame_period_veneer>
10004cc8:	2800      	cmp	r0, #0
10004cca:	d002      	beq.n	10004cd2 <hw_endpoint_xfer_start+0x32>
10004ccc:	2301      	movs	r3, #1
10004cce:	7723      	strb	r3, [r4, #28]
10004cd0:	bd10      	pop	{r4, pc}
10004cd2:	0020      	movs	r0, r4
10004cd4:	f001 fed8 	bl	10006a88 <__hw_endpoint_start_next_buffer_veneer>
10004cd8:	e7fa      	b.n	10004cd0 <hw_endpoint_xfer_start+0x30>
10004cda:	46c0      	nop			@ (mov r8, r8)
10004cdc:	50112000 	.word	0x50112000

10004ce0 <tud_event_hook_cb>:
10004ce0:	4770      	bx	lr
10004ce2:	46c0      	nop			@ (mov r8, r8)

10004ce4 <tud_sof_cb>:
10004ce4:	4770      	bx	lr
10004ce6:	46c0      	nop			@ (mov r8, r8)

10004ce8 <tud_descriptor_device_qualifier_cb>:
10004ce8:	2000      	movs	r0, #0
10004cea:	4770      	bx	lr

10004cec <tud_descriptor_other_speed_configuration_cb>:
10004cec:	2000      	movs	r0, #0
10004cee:	4770      	bx	lr

10004cf0 <tud_mount_cb>:
10004cf0:	4770      	bx	lr
10004cf2:	46c0      	nop			@ (mov r8, r8)

10004cf4 <tud_umount_cb>:
10004cf4:	4770      	bx	lr
10004cf6:	46c0      	nop			@ (mov r8, r8)

10004cf8 <tud_suspend_cb>:
10004cf8:	4770      	bx	lr
10004cfa:	46c0      	nop			@ (mov r8, r8)

10004cfc <tud_resume_cb>:
10004cfc:	4770      	bx	lr
10004cfe:	46c0      	nop			@ (mov r8, r8)

10004d00 <tud_mounted>:
10004d00:	4b02      	ldr	r3, [pc, #8]	@ (10004d0c <tud_mounted+0xc>)
10004d02:	7858      	ldrb	r0, [r3, #1]
10004d04:	1e43      	subs	r3, r0, #1
10004d06:	4198      	sbcs	r0, r3
10004d08:	b2c0      	uxtb	r0, r0
10004d0a:	4770      	bx	lr
10004d0c:	20001598 	.word	0x20001598

10004d10 <tud_suspended>:
10004d10:	4b02      	ldr	r3, [pc, #8]	@ (10004d1c <tud_suspended+0xc>)
10004d12:	7818      	ldrb	r0, [r3, #0]
10004d14:	0740      	lsls	r0, r0, #29
10004d16:	0fc0      	lsrs	r0, r0, #31
10004d18:	4770      	bx	lr
10004d1a:	46c0      	nop			@ (mov r8, r8)
10004d1c:	20001598 	.word	0x20001598

10004d20 <tud_rhport_init>:
10004d20:	b5f0      	push	{r4, r5, r6, r7, lr}
10004d22:	46d6      	mov	lr, sl
10004d24:	464f      	mov	r7, r9
10004d26:	4646      	mov	r6, r8
10004d28:	b5c0      	push	{r6, r7, lr}
10004d2a:	4b2e      	ldr	r3, [pc, #184]	@ (10004de4 <tud_rhport_init+0xc4>)
10004d2c:	4681      	mov	r9, r0
10004d2e:	4698      	mov	r8, r3
10004d30:	781b      	ldrb	r3, [r3, #0]
10004d32:	468a      	mov	sl, r1
10004d34:	2bff      	cmp	r3, #255	@ 0xff
10004d36:	d14e      	bne.n	10004dd6 <tud_rhport_init+0xb6>
10004d38:	2900      	cmp	r1, #0
10004d3a:	d03e      	beq.n	10004dba <tud_rhport_init+0x9a>
10004d3c:	2100      	movs	r1, #0
10004d3e:	2254      	movs	r2, #84	@ 0x54
10004d40:	4829      	ldr	r0, [pc, #164]	@ (10004de8 <tud_rhport_init+0xc8>)
10004d42:	f7fd fc51 	bl	100025e8 <__wrap_memset>
10004d46:	2200      	movs	r2, #0
10004d48:	4c28      	ldr	r4, [pc, #160]	@ (10004dec <tud_rhport_init+0xcc>)
10004d4a:	4b29      	ldr	r3, [pc, #164]	@ (10004df0 <tud_rhport_init+0xd0>)
10004d4c:	0020      	movs	r0, r4
10004d4e:	701a      	strb	r2, [r3, #0]
10004d50:	f7fb fdea 	bl	10000928 <mutex_init>
10004d54:	4b27      	ldr	r3, [pc, #156]	@ (10004df4 <tud_rhport_init+0xd4>)
10004d56:	601c      	str	r4, [r3, #0]
10004d58:	4c27      	ldr	r4, [pc, #156]	@ (10004df8 <tud_rhport_init+0xd8>)
10004d5a:	0020      	movs	r0, r4
10004d5c:	3c14      	subs	r4, #20
10004d5e:	f7fb fdf1 	bl	10000944 <critical_section_init>
10004d62:	0020      	movs	r0, r4
10004d64:	f001 fdda 	bl	1000691c <tu_fifo_clear>
10004d68:	4b24      	ldr	r3, [pc, #144]	@ (10004dfc <tud_rhport_init+0xdc>)
10004d6a:	4d25      	ldr	r5, [pc, #148]	@ (10004e00 <tud_rhport_init+0xe0>)
10004d6c:	601c      	str	r4, [r3, #0]
10004d6e:	4b25      	ldr	r3, [pc, #148]	@ (10004e04 <tud_rhport_init+0xe4>)
10004d70:	2b00      	cmp	r3, #0
10004d72:	d004      	beq.n	10004d7e <tud_rhport_init+0x5e>
10004d74:	0028      	movs	r0, r5
10004d76:	f7ff fab7 	bl	100042e8 <usbd_app_driver_get_cb>
10004d7a:	4b23      	ldr	r3, [pc, #140]	@ (10004e08 <tud_rhport_init+0xe8>)
10004d7c:	6018      	str	r0, [r3, #0]
10004d7e:	2400      	movs	r4, #0
10004d80:	2300      	movs	r3, #0
10004d82:	782a      	ldrb	r2, [r5, #0]
10004d84:	4f21      	ldr	r7, [pc, #132]	@ (10004e0c <tud_rhport_init+0xec>)
10004d86:	4e20      	ldr	r6, [pc, #128]	@ (10004e08 <tud_rhport_init+0xe8>)
10004d88:	e00f      	b.n	10004daa <tud_rhport_init+0x8a>
10004d8a:	6833      	ldr	r3, [r6, #0]
10004d8c:	0162      	lsls	r2, r4, #5
10004d8e:	189b      	adds	r3, r3, r2
10004d90:	2b00      	cmp	r3, #0
10004d92:	d012      	beq.n	10004dba <tud_rhport_init+0x9a>
10004d94:	685b      	ldr	r3, [r3, #4]
10004d96:	2b00      	cmp	r3, #0
10004d98:	d00f      	beq.n	10004dba <tud_rhport_init+0x9a>
10004d9a:	4798      	blx	r3
10004d9c:	782a      	ldrb	r2, [r5, #0]
10004d9e:	3401      	adds	r4, #1
10004da0:	b2e4      	uxtb	r4, r4
10004da2:	1c51      	adds	r1, r2, #1
10004da4:	0023      	movs	r3, r4
10004da6:	42a1      	cmp	r1, r4
10004da8:	db09      	blt.n	10004dbe <tud_rhport_init+0x9e>
10004daa:	42a2      	cmp	r2, r4
10004dac:	d8ed      	bhi.n	10004d8a <tud_rhport_init+0x6a>
10004dae:	1a9b      	subs	r3, r3, r2
10004db0:	015b      	lsls	r3, r3, #5
10004db2:	19db      	adds	r3, r3, r7
10004db4:	685b      	ldr	r3, [r3, #4]
10004db6:	2b00      	cmp	r3, #0
10004db8:	d1ef      	bne.n	10004d9a <tud_rhport_init+0x7a>
10004dba:	2000      	movs	r0, #0
10004dbc:	e00c      	b.n	10004dd8 <tud_rhport_init+0xb8>
10004dbe:	4642      	mov	r2, r8
10004dc0:	464b      	mov	r3, r9
10004dc2:	4651      	mov	r1, sl
10004dc4:	4648      	mov	r0, r9
10004dc6:	7013      	strb	r3, [r2, #0]
10004dc8:	f7ff fe00 	bl	100049cc <dcd_init>
10004dcc:	2800      	cmp	r0, #0
10004dce:	d0f4      	beq.n	10004dba <tud_rhport_init+0x9a>
10004dd0:	4648      	mov	r0, r9
10004dd2:	f7ff fe43 	bl	10004a5c <dcd_int_enable>
10004dd6:	2001      	movs	r0, #1
10004dd8:	bce0      	pop	{r5, r6, r7}
10004dda:	46ba      	mov	sl, r7
10004ddc:	46b1      	mov	r9, r6
10004dde:	46a8      	mov	r8, r5
10004de0:	bdf0      	pop	{r4, r5, r6, r7, pc}
10004de2:	46c0      	nop			@ (mov r8, r8)
10004de4:	20001054 	.word	0x20001054
10004de8:	20001598 	.word	0x20001598
10004dec:	20001590 	.word	0x20001590
10004df0:	20001f53 	.word	0x20001f53
10004df4:	200015ec 	.word	0x200015ec
10004df8:	2000104c 	.word	0x2000104c
10004dfc:	200015f0 	.word	0x200015f0
10004e00:	20001f51 	.word	0x20001f51
10004e04:	100042e9 	.word	0x100042e9
10004e08:	200014b0 	.word	0x200014b0
10004e0c:	1000717c 	.word	0x1000717c

10004e10 <tud_task_ext>:
10004e10:	b5f0      	push	{r4, r5, r6, r7, lr}
10004e12:	46de      	mov	lr, fp
10004e14:	4657      	mov	r7, sl
10004e16:	464e      	mov	r6, r9
10004e18:	4645      	mov	r5, r8
10004e1a:	b5e0      	push	{r5, r6, r7, lr}
10004e1c:	4bc6      	ldr	r3, [pc, #792]	@ (10005138 <tud_task_ext+0x328>)
10004e1e:	b091      	sub	sp, #68	@ 0x44
10004e20:	9302      	str	r3, [sp, #8]
10004e22:	781b      	ldrb	r3, [r3, #0]
10004e24:	2bff      	cmp	r3, #255	@ 0xff
10004e26:	d100      	bne.n	10004e2a <tud_task_ext+0x1a>
10004e28:	e13b      	b.n	100050a2 <tud_task_ext+0x292>
10004e2a:	4bc4      	ldr	r3, [pc, #784]	@ (1000513c <tud_task_ext+0x32c>)
10004e2c:	4ec4      	ldr	r6, [pc, #784]	@ (10005140 <tud_task_ext+0x330>)
10004e2e:	001f      	movs	r7, r3
10004e30:	4bc4      	ldr	r3, [pc, #784]	@ (10005144 <tud_task_ext+0x334>)
10004e32:	ac0d      	add	r4, sp, #52	@ 0x34
10004e34:	9301      	str	r3, [sp, #4]
10004e36:	4bc4      	ldr	r3, [pc, #784]	@ (10005148 <tud_task_ext+0x338>)
10004e38:	9300      	str	r3, [sp, #0]
10004e3a:	6835      	ldr	r5, [r6, #0]
10004e3c:	696a      	ldr	r2, [r5, #20]
10004e3e:	f3ef 8110 	mrs	r1, PRIMASK
10004e42:	b672      	cpsid	i
10004e44:	6813      	ldr	r3, [r2, #0]
10004e46:	2b00      	cmp	r3, #0
10004e48:	d0fc      	beq.n	10004e44 <tud_task_ext+0x34>
10004e4a:	f3bf 8f5f 	dmb	sy
10004e4e:	61a9      	str	r1, [r5, #24]
10004e50:	0028      	movs	r0, r5
10004e52:	0021      	movs	r1, r4
10004e54:	f001 fb98 	bl	10006588 <tu_fifo_read>
10004e58:	696a      	ldr	r2, [r5, #20]
10004e5a:	69ab      	ldr	r3, [r5, #24]
10004e5c:	f3bf 8f5f 	dmb	sy
10004e60:	2100      	movs	r1, #0
10004e62:	6011      	str	r1, [r2, #0]
10004e64:	f383 8810 	msr	PRIMASK, r3
10004e68:	2800      	cmp	r0, #0
10004e6a:	d100      	bne.n	10004e6e <tud_task_ext+0x5e>
10004e6c:	e119      	b.n	100050a2 <tud_task_ext+0x292>
10004e6e:	7863      	ldrb	r3, [r4, #1]
10004e70:	2b08      	cmp	r3, #8
10004e72:	d8e2      	bhi.n	10004e3a <tud_task_ext+0x2a>
10004e74:	009b      	lsls	r3, r3, #2
10004e76:	58fb      	ldr	r3, [r7, r3]
10004e78:	469f      	mov	pc, r3
10004e7a:	6863      	ldr	r3, [r4, #4]
10004e7c:	2b00      	cmp	r3, #0
10004e7e:	d0dc      	beq.n	10004e3a <tud_task_ext+0x2a>
10004e80:	68a0      	ldr	r0, [r4, #8]
10004e82:	4798      	blx	r3
10004e84:	e7d9      	b.n	10004e3a <tud_task_ext+0x2a>
10004e86:	227f      	movs	r2, #127	@ 0x7f
10004e88:	7921      	ldrb	r1, [r4, #4]
10004e8a:	4dae      	ldr	r5, [pc, #696]	@ (10005144 <tud_task_ext+0x334>)
10004e8c:	400a      	ands	r2, r1
10004e8e:	0053      	lsls	r3, r2, #1
10004e90:	18eb      	adds	r3, r5, r3
10004e92:	4698      	mov	r8, r3
10004e94:	09c8      	lsrs	r0, r1, #7
10004e96:	4480      	add	r8, r0
10004e98:	4640      	mov	r0, r8
10004e9a:	2301      	movs	r3, #1
10004e9c:	3030      	adds	r0, #48	@ 0x30
10004e9e:	7905      	ldrb	r5, [r0, #4]
10004ea0:	439d      	bics	r5, r3
10004ea2:	7105      	strb	r5, [r0, #4]
10004ea4:	7905      	ldrb	r5, [r0, #4]
10004ea6:	3303      	adds	r3, #3
10004ea8:	439d      	bics	r5, r3
10004eaa:	7105      	strb	r5, [r0, #4]
10004eac:	2a00      	cmp	r2, #0
10004eae:	d100      	bne.n	10004eb2 <tud_task_ext+0xa2>
10004eb0:	e0fe      	b.n	100050b0 <tud_task_ext+0x2a0>
10004eb2:	4643      	mov	r3, r8
10004eb4:	4aa5      	ldr	r2, [pc, #660]	@ (1000514c <tud_task_ext+0x33c>)
10004eb6:	7d1b      	ldrb	r3, [r3, #20]
10004eb8:	7812      	ldrb	r2, [r2, #0]
10004eba:	4293      	cmp	r3, r2
10004ebc:	d300      	bcc.n	10004ec0 <tud_task_ext+0xb0>
10004ebe:	e0ed      	b.n	1000509c <tud_task_ext+0x28c>
10004ec0:	4aa3      	ldr	r2, [pc, #652]	@ (10005150 <tud_task_ext+0x340>)
10004ec2:	015b      	lsls	r3, r3, #5
10004ec4:	6815      	ldr	r5, [r2, #0]
10004ec6:	18ed      	adds	r5, r5, r3
10004ec8:	2d00      	cmp	r5, #0
10004eca:	d100      	bne.n	10004ece <tud_task_ext+0xbe>
10004ecc:	e0e9      	b.n	100050a2 <tud_task_ext+0x292>
10004ece:	68a3      	ldr	r3, [r4, #8]
10004ed0:	7962      	ldrb	r2, [r4, #5]
10004ed2:	7820      	ldrb	r0, [r4, #0]
10004ed4:	69ad      	ldr	r5, [r5, #24]
10004ed6:	47a8      	blx	r5
10004ed8:	e7af      	b.n	10004e3a <tud_task_ext+0x2a>
10004eda:	4b9e      	ldr	r3, [pc, #632]	@ (10005154 <tud_task_ext+0x344>)
10004edc:	781a      	ldrb	r2, [r3, #0]
10004ede:	2a00      	cmp	r2, #0
10004ee0:	d100      	bne.n	10004ee4 <tud_task_ext+0xd4>
10004ee2:	e0de      	b.n	100050a2 <tud_task_ext+0x292>
10004ee4:	781a      	ldrb	r2, [r3, #0]
10004ee6:	3a01      	subs	r2, #1
10004ee8:	701a      	strb	r2, [r3, #0]
10004eea:	781b      	ldrb	r3, [r3, #0]
10004eec:	2b00      	cmp	r3, #0
10004eee:	d1a4      	bne.n	10004e3a <tud_task_ext+0x2a>
10004ef0:	2201      	movs	r2, #1
10004ef2:	4d94      	ldr	r5, [pc, #592]	@ (10005144 <tud_task_ext+0x334>)
10004ef4:	2101      	movs	r1, #1
10004ef6:	782b      	ldrb	r3, [r5, #0]
10004ef8:	2004      	movs	r0, #4
10004efa:	4313      	orrs	r3, r2
10004efc:	702b      	strb	r3, [r5, #0]
10004efe:	2334      	movs	r3, #52	@ 0x34
10004f00:	5cea      	ldrb	r2, [r5, r3]
10004f02:	438a      	bics	r2, r1
10004f04:	54ea      	strb	r2, [r5, r3]
10004f06:	5cea      	ldrb	r2, [r5, r3]
10004f08:	4382      	bics	r2, r0
10004f0a:	54ea      	strb	r2, [r5, r3]
10004f0c:	3301      	adds	r3, #1
10004f0e:	5cea      	ldrb	r2, [r5, r3]
10004f10:	438a      	bics	r2, r1
10004f12:	54ea      	strb	r2, [r5, r3]
10004f14:	5cea      	ldrb	r2, [r5, r3]
10004f16:	4382      	bics	r2, r0
10004f18:	54ea      	strb	r2, [r5, r3]
10004f1a:	7823      	ldrb	r3, [r4, #0]
10004f1c:	2000      	movs	r0, #0
10004f1e:	469b      	mov	fp, r3
10004f20:	f000 fc9a 	bl	10005858 <usbd_control_set_complete_callback>
10004f24:	2260      	movs	r2, #96	@ 0x60
10004f26:	7923      	ldrb	r3, [r4, #4]
10004f28:	401a      	ands	r2, r3
10004f2a:	2a60      	cmp	r2, #96	@ 0x60
10004f2c:	d100      	bne.n	10004f30 <tud_task_ext+0x120>
10004f2e:	e0ee      	b.n	1000510e <tud_task_ext+0x2fe>
10004f30:	2a40      	cmp	r2, #64	@ 0x40
10004f32:	d100      	bne.n	10004f36 <tud_task_ext+0x126>
10004f34:	e0f4      	b.n	10005120 <tud_task_ext+0x310>
10004f36:	06db      	lsls	r3, r3, #27
10004f38:	0edb      	lsrs	r3, r3, #27
10004f3a:	2b01      	cmp	r3, #1
10004f3c:	d100      	bne.n	10004f40 <tud_task_ext+0x130>
10004f3e:	e111      	b.n	10005164 <tud_task_ext+0x354>
10004f40:	2b02      	cmp	r3, #2
10004f42:	d100      	bne.n	10004f46 <tud_task_ext+0x136>
10004f44:	e0c6      	b.n	100050d4 <tud_task_ext+0x2c4>
10004f46:	2b00      	cmp	r3, #0
10004f48:	d000      	beq.n	10004f4c <tud_task_ext+0x13c>
10004f4a:	e0e0      	b.n	1000510e <tud_task_ext+0x2fe>
10004f4c:	2a20      	cmp	r2, #32
10004f4e:	d100      	bne.n	10004f52 <tud_task_ext+0x142>
10004f50:	e21c      	b.n	1000538c <tud_task_ext+0x57c>
10004f52:	2a00      	cmp	r2, #0
10004f54:	d000      	beq.n	10004f58 <tud_task_ext+0x148>
10004f56:	e0da      	b.n	1000510e <tud_task_ext+0x2fe>
10004f58:	7963      	ldrb	r3, [r4, #5]
10004f5a:	2b09      	cmp	r3, #9
10004f5c:	d900      	bls.n	10004f60 <tud_task_ext+0x150>
10004f5e:	e0d6      	b.n	1000510e <tud_task_ext+0x2fe>
10004f60:	4a7d      	ldr	r2, [pc, #500]	@ (10005158 <tud_task_ext+0x348>)
10004f62:	009b      	lsls	r3, r3, #2
10004f64:	58d3      	ldr	r3, [r2, r3]
10004f66:	469f      	mov	pc, r3
10004f68:	4d76      	ldr	r5, [pc, #472]	@ (10005144 <tud_task_ext+0x334>)
10004f6a:	782b      	ldrb	r3, [r5, #0]
10004f6c:	07db      	lsls	r3, r3, #31
10004f6e:	d400      	bmi.n	10004f72 <tud_task_ext+0x162>
10004f70:	e763      	b.n	10004e3a <tud_task_ext+0x2a>
10004f72:	f7ff fec3 	bl	10004cfc <tud_resume_cb>
10004f76:	e760      	b.n	10004e3a <tud_task_ext+0x2a>
10004f78:	9b01      	ldr	r3, [sp, #4]
10004f7a:	78db      	ldrb	r3, [r3, #3]
10004f7c:	07db      	lsls	r3, r3, #31
10004f7e:	d400      	bmi.n	10004f82 <tud_task_ext+0x172>
10004f80:	e75b      	b.n	10004e3a <tud_task_ext+0x2a>
10004f82:	6860      	ldr	r0, [r4, #4]
10004f84:	f7ff feae 	bl	10004ce4 <tud_sof_cb>
10004f88:	e757      	b.n	10004e3a <tud_task_ext+0x2a>
10004f8a:	4d6e      	ldr	r5, [pc, #440]	@ (10005144 <tud_task_ext+0x334>)
10004f8c:	782b      	ldrb	r3, [r5, #0]
10004f8e:	07db      	lsls	r3, r3, #31
10004f90:	d400      	bmi.n	10004f94 <tud_task_ext+0x184>
10004f92:	e752      	b.n	10004e3a <tud_task_ext+0x2a>
10004f94:	7828      	ldrb	r0, [r5, #0]
10004f96:	0700      	lsls	r0, r0, #28
10004f98:	0fc0      	lsrs	r0, r0, #31
10004f9a:	f7ff fead 	bl	10004cf8 <tud_suspend_cb>
10004f9e:	e74c      	b.n	10004e3a <tud_task_ext+0x2a>
10004fa0:	7823      	ldrb	r3, [r4, #0]
10004fa2:	4969      	ldr	r1, [pc, #420]	@ (10005148 <tud_task_ext+0x338>)
10004fa4:	4699      	mov	r9, r3
10004fa6:	468b      	mov	fp, r1
10004fa8:	4b68      	ldr	r3, [pc, #416]	@ (1000514c <tud_task_ext+0x33c>)
10004faa:	4969      	ldr	r1, [pc, #420]	@ (10005150 <tud_task_ext+0x340>)
10004fac:	4698      	mov	r8, r3
10004fae:	468a      	mov	sl, r1
10004fb0:	0039      	movs	r1, r7
10004fb2:	781a      	ldrb	r2, [r3, #0]
10004fb4:	4647      	mov	r7, r8
10004fb6:	2300      	movs	r3, #0
10004fb8:	46b0      	mov	r8, r6
10004fba:	2500      	movs	r5, #0
10004fbc:	464e      	mov	r6, r9
10004fbe:	4689      	mov	r9, r1
10004fc0:	e010      	b.n	10004fe4 <tud_task_ext+0x1d4>
10004fc2:	4653      	mov	r3, sl
10004fc4:	681b      	ldr	r3, [r3, #0]
10004fc6:	016a      	lsls	r2, r5, #5
10004fc8:	189b      	adds	r3, r3, r2
10004fca:	2b00      	cmp	r3, #0
10004fcc:	d100      	bne.n	10004fd0 <tud_task_ext+0x1c0>
10004fce:	e075      	b.n	100050bc <tud_task_ext+0x2ac>
10004fd0:	68db      	ldr	r3, [r3, #12]
10004fd2:	0030      	movs	r0, r6
10004fd4:	4798      	blx	r3
10004fd6:	783a      	ldrb	r2, [r7, #0]
10004fd8:	3501      	adds	r5, #1
10004fda:	b2ed      	uxtb	r5, r5
10004fdc:	1c51      	adds	r1, r2, #1
10004fde:	002b      	movs	r3, r5
10004fe0:	428d      	cmp	r5, r1
10004fe2:	dc43      	bgt.n	1000506c <tud_task_ext+0x25c>
10004fe4:	4295      	cmp	r5, r2
10004fe6:	d3ec      	bcc.n	10004fc2 <tud_task_ext+0x1b2>
10004fe8:	1a9b      	subs	r3, r3, r2
10004fea:	015b      	lsls	r3, r3, #5
10004fec:	445b      	add	r3, fp
10004fee:	e7ef      	b.n	10004fd0 <tud_task_ext+0x1c0>
10004ff0:	7823      	ldrb	r3, [r4, #0]
10004ff2:	4957      	ldr	r1, [pc, #348]	@ (10005150 <tud_task_ext+0x340>)
10004ff4:	4699      	mov	r9, r3
10004ff6:	4b55      	ldr	r3, [pc, #340]	@ (1000514c <tud_task_ext+0x33c>)
10004ff8:	468a      	mov	sl, r1
10004ffa:	4698      	mov	r8, r3
10004ffc:	0031      	movs	r1, r6
10004ffe:	46bb      	mov	fp, r7
10005000:	464e      	mov	r6, r9
10005002:	781a      	ldrb	r2, [r3, #0]
10005004:	2500      	movs	r5, #0
10005006:	2300      	movs	r3, #0
10005008:	4647      	mov	r7, r8
1000500a:	4689      	mov	r9, r1
1000500c:	e00f      	b.n	1000502e <tud_task_ext+0x21e>
1000500e:	4653      	mov	r3, sl
10005010:	681b      	ldr	r3, [r3, #0]
10005012:	016a      	lsls	r2, r5, #5
10005014:	189b      	adds	r3, r3, r2
10005016:	2b00      	cmp	r3, #0
10005018:	d054      	beq.n	100050c4 <tud_task_ext+0x2b4>
1000501a:	68db      	ldr	r3, [r3, #12]
1000501c:	0030      	movs	r0, r6
1000501e:	4798      	blx	r3
10005020:	783a      	ldrb	r2, [r7, #0]
10005022:	3501      	adds	r5, #1
10005024:	b2ed      	uxtb	r5, r5
10005026:	1c51      	adds	r1, r2, #1
10005028:	002b      	movs	r3, r5
1000502a:	428d      	cmp	r5, r1
1000502c:	dc06      	bgt.n	1000503c <tud_task_ext+0x22c>
1000502e:	4295      	cmp	r5, r2
10005030:	d3ed      	bcc.n	1000500e <tud_task_ext+0x1fe>
10005032:	1a9b      	subs	r3, r3, r2
10005034:	9a00      	ldr	r2, [sp, #0]
10005036:	015b      	lsls	r3, r3, #5
10005038:	18d3      	adds	r3, r2, r3
1000503a:	e7ee      	b.n	1000501a <tud_task_ext+0x20a>
1000503c:	9d01      	ldr	r5, [sp, #4]
1000503e:	2254      	movs	r2, #84	@ 0x54
10005040:	2100      	movs	r1, #0
10005042:	0028      	movs	r0, r5
10005044:	f7fd fad0 	bl	100025e8 <__wrap_memset>
10005048:	2210      	movs	r2, #16
1000504a:	21ff      	movs	r1, #255	@ 0xff
1000504c:	4843      	ldr	r0, [pc, #268]	@ (1000515c <tud_task_ext+0x34c>)
1000504e:	f7fd facb 	bl	100025e8 <__wrap_memset>
10005052:	0028      	movs	r0, r5
10005054:	2220      	movs	r2, #32
10005056:	21ff      	movs	r1, #255	@ 0xff
10005058:	3014      	adds	r0, #20
1000505a:	464e      	mov	r6, r9
1000505c:	465f      	mov	r7, fp
1000505e:	f7fd fac3 	bl	100025e8 <__wrap_memset>
10005062:	f000 fbef 	bl	10005844 <usbd_control_reset>
10005066:	f7ff fe45 	bl	10004cf4 <tud_umount_cb>
1000506a:	e6e6      	b.n	10004e3a <tud_task_ext+0x2a>
1000506c:	4d35      	ldr	r5, [pc, #212]	@ (10005144 <tud_task_ext+0x334>)
1000506e:	2254      	movs	r2, #84	@ 0x54
10005070:	2100      	movs	r1, #0
10005072:	0028      	movs	r0, r5
10005074:	f7fd fab8 	bl	100025e8 <__wrap_memset>
10005078:	2210      	movs	r2, #16
1000507a:	21ff      	movs	r1, #255	@ 0xff
1000507c:	1d28      	adds	r0, r5, #4
1000507e:	f7fd fab3 	bl	100025e8 <__wrap_memset>
10005082:	0028      	movs	r0, r5
10005084:	2220      	movs	r2, #32
10005086:	21ff      	movs	r1, #255	@ 0xff
10005088:	3014      	adds	r0, #20
1000508a:	4646      	mov	r6, r8
1000508c:	464f      	mov	r7, r9
1000508e:	f7fd faab 	bl	100025e8 <__wrap_memset>
10005092:	f000 fbd7 	bl	10005844 <usbd_control_reset>
10005096:	7923      	ldrb	r3, [r4, #4]
10005098:	70ab      	strb	r3, [r5, #2]
1000509a:	e6ce      	b.n	10004e3a <tud_task_ext+0x2a>
1000509c:	1c50      	adds	r0, r2, #1
1000509e:	4298      	cmp	r0, r3
100050a0:	da13      	bge.n	100050ca <tud_task_ext+0x2ba>
100050a2:	b011      	add	sp, #68	@ 0x44
100050a4:	bcf0      	pop	{r4, r5, r6, r7}
100050a6:	46bb      	mov	fp, r7
100050a8:	46b2      	mov	sl, r6
100050aa:	46a9      	mov	r9, r5
100050ac:	46a0      	mov	r8, r4
100050ae:	bdf0      	pop	{r4, r5, r6, r7, pc}
100050b0:	68a3      	ldr	r3, [r4, #8]
100050b2:	7962      	ldrb	r2, [r4, #5]
100050b4:	7820      	ldrb	r0, [r4, #0]
100050b6:	f000 fbe3 	bl	10005880 <usbd_control_xfer_cb>
100050ba:	e6be      	b.n	10004e3a <tud_task_ext+0x2a>
100050bc:	4646      	mov	r6, r8
100050be:	464f      	mov	r7, r9
100050c0:	4d20      	ldr	r5, [pc, #128]	@ (10005144 <tud_task_ext+0x334>)
100050c2:	e7e6      	b.n	10005092 <tud_task_ext+0x282>
100050c4:	464e      	mov	r6, r9
100050c6:	465f      	mov	r7, fp
100050c8:	e7cb      	b.n	10005062 <tud_task_ext+0x252>
100050ca:	4d1f      	ldr	r5, [pc, #124]	@ (10005148 <tud_task_ext+0x338>)
100050cc:	1a9b      	subs	r3, r3, r2
100050ce:	015b      	lsls	r3, r3, #5
100050d0:	195d      	adds	r5, r3, r5
100050d2:	e6fc      	b.n	10004ece <tud_task_ext+0xbe>
100050d4:	2370      	movs	r3, #112	@ 0x70
100050d6:	7a21      	ldrb	r1, [r4, #8]
100050d8:	420b      	tst	r3, r1
100050da:	d118      	bne.n	1000510e <tud_task_ext+0x2fe>
100050dc:	09c8      	lsrs	r0, r1, #7
100050de:	4682      	mov	sl, r0
100050e0:	330f      	adds	r3, #15
100050e2:	400b      	ands	r3, r1
100050e4:	005b      	lsls	r3, r3, #1
100050e6:	4698      	mov	r8, r3
100050e8:	4818      	ldr	r0, [pc, #96]	@ (1000514c <tud_task_ext+0x33c>)
100050ea:	18eb      	adds	r3, r5, r3
100050ec:	4453      	add	r3, sl
100050ee:	7d1b      	ldrb	r3, [r3, #20]
100050f0:	7800      	ldrb	r0, [r0, #0]
100050f2:	4699      	mov	r9, r3
100050f4:	4283      	cmp	r3, r0
100050f6:	d268      	bcs.n	100051ca <tud_task_ext+0x3ba>
100050f8:	4815      	ldr	r0, [pc, #84]	@ (10005150 <tud_task_ext+0x340>)
100050fa:	015b      	lsls	r3, r3, #5
100050fc:	6800      	ldr	r0, [r0, #0]
100050fe:	4681      	mov	r9, r0
10005100:	4499      	add	r9, r3
10005102:	2a00      	cmp	r2, #0
10005104:	d100      	bne.n	10005108 <tud_task_ext+0x2f8>
10005106:	e163      	b.n	100053d0 <tud_task_ext+0x5c0>
10005108:	464b      	mov	r3, r9
1000510a:	2b00      	cmp	r3, #0
1000510c:	d16a      	bne.n	100051e4 <tud_task_ext+0x3d4>
1000510e:	7820      	ldrb	r0, [r4, #0]
10005110:	2100      	movs	r1, #0
10005112:	f7ff fd6f 	bl	10004bf4 <dcd_edpt_stall>
10005116:	2180      	movs	r1, #128	@ 0x80
10005118:	7820      	ldrb	r0, [r4, #0]
1000511a:	f7ff fd6b 	bl	10004bf4 <dcd_edpt_stall>
1000511e:	e68c      	b.n	10004e3a <tud_task_ext+0x2a>
10005120:	480f      	ldr	r0, [pc, #60]	@ (10005160 <tud_task_ext+0x350>)
10005122:	f000 fb99 	bl	10005858 <usbd_control_set_complete_callback>
10005126:	2101      	movs	r1, #1
10005128:	4658      	mov	r0, fp
1000512a:	aa0e      	add	r2, sp, #56	@ 0x38
1000512c:	f7ff f8c0 	bl	100042b0 <tud_vendor_control_xfer_cb>
10005130:	2800      	cmp	r0, #0
10005132:	d000      	beq.n	10005136 <tud_task_ext+0x326>
10005134:	e681      	b.n	10004e3a <tud_task_ext+0x2a>
10005136:	e7ea      	b.n	1000510e <tud_task_ext+0x2fe>
10005138:	20001054 	.word	0x20001054
1000513c:	100070d4 	.word	0x100070d4
10005140:	200015f0 	.word	0x200015f0
10005144:	20001598 	.word	0x20001598
10005148:	1000717c 	.word	0x1000717c
1000514c:	20001f51 	.word	0x20001f51
10005150:	200014b0 	.word	0x200014b0
10005154:	20001f53 	.word	0x20001f53
10005158:	100070f8 	.word	0x100070f8
1000515c:	2000159c 	.word	0x2000159c
10005160:	100042b1 	.word	0x100042b1
10005164:	7a23      	ldrb	r3, [r4, #8]
10005166:	8922      	ldrh	r2, [r4, #8]
10005168:	2b0f      	cmp	r3, #15
1000516a:	d8d0      	bhi.n	1000510e <tud_task_ext+0x2fe>
1000516c:	23ff      	movs	r3, #255	@ 0xff
1000516e:	4013      	ands	r3, r2
10005170:	4acf      	ldr	r2, [pc, #828]	@ (100054b0 <tud_task_ext+0x6a0>)
10005172:	18eb      	adds	r3, r5, r3
10005174:	791b      	ldrb	r3, [r3, #4]
10005176:	7815      	ldrb	r5, [r2, #0]
10005178:	42ab      	cmp	r3, r5
1000517a:	d33e      	bcc.n	100051fa <tud_task_ext+0x3ea>
1000517c:	1c69      	adds	r1, r5, #1
1000517e:	4299      	cmp	r1, r3
10005180:	dbc5      	blt.n	1000510e <tud_task_ext+0x2fe>
10005182:	1b5d      	subs	r5, r3, r5
10005184:	4bcb      	ldr	r3, [pc, #812]	@ (100054b4 <tud_task_ext+0x6a4>)
10005186:	016d      	lsls	r5, r5, #5
10005188:	18ed      	adds	r5, r5, r3
1000518a:	6968      	ldr	r0, [r5, #20]
1000518c:	f000 fb64 	bl	10005858 <usbd_control_set_complete_callback>
10005190:	2101      	movs	r1, #1
10005192:	4658      	mov	r0, fp
10005194:	696b      	ldr	r3, [r5, #20]
10005196:	aa0e      	add	r2, sp, #56	@ 0x38
10005198:	4798      	blx	r3
1000519a:	2800      	cmp	r0, #0
1000519c:	d000      	beq.n	100051a0 <tud_task_ext+0x390>
1000519e:	e64c      	b.n	10004e3a <tud_task_ext+0x2a>
100051a0:	2260      	movs	r2, #96	@ 0x60
100051a2:	0015      	movs	r5, r2
100051a4:	7923      	ldrb	r3, [r4, #4]
100051a6:	401d      	ands	r5, r3
100051a8:	421a      	tst	r2, r3
100051aa:	d1b0      	bne.n	1000510e <tud_task_ext+0x2fe>
100051ac:	7963      	ldrb	r3, [r4, #5]
100051ae:	3b0a      	subs	r3, #10
100051b0:	2b01      	cmp	r3, #1
100051b2:	d8ac      	bhi.n	1000510e <tud_task_ext+0x2fe>
100051b4:	f000 fb50 	bl	10005858 <usbd_control_set_complete_callback>
100051b8:	7963      	ldrb	r3, [r4, #5]
100051ba:	2b0a      	cmp	r3, #10
100051bc:	d100      	bne.n	100051c0 <tud_task_ext+0x3b0>
100051be:	e199      	b.n	100054f4 <tud_task_ext+0x6e4>
100051c0:	4658      	mov	r0, fp
100051c2:	a90e      	add	r1, sp, #56	@ 0x38
100051c4:	f000 fad8 	bl	10005778 <tud_control_status>
100051c8:	e637      	b.n	10004e3a <tud_task_ext+0x2a>
100051ca:	1c43      	adds	r3, r0, #1
100051cc:	454b      	cmp	r3, r9
100051ce:	da00      	bge.n	100051d2 <tud_task_ext+0x3c2>
100051d0:	e0f9      	b.n	100053c6 <tud_task_ext+0x5b6>
100051d2:	464b      	mov	r3, r9
100051d4:	1a1b      	subs	r3, r3, r0
100051d6:	015b      	lsls	r3, r3, #5
100051d8:	4699      	mov	r9, r3
100051da:	48b6      	ldr	r0, [pc, #728]	@ (100054b4 <tud_task_ext+0x6a4>)
100051dc:	4481      	add	r9, r0
100051de:	2a00      	cmp	r2, #0
100051e0:	d100      	bne.n	100051e4 <tud_task_ext+0x3d4>
100051e2:	e0f5      	b.n	100053d0 <tud_task_ext+0x5c0>
100051e4:	464b      	mov	r3, r9
100051e6:	6958      	ldr	r0, [r3, #20]
100051e8:	f000 fb36 	bl	10005858 <usbd_control_set_complete_callback>
100051ec:	464b      	mov	r3, r9
100051ee:	2101      	movs	r1, #1
100051f0:	4658      	mov	r0, fp
100051f2:	695b      	ldr	r3, [r3, #20]
100051f4:	aa0e      	add	r2, sp, #56	@ 0x38
100051f6:	4798      	blx	r3
100051f8:	e79a      	b.n	10005130 <tud_task_ext+0x320>
100051fa:	4aaf      	ldr	r2, [pc, #700]	@ (100054b8 <tud_task_ext+0x6a8>)
100051fc:	015b      	lsls	r3, r3, #5
100051fe:	6815      	ldr	r5, [r2, #0]
10005200:	18ed      	adds	r5, r5, r3
10005202:	2d00      	cmp	r5, #0
10005204:	d1c1      	bne.n	1000518a <tud_task_ext+0x37a>
10005206:	e782      	b.n	1000510e <tud_task_ext+0x2fe>
10005208:	79a3      	ldrb	r3, [r4, #6]
1000520a:	4699      	mov	r9, r3
1000520c:	786b      	ldrb	r3, [r5, #1]
1000520e:	4599      	cmp	r9, r3
10005210:	d0d6      	beq.n	100051c0 <tud_task_ext+0x3b0>
10005212:	786b      	ldrb	r3, [r5, #1]
10005214:	2b00      	cmp	r3, #0
10005216:	d000      	beq.n	1000521a <tud_task_ext+0x40a>
10005218:	e135      	b.n	10005486 <tud_task_ext+0x676>
1000521a:	464b      	mov	r3, r9
1000521c:	706b      	strb	r3, [r5, #1]
1000521e:	2b00      	cmp	r3, #0
10005220:	d100      	bne.n	10005224 <tud_task_ext+0x414>
10005222:	e12d      	b.n	10005480 <tud_task_ext+0x670>
10005224:	4648      	mov	r0, r9
10005226:	3801      	subs	r0, #1
10005228:	b2c0      	uxtb	r0, r0
1000522a:	f7ff fa7d 	bl	10004728 <tud_descriptor_configuration_cb>
1000522e:	2800      	cmp	r0, #0
10005230:	d100      	bne.n	10005234 <tud_task_ext+0x424>
10005232:	e17e      	b.n	10005532 <tud_task_ext+0x722>
10005234:	7843      	ldrb	r3, [r0, #1]
10005236:	9307      	str	r3, [sp, #28]
10005238:	2b02      	cmp	r3, #2
1000523a:	d000      	beq.n	1000523e <tud_task_ext+0x42e>
1000523c:	e179      	b.n	10005532 <tud_task_ext+0x722>
1000523e:	2201      	movs	r2, #1
10005240:	79c1      	ldrb	r1, [r0, #7]
10005242:	46b1      	mov	r9, r6
10005244:	118b      	asrs	r3, r1, #6
10005246:	1149      	asrs	r1, r1, #5
10005248:	4013      	ands	r3, r2
1000524a:	400a      	ands	r2, r1
1000524c:	2130      	movs	r1, #48	@ 0x30
1000524e:	0112      	lsls	r2, r2, #4
10005250:	015b      	lsls	r3, r3, #5
10005252:	4313      	orrs	r3, r2
10005254:	782a      	ldrb	r2, [r5, #0]
10005256:	46a8      	mov	r8, r5
10005258:	438a      	bics	r2, r1
1000525a:	4313      	orrs	r3, r2
1000525c:	702b      	strb	r3, [r5, #0]
1000525e:	2309      	movs	r3, #9
10005260:	469a      	mov	sl, r3
10005262:	4482      	add	sl, r0
10005264:	4656      	mov	r6, sl
10005266:	46ba      	mov	sl, r7
10005268:	78c3      	ldrb	r3, [r0, #3]
1000526a:	7882      	ldrb	r2, [r0, #2]
1000526c:	021b      	lsls	r3, r3, #8
1000526e:	4313      	orrs	r3, r2
10005270:	18c3      	adds	r3, r0, r3
10005272:	9305      	str	r3, [sp, #20]
10005274:	4b8e      	ldr	r3, [pc, #568]	@ (100054b0 <tud_task_ext+0x6a0>)
10005276:	9304      	str	r3, [sp, #16]
10005278:	4b8e      	ldr	r3, [pc, #568]	@ (100054b4 <tud_task_ext+0x6a4>)
1000527a:	9308      	str	r3, [sp, #32]
1000527c:	4b8e      	ldr	r3, [pc, #568]	@ (100054b8 <tud_task_ext+0x6a8>)
1000527e:	9309      	str	r3, [sp, #36]	@ 0x24
10005280:	4b8e      	ldr	r3, [pc, #568]	@ (100054bc <tud_task_ext+0x6ac>)
10005282:	930a      	str	r3, [sp, #40]	@ 0x28
10005284:	9b05      	ldr	r3, [sp, #20]
10005286:	42b3      	cmp	r3, r6
10005288:	d800      	bhi.n	1000528c <tud_task_ext+0x47c>
1000528a:	e155      	b.n	10005538 <tud_task_ext+0x728>
1000528c:	7873      	ldrb	r3, [r6, #1]
1000528e:	2201      	movs	r2, #1
10005290:	2b0b      	cmp	r3, #11
10005292:	d103      	bne.n	1000529c <tud_task_ext+0x48c>
10005294:	7833      	ldrb	r3, [r6, #0]
10005296:	78f2      	ldrb	r2, [r6, #3]
10005298:	18f6      	adds	r6, r6, r3
1000529a:	7873      	ldrb	r3, [r6, #1]
1000529c:	2b04      	cmp	r3, #4
1000529e:	d000      	beq.n	100052a2 <tud_task_ext+0x492>
100052a0:	e144      	b.n	1000552c <tud_task_ext+0x71c>
100052a2:	9b05      	ldr	r3, [sp, #20]
100052a4:	2700      	movs	r7, #0
100052a6:	1b9b      	subs	r3, r3, r6
100052a8:	b29b      	uxth	r3, r3
100052aa:	9306      	str	r3, [sp, #24]
100052ac:	9b04      	ldr	r3, [sp, #16]
100052ae:	920b      	str	r2, [sp, #44]	@ 0x2c
100052b0:	781d      	ldrb	r5, [r3, #0]
100052b2:	2300      	movs	r3, #0
100052b4:	9303      	str	r3, [sp, #12]
100052b6:	e01b      	b.n	100052f0 <tud_task_ext+0x4e0>
100052b8:	9a09      	ldr	r2, [sp, #36]	@ 0x24
100052ba:	017b      	lsls	r3, r7, #5
100052bc:	6815      	ldr	r5, [r2, #0]
100052be:	18ed      	adds	r5, r5, r3
100052c0:	2d00      	cmp	r5, #0
100052c2:	d100      	bne.n	100052c6 <tud_task_ext+0x4b6>
100052c4:	e132      	b.n	1000552c <tud_task_ext+0x71c>
100052c6:	0031      	movs	r1, r6
100052c8:	4658      	mov	r0, fp
100052ca:	692b      	ldr	r3, [r5, #16]
100052cc:	9a06      	ldr	r2, [sp, #24]
100052ce:	4798      	blx	r3
100052d0:	4684      	mov	ip, r0
100052d2:	2808      	cmp	r0, #8
100052d4:	d903      	bls.n	100052de <tud_task_ext+0x4ce>
100052d6:	9a06      	ldr	r2, [sp, #24]
100052d8:	4282      	cmp	r2, r0
100052da:	d300      	bcc.n	100052de <tud_task_ext+0x4ce>
100052dc:	e113      	b.n	10005506 <tud_task_ext+0x6f6>
100052de:	9b04      	ldr	r3, [sp, #16]
100052e0:	3701      	adds	r7, #1
100052e2:	781d      	ldrb	r5, [r3, #0]
100052e4:	b2ff      	uxtb	r7, r7
100052e6:	1c6b      	adds	r3, r5, #1
100052e8:	9703      	str	r7, [sp, #12]
100052ea:	429f      	cmp	r7, r3
100052ec:	dd00      	ble.n	100052f0 <tud_task_ext+0x4e0>
100052ee:	e11d      	b.n	1000552c <tud_task_ext+0x71c>
100052f0:	42bd      	cmp	r5, r7
100052f2:	d8e1      	bhi.n	100052b8 <tud_task_ext+0x4a8>
100052f4:	9b03      	ldr	r3, [sp, #12]
100052f6:	1b5d      	subs	r5, r3, r5
100052f8:	9b08      	ldr	r3, [sp, #32]
100052fa:	016d      	lsls	r5, r5, #5
100052fc:	195d      	adds	r5, r3, r5
100052fe:	e7e2      	b.n	100052c6 <tud_task_ext+0x4b6>
10005300:	786b      	ldrb	r3, [r5, #1]
10005302:	aa0c      	add	r2, sp, #48	@ 0x30
10005304:	3202      	adds	r2, #2
10005306:	7013      	strb	r3, [r2, #0]
10005308:	4658      	mov	r0, fp
1000530a:	2301      	movs	r3, #1
1000530c:	a90e      	add	r1, sp, #56	@ 0x38
1000530e:	f000 fa49 	bl	100057a4 <tud_control_xfer>
10005312:	e592      	b.n	10004e3a <tud_task_ext+0x2a>
10005314:	88e0      	ldrh	r0, [r4, #6]
10005316:	0a03      	lsrs	r3, r0, #8
10005318:	b2c0      	uxtb	r0, r0
1000531a:	2b0f      	cmp	r3, #15
1000531c:	d900      	bls.n	10005320 <tud_task_ext+0x510>
1000531e:	e6f6      	b.n	1000510e <tud_task_ext+0x2fe>
10005320:	4967      	ldr	r1, [pc, #412]	@ (100054c0 <tud_task_ext+0x6b0>)
10005322:	009a      	lsls	r2, r3, #2
10005324:	588a      	ldr	r2, [r1, r2]
10005326:	4697      	mov	pc, r2
10005328:	a80e      	add	r0, sp, #56	@ 0x38
1000532a:	f000 fa9b 	bl	10005864 <usbd_control_set_request>
1000532e:	4658      	mov	r0, fp
10005330:	79a1      	ldrb	r1, [r4, #6]
10005332:	f7ff fb99 	bl	10004a68 <dcd_set_address>
10005336:	2202      	movs	r2, #2
10005338:	782b      	ldrb	r3, [r5, #0]
1000533a:	4313      	orrs	r3, r2
1000533c:	702b      	strb	r3, [r5, #0]
1000533e:	e57c      	b.n	10004e3a <tud_task_ext+0x2a>
10005340:	88e3      	ldrh	r3, [r4, #6]
10005342:	2b01      	cmp	r3, #1
10005344:	d000      	beq.n	10005348 <tud_task_ext+0x538>
10005346:	e6e2      	b.n	1000510e <tud_task_ext+0x2fe>
10005348:	2208      	movs	r2, #8
1000534a:	782b      	ldrb	r3, [r5, #0]
1000534c:	4658      	mov	r0, fp
1000534e:	4393      	bics	r3, r2
10005350:	a90e      	add	r1, sp, #56	@ 0x38
10005352:	702b      	strb	r3, [r5, #0]
10005354:	f000 fa10 	bl	10005778 <tud_control_status>
10005358:	e56f      	b.n	10004e3a <tud_task_ext+0x2a>
1000535a:	2002      	movs	r0, #2
1000535c:	7829      	ldrb	r1, [r5, #0]
1000535e:	ab0c      	add	r3, sp, #48	@ 0x30
10005360:	1c9a      	adds	r2, r3, #2
10005362:	068b      	lsls	r3, r1, #26
10005364:	0889      	lsrs	r1, r1, #2
10005366:	0fdb      	lsrs	r3, r3, #31
10005368:	4001      	ands	r1, r0
1000536a:	430b      	orrs	r3, r1
1000536c:	8013      	strh	r3, [r2, #0]
1000536e:	4658      	mov	r0, fp
10005370:	2302      	movs	r3, #2
10005372:	a90e      	add	r1, sp, #56	@ 0x38
10005374:	f000 fa16 	bl	100057a4 <tud_control_xfer>
10005378:	e55f      	b.n	10004e3a <tud_task_ext+0x2a>
1000537a:	88e3      	ldrh	r3, [r4, #6]
1000537c:	2b01      	cmp	r3, #1
1000537e:	d000      	beq.n	10005382 <tud_task_ext+0x572>
10005380:	e6c5      	b.n	1000510e <tud_task_ext+0x2fe>
10005382:	2208      	movs	r2, #8
10005384:	782b      	ldrb	r3, [r5, #0]
10005386:	4313      	orrs	r3, r2
10005388:	702b      	strb	r3, [r5, #0]
1000538a:	e719      	b.n	100051c0 <tud_task_ext+0x3b0>
1000538c:	7a23      	ldrb	r3, [r4, #8]
1000538e:	8922      	ldrh	r2, [r4, #8]
10005390:	2b0f      	cmp	r3, #15
10005392:	d900      	bls.n	10005396 <tud_task_ext+0x586>
10005394:	e6bb      	b.n	1000510e <tud_task_ext+0x2fe>
10005396:	23ff      	movs	r3, #255	@ 0xff
10005398:	4013      	ands	r3, r2
1000539a:	18eb      	adds	r3, r5, r3
1000539c:	791d      	ldrb	r5, [r3, #4]
1000539e:	4b44      	ldr	r3, [pc, #272]	@ (100054b0 <tud_task_ext+0x6a0>)
100053a0:	781b      	ldrb	r3, [r3, #0]
100053a2:	429d      	cmp	r5, r3
100053a4:	d228      	bcs.n	100053f8 <tud_task_ext+0x5e8>
100053a6:	4b44      	ldr	r3, [pc, #272]	@ (100054b8 <tud_task_ext+0x6a8>)
100053a8:	016d      	lsls	r5, r5, #5
100053aa:	681b      	ldr	r3, [r3, #0]
100053ac:	195d      	adds	r5, r3, r5
100053ae:	2d00      	cmp	r5, #0
100053b0:	d100      	bne.n	100053b4 <tud_task_ext+0x5a4>
100053b2:	e6ac      	b.n	1000510e <tud_task_ext+0x2fe>
100053b4:	6968      	ldr	r0, [r5, #20]
100053b6:	f000 fa4f 	bl	10005858 <usbd_control_set_complete_callback>
100053ba:	2101      	movs	r1, #1
100053bc:	4658      	mov	r0, fp
100053be:	696b      	ldr	r3, [r5, #20]
100053c0:	aa0e      	add	r2, sp, #56	@ 0x38
100053c2:	4798      	blx	r3
100053c4:	e6b4      	b.n	10005130 <tud_task_ext+0x320>
100053c6:	2a00      	cmp	r2, #0
100053c8:	d000      	beq.n	100053cc <tud_task_ext+0x5bc>
100053ca:	e6a0      	b.n	1000510e <tud_task_ext+0x2fe>
100053cc:	2300      	movs	r3, #0
100053ce:	4699      	mov	r9, r3
100053d0:	7962      	ldrb	r2, [r4, #5]
100053d2:	2002      	movs	r0, #2
100053d4:	0013      	movs	r3, r2
100053d6:	9203      	str	r2, [sp, #12]
100053d8:	4383      	bics	r3, r0
100053da:	2b01      	cmp	r3, #1
100053dc:	d015      	beq.n	1000540a <tud_task_ext+0x5fa>
100053de:	2a00      	cmp	r2, #0
100053e0:	d000      	beq.n	100053e4 <tud_task_ext+0x5d4>
100053e2:	e694      	b.n	1000510e <tud_task_ext+0x2fe>
100053e4:	002b      	movs	r3, r5
100053e6:	4443      	add	r3, r8
100053e8:	4453      	add	r3, sl
100053ea:	3330      	adds	r3, #48	@ 0x30
100053ec:	791b      	ldrb	r3, [r3, #4]
100053ee:	aa0c      	add	r2, sp, #48	@ 0x30
100053f0:	079b      	lsls	r3, r3, #30
100053f2:	0fdb      	lsrs	r3, r3, #31
100053f4:	3202      	adds	r2, #2
100053f6:	e7b9      	b.n	1000536c <tud_task_ext+0x55c>
100053f8:	1c5a      	adds	r2, r3, #1
100053fa:	42aa      	cmp	r2, r5
100053fc:	da00      	bge.n	10005400 <tud_task_ext+0x5f0>
100053fe:	e686      	b.n	1000510e <tud_task_ext+0x2fe>
10005400:	1aed      	subs	r5, r5, r3
10005402:	4b2c      	ldr	r3, [pc, #176]	@ (100054b4 <tud_task_ext+0x6a4>)
10005404:	016d      	lsls	r5, r5, #5
10005406:	18ed      	adds	r5, r5, r3
10005408:	e7d4      	b.n	100053b4 <tud_task_ext+0x5a4>
1000540a:	88e3      	ldrh	r3, [r4, #6]
1000540c:	2b00      	cmp	r3, #0
1000540e:	d112      	bne.n	10005436 <tud_task_ext+0x626>
10005410:	9b02      	ldr	r3, [sp, #8]
10005412:	7818      	ldrb	r0, [r3, #0]
10005414:	9b03      	ldr	r3, [sp, #12]
10005416:	2b01      	cmp	r3, #1
10005418:	d023      	beq.n	10005462 <tud_task_ext+0x652>
1000541a:	f7ff fbeb 	bl	10004bf4 <dcd_edpt_stall>
1000541e:	4643      	mov	r3, r8
10005420:	2102      	movs	r1, #2
10005422:	18eb      	adds	r3, r5, r3
10005424:	4453      	add	r3, sl
10005426:	3330      	adds	r3, #48	@ 0x30
10005428:	791a      	ldrb	r2, [r3, #4]
1000542a:	430a      	orrs	r2, r1
1000542c:	2101      	movs	r1, #1
1000542e:	711a      	strb	r2, [r3, #4]
10005430:	791a      	ldrb	r2, [r3, #4]
10005432:	430a      	orrs	r2, r1
10005434:	711a      	strb	r2, [r3, #4]
10005436:	464b      	mov	r3, r9
10005438:	2b00      	cmp	r3, #0
1000543a:	d100      	bne.n	1000543e <tud_task_ext+0x62e>
1000543c:	e4fd      	b.n	10004e3a <tud_task_ext+0x2a>
1000543e:	6958      	ldr	r0, [r3, #20]
10005440:	f000 fa0a 	bl	10005858 <usbd_control_set_complete_callback>
10005444:	464b      	mov	r3, r9
10005446:	2101      	movs	r1, #1
10005448:	695b      	ldr	r3, [r3, #20]
1000544a:	aa0e      	add	r2, sp, #56	@ 0x38
1000544c:	4658      	mov	r0, fp
1000544e:	4798      	blx	r3
10005450:	2000      	movs	r0, #0
10005452:	f000 fa01 	bl	10005858 <usbd_control_set_complete_callback>
10005456:	2335      	movs	r3, #53	@ 0x35
10005458:	5ceb      	ldrb	r3, [r5, r3]
1000545a:	07db      	lsls	r3, r3, #31
1000545c:	d500      	bpl.n	10005460 <tud_task_ext+0x650>
1000545e:	e4ec      	b.n	10004e3a <tud_task_ext+0x2a>
10005460:	e6ae      	b.n	100051c0 <tud_task_ext+0x3b0>
10005462:	f7ff fbe5 	bl	10004c30 <dcd_edpt_clear_stall>
10005466:	4643      	mov	r3, r8
10005468:	2102      	movs	r1, #2
1000546a:	18eb      	adds	r3, r5, r3
1000546c:	4453      	add	r3, sl
1000546e:	3330      	adds	r3, #48	@ 0x30
10005470:	791a      	ldrb	r2, [r3, #4]
10005472:	438a      	bics	r2, r1
10005474:	711a      	strb	r2, [r3, #4]
10005476:	791a      	ldrb	r2, [r3, #4]
10005478:	9903      	ldr	r1, [sp, #12]
1000547a:	438a      	bics	r2, r1
1000547c:	711a      	strb	r2, [r3, #4]
1000547e:	e7da      	b.n	10005436 <tud_task_ext+0x626>
10005480:	f7ff fc38 	bl	10004cf4 <tud_umount_cb>
10005484:	e69c      	b.n	100051c0 <tud_task_ext+0x3b0>
10005486:	2100      	movs	r1, #0
10005488:	4658      	mov	r0, fp
1000548a:	f7ff faf7 	bl	10004a7c <dcd_sof_enable>
1000548e:	4658      	mov	r0, fp
10005490:	f7ff fb9a 	bl	10004bc8 <dcd_edpt_close_all>
10005494:	78ab      	ldrb	r3, [r5, #2]
10005496:	4907      	ldr	r1, [pc, #28]	@ (100054b4 <tud_task_ext+0x6a4>)
10005498:	9303      	str	r3, [sp, #12]
1000549a:	4b05      	ldr	r3, [pc, #20]	@ (100054b0 <tud_task_ext+0x6a0>)
1000549c:	9104      	str	r1, [sp, #16]
1000549e:	4698      	mov	r8, r3
100054a0:	781a      	ldrb	r2, [r3, #0]
100054a2:	2300      	movs	r3, #0
100054a4:	4904      	ldr	r1, [pc, #16]	@ (100054b8 <tud_task_ext+0x6a8>)
100054a6:	46aa      	mov	sl, r5
100054a8:	9105      	str	r1, [sp, #20]
100054aa:	001d      	movs	r5, r3
100054ac:	e01b      	b.n	100054e6 <tud_task_ext+0x6d6>
100054ae:	46c0      	nop			@ (mov r8, r8)
100054b0:	20001f51 	.word	0x20001f51
100054b4:	1000717c 	.word	0x1000717c
100054b8:	200014b0 	.word	0x200014b0
100054bc:	200015ac 	.word	0x200015ac
100054c0:	10007120 	.word	0x10007120
100054c4:	9b05      	ldr	r3, [sp, #20]
100054c6:	016a      	lsls	r2, r5, #5
100054c8:	681b      	ldr	r3, [r3, #0]
100054ca:	189b      	adds	r3, r3, r2
100054cc:	2b00      	cmp	r3, #0
100054ce:	d04c      	beq.n	1000556a <tud_task_ext+0x75a>
100054d0:	68db      	ldr	r3, [r3, #12]
100054d2:	4658      	mov	r0, fp
100054d4:	4798      	blx	r3
100054d6:	4643      	mov	r3, r8
100054d8:	781a      	ldrb	r2, [r3, #0]
100054da:	3501      	adds	r5, #1
100054dc:	b2ed      	uxtb	r5, r5
100054de:	1c51      	adds	r1, r2, #1
100054e0:	002b      	movs	r3, r5
100054e2:	428d      	cmp	r5, r1
100054e4:	dc2d      	bgt.n	10005542 <tud_task_ext+0x732>
100054e6:	4295      	cmp	r5, r2
100054e8:	d3ec      	bcc.n	100054c4 <tud_task_ext+0x6b4>
100054ea:	1a9b      	subs	r3, r3, r2
100054ec:	9a04      	ldr	r2, [sp, #16]
100054ee:	015b      	lsls	r3, r3, #5
100054f0:	18d3      	adds	r3, r2, r3
100054f2:	e7ed      	b.n	100054d0 <tud_task_ext+0x6c0>
100054f4:	ab0c      	add	r3, sp, #48	@ 0x30
100054f6:	1c9a      	adds	r2, r3, #2
100054f8:	4658      	mov	r0, fp
100054fa:	2301      	movs	r3, #1
100054fc:	a90e      	add	r1, sp, #56	@ 0x38
100054fe:	7015      	strb	r5, [r2, #0]
10005500:	f000 f950 	bl	100057a4 <tud_control_xfer>
10005504:	e499      	b.n	10004e3a <tud_task_ext+0x2a>
10005506:	9a0b      	ldr	r2, [sp, #44]	@ 0x2c
10005508:	2a01      	cmp	r2, #1
1000550a:	d04e      	beq.n	100055aa <tud_task_ext+0x79a>
1000550c:	2a00      	cmp	r2, #0
1000550e:	d03c      	beq.n	1000558a <tud_task_ext+0x77a>
10005510:	2300      	movs	r3, #0
10005512:	78b0      	ldrb	r0, [r6, #2]
10005514:	e004      	b.n	10005520 <tud_task_ext+0x710>
10005516:	3301      	adds	r3, #1
10005518:	b2db      	uxtb	r3, r3
1000551a:	710f      	strb	r7, [r1, #4]
1000551c:	4293      	cmp	r3, r2
1000551e:	d234      	bcs.n	1000558a <tud_task_ext+0x77a>
10005520:	18c1      	adds	r1, r0, r3
10005522:	b2c9      	uxtb	r1, r1
10005524:	4441      	add	r1, r8
10005526:	790d      	ldrb	r5, [r1, #4]
10005528:	2dff      	cmp	r5, #255	@ 0xff
1000552a:	d0f4      	beq.n	10005516 <tud_task_ext+0x706>
1000552c:	464e      	mov	r6, r9
1000552e:	4645      	mov	r5, r8
10005530:	4657      	mov	r7, sl
10005532:	2300      	movs	r3, #0
10005534:	706b      	strb	r3, [r5, #1]
10005536:	e5ea      	b.n	1000510e <tud_task_ext+0x2fe>
10005538:	464e      	mov	r6, r9
1000553a:	4657      	mov	r7, sl
1000553c:	f7ff fbd8 	bl	10004cf0 <tud_mount_cb>
10005540:	e63e      	b.n	100051c0 <tud_task_ext+0x3b0>
10005542:	4655      	mov	r5, sl
10005544:	2254      	movs	r2, #84	@ 0x54
10005546:	2100      	movs	r1, #0
10005548:	0028      	movs	r0, r5
1000554a:	f7fd f84d 	bl	100025e8 <__wrap_memset>
1000554e:	2210      	movs	r2, #16
10005550:	21ff      	movs	r1, #255	@ 0xff
10005552:	1d28      	adds	r0, r5, #4
10005554:	f7fd f848 	bl	100025e8 <__wrap_memset>
10005558:	0028      	movs	r0, r5
1000555a:	2220      	movs	r2, #32
1000555c:	21ff      	movs	r1, #255	@ 0xff
1000555e:	3014      	adds	r0, #20
10005560:	f7fd f842 	bl	100025e8 <__wrap_memset>
10005564:	9b03      	ldr	r3, [sp, #12]
10005566:	70ab      	strb	r3, [r5, #2]
10005568:	e657      	b.n	1000521a <tud_task_ext+0x40a>
1000556a:	4655      	mov	r5, sl
1000556c:	e7fa      	b.n	10005564 <tud_task_ext+0x754>
1000556e:	f7fe fe9b 	bl	100042a8 <tud_descriptor_bos_cb>
10005572:	1e02      	subs	r2, r0, #0
10005574:	d100      	bne.n	10005578 <tud_task_ext+0x768>
10005576:	e5ca      	b.n	1000510e <tud_task_ext+0x2fe>
10005578:	78d3      	ldrb	r3, [r2, #3]
1000557a:	7891      	ldrb	r1, [r2, #2]
1000557c:	021b      	lsls	r3, r3, #8
1000557e:	430b      	orrs	r3, r1
10005580:	4658      	mov	r0, fp
10005582:	a90e      	add	r1, sp, #56	@ 0x38
10005584:	f000 f90e 	bl	100057a4 <tud_control_xfer>
10005588:	e5d2      	b.n	10005130 <tud_task_ext+0x320>
1000558a:	4665      	mov	r5, ip
1000558c:	003b      	movs	r3, r7
1000558e:	002a      	movs	r2, r5
10005590:	0031      	movs	r1, r6
10005592:	980a      	ldr	r0, [sp, #40]	@ 0x28
10005594:	f000 fe6a 	bl	1000626c <tu_edpt_bind_driver>
10005598:	9b04      	ldr	r3, [sp, #16]
1000559a:	9a03      	ldr	r2, [sp, #12]
1000559c:	781b      	ldrb	r3, [r3, #0]
1000559e:	1976      	adds	r6, r6, r5
100055a0:	3301      	adds	r3, #1
100055a2:	4293      	cmp	r3, r2
100055a4:	db00      	blt.n	100055a8 <tud_task_ext+0x798>
100055a6:	e66d      	b.n	10005284 <tud_task_ext+0x474>
100055a8:	e7c0      	b.n	1000552c <tud_task_ext+0x71c>
100055aa:	4b17      	ldr	r3, [pc, #92]	@ (10005608 <tud_task_ext+0x7f8>)
100055ac:	6929      	ldr	r1, [r5, #16]
100055ae:	4299      	cmp	r1, r3
100055b0:	d1ae      	bne.n	10005510 <tud_task_ext+0x700>
100055b2:	9a07      	ldr	r2, [sp, #28]
100055b4:	e7ac      	b.n	10005510 <tud_task_ext+0x700>
100055b6:	f7ff fb97 	bl	10004ce8 <tud_descriptor_device_qualifier_cb>
100055ba:	1e02      	subs	r2, r0, #0
100055bc:	d100      	bne.n	100055c0 <tud_task_ext+0x7b0>
100055be:	e5a6      	b.n	1000510e <tud_task_ext+0x2fe>
100055c0:	4658      	mov	r0, fp
100055c2:	7813      	ldrb	r3, [r2, #0]
100055c4:	a90e      	add	r1, sp, #56	@ 0x38
100055c6:	f000 f8ed 	bl	100057a4 <tud_control_xfer>
100055ca:	e5b1      	b.n	10005130 <tud_task_ext+0x320>
100055cc:	8921      	ldrh	r1, [r4, #8]
100055ce:	f7ff f8af 	bl	10004730 <tud_descriptor_string_cb>
100055d2:	1e02      	subs	r2, r0, #0
100055d4:	d1f4      	bne.n	100055c0 <tud_task_ext+0x7b0>
100055d6:	e59a      	b.n	1000510e <tud_task_ext+0x2fe>
100055d8:	2b02      	cmp	r3, #2
100055da:	d00f      	beq.n	100055fc <tud_task_ext+0x7ec>
100055dc:	f7ff fb86 	bl	10004cec <tud_descriptor_other_speed_configuration_cb>
100055e0:	1e02      	subs	r2, r0, #0
100055e2:	d1c9      	bne.n	10005578 <tud_task_ext+0x768>
100055e4:	e593      	b.n	1000510e <tud_task_ext+0x2fe>
100055e6:	f7ff f89b 	bl	10004720 <tud_descriptor_device_cb>
100055ea:	1e02      	subs	r2, r0, #0
100055ec:	d100      	bne.n	100055f0 <tud_task_ext+0x7e0>
100055ee:	e58e      	b.n	1000510e <tud_task_ext+0x2fe>
100055f0:	2312      	movs	r3, #18
100055f2:	4658      	mov	r0, fp
100055f4:	a90e      	add	r1, sp, #56	@ 0x38
100055f6:	f000 f8d5 	bl	100057a4 <tud_control_xfer>
100055fa:	e599      	b.n	10005130 <tud_task_ext+0x320>
100055fc:	f7ff f894 	bl	10004728 <tud_descriptor_configuration_cb>
10005600:	1e02      	subs	r2, r0, #0
10005602:	d1b9      	bne.n	10005578 <tud_task_ext+0x768>
10005604:	e583      	b.n	1000510e <tud_task_ext+0x2fe>
10005606:	46c0      	nop			@ (mov r8, r8)
10005608:	10005c51 	.word	0x10005c51

1000560c <usbd_open_edpt_pair>:
1000560c:	b5f0      	push	{r4, r5, r6, r7, lr}
1000560e:	464f      	mov	r7, r9
10005610:	4646      	mov	r6, r8
10005612:	46d6      	mov	lr, sl
10005614:	b5c0      	push	{r6, r7, lr}
10005616:	000c      	movs	r4, r1
10005618:	0016      	movs	r6, r2
1000561a:	001f      	movs	r7, r3
1000561c:	b082      	sub	sp, #8
1000561e:	2a00      	cmp	r2, #0
10005620:	d03a      	beq.n	10005698 <usbd_open_edpt_pair+0x8c>
10005622:	2370      	movs	r3, #112	@ 0x70
10005624:	4698      	mov	r8, r3
10005626:	4b1d      	ldr	r3, [pc, #116]	@ (1000569c <usbd_open_edpt_pair+0x90>)
10005628:	2500      	movs	r5, #0
1000562a:	4699      	mov	r9, r3
1000562c:	4b1c      	ldr	r3, [pc, #112]	@ (100056a0 <usbd_open_edpt_pair+0x94>)
1000562e:	469a      	mov	sl, r3
10005630:	e01a      	b.n	10005668 <usbd_open_edpt_pair+0x5c>
10005632:	464b      	mov	r3, r9
10005634:	781b      	ldrb	r3, [r3, #0]
10005636:	0020      	movs	r0, r4
10005638:	9301      	str	r3, [sp, #4]
1000563a:	4653      	mov	r3, sl
1000563c:	7899      	ldrb	r1, [r3, #2]
1000563e:	f000 fddb 	bl	100061f8 <tu_edpt_validate>
10005642:	2800      	cmp	r0, #0
10005644:	d01c      	beq.n	10005680 <usbd_open_edpt_pair+0x74>
10005646:	0021      	movs	r1, r4
10005648:	9801      	ldr	r0, [sp, #4]
1000564a:	f7ff fa33 	bl	10004ab4 <dcd_edpt_open>
1000564e:	2800      	cmp	r0, #0
10005650:	d016      	beq.n	10005680 <usbd_open_edpt_pair+0x74>
10005652:	78a3      	ldrb	r3, [r4, #2]
10005654:	09da      	lsrs	r2, r3, #7
10005656:	2a01      	cmp	r2, #1
10005658:	d019      	beq.n	1000568e <usbd_open_edpt_pair+0x82>
1000565a:	9a0a      	ldr	r2, [sp, #40]	@ 0x28
1000565c:	3501      	adds	r5, #1
1000565e:	7013      	strb	r3, [r2, #0]
10005660:	42b5      	cmp	r5, r6
10005662:	da19      	bge.n	10005698 <usbd_open_edpt_pair+0x8c>
10005664:	7823      	ldrb	r3, [r4, #0]
10005666:	18e4      	adds	r4, r4, r3
10005668:	7863      	ldrb	r3, [r4, #1]
1000566a:	2b05      	cmp	r3, #5
1000566c:	d108      	bne.n	10005680 <usbd_open_edpt_pair+0x74>
1000566e:	78e3      	ldrb	r3, [r4, #3]
10005670:	079b      	lsls	r3, r3, #30
10005672:	0f9b      	lsrs	r3, r3, #30
10005674:	42bb      	cmp	r3, r7
10005676:	d103      	bne.n	10005680 <usbd_open_edpt_pair+0x74>
10005678:	4642      	mov	r2, r8
1000567a:	78a3      	ldrb	r3, [r4, #2]
1000567c:	421a      	tst	r2, r3
1000567e:	d0d8      	beq.n	10005632 <usbd_open_edpt_pair+0x26>
10005680:	2000      	movs	r0, #0
10005682:	b002      	add	sp, #8
10005684:	bce0      	pop	{r5, r6, r7}
10005686:	46ba      	mov	sl, r7
10005688:	46b1      	mov	r9, r6
1000568a:	46a8      	mov	r8, r5
1000568c:	bdf0      	pop	{r4, r5, r6, r7, pc}
1000568e:	9a0b      	ldr	r2, [sp, #44]	@ 0x2c
10005690:	3501      	adds	r5, #1
10005692:	7013      	strb	r3, [r2, #0]
10005694:	42b5      	cmp	r5, r6
10005696:	dbe5      	blt.n	10005664 <usbd_open_edpt_pair+0x58>
10005698:	2001      	movs	r0, #1
1000569a:	e7f2      	b.n	10005682 <usbd_open_edpt_pair+0x76>
1000569c:	20001054 	.word	0x20001054
100056a0:	20001598 	.word	0x20001598

100056a4 <usbd_edpt_open>:
100056a4:	2270      	movs	r2, #112	@ 0x70
100056a6:	b570      	push	{r4, r5, r6, lr}
100056a8:	788b      	ldrb	r3, [r1, #2]
100056aa:	000c      	movs	r4, r1
100056ac:	421a      	tst	r2, r3
100056ae:	d001      	beq.n	100056b4 <usbd_edpt_open+0x10>
100056b0:	2000      	movs	r0, #0
100056b2:	bd70      	pop	{r4, r5, r6, pc}
100056b4:	4b06      	ldr	r3, [pc, #24]	@ (100056d0 <usbd_edpt_open+0x2c>)
100056b6:	0020      	movs	r0, r4
100056b8:	781d      	ldrb	r5, [r3, #0]
100056ba:	4b06      	ldr	r3, [pc, #24]	@ (100056d4 <usbd_edpt_open+0x30>)
100056bc:	7899      	ldrb	r1, [r3, #2]
100056be:	f000 fd9b 	bl	100061f8 <tu_edpt_validate>
100056c2:	2800      	cmp	r0, #0
100056c4:	d0f4      	beq.n	100056b0 <usbd_edpt_open+0xc>
100056c6:	0021      	movs	r1, r4
100056c8:	0028      	movs	r0, r5
100056ca:	f7ff f9f3 	bl	10004ab4 <dcd_edpt_open>
100056ce:	e7f0      	b.n	100056b2 <usbd_edpt_open+0xe>
100056d0:	20001054 	.word	0x20001054
100056d4:	20001598 	.word	0x20001598

100056d8 <usbd_edpt_claim>:
100056d8:	207f      	movs	r0, #127	@ 0x7f
100056da:	4b07      	ldr	r3, [pc, #28]	@ (100056f8 <usbd_edpt_claim+0x20>)
100056dc:	b510      	push	{r4, lr}
100056de:	681a      	ldr	r2, [r3, #0]
100056e0:	4008      	ands	r0, r1
100056e2:	09cb      	lsrs	r3, r1, #7
100056e4:	3334      	adds	r3, #52	@ 0x34
100056e6:	0040      	lsls	r0, r0, #1
100056e8:	18c0      	adds	r0, r0, r3
100056ea:	4b04      	ldr	r3, [pc, #16]	@ (100056fc <usbd_edpt_claim+0x24>)
100056ec:	0011      	movs	r1, r2
100056ee:	18c0      	adds	r0, r0, r3
100056f0:	f000 fd3e 	bl	10006170 <tu_edpt_claim>
100056f4:	bd10      	pop	{r4, pc}
100056f6:	46c0      	nop			@ (mov r8, r8)
100056f8:	200015ec 	.word	0x200015ec
100056fc:	20001598 	.word	0x20001598

10005700 <usbd_edpt_release>:
10005700:	207f      	movs	r0, #127	@ 0x7f
10005702:	4b07      	ldr	r3, [pc, #28]	@ (10005720 <usbd_edpt_release+0x20>)
10005704:	b510      	push	{r4, lr}
10005706:	681a      	ldr	r2, [r3, #0]
10005708:	4008      	ands	r0, r1
1000570a:	09cb      	lsrs	r3, r1, #7
1000570c:	3334      	adds	r3, #52	@ 0x34
1000570e:	0040      	lsls	r0, r0, #1
10005710:	18c0      	adds	r0, r0, r3
10005712:	4b04      	ldr	r3, [pc, #16]	@ (10005724 <usbd_edpt_release+0x24>)
10005714:	0011      	movs	r1, r2
10005716:	18c0      	adds	r0, r0, r3
10005718:	f000 fd52 	bl	100061c0 <tu_edpt_release>
1000571c:	bd10      	pop	{r4, pc}
1000571e:	46c0      	nop			@ (mov r8, r8)
10005720:	200015ec 	.word	0x200015ec
10005724:	20001598 	.word	0x20001598

10005728 <usbd_edpt_xfer>:
10005728:	b570      	push	{r4, r5, r6, lr}
1000572a:	247f      	movs	r4, #127	@ 0x7f
1000572c:	09c8      	lsrs	r0, r1, #7
1000572e:	4684      	mov	ip, r0
10005730:	400c      	ands	r4, r1
10005732:	480f      	ldr	r0, [pc, #60]	@ (10005770 <usbd_edpt_xfer+0x48>)
10005734:	0064      	lsls	r4, r4, #1
10005736:	1904      	adds	r4, r0, r4
10005738:	4464      	add	r4, ip
1000573a:	3430      	adds	r4, #48	@ 0x30
1000573c:	7920      	ldrb	r0, [r4, #4]
1000573e:	07c0      	lsls	r0, r0, #31
10005740:	d501      	bpl.n	10005746 <usbd_edpt_xfer+0x1e>
10005742:	2000      	movs	r0, #0
10005744:	bd70      	pop	{r4, r5, r6, pc}
10005746:	480b      	ldr	r0, [pc, #44]	@ (10005774 <usbd_edpt_xfer+0x4c>)
10005748:	2501      	movs	r5, #1
1000574a:	7800      	ldrb	r0, [r0, #0]
1000574c:	4684      	mov	ip, r0
1000574e:	7920      	ldrb	r0, [r4, #4]
10005750:	4328      	orrs	r0, r5
10005752:	7120      	strb	r0, [r4, #4]
10005754:	4660      	mov	r0, ip
10005756:	f7ff fa3b 	bl	10004bd0 <dcd_edpt_xfer>
1000575a:	2800      	cmp	r0, #0
1000575c:	d1f2      	bne.n	10005744 <usbd_edpt_xfer+0x1c>
1000575e:	2201      	movs	r2, #1
10005760:	7923      	ldrb	r3, [r4, #4]
10005762:	4393      	bics	r3, r2
10005764:	7123      	strb	r3, [r4, #4]
10005766:	7923      	ldrb	r3, [r4, #4]
10005768:	3203      	adds	r2, #3
1000576a:	4393      	bics	r3, r2
1000576c:	7123      	strb	r3, [r4, #4]
1000576e:	e7e8      	b.n	10005742 <usbd_edpt_xfer+0x1a>
10005770:	20001598 	.word	0x20001598
10005774:	20001054 	.word	0x20001054

10005778 <tud_control_status>:
10005778:	b570      	push	{r4, r5, r6, lr}
1000577a:	4c09      	ldr	r4, [pc, #36]	@ (100057a0 <tud_control_status+0x28>)
1000577c:	0006      	movs	r6, r0
1000577e:	2208      	movs	r2, #8
10005780:	0020      	movs	r0, r4
10005782:	000d      	movs	r5, r1
10005784:	f7fc ff36 	bl	100025f4 <__wrap___aeabi_memcpy>
10005788:	2300      	movs	r3, #0
1000578a:	2180      	movs	r1, #128	@ 0x80
1000578c:	60e3      	str	r3, [r4, #12]
1000578e:	60a3      	str	r3, [r4, #8]
10005790:	782b      	ldrb	r3, [r5, #0]
10005792:	0030      	movs	r0, r6
10005794:	4399      	bics	r1, r3
10005796:	2200      	movs	r2, #0
10005798:	2300      	movs	r3, #0
1000579a:	f7ff ffc5 	bl	10005728 <usbd_edpt_xfer>
1000579e:	bd70      	pop	{r4, r5, r6, pc}
100057a0:	20001578 	.word	0x20001578

100057a4 <tud_control_xfer>:
100057a4:	b5f0      	push	{r4, r5, r6, r7, lr}
100057a6:	46c6      	mov	lr, r8
100057a8:	4c24      	ldr	r4, [pc, #144]	@ (1000583c <tud_control_xfer+0x98>)
100057aa:	0017      	movs	r7, r2
100057ac:	4680      	mov	r8, r0
100057ae:	2208      	movs	r2, #8
100057b0:	0020      	movs	r0, r4
100057b2:	b500      	push	{lr}
100057b4:	000d      	movs	r5, r1
100057b6:	001e      	movs	r6, r3
100057b8:	f7fc ff1c 	bl	100025f4 <__wrap___aeabi_memcpy>
100057bc:	2300      	movs	r3, #0
100057be:	60a7      	str	r7, [r4, #8]
100057c0:	81e3      	strh	r3, [r4, #14]
100057c2:	79eb      	ldrb	r3, [r5, #7]
100057c4:	79aa      	ldrb	r2, [r5, #6]
100057c6:	021b      	lsls	r3, r3, #8
100057c8:	4313      	orrs	r3, r2
100057ca:	1c1a      	adds	r2, r3, #0
100057cc:	42b3      	cmp	r3, r6
100057ce:	d900      	bls.n	100057d2 <tud_control_xfer+0x2e>
100057d0:	1c32      	adds	r2, r6, #0
100057d2:	b296      	uxth	r6, r2
100057d4:	81a2      	strh	r2, [r4, #12]
100057d6:	2b00      	cmp	r3, #0
100057d8:	d00c      	beq.n	100057f4 <tud_control_xfer+0x50>
100057da:	2e00      	cmp	r6, #0
100057dc:	d015      	beq.n	1000580a <tud_control_xfer+0x66>
100057de:	2f00      	cmp	r7, #0
100057e0:	d02a      	beq.n	10005838 <tud_control_xfer+0x94>
100057e2:	2e40      	cmp	r6, #64	@ 0x40
100057e4:	d81a      	bhi.n	1000581c <tud_control_xfer+0x78>
100057e6:	7823      	ldrb	r3, [r4, #0]
100057e8:	b296      	uxth	r6, r2
100057ea:	2b7f      	cmp	r3, #127	@ 0x7f
100057ec:	d81b      	bhi.n	10005826 <tud_control_xfer+0x82>
100057ee:	2100      	movs	r1, #0
100057f0:	4a13      	ldr	r2, [pc, #76]	@ (10005840 <tud_control_xfer+0x9c>)
100057f2:	e00e      	b.n	10005812 <tud_control_xfer+0x6e>
100057f4:	2180      	movs	r1, #128	@ 0x80
100057f6:	782b      	ldrb	r3, [r5, #0]
100057f8:	2200      	movs	r2, #0
100057fa:	4399      	bics	r1, r3
100057fc:	4640      	mov	r0, r8
100057fe:	2300      	movs	r3, #0
10005800:	f7ff ff92 	bl	10005728 <usbd_edpt_xfer>
10005804:	bc80      	pop	{r7}
10005806:	46b8      	mov	r8, r7
10005808:	bdf0      	pop	{r4, r5, r6, r7, pc}
1000580a:	237f      	movs	r3, #127	@ 0x7f
1000580c:	2200      	movs	r2, #0
1000580e:	7821      	ldrb	r1, [r4, #0]
10005810:	4399      	bics	r1, r3
10005812:	0033      	movs	r3, r6
10005814:	4640      	mov	r0, r8
10005816:	f7ff ff87 	bl	10005728 <usbd_edpt_xfer>
1000581a:	e7f3      	b.n	10005804 <tud_control_xfer+0x60>
1000581c:	2240      	movs	r2, #64	@ 0x40
1000581e:	7823      	ldrb	r3, [r4, #0]
10005820:	b296      	uxth	r6, r2
10005822:	2b7f      	cmp	r3, #127	@ 0x7f
10005824:	d9e3      	bls.n	100057ee <tud_control_xfer+0x4a>
10005826:	4c06      	ldr	r4, [pc, #24]	@ (10005840 <tud_control_xfer+0x9c>)
10005828:	0032      	movs	r2, r6
1000582a:	0039      	movs	r1, r7
1000582c:	0020      	movs	r0, r4
1000582e:	f7fc fee1 	bl	100025f4 <__wrap___aeabi_memcpy>
10005832:	2180      	movs	r1, #128	@ 0x80
10005834:	0022      	movs	r2, r4
10005836:	e7ec      	b.n	10005812 <tud_control_xfer+0x6e>
10005838:	2000      	movs	r0, #0
1000583a:	e7e3      	b.n	10005804 <tud_control_xfer+0x60>
1000583c:	20001578 	.word	0x20001578
10005840:	20001538 	.word	0x20001538

10005844 <usbd_control_reset>:
10005844:	b510      	push	{r4, lr}
10005846:	2214      	movs	r2, #20
10005848:	2100      	movs	r1, #0
1000584a:	4802      	ldr	r0, [pc, #8]	@ (10005854 <usbd_control_reset+0x10>)
1000584c:	f7fc fecc 	bl	100025e8 <__wrap_memset>
10005850:	bd10      	pop	{r4, pc}
10005852:	46c0      	nop			@ (mov r8, r8)
10005854:	20001578 	.word	0x20001578

10005858 <usbd_control_set_complete_callback>:
10005858:	4b01      	ldr	r3, [pc, #4]	@ (10005860 <usbd_control_set_complete_callback+0x8>)
1000585a:	6118      	str	r0, [r3, #16]
1000585c:	4770      	bx	lr
1000585e:	46c0      	nop			@ (mov r8, r8)
10005860:	20001578 	.word	0x20001578

10005864 <usbd_control_set_request>:
10005864:	b510      	push	{r4, lr}
10005866:	4c05      	ldr	r4, [pc, #20]	@ (1000587c <usbd_control_set_request+0x18>)
10005868:	0001      	movs	r1, r0
1000586a:	2208      	movs	r2, #8
1000586c:	0020      	movs	r0, r4
1000586e:	f7fc fec1 	bl	100025f4 <__wrap___aeabi_memcpy>
10005872:	2300      	movs	r3, #0
10005874:	60a3      	str	r3, [r4, #8]
10005876:	60e3      	str	r3, [r4, #12]
10005878:	bd10      	pop	{r4, pc}
1000587a:	46c0      	nop			@ (mov r8, r8)
1000587c:	20001578 	.word	0x20001578

10005880 <usbd_control_xfer_cb>:
10005880:	b570      	push	{r4, r5, r6, lr}
10005882:	4c37      	ldr	r4, [pc, #220]	@ (10005960 <usbd_control_xfer_cb+0xe0>)
10005884:	001d      	movs	r5, r3
10005886:	7823      	ldrb	r3, [r4, #0]
10005888:	0006      	movs	r6, r0
1000588a:	09da      	lsrs	r2, r3, #7
1000588c:	09c9      	lsrs	r1, r1, #7
1000588e:	428a      	cmp	r2, r1
10005890:	d010      	beq.n	100058b4 <usbd_control_xfer_cb+0x34>
10005892:	2000      	movs	r0, #0
10005894:	2d00      	cmp	r5, #0
10005896:	d000      	beq.n	1000589a <usbd_control_xfer_cb+0x1a>
10005898:	bd70      	pop	{r4, r5, r6, pc}
1000589a:	0021      	movs	r1, r4
1000589c:	0030      	movs	r0, r6
1000589e:	f7ff f8fb 	bl	10004a98 <dcd_edpt0_status_complete>
100058a2:	6923      	ldr	r3, [r4, #16]
100058a4:	2b00      	cmp	r3, #0
100058a6:	d003      	beq.n	100058b0 <usbd_control_xfer_cb+0x30>
100058a8:	0022      	movs	r2, r4
100058aa:	2103      	movs	r1, #3
100058ac:	0030      	movs	r0, r6
100058ae:	4798      	blx	r3
100058b0:	2001      	movs	r0, #1
100058b2:	e7f1      	b.n	10005898 <usbd_control_xfer_cb+0x18>
100058b4:	2b7f      	cmp	r3, #127	@ 0x7f
100058b6:	d806      	bhi.n	100058c6 <usbd_control_xfer_cb+0x46>
100058b8:	68a0      	ldr	r0, [r4, #8]
100058ba:	2800      	cmp	r0, #0
100058bc:	d0ec      	beq.n	10005898 <usbd_control_xfer_cb+0x18>
100058be:	002a      	movs	r2, r5
100058c0:	4928      	ldr	r1, [pc, #160]	@ (10005964 <usbd_control_xfer_cb+0xe4>)
100058c2:	f7fc fe97 	bl	100025f4 <__wrap___aeabi_memcpy>
100058c6:	89e2      	ldrh	r2, [r4, #14]
100058c8:	68a1      	ldr	r1, [r4, #8]
100058ca:	1952      	adds	r2, r2, r5
100058cc:	88e3      	ldrh	r3, [r4, #6]
100058ce:	b292      	uxth	r2, r2
100058d0:	1949      	adds	r1, r1, r5
100058d2:	81e2      	strh	r2, [r4, #14]
100058d4:	60a1      	str	r1, [r4, #8]
100058d6:	4293      	cmp	r3, r2
100058d8:	d014      	beq.n	10005904 <usbd_control_xfer_cb+0x84>
100058da:	2d3f      	cmp	r5, #63	@ 0x3f
100058dc:	d912      	bls.n	10005904 <usbd_control_xfer_cb+0x84>
100058de:	89a3      	ldrh	r3, [r4, #12]
100058e0:	1a98      	subs	r0, r3, r2
100058e2:	1c05      	adds	r5, r0, #0
100058e4:	b280      	uxth	r0, r0
100058e6:	2840      	cmp	r0, #64	@ 0x40
100058e8:	d828      	bhi.n	1000593c <usbd_control_xfer_cb+0xbc>
100058ea:	7820      	ldrb	r0, [r4, #0]
100058ec:	b2ad      	uxth	r5, r5
100058ee:	287f      	cmp	r0, #127	@ 0x7f
100058f0:	d826      	bhi.n	10005940 <usbd_control_xfer_cb+0xc0>
100058f2:	2100      	movs	r1, #0
100058f4:	429a      	cmp	r2, r3
100058f6:	d030      	beq.n	1000595a <usbd_control_xfer_cb+0xda>
100058f8:	4a1a      	ldr	r2, [pc, #104]	@ (10005964 <usbd_control_xfer_cb+0xe4>)
100058fa:	002b      	movs	r3, r5
100058fc:	0030      	movs	r0, r6
100058fe:	f7ff ff13 	bl	10005728 <usbd_edpt_xfer>
10005902:	e7c9      	b.n	10005898 <usbd_control_xfer_cb+0x18>
10005904:	6923      	ldr	r3, [r4, #16]
10005906:	2b00      	cmp	r3, #0
10005908:	d005      	beq.n	10005916 <usbd_control_xfer_cb+0x96>
1000590a:	0022      	movs	r2, r4
1000590c:	2102      	movs	r1, #2
1000590e:	0030      	movs	r0, r6
10005910:	4798      	blx	r3
10005912:	2800      	cmp	r0, #0
10005914:	d008      	beq.n	10005928 <usbd_control_xfer_cb+0xa8>
10005916:	2180      	movs	r1, #128	@ 0x80
10005918:	7823      	ldrb	r3, [r4, #0]
1000591a:	2200      	movs	r2, #0
1000591c:	4399      	bics	r1, r3
1000591e:	0030      	movs	r0, r6
10005920:	2300      	movs	r3, #0
10005922:	f7ff ff01 	bl	10005728 <usbd_edpt_xfer>
10005926:	e7b7      	b.n	10005898 <usbd_control_xfer_cb+0x18>
10005928:	2100      	movs	r1, #0
1000592a:	0030      	movs	r0, r6
1000592c:	f7ff f962 	bl	10004bf4 <dcd_edpt_stall>
10005930:	0030      	movs	r0, r6
10005932:	2180      	movs	r1, #128	@ 0x80
10005934:	f7ff f95e 	bl	10004bf4 <dcd_edpt_stall>
10005938:	2001      	movs	r0, #1
1000593a:	e7ad      	b.n	10005898 <usbd_control_xfer_cb+0x18>
1000593c:	2540      	movs	r5, #64	@ 0x40
1000593e:	e7d4      	b.n	100058ea <usbd_control_xfer_cb+0x6a>
10005940:	429a      	cmp	r2, r3
10005942:	d007      	beq.n	10005954 <usbd_control_xfer_cb+0xd4>
10005944:	4c07      	ldr	r4, [pc, #28]	@ (10005964 <usbd_control_xfer_cb+0xe4>)
10005946:	002a      	movs	r2, r5
10005948:	0020      	movs	r0, r4
1000594a:	f7fc fe53 	bl	100025f4 <__wrap___aeabi_memcpy>
1000594e:	2180      	movs	r1, #128	@ 0x80
10005950:	0022      	movs	r2, r4
10005952:	e7d2      	b.n	100058fa <usbd_control_xfer_cb+0x7a>
10005954:	2180      	movs	r1, #128	@ 0x80
10005956:	2200      	movs	r2, #0
10005958:	e7cf      	b.n	100058fa <usbd_control_xfer_cb+0x7a>
1000595a:	2200      	movs	r2, #0
1000595c:	e7cd      	b.n	100058fa <usbd_control_xfer_cb+0x7a>
1000595e:	46c0      	nop			@ (mov r8, r8)
10005960:	20001578 	.word	0x20001578
10005964:	20001538 	.word	0x20001538

10005968 <_prep_out_transaction.isra.0>:
10005968:	b570      	push	{r4, r5, r6, lr}
1000596a:	0004      	movs	r4, r0
1000596c:	f7ff f9c8 	bl	10004d00 <tud_mounted>
10005970:	2800      	cmp	r0, #0
10005972:	d100      	bne.n	10005976 <_prep_out_transaction.isra.0+0xe>
10005974:	bd70      	pop	{r4, r5, r6, pc}
10005976:	f7ff f9cb 	bl	10004d10 <tud_suspended>
1000597a:	2800      	cmp	r0, #0
1000597c:	d1fa      	bne.n	10005974 <_prep_out_transaction.isra.0+0xc>
1000597e:	23c8      	movs	r3, #200	@ 0xc8
10005980:	4363      	muls	r3, r4
10005982:	4a12      	ldr	r2, [pc, #72]	@ (100059cc <_prep_out_transaction.isra.0+0x64>)
10005984:	0025      	movs	r5, r4
10005986:	18d4      	adds	r4, r2, r3
10005988:	78e1      	ldrb	r1, [r4, #3]
1000598a:	2900      	cmp	r1, #0
1000598c:	d0f2      	beq.n	10005974 <_prep_out_transaction.isra.0+0xc>
1000598e:	3310      	adds	r3, #16
10005990:	189e      	adds	r6, r3, r2
10005992:	0030      	movs	r0, r6
10005994:	f000 fde2 	bl	1000655c <tu_fifo_remaining>
10005998:	283f      	cmp	r0, #63	@ 0x3f
1000599a:	d9eb      	bls.n	10005974 <_prep_out_transaction.isra.0+0xc>
1000599c:	2000      	movs	r0, #0
1000599e:	78e1      	ldrb	r1, [r4, #3]
100059a0:	f7ff fe9a 	bl	100056d8 <usbd_edpt_claim>
100059a4:	2800      	cmp	r0, #0
100059a6:	d0e5      	beq.n	10005974 <_prep_out_transaction.isra.0+0xc>
100059a8:	0030      	movs	r0, r6
100059aa:	f000 fdd7 	bl	1000655c <tu_fifo_remaining>
100059ae:	78e1      	ldrb	r1, [r4, #3]
100059b0:	283f      	cmp	r0, #63	@ 0x3f
100059b2:	d907      	bls.n	100059c4 <_prep_out_transaction.isra.0+0x5c>
100059b4:	4b06      	ldr	r3, [pc, #24]	@ (100059d0 <_prep_out_transaction.isra.0+0x68>)
100059b6:	01ea      	lsls	r2, r5, #7
100059b8:	18d2      	adds	r2, r2, r3
100059ba:	2000      	movs	r0, #0
100059bc:	2340      	movs	r3, #64	@ 0x40
100059be:	f7ff feb3 	bl	10005728 <usbd_edpt_xfer>
100059c2:	e7d7      	b.n	10005974 <_prep_out_transaction.isra.0+0xc>
100059c4:	2000      	movs	r0, #0
100059c6:	f7ff fe9b 	bl	10005700 <usbd_edpt_release>
100059ca:	e7d3      	b.n	10005974 <_prep_out_transaction.isra.0+0xc>
100059cc:	20001060 	.word	0x20001060
100059d0:	200014b4 	.word	0x200014b4

100059d4 <tud_cdc_n_connected>:
100059d4:	b510      	push	{r4, lr}
100059d6:	0004      	movs	r4, r0
100059d8:	f7ff f992 	bl	10004d00 <tud_mounted>
100059dc:	2800      	cmp	r0, #0
100059de:	d101      	bne.n	100059e4 <tud_cdc_n_connected+0x10>
100059e0:	2000      	movs	r0, #0
100059e2:	bd10      	pop	{r4, pc}
100059e4:	f7ff f994 	bl	10004d10 <tud_suspended>
100059e8:	2800      	cmp	r0, #0
100059ea:	d1f9      	bne.n	100059e0 <tud_cdc_n_connected+0xc>
100059ec:	22c8      	movs	r2, #200	@ 0xc8
100059ee:	4362      	muls	r2, r4
100059f0:	4b02      	ldr	r3, [pc, #8]	@ (100059fc <tud_cdc_n_connected+0x28>)
100059f2:	3001      	adds	r0, #1
100059f4:	189b      	adds	r3, r3, r2
100059f6:	791b      	ldrb	r3, [r3, #4]
100059f8:	4018      	ands	r0, r3
100059fa:	e7f2      	b.n	100059e2 <tud_cdc_n_connected+0xe>
100059fc:	20001060 	.word	0x20001060

10005a00 <tud_cdc_n_available>:
10005a00:	23c8      	movs	r3, #200	@ 0xc8
10005a02:	b510      	push	{r4, lr}
10005a04:	4343      	muls	r3, r0
10005a06:	4802      	ldr	r0, [pc, #8]	@ (10005a10 <tud_cdc_n_available+0x10>)
10005a08:	1818      	adds	r0, r3, r0
10005a0a:	f000 fd89 	bl	10006520 <tu_fifo_count>
10005a0e:	bd10      	pop	{r4, pc}
10005a10:	20001070 	.word	0x20001070

10005a14 <tud_cdc_n_read>:
10005a14:	b5f8      	push	{r3, r4, r5, r6, r7, lr}
10005a16:	23c8      	movs	r3, #200	@ 0xc8
10005a18:	4343      	muls	r3, r0
10005a1a:	4d1d      	ldr	r5, [pc, #116]	@ (10005a90 <tud_cdc_n_read+0x7c>)
10005a1c:	3310      	adds	r3, #16
10005a1e:	18ee      	adds	r6, r5, r3
10005a20:	2380      	movs	r3, #128	@ 0x80
10005a22:	0004      	movs	r4, r0
10005a24:	025b      	lsls	r3, r3, #9
10005a26:	429a      	cmp	r2, r3
10005a28:	d300      	bcc.n	10005a2c <tud_cdc_n_read+0x18>
10005a2a:	4a1a      	ldr	r2, [pc, #104]	@ (10005a94 <tud_cdc_n_read+0x80>)
10005a2c:	0030      	movs	r0, r6
10005a2e:	b292      	uxth	r2, r2
10005a30:	f000 fdf8 	bl	10006624 <tu_fifo_read_n>
10005a34:	0007      	movs	r7, r0
10005a36:	f7ff f963 	bl	10004d00 <tud_mounted>
10005a3a:	2800      	cmp	r0, #0
10005a3c:	d101      	bne.n	10005a42 <tud_cdc_n_read+0x2e>
10005a3e:	0038      	movs	r0, r7
10005a40:	bdf8      	pop	{r3, r4, r5, r6, r7, pc}
10005a42:	f7ff f965 	bl	10004d10 <tud_suspended>
10005a46:	2800      	cmp	r0, #0
10005a48:	d1f9      	bne.n	10005a3e <tud_cdc_n_read+0x2a>
10005a4a:	23c8      	movs	r3, #200	@ 0xc8
10005a4c:	4363      	muls	r3, r4
10005a4e:	18ed      	adds	r5, r5, r3
10005a50:	78eb      	ldrb	r3, [r5, #3]
10005a52:	2b00      	cmp	r3, #0
10005a54:	d0f3      	beq.n	10005a3e <tud_cdc_n_read+0x2a>
10005a56:	0030      	movs	r0, r6
10005a58:	f000 fd80 	bl	1000655c <tu_fifo_remaining>
10005a5c:	283f      	cmp	r0, #63	@ 0x3f
10005a5e:	d9ee      	bls.n	10005a3e <tud_cdc_n_read+0x2a>
10005a60:	2000      	movs	r0, #0
10005a62:	78e9      	ldrb	r1, [r5, #3]
10005a64:	f7ff fe38 	bl	100056d8 <usbd_edpt_claim>
10005a68:	2800      	cmp	r0, #0
10005a6a:	d0e8      	beq.n	10005a3e <tud_cdc_n_read+0x2a>
10005a6c:	0030      	movs	r0, r6
10005a6e:	f000 fd75 	bl	1000655c <tu_fifo_remaining>
10005a72:	78e9      	ldrb	r1, [r5, #3]
10005a74:	283f      	cmp	r0, #63	@ 0x3f
10005a76:	d907      	bls.n	10005a88 <tud_cdc_n_read+0x74>
10005a78:	4b07      	ldr	r3, [pc, #28]	@ (10005a98 <tud_cdc_n_read+0x84>)
10005a7a:	01e2      	lsls	r2, r4, #7
10005a7c:	18d2      	adds	r2, r2, r3
10005a7e:	2000      	movs	r0, #0
10005a80:	2340      	movs	r3, #64	@ 0x40
10005a82:	f7ff fe51 	bl	10005728 <usbd_edpt_xfer>
10005a86:	e7da      	b.n	10005a3e <tud_cdc_n_read+0x2a>
10005a88:	2000      	movs	r0, #0
10005a8a:	f7ff fe39 	bl	10005700 <usbd_edpt_release>
10005a8e:	e7d6      	b.n	10005a3e <tud_cdc_n_read+0x2a>
10005a90:	20001060 	.word	0x20001060
10005a94:	0000ffff 	.word	0x0000ffff
10005a98:	200014b4 	.word	0x200014b4

10005a9c <tud_cdc_n_write_flush>:
10005a9c:	b5f8      	push	{r3, r4, r5, r6, r7, lr}
10005a9e:	0004      	movs	r4, r0
10005aa0:	f7ff f92e 	bl	10004d00 <tud_mounted>
10005aa4:	2800      	cmp	r0, #0
10005aa6:	d101      	bne.n	10005aac <tud_cdc_n_write_flush+0x10>
10005aa8:	2000      	movs	r0, #0
10005aaa:	bdf8      	pop	{r3, r4, r5, r6, r7, pc}
10005aac:	f7ff f930 	bl	10004d10 <tud_suspended>
10005ab0:	2800      	cmp	r0, #0
10005ab2:	d1f9      	bne.n	10005aa8 <tud_cdc_n_write_flush+0xc>
10005ab4:	23c8      	movs	r3, #200	@ 0xc8
10005ab6:	0025      	movs	r5, r4
10005ab8:	435d      	muls	r5, r3
10005aba:	002b      	movs	r3, r5
10005abc:	4e13      	ldr	r6, [pc, #76]	@ (10005b0c <tud_cdc_n_write_flush+0x70>)
10005abe:	3324      	adds	r3, #36	@ 0x24
10005ac0:	18f7      	adds	r7, r6, r3
10005ac2:	0038      	movs	r0, r7
10005ac4:	f000 fd2c 	bl	10006520 <tu_fifo_count>
10005ac8:	2800      	cmp	r0, #0
10005aca:	d0ed      	beq.n	10005aa8 <tud_cdc_n_write_flush+0xc>
10005acc:	1975      	adds	r5, r6, r5
10005ace:	2000      	movs	r0, #0
10005ad0:	78a9      	ldrb	r1, [r5, #2]
10005ad2:	f7ff fe01 	bl	100056d8 <usbd_edpt_claim>
10005ad6:	2800      	cmp	r0, #0
10005ad8:	d0e6      	beq.n	10005aa8 <tud_cdc_n_write_flush+0xc>
10005ada:	4a0d      	ldr	r2, [pc, #52]	@ (10005b10 <tud_cdc_n_write_flush+0x74>)
10005adc:	01e3      	lsls	r3, r4, #7
10005ade:	189c      	adds	r4, r3, r2
10005ae0:	0021      	movs	r1, r4
10005ae2:	2240      	movs	r2, #64	@ 0x40
10005ae4:	0038      	movs	r0, r7
10005ae6:	f000 fd9d 	bl	10006624 <tu_fifo_read_n>
10005aea:	78a9      	ldrb	r1, [r5, #2]
10005aec:	0003      	movs	r3, r0
10005aee:	1e05      	subs	r5, r0, #0
10005af0:	d007      	beq.n	10005b02 <tud_cdc_n_write_flush+0x66>
10005af2:	0022      	movs	r2, r4
10005af4:	2000      	movs	r0, #0
10005af6:	f7ff fe17 	bl	10005728 <usbd_edpt_xfer>
10005afa:	2800      	cmp	r0, #0
10005afc:	d0d4      	beq.n	10005aa8 <tud_cdc_n_write_flush+0xc>
10005afe:	0028      	movs	r0, r5
10005b00:	e7d3      	b.n	10005aaa <tud_cdc_n_write_flush+0xe>
10005b02:	2000      	movs	r0, #0
10005b04:	f7ff fdfc 	bl	10005700 <usbd_edpt_release>
10005b08:	e7ce      	b.n	10005aa8 <tud_cdc_n_write_flush+0xc>
10005b0a:	46c0      	nop			@ (mov r8, r8)
10005b0c:	20001060 	.word	0x20001060
10005b10:	200014f4 	.word	0x200014f4

10005b14 <tud_cdc_n_write>:
10005b14:	b570      	push	{r4, r5, r6, lr}
10005b16:	24c8      	movs	r4, #200	@ 0xc8
10005b18:	4344      	muls	r4, r0
10005b1a:	4b0c      	ldr	r3, [pc, #48]	@ (10005b4c <tud_cdc_n_write+0x38>)
10005b1c:	0005      	movs	r5, r0
10005b1e:	18e4      	adds	r4, r4, r3
10005b20:	2380      	movs	r3, #128	@ 0x80
10005b22:	025b      	lsls	r3, r3, #9
10005b24:	429a      	cmp	r2, r3
10005b26:	d300      	bcc.n	10005b2a <tud_cdc_n_write+0x16>
10005b28:	4a09      	ldr	r2, [pc, #36]	@ (10005b50 <tud_cdc_n_write+0x3c>)
10005b2a:	0020      	movs	r0, r4
10005b2c:	b292      	uxth	r2, r2
10005b2e:	f000 fe41 	bl	100067b4 <tu_fifo_write_n>
10005b32:	0006      	movs	r6, r0
10005b34:	0020      	movs	r0, r4
10005b36:	f000 fcf3 	bl	10006520 <tu_fifo_count>
10005b3a:	283f      	cmp	r0, #63	@ 0x3f
10005b3c:	d801      	bhi.n	10005b42 <tud_cdc_n_write+0x2e>
10005b3e:	0030      	movs	r0, r6
10005b40:	bd70      	pop	{r4, r5, r6, pc}
10005b42:	0028      	movs	r0, r5
10005b44:	f7ff ffaa 	bl	10005a9c <tud_cdc_n_write_flush>
10005b48:	e7f9      	b.n	10005b3e <tud_cdc_n_write+0x2a>
10005b4a:	46c0      	nop			@ (mov r8, r8)
10005b4c:	20001084 	.word	0x20001084
10005b50:	0000ffff 	.word	0x0000ffff

10005b54 <tud_cdc_n_write_available>:
10005b54:	23c8      	movs	r3, #200	@ 0xc8
10005b56:	b510      	push	{r4, lr}
10005b58:	4343      	muls	r3, r0
10005b5a:	4802      	ldr	r0, [pc, #8]	@ (10005b64 <tud_cdc_n_write_available+0x10>)
10005b5c:	1818      	adds	r0, r3, r0
10005b5e:	f000 fcfd 	bl	1000655c <tu_fifo_remaining>
10005b62:	bd10      	pop	{r4, pc}
10005b64:	20001084 	.word	0x20001084

10005b68 <cdcd_init>:
10005b68:	b5f0      	push	{r4, r5, r6, r7, lr}
10005b6a:	2500      	movs	r5, #0
10005b6c:	4c18      	ldr	r4, [pc, #96]	@ (10005bd0 <cdcd_init+0x68>)
10005b6e:	b083      	sub	sp, #12
10005b70:	22c8      	movs	r2, #200	@ 0xc8
10005b72:	2100      	movs	r1, #0
10005b74:	0020      	movs	r0, r4
10005b76:	f7fc fd37 	bl	100025e8 <__wrap_memset>
10005b7a:	4b16      	ldr	r3, [pc, #88]	@ (10005bd4 <cdcd_init+0x6c>)
10005b7c:	0021      	movs	r1, r4
10005b7e:	701d      	strb	r5, [r3, #0]
10005b80:	23ff      	movs	r3, #255	@ 0xff
10005b82:	7163      	strb	r3, [r4, #5]
10005b84:	23e1      	movs	r3, #225	@ 0xe1
10005b86:	025b      	lsls	r3, r3, #9
10005b88:	60a3      	str	r3, [r4, #8]
10005b8a:	0020      	movs	r0, r4
10005b8c:	2308      	movs	r3, #8
10005b8e:	2240      	movs	r2, #64	@ 0x40
10005b90:	73a3      	strb	r3, [r4, #14]
10005b92:	3138      	adds	r1, #56	@ 0x38
10005b94:	9500      	str	r5, [sp, #0]
10005b96:	3b07      	subs	r3, #7
10005b98:	3010      	adds	r0, #16
10005b9a:	f000 fc8b 	bl	100064b4 <tu_fifo_config>
10005b9e:	0027      	movs	r7, r4
10005ba0:	2301      	movs	r3, #1
10005ba2:	0021      	movs	r1, r4
10005ba4:	0020      	movs	r0, r4
10005ba6:	0026      	movs	r6, r4
10005ba8:	2240      	movs	r2, #64	@ 0x40
10005baa:	3178      	adds	r1, #120	@ 0x78
10005bac:	9300      	str	r3, [sp, #0]
10005bae:	37b8      	adds	r7, #184	@ 0xb8
10005bb0:	3024      	adds	r0, #36	@ 0x24
10005bb2:	f000 fc7f 	bl	100064b4 <tu_fifo_config>
10005bb6:	36c0      	adds	r6, #192	@ 0xc0
10005bb8:	0038      	movs	r0, r7
10005bba:	f7fa feb5 	bl	10000928 <mutex_init>
10005bbe:	0030      	movs	r0, r6
10005bc0:	f7fa feb2 	bl	10000928 <mutex_init>
10005bc4:	61e5      	str	r5, [r4, #28]
10005bc6:	6227      	str	r7, [r4, #32]
10005bc8:	6326      	str	r6, [r4, #48]	@ 0x30
10005bca:	6365      	str	r5, [r4, #52]	@ 0x34
10005bcc:	b003      	add	sp, #12
10005bce:	bdf0      	pop	{r4, r5, r6, r7, pc}
10005bd0:	20001060 	.word	0x20001060
10005bd4:	20001534 	.word	0x20001534

10005bd8 <cdcd_deinit>:
10005bd8:	4b0a      	ldr	r3, [pc, #40]	@ (10005c04 <cdcd_deinit+0x2c>)
10005bda:	6b19      	ldr	r1, [r3, #48]	@ 0x30
10005bdc:	6a1a      	ldr	r2, [r3, #32]
10005bde:	2900      	cmp	r1, #0
10005be0:	d00c      	beq.n	10005bfc <cdcd_deinit+0x24>
10005be2:	2a00      	cmp	r2, #0
10005be4:	d007      	beq.n	10005bf6 <cdcd_deinit+0x1e>
10005be6:	2200      	movs	r2, #0
10005be8:	61da      	str	r2, [r3, #28]
10005bea:	635a      	str	r2, [r3, #52]	@ 0x34
10005bec:	631a      	str	r2, [r3, #48]	@ 0x30
10005bee:	2200      	movs	r2, #0
10005bf0:	621a      	str	r2, [r3, #32]
10005bf2:	2001      	movs	r0, #1
10005bf4:	4770      	bx	lr
10005bf6:	635a      	str	r2, [r3, #52]	@ 0x34
10005bf8:	631a      	str	r2, [r3, #48]	@ 0x30
10005bfa:	e7fa      	b.n	10005bf2 <cdcd_deinit+0x1a>
10005bfc:	2a00      	cmp	r2, #0
10005bfe:	d0f8      	beq.n	10005bf2 <cdcd_deinit+0x1a>
10005c00:	61d9      	str	r1, [r3, #28]
10005c02:	e7f4      	b.n	10005bee <cdcd_deinit+0x16>
10005c04:	20001060 	.word	0x20001060

10005c08 <cdcd_reset>:
10005c08:	b570      	push	{r4, r5, r6, lr}
10005c0a:	2205      	movs	r2, #5
10005c0c:	2100      	movs	r1, #0
10005c0e:	480d      	ldr	r0, [pc, #52]	@ (10005c44 <cdcd_reset+0x3c>)
10005c10:	f7fc fcea 	bl	100025e8 <__wrap_memset>
10005c14:	4d0c      	ldr	r5, [pc, #48]	@ (10005c48 <cdcd_reset+0x40>)
10005c16:	782b      	ldrb	r3, [r5, #0]
10005c18:	07da      	lsls	r2, r3, #31
10005c1a:	d507      	bpl.n	10005c2c <cdcd_reset+0x24>
10005c1c:	4c0b      	ldr	r4, [pc, #44]	@ (10005c4c <cdcd_reset+0x44>)
10005c1e:	079b      	lsls	r3, r3, #30
10005c20:	d50c      	bpl.n	10005c3c <cdcd_reset+0x34>
10005c22:	2101      	movs	r1, #1
10005c24:	0020      	movs	r0, r4
10005c26:	f000 fe99 	bl	1000695c <tu_fifo_set_overwritable>
10005c2a:	bd70      	pop	{r4, r5, r6, pc}
10005c2c:	4805      	ldr	r0, [pc, #20]	@ (10005c44 <cdcd_reset+0x3c>)
10005c2e:	3010      	adds	r0, #16
10005c30:	f000 fe74 	bl	1000691c <tu_fifo_clear>
10005c34:	782b      	ldrb	r3, [r5, #0]
10005c36:	4c05      	ldr	r4, [pc, #20]	@ (10005c4c <cdcd_reset+0x44>)
10005c38:	079b      	lsls	r3, r3, #30
10005c3a:	d4f2      	bmi.n	10005c22 <cdcd_reset+0x1a>
10005c3c:	0020      	movs	r0, r4
10005c3e:	f000 fe6d 	bl	1000691c <tu_fifo_clear>
10005c42:	e7ee      	b.n	10005c22 <cdcd_reset+0x1a>
10005c44:	20001060 	.word	0x20001060
10005c48:	20001534 	.word	0x20001534
10005c4c:	20001084 	.word	0x20001084

10005c50 <cdcd_open>:
10005c50:	b5f0      	push	{r4, r5, r6, r7, lr}
10005c52:	794b      	ldrb	r3, [r1, #5]
10005c54:	0007      	movs	r7, r0
10005c56:	b083      	sub	sp, #12
10005c58:	2b02      	cmp	r3, #2
10005c5a:	d102      	bne.n	10005c62 <cdcd_open+0x12>
10005c5c:	798b      	ldrb	r3, [r1, #6]
10005c5e:	2b02      	cmp	r3, #2
10005c60:	d003      	beq.n	10005c6a <cdcd_open+0x1a>
10005c62:	2400      	movs	r4, #0
10005c64:	0020      	movs	r0, r4
10005c66:	b003      	add	sp, #12
10005c68:	bdf0      	pop	{r4, r5, r6, r7, pc}
10005c6a:	4b21      	ldr	r3, [pc, #132]	@ (10005cf0 <cdcd_open+0xa0>)
10005c6c:	001e      	movs	r6, r3
10005c6e:	789b      	ldrb	r3, [r3, #2]
10005c70:	2b00      	cmp	r3, #0
10005c72:	d1f6      	bne.n	10005c62 <cdcd_open+0x12>
10005c74:	788b      	ldrb	r3, [r1, #2]
10005c76:	2409      	movs	r4, #9
10005c78:	7033      	strb	r3, [r6, #0]
10005c7a:	780d      	ldrb	r5, [r1, #0]
10005c7c:	194d      	adds	r5, r1, r5
10005c7e:	786b      	ldrb	r3, [r5, #1]
10005c80:	2b24      	cmp	r3, #36	@ 0x24
10005c82:	d007      	beq.n	10005c94 <cdcd_open+0x44>
10005c84:	e00c      	b.n	10005ca0 <cdcd_open+0x50>
10005c86:	782b      	ldrb	r3, [r5, #0]
10005c88:	18ed      	adds	r5, r5, r3
10005c8a:	191c      	adds	r4, r3, r4
10005c8c:	786b      	ldrb	r3, [r5, #1]
10005c8e:	b2a4      	uxth	r4, r4
10005c90:	2b24      	cmp	r3, #36	@ 0x24
10005c92:	d105      	bne.n	10005ca0 <cdcd_open+0x50>
10005c94:	42a2      	cmp	r2, r4
10005c96:	d2f6      	bcs.n	10005c86 <cdcd_open+0x36>
10005c98:	2000      	movs	r0, #0
10005c9a:	f7ff fe65 	bl	10005968 <_prep_out_transaction.isra.0>
10005c9e:	e7e1      	b.n	10005c64 <cdcd_open+0x14>
10005ca0:	001a      	movs	r2, r3
10005ca2:	2b05      	cmp	r3, #5
10005ca4:	d015      	beq.n	10005cd2 <cdcd_open+0x82>
10005ca6:	2a04      	cmp	r2, #4
10005ca8:	d1f6      	bne.n	10005c98 <cdcd_open+0x48>
10005caa:	796b      	ldrb	r3, [r5, #5]
10005cac:	2b0a      	cmp	r3, #10
10005cae:	d1f3      	bne.n	10005c98 <cdcd_open+0x48>
10005cb0:	4b10      	ldr	r3, [pc, #64]	@ (10005cf4 <cdcd_open+0xa4>)
10005cb2:	782e      	ldrb	r6, [r5, #0]
10005cb4:	9301      	str	r3, [sp, #4]
10005cb6:	3301      	adds	r3, #1
10005cb8:	9300      	str	r3, [sp, #0]
10005cba:	0038      	movs	r0, r7
10005cbc:	2302      	movs	r3, #2
10005cbe:	19a9      	adds	r1, r5, r6
10005cc0:	3a02      	subs	r2, #2
10005cc2:	f7ff fca3 	bl	1000560c <usbd_open_edpt_pair>
10005cc6:	2800      	cmp	r0, #0
10005cc8:	d0cb      	beq.n	10005c62 <cdcd_open+0x12>
10005cca:	340e      	adds	r4, #14
10005ccc:	19a4      	adds	r4, r4, r6
10005cce:	b2a4      	uxth	r4, r4
10005cd0:	e7e2      	b.n	10005c98 <cdcd_open+0x48>
10005cd2:	0029      	movs	r1, r5
10005cd4:	0038      	movs	r0, r7
10005cd6:	f7ff fce5 	bl	100056a4 <usbd_edpt_open>
10005cda:	2800      	cmp	r0, #0
10005cdc:	d0c1      	beq.n	10005c62 <cdcd_open+0x12>
10005cde:	78ab      	ldrb	r3, [r5, #2]
10005ce0:	7073      	strb	r3, [r6, #1]
10005ce2:	782b      	ldrb	r3, [r5, #0]
10005ce4:	191c      	adds	r4, r3, r4
10005ce6:	18ed      	adds	r5, r5, r3
10005ce8:	786a      	ldrb	r2, [r5, #1]
10005cea:	b2a4      	uxth	r4, r4
10005cec:	e7db      	b.n	10005ca6 <cdcd_open+0x56>
10005cee:	46c0      	nop			@ (mov r8, r8)
10005cf0:	20001060 	.word	0x20001060
10005cf4:	20001062 	.word	0x20001062

10005cf8 <cdcd_control_xfer_cb>:
10005cf8:	2360      	movs	r3, #96	@ 0x60
10005cfa:	468c      	mov	ip, r1
10005cfc:	0011      	movs	r1, r2
10005cfe:	7812      	ldrb	r2, [r2, #0]
10005d00:	b570      	push	{r4, r5, r6, lr}
10005d02:	4013      	ands	r3, r2
10005d04:	2200      	movs	r2, #0
10005d06:	2b20      	cmp	r3, #32
10005d08:	d108      	bne.n	10005d1c <cdcd_control_xfer_cb+0x24>
10005d0a:	4c32      	ldr	r4, [pc, #200]	@ (10005dd4 <cdcd_control_xfer_cb+0xdc>)
10005d0c:	794b      	ldrb	r3, [r1, #5]
10005d0e:	0026      	movs	r6, r4
10005d10:	790d      	ldrb	r5, [r1, #4]
10005d12:	7824      	ldrb	r4, [r4, #0]
10005d14:	021b      	lsls	r3, r3, #8
10005d16:	432b      	orrs	r3, r5
10005d18:	429c      	cmp	r4, r3
10005d1a:	d001      	beq.n	10005d20 <cdcd_control_xfer_cb+0x28>
10005d1c:	0010      	movs	r0, r2
10005d1e:	bd70      	pop	{r4, r5, r6, pc}
10005d20:	784b      	ldrb	r3, [r1, #1]
10005d22:	2b22      	cmp	r3, #34	@ 0x22
10005d24:	d01c      	beq.n	10005d60 <cdcd_control_xfer_cb+0x68>
10005d26:	d808      	bhi.n	10005d3a <cdcd_control_xfer_cb+0x42>
10005d28:	2b20      	cmp	r3, #32
10005d2a:	d039      	beq.n	10005da0 <cdcd_control_xfer_cb+0xa8>
10005d2c:	2b21      	cmp	r3, #33	@ 0x21
10005d2e:	d1f5      	bne.n	10005d1c <cdcd_control_xfer_cb+0x24>
10005d30:	4663      	mov	r3, ip
10005d32:	2b01      	cmp	r3, #1
10005d34:	d043      	beq.n	10005dbe <cdcd_control_xfer_cb+0xc6>
10005d36:	2201      	movs	r2, #1
10005d38:	e7f0      	b.n	10005d1c <cdcd_control_xfer_cb+0x24>
10005d3a:	2b23      	cmp	r3, #35	@ 0x23
10005d3c:	d1ee      	bne.n	10005d1c <cdcd_control_xfer_cb+0x24>
10005d3e:	4663      	mov	r3, ip
10005d40:	2b01      	cmp	r3, #1
10005d42:	d042      	beq.n	10005dca <cdcd_control_xfer_cb+0xd2>
10005d44:	2b03      	cmp	r3, #3
10005d46:	d1f6      	bne.n	10005d36 <cdcd_control_xfer_cb+0x3e>
10005d48:	4b23      	ldr	r3, [pc, #140]	@ (10005dd8 <cdcd_control_xfer_cb+0xe0>)
10005d4a:	2b00      	cmp	r3, #0
10005d4c:	d0f3      	beq.n	10005d36 <cdcd_control_xfer_cb+0x3e>
10005d4e:	788b      	ldrb	r3, [r1, #2]
10005d50:	78c9      	ldrb	r1, [r1, #3]
10005d52:	2000      	movs	r0, #0
10005d54:	0209      	lsls	r1, r1, #8
10005d56:	4319      	orrs	r1, r3
10005d58:	e000      	b.n	10005d5c <cdcd_control_xfer_cb+0x64>
10005d5a:	bf00      	nop
10005d5c:	2201      	movs	r2, #1
10005d5e:	e7dd      	b.n	10005d1c <cdcd_control_xfer_cb+0x24>
10005d60:	4663      	mov	r3, ip
10005d62:	2b01      	cmp	r3, #1
10005d64:	d031      	beq.n	10005dca <cdcd_control_xfer_cb+0xd2>
10005d66:	2b03      	cmp	r3, #3
10005d68:	d1e5      	bne.n	10005d36 <cdcd_control_xfer_cb+0x3e>
10005d6a:	2501      	movs	r5, #1
10005d6c:	78cb      	ldrb	r3, [r1, #3]
10005d6e:	788a      	ldrb	r2, [r1, #2]
10005d70:	021b      	lsls	r3, r3, #8
10005d72:	4313      	orrs	r3, r2
10005d74:	001c      	movs	r4, r3
10005d76:	401d      	ands	r5, r3
10005d78:	0033      	movs	r3, r6
10005d7a:	2101      	movs	r1, #1
10005d7c:	3324      	adds	r3, #36	@ 0x24
10005d7e:	0018      	movs	r0, r3
10005d80:	4069      	eors	r1, r5
10005d82:	7134      	strb	r4, [r6, #4]
10005d84:	f000 fdea 	bl	1000695c <tu_fifo_set_overwritable>
10005d88:	4b14      	ldr	r3, [pc, #80]	@ (10005ddc <cdcd_control_xfer_cb+0xe4>)
10005d8a:	2b00      	cmp	r3, #0
10005d8c:	d0d3      	beq.n	10005d36 <cdcd_control_xfer_cb+0x3e>
10005d8e:	2301      	movs	r3, #1
10005d90:	0862      	lsrs	r2, r4, #1
10005d92:	401a      	ands	r2, r3
10005d94:	0029      	movs	r1, r5
10005d96:	2000      	movs	r0, #0
10005d98:	e000      	b.n	10005d9c <cdcd_control_xfer_cb+0xa4>
10005d9a:	bf00      	nop
10005d9c:	2201      	movs	r2, #1
10005d9e:	e7bd      	b.n	10005d1c <cdcd_control_xfer_cb+0x24>
10005da0:	4663      	mov	r3, ip
10005da2:	2b01      	cmp	r3, #1
10005da4:	d00b      	beq.n	10005dbe <cdcd_control_xfer_cb+0xc6>
10005da6:	2b03      	cmp	r3, #3
10005da8:	d1c5      	bne.n	10005d36 <cdcd_control_xfer_cb+0x3e>
10005daa:	4b0d      	ldr	r3, [pc, #52]	@ (10005de0 <cdcd_control_xfer_cb+0xe8>)
10005dac:	2b00      	cmp	r3, #0
10005dae:	d0c2      	beq.n	10005d36 <cdcd_control_xfer_cb+0x3e>
10005db0:	0031      	movs	r1, r6
10005db2:	2000      	movs	r0, #0
10005db4:	3108      	adds	r1, #8
10005db6:	f7fe fa9d 	bl	100042f4 <tud_cdc_line_coding_cb>
10005dba:	2201      	movs	r2, #1
10005dbc:	e7ae      	b.n	10005d1c <cdcd_control_xfer_cb+0x24>
10005dbe:	4a09      	ldr	r2, [pc, #36]	@ (10005de4 <cdcd_control_xfer_cb+0xec>)
10005dc0:	2307      	movs	r3, #7
10005dc2:	f7ff fcef 	bl	100057a4 <tud_control_xfer>
10005dc6:	2201      	movs	r2, #1
10005dc8:	e7a8      	b.n	10005d1c <cdcd_control_xfer_cb+0x24>
10005dca:	f7ff fcd5 	bl	10005778 <tud_control_status>
10005dce:	2201      	movs	r2, #1
10005dd0:	e7a4      	b.n	10005d1c <cdcd_control_xfer_cb+0x24>
10005dd2:	46c0      	nop			@ (mov r8, r8)
10005dd4:	20001060 	.word	0x20001060
	...
10005de0:	100042f5 	.word	0x100042f5
10005de4:	20001068 	.word	0x20001068

10005de8 <cdcd_xfer_cb>:
10005de8:	b5f8      	push	{r3, r4, r5, r6, r7, lr}
10005dea:	4647      	mov	r7, r8
10005dec:	46ce      	mov	lr, r9
10005dee:	b580      	push	{r7, lr}
10005df0:	4c34      	ldr	r4, [pc, #208]	@ (10005ec4 <cdcd_xfer_cb+0xdc>)
10005df2:	001f      	movs	r7, r3
10005df4:	78e3      	ldrb	r3, [r4, #3]
10005df6:	4680      	mov	r8, r0
10005df8:	000d      	movs	r5, r1
10005dfa:	428b      	cmp	r3, r1
10005dfc:	d03b      	beq.n	10005e76 <cdcd_xfer_cb+0x8e>
10005dfe:	78a3      	ldrb	r3, [r4, #2]
10005e00:	2000      	movs	r0, #0
10005e02:	428b      	cmp	r3, r1
10005e04:	d011      	beq.n	10005e2a <cdcd_xfer_cb+0x42>
10005e06:	bcc0      	pop	{r6, r7}
10005e08:	46b9      	mov	r9, r7
10005e0a:	46b0      	mov	r8, r6
10005e0c:	bdf8      	pop	{r3, r4, r5, r6, r7, pc}
10005e0e:	4b2e      	ldr	r3, [pc, #184]	@ (10005ec8 <cdcd_xfer_cb+0xe0>)
10005e10:	2b00      	cmp	r3, #0
10005e12:	d004      	beq.n	10005e1e <cdcd_xfer_cb+0x36>
10005e14:	482d      	ldr	r0, [pc, #180]	@ (10005ecc <cdcd_xfer_cb+0xe4>)
10005e16:	f000 fb99 	bl	1000654c <tu_fifo_empty>
10005e1a:	2800      	cmp	r0, #0
10005e1c:	d04f      	beq.n	10005ebe <cdcd_xfer_cb+0xd6>
10005e1e:	2000      	movs	r0, #0
10005e20:	f7ff fda2 	bl	10005968 <_prep_out_transaction.isra.0>
10005e24:	78a3      	ldrb	r3, [r4, #2]
10005e26:	42ab      	cmp	r3, r5
10005e28:	d10a      	bne.n	10005e40 <cdcd_xfer_cb+0x58>
10005e2a:	4b29      	ldr	r3, [pc, #164]	@ (10005ed0 <cdcd_xfer_cb+0xe8>)
10005e2c:	2b00      	cmp	r3, #0
10005e2e:	d002      	beq.n	10005e36 <cdcd_xfer_cb+0x4e>
10005e30:	2000      	movs	r0, #0
10005e32:	e000      	b.n	10005e36 <cdcd_xfer_cb+0x4e>
10005e34:	bf00      	nop
10005e36:	2000      	movs	r0, #0
10005e38:	f7ff fe30 	bl	10005a9c <tud_cdc_n_write_flush>
10005e3c:	2800      	cmp	r0, #0
10005e3e:	d001      	beq.n	10005e44 <cdcd_xfer_cb+0x5c>
10005e40:	2001      	movs	r0, #1
10005e42:	e7e0      	b.n	10005e06 <cdcd_xfer_cb+0x1e>
10005e44:	4c23      	ldr	r4, [pc, #140]	@ (10005ed4 <cdcd_xfer_cb+0xec>)
10005e46:	0020      	movs	r0, r4
10005e48:	f000 fb6a 	bl	10006520 <tu_fifo_count>
10005e4c:	2800      	cmp	r0, #0
10005e4e:	d1f7      	bne.n	10005e40 <cdcd_xfer_cb+0x58>
10005e50:	2f00      	cmp	r7, #0
10005e52:	d0f5      	beq.n	10005e40 <cdcd_xfer_cb+0x58>
10005e54:	06bb      	lsls	r3, r7, #26
10005e56:	d1f3      	bne.n	10005e40 <cdcd_xfer_cb+0x58>
10005e58:	3c24      	subs	r4, #36	@ 0x24
10005e5a:	4640      	mov	r0, r8
10005e5c:	78a1      	ldrb	r1, [r4, #2]
10005e5e:	f7ff fc3b 	bl	100056d8 <usbd_edpt_claim>
10005e62:	2800      	cmp	r0, #0
10005e64:	d0ec      	beq.n	10005e40 <cdcd_xfer_cb+0x58>
10005e66:	2300      	movs	r3, #0
10005e68:	2200      	movs	r2, #0
10005e6a:	4640      	mov	r0, r8
10005e6c:	78a1      	ldrb	r1, [r4, #2]
10005e6e:	f7ff fc5b 	bl	10005728 <usbd_edpt_xfer>
10005e72:	2001      	movs	r0, #1
10005e74:	e7c7      	b.n	10005e06 <cdcd_xfer_cb+0x1e>
10005e76:	4e18      	ldr	r6, [pc, #96]	@ (10005ed8 <cdcd_xfer_cb+0xf0>)
10005e78:	4814      	ldr	r0, [pc, #80]	@ (10005ecc <cdcd_xfer_cb+0xe4>)
10005e7a:	0031      	movs	r1, r6
10005e7c:	b2ba      	uxth	r2, r7
10005e7e:	f000 fc99 	bl	100067b4 <tu_fifo_write_n>
10005e82:	4b16      	ldr	r3, [pc, #88]	@ (10005edc <cdcd_xfer_cb+0xf4>)
10005e84:	2b00      	cmp	r3, #0
10005e86:	d0c2      	beq.n	10005e0e <cdcd_xfer_cb+0x26>
10005e88:	7963      	ldrb	r3, [r4, #5]
10005e8a:	2bff      	cmp	r3, #255	@ 0xff
10005e8c:	d0bf      	beq.n	10005e0e <cdcd_xfer_cb+0x26>
10005e8e:	2f00      	cmp	r7, #0
10005e90:	d0bd      	beq.n	10005e0e <cdcd_xfer_cb+0x26>
10005e92:	46bc      	mov	ip, r7
10005e94:	44b4      	add	ip, r6
10005e96:	46e1      	mov	r9, ip
10005e98:	e003      	b.n	10005ea2 <cdcd_xfer_cb+0xba>
10005e9a:	3601      	adds	r6, #1
10005e9c:	454e      	cmp	r6, r9
10005e9e:	d0b6      	beq.n	10005e0e <cdcd_xfer_cb+0x26>
10005ea0:	7963      	ldrb	r3, [r4, #5]
10005ea2:	7832      	ldrb	r2, [r6, #0]
10005ea4:	429a      	cmp	r2, r3
10005ea6:	d1f8      	bne.n	10005e9a <cdcd_xfer_cb+0xb2>
10005ea8:	4808      	ldr	r0, [pc, #32]	@ (10005ecc <cdcd_xfer_cb+0xe4>)
10005eaa:	f000 fb4f 	bl	1000654c <tu_fifo_empty>
10005eae:	2800      	cmp	r0, #0
10005eb0:	d1f3      	bne.n	10005e9a <cdcd_xfer_cb+0xb2>
10005eb2:	4b06      	ldr	r3, [pc, #24]	@ (10005ecc <cdcd_xfer_cb+0xe4>)
10005eb4:	3b10      	subs	r3, #16
10005eb6:	7959      	ldrb	r1, [r3, #5]
10005eb8:	e000      	b.n	10005ebc <cdcd_xfer_cb+0xd4>
10005eba:	bf00      	nop
10005ebc:	e7ed      	b.n	10005e9a <cdcd_xfer_cb+0xb2>
10005ebe:	e000      	b.n	10005ec2 <cdcd_xfer_cb+0xda>
10005ec0:	bf00      	nop
10005ec2:	e7ac      	b.n	10005e1e <cdcd_xfer_cb+0x36>
10005ec4:	20001060 	.word	0x20001060
10005ec8:	00000000 	.word	0x00000000
10005ecc:	20001070 	.word	0x20001070
10005ed0:	00000000 	.word	0x00000000
10005ed4:	20001084 	.word	0x20001084
10005ed8:	200014b4 	.word	0x200014b4
10005edc:	00000000 	.word	0x00000000

10005ee0 <vendord_init>:
10005ee0:	2293      	movs	r2, #147	@ 0x93
10005ee2:	b5f0      	push	{r4, r5, r6, r7, lr}
10005ee4:	4c13      	ldr	r4, [pc, #76]	@ (10005f34 <vendord_init+0x54>)
10005ee6:	b085      	sub	sp, #20
10005ee8:	2100      	movs	r1, #0
10005eea:	0020      	movs	r0, r4
10005eec:	0092      	lsls	r2, r2, #2
10005eee:	f7fc fb7b 	bl	100025e8 <__wrap_memset>
10005ef2:	0023      	movs	r3, r4
10005ef4:	0020      	movs	r0, r4
10005ef6:	2680      	movs	r6, #128	@ 0x80
10005ef8:	2740      	movs	r7, #64	@ 0x40
10005efa:	4d0f      	ldr	r5, [pc, #60]	@ (10005f38 <vendord_init+0x58>)
10005efc:	334d      	adds	r3, #77	@ 0x4d
10005efe:	0076      	lsls	r6, r6, #1
10005f00:	33ff      	adds	r3, #255	@ 0xff
10005f02:	3029      	adds	r0, #41	@ 0x29
10005f04:	9502      	str	r5, [sp, #8]
10005f06:	9300      	str	r3, [sp, #0]
10005f08:	2200      	movs	r2, #0
10005f0a:	2300      	movs	r3, #0
10005f0c:	2100      	movs	r1, #0
10005f0e:	9703      	str	r7, [sp, #12]
10005f10:	9601      	str	r6, [sp, #4]
10005f12:	30ff      	adds	r0, #255	@ 0xff
10005f14:	f000 f9c4 	bl	100062a0 <tu_edpt_stream_init>
10005f18:	3540      	adds	r5, #64	@ 0x40
10005f1a:	1d20      	adds	r0, r4, #4
10005f1c:	3428      	adds	r4, #40	@ 0x28
10005f1e:	2300      	movs	r3, #0
10005f20:	2201      	movs	r2, #1
10005f22:	2100      	movs	r1, #0
10005f24:	9703      	str	r7, [sp, #12]
10005f26:	9502      	str	r5, [sp, #8]
10005f28:	9601      	str	r6, [sp, #4]
10005f2a:	9400      	str	r4, [sp, #0]
10005f2c:	f000 f9b8 	bl	100062a0 <tu_edpt_stream_init>
10005f30:	b005      	add	sp, #20
10005f32:	bdf0      	pop	{r4, r5, r6, r7, pc}
10005f34:	20001734 	.word	0x20001734
10005f38:	200016b4 	.word	0x200016b4

10005f3c <vendord_deinit>:
10005f3c:	b510      	push	{r4, lr}
10005f3e:	4c05      	ldr	r4, [pc, #20]	@ (10005f54 <vendord_deinit+0x18>)
10005f40:	0020      	movs	r0, r4
10005f42:	f000 f9e1 	bl	10006308 <tu_edpt_stream_deinit>
10005f46:	0020      	movs	r0, r4
10005f48:	3825      	subs	r0, #37	@ 0x25
10005f4a:	38ff      	subs	r0, #255	@ 0xff
10005f4c:	f000 f9dc 	bl	10006308 <tu_edpt_stream_deinit>
10005f50:	2001      	movs	r0, #1
10005f52:	bd10      	pop	{r4, pc}
10005f54:	2000185c 	.word	0x2000185c

10005f58 <vendord_reset>:
10005f58:	b570      	push	{r4, r5, r6, lr}
10005f5a:	4c08      	ldr	r4, [pc, #32]	@ (10005f7c <vendord_reset+0x24>)
10005f5c:	2500      	movs	r5, #0
10005f5e:	0020      	movs	r0, r4
10005f60:	3031      	adds	r0, #49	@ 0x31
10005f62:	30ff      	adds	r0, #255	@ 0xff
10005f64:	7025      	strb	r5, [r4, #0]
10005f66:	f000 fcd9 	bl	1000691c <tu_fifo_clear>
10005f6a:	0020      	movs	r0, r4
10005f6c:	300c      	adds	r0, #12
10005f6e:	f000 fcd5 	bl	1000691c <tu_fifo_clear>
10005f72:	232a      	movs	r3, #42	@ 0x2a
10005f74:	33ff      	adds	r3, #255	@ 0xff
10005f76:	54e5      	strb	r5, [r4, r3]
10005f78:	7165      	strb	r5, [r4, #5]
10005f7a:	bd70      	pop	{r4, r5, r6, pc}
10005f7c:	20001734 	.word	0x20001734

10005f80 <vendord_open>:
10005f80:	b5f8      	push	{r3, r4, r5, r6, r7, lr}
10005f82:	46ce      	mov	lr, r9
10005f84:	4647      	mov	r7, r8
10005f86:	b580      	push	{r7, lr}
10005f88:	794b      	ldrb	r3, [r1, #5]
10005f8a:	4680      	mov	r8, r0
10005f8c:	4689      	mov	r9, r1
10005f8e:	2bff      	cmp	r3, #255	@ 0xff
10005f90:	d106      	bne.n	10005fa0 <vendord_open+0x20>
10005f92:	232a      	movs	r3, #42	@ 0x2a
10005f94:	4f37      	ldr	r7, [pc, #220]	@ (10006074 <vendord_open+0xf4>)
10005f96:	33ff      	adds	r3, #255	@ 0xff
10005f98:	797e      	ldrb	r6, [r7, #5]
10005f9a:	5cfb      	ldrb	r3, [r7, r3]
10005f9c:	431e      	orrs	r6, r3
10005f9e:	d004      	beq.n	10005faa <vendord_open+0x2a>
10005fa0:	2000      	movs	r0, #0
10005fa2:	bcc0      	pop	{r6, r7}
10005fa4:	46b9      	mov	r9, r7
10005fa6:	46b0      	mov	r8, r6
10005fa8:	bdf8      	pop	{r3, r4, r5, r6, r7, pc}
10005faa:	788b      	ldrb	r3, [r1, #2]
10005fac:	780c      	ldrb	r4, [r1, #0]
10005fae:	703b      	strb	r3, [r7, #0]
10005fb0:	790b      	ldrb	r3, [r1, #4]
10005fb2:	190c      	adds	r4, r1, r4
10005fb4:	2b00      	cmp	r3, #0
10005fb6:	d03c      	beq.n	10006032 <vendord_open+0xb2>
10005fb8:	18a5      	adds	r5, r4, r2
10005fba:	e003      	b.n	10005fc4 <vendord_open+0x44>
10005fbc:	42ac      	cmp	r4, r5
10005fbe:	d238      	bcs.n	10006032 <vendord_open+0xb2>
10005fc0:	7823      	ldrb	r3, [r4, #0]
10005fc2:	18e4      	adds	r4, r4, r3
10005fc4:	7863      	ldrb	r3, [r4, #1]
10005fc6:	2b05      	cmp	r3, #5
10005fc8:	d1f8      	bne.n	10005fbc <vendord_open+0x3c>
10005fca:	42ac      	cmp	r4, r5
10005fcc:	d231      	bcs.n	10006032 <vendord_open+0xb2>
10005fce:	0021      	movs	r1, r4
10005fd0:	4640      	mov	r0, r8
10005fd2:	f7ff fb67 	bl	100056a4 <usbd_edpt_open>
10005fd6:	2800      	cmp	r0, #0
10005fd8:	d0e2      	beq.n	10005fa0 <vendord_open+0x20>
10005fda:	78a3      	ldrb	r3, [r4, #2]
10005fdc:	09db      	lsrs	r3, r3, #7
10005fde:	2b01      	cmp	r3, #1
10005fe0:	d02b      	beq.n	1000603a <vendord_open+0xba>
10005fe2:	4825      	ldr	r0, [pc, #148]	@ (10006078 <vendord_open+0xf8>)
10005fe4:	f000 fc9a 	bl	1000691c <tu_fifo_clear>
10005fe8:	232a      	movs	r3, #42	@ 0x2a
10005fea:	78a2      	ldrb	r2, [r4, #2]
10005fec:	33ff      	adds	r3, #255	@ 0xff
10005fee:	54fa      	strb	r2, [r7, r3]
10005ff0:	7963      	ldrb	r3, [r4, #5]
10005ff2:	7922      	ldrb	r2, [r4, #4]
10005ff4:	021b      	lsls	r3, r3, #8
10005ff6:	4313      	orrs	r3, r2
10005ff8:	2194      	movs	r1, #148	@ 0x94
10005ffa:	4a20      	ldr	r2, [pc, #128]	@ (1000607c <vendord_open+0xfc>)
10005ffc:	055b      	lsls	r3, r3, #21
10005ffe:	0d5b      	lsrs	r3, r3, #21
10006000:	189b      	adds	r3, r3, r2
10006002:	425a      	negs	r2, r3
10006004:	4153      	adcs	r3, r2
10006006:	2002      	movs	r0, #2
10006008:	0049      	lsls	r1, r1, #1
1000600a:	5c7a      	ldrb	r2, [r7, r1]
1000600c:	005b      	lsls	r3, r3, #1
1000600e:	4382      	bics	r2, r0
10006010:	4313      	orrs	r3, r2
10006012:	547b      	strb	r3, [r7, r1]
10006014:	4918      	ldr	r1, [pc, #96]	@ (10006078 <vendord_open+0xf8>)
10006016:	4640      	mov	r0, r8
10006018:	3908      	subs	r1, #8
1000601a:	f000 f9df 	bl	100063dc <tu_edpt_stream_read_xfer>
1000601e:	2800      	cmp	r0, #0
10006020:	d0be      	beq.n	10005fa0 <vendord_open+0x20>
10006022:	7823      	ldrb	r3, [r4, #0]
10006024:	3601      	adds	r6, #1
10006026:	18e4      	adds	r4, r4, r3
10006028:	464b      	mov	r3, r9
1000602a:	791b      	ldrb	r3, [r3, #4]
1000602c:	b2f6      	uxtb	r6, r6
1000602e:	42b3      	cmp	r3, r6
10006030:	d8c8      	bhi.n	10005fc4 <vendord_open+0x44>
10006032:	464b      	mov	r3, r9
10006034:	1ae0      	subs	r0, r4, r3
10006036:	b280      	uxth	r0, r0
10006038:	e7b3      	b.n	10005fa2 <vendord_open+0x22>
1000603a:	4811      	ldr	r0, [pc, #68]	@ (10006080 <vendord_open+0x100>)
1000603c:	f000 fc6e 	bl	1000691c <tu_fifo_clear>
10006040:	4a0f      	ldr	r2, [pc, #60]	@ (10006080 <vendord_open+0x100>)
10006042:	78a3      	ldrb	r3, [r4, #2]
10006044:	3a0c      	subs	r2, #12
10006046:	7153      	strb	r3, [r2, #5]
10006048:	7963      	ldrb	r3, [r4, #5]
1000604a:	7921      	ldrb	r1, [r4, #4]
1000604c:	021b      	lsls	r3, r3, #8
1000604e:	430b      	orrs	r3, r1
10006050:	055b      	lsls	r3, r3, #21
10006052:	490a      	ldr	r1, [pc, #40]	@ (1000607c <vendord_open+0xfc>)
10006054:	0d5b      	lsrs	r3, r3, #21
10006056:	185b      	adds	r3, r3, r1
10006058:	4259      	negs	r1, r3
1000605a:	414b      	adcs	r3, r1
1000605c:	2002      	movs	r0, #2
1000605e:	7911      	ldrb	r1, [r2, #4]
10006060:	005b      	lsls	r3, r3, #1
10006062:	4381      	bics	r1, r0
10006064:	430b      	orrs	r3, r1
10006066:	4906      	ldr	r1, [pc, #24]	@ (10006080 <vendord_open+0x100>)
10006068:	2000      	movs	r0, #0
1000606a:	3908      	subs	r1, #8
1000606c:	7113      	strb	r3, [r2, #4]
1000606e:	f000 f97f 	bl	10006370 <tu_edpt_stream_write_xfer>
10006072:	e7d6      	b.n	10006022 <vendord_open+0xa2>
10006074:	20001734 	.word	0x20001734
10006078:	20001864 	.word	0x20001864
1000607c:	fffffe00 	.word	0xfffffe00
10006080:	20001740 	.word	0x20001740

10006084 <vendord_xfer_cb>:
10006084:	b570      	push	{r4, r5, r6, lr}
10006086:	001d      	movs	r5, r3
10006088:	232a      	movs	r3, #42	@ 0x2a
1000608a:	0004      	movs	r4, r0
1000608c:	481f      	ldr	r0, [pc, #124]	@ (1000610c <vendord_xfer_cb+0x88>)
1000608e:	33ff      	adds	r3, #255	@ 0xff
10006090:	5cc3      	ldrb	r3, [r0, r3]
10006092:	428b      	cmp	r3, r1
10006094:	d016      	beq.n	100060c4 <vendord_xfer_cb+0x40>
10006096:	7940      	ldrb	r0, [r0, #5]
10006098:	4288      	cmp	r0, r1
1000609a:	d001      	beq.n	100060a0 <vendord_xfer_cb+0x1c>
1000609c:	2000      	movs	r0, #0
1000609e:	bd70      	pop	{r4, r5, r6, pc}
100060a0:	4b1b      	ldr	r3, [pc, #108]	@ (10006110 <vendord_xfer_cb+0x8c>)
100060a2:	2b00      	cmp	r3, #0
100060a4:	d004      	beq.n	100060b0 <vendord_xfer_cb+0x2c>
100060a6:	0429      	lsls	r1, r5, #16
100060a8:	2000      	movs	r0, #0
100060aa:	0c09      	lsrs	r1, r1, #16
100060ac:	e000      	b.n	100060b0 <vendord_xfer_cb+0x2c>
100060ae:	bf00      	nop
100060b0:	4b18      	ldr	r3, [pc, #96]	@ (10006114 <vendord_xfer_cb+0x90>)
100060b2:	0020      	movs	r0, r4
100060b4:	0019      	movs	r1, r3
100060b6:	001e      	movs	r6, r3
100060b8:	f000 f95a 	bl	10006370 <tu_edpt_stream_write_xfer>
100060bc:	2800      	cmp	r0, #0
100060be:	d01d      	beq.n	100060fc <vendord_xfer_cb+0x78>
100060c0:	2001      	movs	r0, #1
100060c2:	e7ec      	b.n	1000609e <vendord_xfer_cb+0x1a>
100060c4:	239a      	movs	r3, #154	@ 0x9a
100060c6:	005b      	lsls	r3, r3, #1
100060c8:	5ac3      	ldrh	r3, [r0, r3]
100060ca:	2b00      	cmp	r3, #0
100060cc:	d10d      	bne.n	100060ea <vendord_xfer_cb+0x66>
100060ce:	4b12      	ldr	r3, [pc, #72]	@ (10006118 <vendord_xfer_cb+0x94>)
100060d0:	2b00      	cmp	r3, #0
100060d2:	d004      	beq.n	100060de <vendord_xfer_cb+0x5a>
100060d4:	2000      	movs	r0, #0
100060d6:	4911      	ldr	r1, [pc, #68]	@ (1000611c <vendord_xfer_cb+0x98>)
100060d8:	b2aa      	uxth	r2, r5
100060da:	e000      	b.n	100060de <vendord_xfer_cb+0x5a>
100060dc:	bf00      	nop
100060de:	0020      	movs	r0, r4
100060e0:	490f      	ldr	r1, [pc, #60]	@ (10006120 <vendord_xfer_cb+0x9c>)
100060e2:	f000 f97b 	bl	100063dc <tu_edpt_stream_read_xfer>
100060e6:	2001      	movs	r0, #1
100060e8:	e7d9      	b.n	1000609e <vendord_xfer_cb+0x1a>
100060ea:	2396      	movs	r3, #150	@ 0x96
100060ec:	005b      	lsls	r3, r3, #1
100060ee:	58c1      	ldr	r1, [r0, r3]
100060f0:	3031      	adds	r0, #49	@ 0x31
100060f2:	b2aa      	uxth	r2, r5
100060f4:	30ff      	adds	r0, #255	@ 0xff
100060f6:	f000 fb5d 	bl	100067b4 <tu_fifo_write_n>
100060fa:	e7e8      	b.n	100060ce <vendord_xfer_cb+0x4a>
100060fc:	002a      	movs	r2, r5
100060fe:	0031      	movs	r1, r6
10006100:	0020      	movs	r0, r4
10006102:	f000 f903 	bl	1000630c <tu_edpt_stream_write_zlp_if_needed>
10006106:	2001      	movs	r0, #1
10006108:	e7c9      	b.n	1000609e <vendord_xfer_cb+0x1a>
1000610a:	46c0      	nop			@ (mov r8, r8)
1000610c:	20001734 	.word	0x20001734
10006110:	00000000 	.word	0x00000000
10006114:	20001738 	.word	0x20001738
10006118:	00000000 	.word	0x00000000
1000611c:	200016b4 	.word	0x200016b4
10006120:	2000185c 	.word	0x2000185c

10006124 <tusb_rhport_init>:
10006124:	b500      	push	{lr}
10006126:	0003      	movs	r3, r0
10006128:	b083      	sub	sp, #12
1000612a:	2900      	cmp	r1, #0
1000612c:	d010      	beq.n	10006150 <tusb_rhport_init+0x2c>
1000612e:	2000      	movs	r0, #0
10006130:	2b01      	cmp	r3, #1
10006132:	d807      	bhi.n	10006144 <tusb_rhport_init+0x20>
10006134:	780a      	ldrb	r2, [r1, #0]
10006136:	2a00      	cmp	r2, #0
10006138:	d004      	beq.n	10006144 <tusb_rhport_init+0x20>
1000613a:	480c      	ldr	r0, [pc, #48]	@ (1000616c <tusb_rhport_init+0x48>)
1000613c:	54c2      	strb	r2, [r0, r3]
1000613e:	2001      	movs	r0, #1
10006140:	2a01      	cmp	r2, #1
10006142:	d001      	beq.n	10006148 <tusb_rhport_init+0x24>
10006144:	b003      	add	sp, #12
10006146:	bd00      	pop	{pc}
10006148:	0018      	movs	r0, r3
1000614a:	f7fe fde9 	bl	10004d20 <tud_rhport_init>
1000614e:	e7f9      	b.n	10006144 <tusb_rhport_init+0x20>
10006150:	2301      	movs	r3, #1
10006152:	466a      	mov	r2, sp
10006154:	2000      	movs	r0, #0
10006156:	a901      	add	r1, sp, #4
10006158:	8093      	strh	r3, [r2, #4]
1000615a:	f7fe fde1 	bl	10004d20 <tud_rhport_init>
1000615e:	2800      	cmp	r0, #0
10006160:	d0f0      	beq.n	10006144 <tusb_rhport_init+0x20>
10006162:	2201      	movs	r2, #1
10006164:	4b01      	ldr	r3, [pc, #4]	@ (1000616c <tusb_rhport_init+0x48>)
10006166:	701a      	strb	r2, [r3, #0]
10006168:	e7ec      	b.n	10006144 <tusb_rhport_init+0x20>
1000616a:	46c0      	nop			@ (mov r8, r8)
1000616c:	2000158c 	.word	0x2000158c

10006170 <tu_edpt_claim>:
10006170:	b570      	push	{r4, r5, r6, lr}
10006172:	0004      	movs	r4, r0
10006174:	7823      	ldrb	r3, [r4, #0]
10006176:	0008      	movs	r0, r1
10006178:	07db      	lsls	r3, r3, #31
1000617a:	000e      	movs	r6, r1
1000617c:	0fdd      	lsrs	r5, r3, #31
1000617e:	2b00      	cmp	r3, #0
10006180:	d116      	bne.n	100061b0 <tu_edpt_claim+0x40>
10006182:	7823      	ldrb	r3, [r4, #0]
10006184:	075b      	lsls	r3, r3, #29
10006186:	d501      	bpl.n	1000618c <tu_edpt_claim+0x1c>
10006188:	0028      	movs	r0, r5
1000618a:	bd70      	pop	{r4, r5, r6, pc}
1000618c:	2101      	movs	r1, #1
1000618e:	4249      	negs	r1, r1
10006190:	f000 fc6a 	bl	10006a68 <__mutex_enter_timeout_ms_veneer>
10006194:	7823      	ldrb	r3, [r4, #0]
10006196:	07db      	lsls	r3, r3, #31
10006198:	0fdd      	lsrs	r5, r3, #31
1000619a:	2b00      	cmp	r3, #0
1000619c:	d10a      	bne.n	100061b4 <tu_edpt_claim+0x44>
1000619e:	7823      	ldrb	r3, [r4, #0]
100061a0:	075b      	lsls	r3, r3, #29
100061a2:	d408      	bmi.n	100061b6 <tu_edpt_claim+0x46>
100061a4:	2204      	movs	r2, #4
100061a6:	7823      	ldrb	r3, [r4, #0]
100061a8:	2501      	movs	r5, #1
100061aa:	4313      	orrs	r3, r2
100061ac:	7023      	strb	r3, [r4, #0]
100061ae:	e002      	b.n	100061b6 <tu_edpt_claim+0x46>
100061b0:	2500      	movs	r5, #0
100061b2:	e7e9      	b.n	10006188 <tu_edpt_claim+0x18>
100061b4:	2500      	movs	r5, #0
100061b6:	0030      	movs	r0, r6
100061b8:	f000 fc2e 	bl	10006a18 <__mutex_exit_veneer>
100061bc:	e7e4      	b.n	10006188 <tu_edpt_claim+0x18>
100061be:	46c0      	nop			@ (mov r8, r8)

100061c0 <tu_edpt_release>:
100061c0:	b570      	push	{r4, r5, r6, lr}
100061c2:	000d      	movs	r5, r1
100061c4:	2101      	movs	r1, #1
100061c6:	0004      	movs	r4, r0
100061c8:	4249      	negs	r1, r1
100061ca:	0028      	movs	r0, r5
100061cc:	f000 fc4c 	bl	10006a68 <__mutex_enter_timeout_ms_veneer>
100061d0:	7823      	ldrb	r3, [r4, #0]
100061d2:	075b      	lsls	r3, r3, #29
100061d4:	0fde      	lsrs	r6, r3, #31
100061d6:	2b00      	cmp	r3, #0
100061d8:	db04      	blt.n	100061e4 <tu_edpt_release+0x24>
100061da:	0028      	movs	r0, r5
100061dc:	f000 fc1c 	bl	10006a18 <__mutex_exit_veneer>
100061e0:	0030      	movs	r0, r6
100061e2:	bd70      	pop	{r4, r5, r6, pc}
100061e4:	7823      	ldrb	r3, [r4, #0]
100061e6:	07db      	lsls	r3, r3, #31
100061e8:	d404      	bmi.n	100061f4 <tu_edpt_release+0x34>
100061ea:	2204      	movs	r2, #4
100061ec:	7823      	ldrb	r3, [r4, #0]
100061ee:	4393      	bics	r3, r2
100061f0:	7023      	strb	r3, [r4, #0]
100061f2:	e7f2      	b.n	100061da <tu_edpt_release+0x1a>
100061f4:	2600      	movs	r6, #0
100061f6:	e7f0      	b.n	100061da <tu_edpt_release+0x1a>

100061f8 <tu_edpt_validate>:
100061f8:	7943      	ldrb	r3, [r0, #5]
100061fa:	7902      	ldrb	r2, [r0, #4]
100061fc:	021b      	lsls	r3, r3, #8
100061fe:	4313      	orrs	r3, r2
10006200:	78c2      	ldrb	r2, [r0, #3]
10006202:	055b      	lsls	r3, r3, #21
10006204:	0792      	lsls	r2, r2, #30
10006206:	0d5b      	lsrs	r3, r3, #21
10006208:	0f92      	lsrs	r2, r2, #30
1000620a:	2a02      	cmp	r2, #2
1000620c:	d01a      	beq.n	10006244 <tu_edpt_validate+0x4c>
1000620e:	2a03      	cmp	r2, #3
10006210:	d00b      	beq.n	1000622a <tu_edpt_validate+0x32>
10006212:	2000      	movs	r0, #0
10006214:	2a01      	cmp	r2, #1
10006216:	d107      	bne.n	10006228 <tu_edpt_validate+0x30>
10006218:	3902      	subs	r1, #2
1000621a:	424a      	negs	r2, r1
1000621c:	4151      	adcs	r1, r2
1000621e:	4a10      	ldr	r2, [pc, #64]	@ (10006260 <tu_edpt_validate+0x68>)
10006220:	1889      	adds	r1, r1, r2
10006222:	4299      	cmp	r1, r3
10006224:	4140      	adcs	r0, r0
10006226:	b2c0      	uxtb	r0, r0
10006228:	4770      	bx	lr
1000622a:	3902      	subs	r1, #2
1000622c:	1e4a      	subs	r2, r1, #1
1000622e:	4191      	sbcs	r1, r2
10006230:	4a0c      	ldr	r2, [pc, #48]	@ (10006264 <tu_edpt_validate+0x6c>)
10006232:	4249      	negs	r1, r1
10006234:	4011      	ands	r1, r2
10006236:	2280      	movs	r2, #128	@ 0x80
10006238:	2000      	movs	r0, #0
1000623a:	00d2      	lsls	r2, r2, #3
1000623c:	1889      	adds	r1, r1, r2
1000623e:	4299      	cmp	r1, r3
10006240:	4140      	adcs	r0, r0
10006242:	e7f1      	b.n	10006228 <tu_edpt_validate+0x30>
10006244:	2902      	cmp	r1, #2
10006246:	d004      	beq.n	10006252 <tu_edpt_validate+0x5a>
10006248:	2000      	movs	r0, #0
1000624a:	2240      	movs	r2, #64	@ 0x40
1000624c:	429a      	cmp	r2, r3
1000624e:	4140      	adcs	r0, r0
10006250:	e7ea      	b.n	10006228 <tu_edpt_validate+0x30>
10006252:	4a05      	ldr	r2, [pc, #20]	@ (10006268 <tu_edpt_validate+0x70>)
10006254:	1898      	adds	r0, r3, r2
10006256:	4243      	negs	r3, r0
10006258:	4158      	adcs	r0, r3
1000625a:	b2c0      	uxtb	r0, r0
1000625c:	e7e4      	b.n	10006228 <tu_edpt_validate+0x30>
1000625e:	46c0      	nop			@ (mov r8, r8)
10006260:	000003ff 	.word	0x000003ff
10006264:	fffffc40 	.word	0xfffffc40
10006268:	fffffe00 	.word	0xfffffe00

1000626c <tu_edpt_bind_driver>:
1000626c:	4684      	mov	ip, r0
1000626e:	1888      	adds	r0, r1, r2
10006270:	b530      	push	{r4, r5, lr}
10006272:	001c      	movs	r4, r3
10006274:	4281      	cmp	r1, r0
10006276:	d206      	bcs.n	10006286 <tu_edpt_bind_driver+0x1a>
10006278:	784a      	ldrb	r2, [r1, #1]
1000627a:	2a05      	cmp	r2, #5
1000627c:	d004      	beq.n	10006288 <tu_edpt_bind_driver+0x1c>
1000627e:	780a      	ldrb	r2, [r1, #0]
10006280:	1889      	adds	r1, r1, r2
10006282:	4288      	cmp	r0, r1
10006284:	d8f8      	bhi.n	10006278 <tu_edpt_bind_driver+0xc>
10006286:	bd30      	pop	{r4, r5, pc}
10006288:	227f      	movs	r2, #127	@ 0x7f
1000628a:	788b      	ldrb	r3, [r1, #2]
1000628c:	401a      	ands	r2, r3
1000628e:	0052      	lsls	r2, r2, #1
10006290:	4462      	add	r2, ip
10006292:	09db      	lsrs	r3, r3, #7
10006294:	54d4      	strb	r4, [r2, r3]
10006296:	780a      	ldrb	r2, [r1, #0]
10006298:	1889      	adds	r1, r1, r2
1000629a:	4288      	cmp	r0, r1
1000629c:	d8ec      	bhi.n	10006278 <tu_edpt_bind_driver+0xc>
1000629e:	e7f2      	b.n	10006286 <tu_edpt_bind_driver+0x1a>

100062a0 <tu_edpt_stream_init>:
100062a0:	b5f0      	push	{r4, r5, r6, r7, lr}
100062a2:	46c6      	mov	lr, r8
100062a4:	b500      	push	{lr}
100062a6:	b082      	sub	sp, #8
100062a8:	4690      	mov	r8, r2
100062aa:	aa08      	add	r2, sp, #32
100062ac:	ca20      	ldmia	r2!, {r5}
100062ae:	0004      	movs	r4, r0
100062b0:	8816      	ldrh	r6, [r2, #0]
100062b2:	466a      	mov	r2, sp
100062b4:	2001      	movs	r0, #1
100062b6:	8d97      	ldrh	r7, [r2, #44]	@ 0x2c
100062b8:	000a      	movs	r2, r1
100062ba:	7821      	ldrb	r1, [r4, #0]
100062bc:	4002      	ands	r2, r0
100062be:	4381      	bics	r1, r0
100062c0:	0020      	movs	r0, r4
100062c2:	4311      	orrs	r1, r2
100062c4:	7021      	strb	r1, [r4, #0]
100062c6:	0032      	movs	r2, r6
100062c8:	9300      	str	r3, [sp, #0]
100062ca:	0029      	movs	r1, r5
100062cc:	2301      	movs	r3, #1
100062ce:	3008      	adds	r0, #8
100062d0:	f000 f8f0 	bl	100064b4 <tu_fifo_config>
100062d4:	2d00      	cmp	r5, #0
100062d6:	d001      	beq.n	100062dc <tu_edpt_stream_init+0x3c>
100062d8:	2e00      	cmp	r6, #0
100062da:	d107      	bne.n	100062ec <tu_edpt_stream_init+0x4c>
100062dc:	2001      	movs	r0, #1
100062de:	9b0a      	ldr	r3, [sp, #40]	@ 0x28
100062e0:	8067      	strh	r7, [r4, #2]
100062e2:	6063      	str	r3, [r4, #4]
100062e4:	b002      	add	sp, #8
100062e6:	bc80      	pop	{r7}
100062e8:	46b8      	mov	r8, r7
100062ea:	bdf0      	pop	{r4, r5, r6, r7, pc}
100062ec:	0025      	movs	r5, r4
100062ee:	351c      	adds	r5, #28
100062f0:	0028      	movs	r0, r5
100062f2:	f7fa fb19 	bl	10000928 <mutex_init>
100062f6:	4642      	mov	r2, r8
100062f8:	2300      	movs	r3, #0
100062fa:	2a00      	cmp	r2, #0
100062fc:	d001      	beq.n	10006302 <tu_edpt_stream_init+0x62>
100062fe:	002b      	movs	r3, r5
10006300:	2500      	movs	r5, #0
10006302:	6163      	str	r3, [r4, #20]
10006304:	61a5      	str	r5, [r4, #24]
10006306:	e7e9      	b.n	100062dc <tu_edpt_stream_init+0x3c>

10006308 <tu_edpt_stream_deinit>:
10006308:	2001      	movs	r0, #1
1000630a:	4770      	bx	lr

1000630c <tu_edpt_stream_write_zlp_if_needed>:
1000630c:	b5f8      	push	{r3, r4, r5, r6, r7, lr}
1000630e:	2402      	movs	r4, #2
10006310:	780b      	ldrb	r3, [r1, #0]
10006312:	0007      	movs	r7, r0
10006314:	401c      	ands	r4, r3
10006316:	4263      	negs	r3, r4
10006318:	415c      	adcs	r4, r3
1000631a:	0008      	movs	r0, r1
1000631c:	4b12      	ldr	r3, [pc, #72]	@ (10006368 <tu_edpt_stream_write_zlp_if_needed+0x5c>)
1000631e:	4264      	negs	r4, r4
10006320:	401c      	ands	r4, r3
10006322:	4b12      	ldr	r3, [pc, #72]	@ (1000636c <tu_edpt_stream_write_zlp_if_needed+0x60>)
10006324:	3008      	adds	r0, #8
10006326:	000d      	movs	r5, r1
10006328:	0016      	movs	r6, r2
1000632a:	18e4      	adds	r4, r4, r3
1000632c:	f000 f8f8 	bl	10006520 <tu_fifo_count>
10006330:	2800      	cmp	r0, #0
10006332:	d107      	bne.n	10006344 <tu_edpt_stream_write_zlp_if_needed+0x38>
10006334:	2e00      	cmp	r6, #0
10006336:	d005      	beq.n	10006344 <tu_edpt_stream_write_zlp_if_needed+0x38>
10006338:	4234      	tst	r4, r6
1000633a:	d103      	bne.n	10006344 <tu_edpt_stream_write_zlp_if_needed+0x38>
1000633c:	2401      	movs	r4, #1
1000633e:	782b      	ldrb	r3, [r5, #0]
10006340:	421c      	tst	r4, r3
10006342:	d001      	beq.n	10006348 <tu_edpt_stream_write_zlp_if_needed+0x3c>
10006344:	2000      	movs	r0, #0
10006346:	bdf8      	pop	{r3, r4, r5, r6, r7, pc}
10006348:	0038      	movs	r0, r7
1000634a:	7869      	ldrb	r1, [r5, #1]
1000634c:	f7ff f9c4 	bl	100056d8 <usbd_edpt_claim>
10006350:	2800      	cmp	r0, #0
10006352:	d0f7      	beq.n	10006344 <tu_edpt_stream_write_zlp_if_needed+0x38>
10006354:	782b      	ldrb	r3, [r5, #0]
10006356:	421c      	tst	r4, r3
10006358:	d1f4      	bne.n	10006344 <tu_edpt_stream_write_zlp_if_needed+0x38>
1000635a:	2300      	movs	r3, #0
1000635c:	2200      	movs	r2, #0
1000635e:	0038      	movs	r0, r7
10006360:	7869      	ldrb	r1, [r5, #1]
10006362:	f7ff f9e1 	bl	10005728 <usbd_edpt_xfer>
10006366:	e7ee      	b.n	10006346 <tu_edpt_stream_write_zlp_if_needed+0x3a>
10006368:	fffffe40 	.word	0xfffffe40
1000636c:	000001ff 	.word	0x000001ff

10006370 <tu_edpt_stream_write_xfer>:
10006370:	2308      	movs	r3, #8
10006372:	469c      	mov	ip, r3
10006374:	448c      	add	ip, r1
10006376:	b570      	push	{r4, r5, r6, lr}
10006378:	0005      	movs	r5, r0
1000637a:	4660      	mov	r0, ip
1000637c:	000c      	movs	r4, r1
1000637e:	4666      	mov	r6, ip
10006380:	f000 f8ce 	bl	10006520 <tu_fifo_count>
10006384:	2800      	cmp	r0, #0
10006386:	d003      	beq.n	10006390 <tu_edpt_stream_write_xfer+0x20>
10006388:	2201      	movs	r2, #1
1000638a:	7823      	ldrb	r3, [r4, #0]
1000638c:	421a      	tst	r2, r3
1000638e:	d001      	beq.n	10006394 <tu_edpt_stream_write_xfer+0x24>
10006390:	2000      	movs	r0, #0
10006392:	bd70      	pop	{r4, r5, r6, pc}
10006394:	0028      	movs	r0, r5
10006396:	7861      	ldrb	r1, [r4, #1]
10006398:	f7ff f99e 	bl	100056d8 <usbd_edpt_claim>
1000639c:	2800      	cmp	r0, #0
1000639e:	d0f7      	beq.n	10006390 <tu_edpt_stream_write_xfer+0x20>
100063a0:	8862      	ldrh	r2, [r4, #2]
100063a2:	0030      	movs	r0, r6
100063a4:	6861      	ldr	r1, [r4, #4]
100063a6:	f000 f93d 	bl	10006624 <tu_fifo_read_n>
100063aa:	2201      	movs	r2, #1
100063ac:	7823      	ldrb	r3, [r4, #0]
100063ae:	4013      	ands	r3, r2
100063b0:	2800      	cmp	r0, #0
100063b2:	d00c      	beq.n	100063ce <tu_edpt_stream_write_xfer+0x5e>
100063b4:	2b00      	cmp	r3, #0
100063b6:	d1eb      	bne.n	10006390 <tu_edpt_stream_write_xfer+0x20>
100063b8:	0003      	movs	r3, r0
100063ba:	6862      	ldr	r2, [r4, #4]
100063bc:	7861      	ldrb	r1, [r4, #1]
100063be:	0004      	movs	r4, r0
100063c0:	0028      	movs	r0, r5
100063c2:	f7ff f9b1 	bl	10005728 <usbd_edpt_xfer>
100063c6:	2800      	cmp	r0, #0
100063c8:	d0e2      	beq.n	10006390 <tu_edpt_stream_write_xfer+0x20>
100063ca:	0020      	movs	r0, r4
100063cc:	e7e1      	b.n	10006392 <tu_edpt_stream_write_xfer+0x22>
100063ce:	2b00      	cmp	r3, #0
100063d0:	d1de      	bne.n	10006390 <tu_edpt_stream_write_xfer+0x20>
100063d2:	0028      	movs	r0, r5
100063d4:	7861      	ldrb	r1, [r4, #1]
100063d6:	f7ff f993 	bl	10005700 <usbd_edpt_release>
100063da:	e7d9      	b.n	10006390 <tu_edpt_stream_write_xfer+0x20>

100063dc <tu_edpt_stream_read_xfer>:
100063dc:	b5f0      	push	{r4, r5, r6, r7, lr}
100063de:	46c6      	mov	lr, r8
100063e0:	b500      	push	{lr}
100063e2:	898a      	ldrh	r2, [r1, #12]
100063e4:	0006      	movs	r6, r0
100063e6:	000c      	movs	r4, r1
100063e8:	780b      	ldrb	r3, [r1, #0]
100063ea:	2a00      	cmp	r2, #0
100063ec:	d106      	bne.n	100063fc <tu_edpt_stream_read_xfer+0x20>
100063ee:	3201      	adds	r2, #1
100063f0:	421a      	tst	r2, r3
100063f2:	d040      	beq.n	10006476 <tu_edpt_stream_read_xfer+0x9a>
100063f4:	2000      	movs	r0, #0
100063f6:	bc80      	pop	{r7}
100063f8:	46b8      	mov	r8, r7
100063fa:	bdf0      	pop	{r4, r5, r6, r7, pc}
100063fc:	079b      	lsls	r3, r3, #30
100063fe:	d434      	bmi.n	1000646a <tu_edpt_stream_read_xfer+0x8e>
10006400:	4b2b      	ldr	r3, [pc, #172]	@ (100064b0 <tu_edpt_stream_read_xfer+0xd4>)
10006402:	2540      	movs	r5, #64	@ 0x40
10006404:	4698      	mov	r8, r3
10006406:	2308      	movs	r3, #8
10006408:	469c      	mov	ip, r3
1000640a:	44a4      	add	ip, r4
1000640c:	4660      	mov	r0, ip
1000640e:	4667      	mov	r7, ip
10006410:	f000 f8a4 	bl	1000655c <tu_fifo_remaining>
10006414:	4285      	cmp	r5, r0
10006416:	d8ed      	bhi.n	100063f4 <tu_edpt_stream_read_xfer+0x18>
10006418:	2201      	movs	r2, #1
1000641a:	7823      	ldrb	r3, [r4, #0]
1000641c:	421a      	tst	r2, r3
1000641e:	d1e9      	bne.n	100063f4 <tu_edpt_stream_read_xfer+0x18>
10006420:	0030      	movs	r0, r6
10006422:	7861      	ldrb	r1, [r4, #1]
10006424:	f7ff f958 	bl	100056d8 <usbd_edpt_claim>
10006428:	2800      	cmp	r0, #0
1000642a:	d0e3      	beq.n	100063f4 <tu_edpt_stream_read_xfer+0x18>
1000642c:	0038      	movs	r0, r7
1000642e:	f000 f895 	bl	1000655c <tu_fifo_remaining>
10006432:	2201      	movs	r2, #1
10006434:	7823      	ldrb	r3, [r4, #0]
10006436:	4013      	ands	r3, r2
10006438:	4285      	cmp	r5, r0
1000643a:	d832      	bhi.n	100064a2 <tu_edpt_stream_read_xfer+0xc6>
1000643c:	2b00      	cmp	r3, #0
1000643e:	d1d9      	bne.n	100063f4 <tu_edpt_stream_read_xfer+0x18>
10006440:	4641      	mov	r1, r8
10006442:	8862      	ldrh	r2, [r4, #2]
10006444:	4001      	ands	r1, r0
10006446:	1c13      	adds	r3, r2, #0
10006448:	428a      	cmp	r2, r1
1000644a:	d900      	bls.n	1000644e <tu_edpt_stream_read_xfer+0x72>
1000644c:	1c0b      	adds	r3, r1, #0
1000644e:	b29b      	uxth	r3, r3
10006450:	2200      	movs	r2, #0
10006452:	7861      	ldrb	r1, [r4, #1]
10006454:	2b00      	cmp	r3, #0
10006456:	d000      	beq.n	1000645a <tu_edpt_stream_read_xfer+0x7e>
10006458:	6862      	ldr	r2, [r4, #4]
1000645a:	0030      	movs	r0, r6
1000645c:	001c      	movs	r4, r3
1000645e:	f7ff f963 	bl	10005728 <usbd_edpt_xfer>
10006462:	2800      	cmp	r0, #0
10006464:	d0c6      	beq.n	100063f4 <tu_edpt_stream_read_xfer+0x18>
10006466:	0020      	movs	r0, r4
10006468:	e7c5      	b.n	100063f6 <tu_edpt_stream_read_xfer+0x1a>
1000646a:	23fe      	movs	r3, #254	@ 0xfe
1000646c:	2580      	movs	r5, #128	@ 0x80
1000646e:	021b      	lsls	r3, r3, #8
10006470:	4698      	mov	r8, r3
10006472:	00ad      	lsls	r5, r5, #2
10006474:	e7c7      	b.n	10006406 <tu_edpt_stream_read_xfer+0x2a>
10006476:	7849      	ldrb	r1, [r1, #1]
10006478:	f7ff f92e 	bl	100056d8 <usbd_edpt_claim>
1000647c:	2800      	cmp	r0, #0
1000647e:	d0b9      	beq.n	100063f4 <tu_edpt_stream_read_xfer+0x18>
10006480:	2201      	movs	r2, #1
10006482:	7823      	ldrb	r3, [r4, #0]
10006484:	421a      	tst	r2, r3
10006486:	d1b5      	bne.n	100063f4 <tu_edpt_stream_read_xfer+0x18>
10006488:	8863      	ldrh	r3, [r4, #2]
1000648a:	2200      	movs	r2, #0
1000648c:	7861      	ldrb	r1, [r4, #1]
1000648e:	2b00      	cmp	r3, #0
10006490:	d000      	beq.n	10006494 <tu_edpt_stream_read_xfer+0xb8>
10006492:	6862      	ldr	r2, [r4, #4]
10006494:	0030      	movs	r0, r6
10006496:	f7ff f947 	bl	10005728 <usbd_edpt_xfer>
1000649a:	2800      	cmp	r0, #0
1000649c:	d0aa      	beq.n	100063f4 <tu_edpt_stream_read_xfer+0x18>
1000649e:	8860      	ldrh	r0, [r4, #2]
100064a0:	e7a9      	b.n	100063f6 <tu_edpt_stream_read_xfer+0x1a>
100064a2:	2b00      	cmp	r3, #0
100064a4:	d1a6      	bne.n	100063f4 <tu_edpt_stream_read_xfer+0x18>
100064a6:	0030      	movs	r0, r6
100064a8:	7861      	ldrb	r1, [r4, #1]
100064aa:	f7ff f929 	bl	10005700 <usbd_edpt_release>
100064ae:	e7a1      	b.n	100063f4 <tu_edpt_stream_read_xfer+0x18>
100064b0:	0000ffc0 	.word	0x0000ffc0

100064b4 <tu_fifo_config>:
100064b4:	b5f0      	push	{r4, r5, r6, r7, lr}
100064b6:	46c6      	mov	lr, r8
100064b8:	b500      	push	{lr}
100064ba:	4698      	mov	r8, r3
100064bc:	466b      	mov	r3, sp
100064be:	7e1e      	ldrb	r6, [r3, #24]
100064c0:	2380      	movs	r3, #128	@ 0x80
100064c2:	0004      	movs	r4, r0
100064c4:	000f      	movs	r7, r1
100064c6:	0015      	movs	r5, r2
100064c8:	021b      	lsls	r3, r3, #8
100064ca:	429a      	cmp	r2, r3
100064cc:	d826      	bhi.n	1000651c <tu_fifo_config+0x68>
100064ce:	68c0      	ldr	r0, [r0, #12]
100064d0:	2800      	cmp	r0, #0
100064d2:	d003      	beq.n	100064dc <tu_fifo_config+0x28>
100064d4:	2101      	movs	r1, #1
100064d6:	4249      	negs	r1, r1
100064d8:	f000 fac6 	bl	10006a68 <__mutex_enter_timeout_ms_veneer>
100064dc:	6920      	ldr	r0, [r4, #16]
100064de:	2800      	cmp	r0, #0
100064e0:	d003      	beq.n	100064ea <tu_fifo_config+0x36>
100064e2:	2101      	movs	r1, #1
100064e4:	4249      	negs	r1, r1
100064e6:	f000 fabf 	bl	10006a68 <__mutex_enter_timeout_ms_veneer>
100064ea:	4642      	mov	r2, r8
100064ec:	0452      	lsls	r2, r2, #17
100064ee:	03f3      	lsls	r3, r6, #15
100064f0:	0c52      	lsrs	r2, r2, #17
100064f2:	4313      	orrs	r3, r2
100064f4:	80e3      	strh	r3, [r4, #6]
100064f6:	2300      	movs	r3, #0
100064f8:	68e0      	ldr	r0, [r4, #12]
100064fa:	8163      	strh	r3, [r4, #10]
100064fc:	6027      	str	r7, [r4, #0]
100064fe:	80a5      	strh	r5, [r4, #4]
10006500:	8123      	strh	r3, [r4, #8]
10006502:	2800      	cmp	r0, #0
10006504:	d001      	beq.n	1000650a <tu_fifo_config+0x56>
10006506:	f000 fa87 	bl	10006a18 <__mutex_exit_veneer>
1000650a:	6920      	ldr	r0, [r4, #16]
1000650c:	2800      	cmp	r0, #0
1000650e:	d001      	beq.n	10006514 <tu_fifo_config+0x60>
10006510:	f000 fa82 	bl	10006a18 <__mutex_exit_veneer>
10006514:	2001      	movs	r0, #1
10006516:	bc80      	pop	{r7}
10006518:	46b8      	mov	r8, r7
1000651a:	bdf0      	pop	{r4, r5, r6, r7, pc}
1000651c:	2000      	movs	r0, #0
1000651e:	e7fa      	b.n	10006516 <tu_fifo_config+0x62>

10006520 <tu_fifo_count>:
10006520:	8903      	ldrh	r3, [r0, #8]
10006522:	8941      	ldrh	r1, [r0, #10]
10006524:	469c      	mov	ip, r3
10006526:	8882      	ldrh	r2, [r0, #4]
10006528:	b29b      	uxth	r3, r3
1000652a:	b288      	uxth	r0, r1
1000652c:	458c      	cmp	ip, r1
1000652e:	d307      	bcc.n	10006540 <tu_fifo_count+0x20>
10006530:	1a1b      	subs	r3, r3, r0
10006532:	b29b      	uxth	r3, r3
10006534:	1c10      	adds	r0, r2, #0
10006536:	429a      	cmp	r2, r3
10006538:	d900      	bls.n	1000653c <tu_fifo_count+0x1c>
1000653a:	1c18      	adds	r0, r3, #0
1000653c:	b280      	uxth	r0, r0
1000653e:	4770      	bx	lr
10006540:	0051      	lsls	r1, r2, #1
10006542:	1a09      	subs	r1, r1, r0
10006544:	185b      	adds	r3, r3, r1
10006546:	b29b      	uxth	r3, r3
10006548:	e7f4      	b.n	10006534 <tu_fifo_count+0x14>
1000654a:	46c0      	nop			@ (mov r8, r8)

1000654c <tu_fifo_empty>:
1000654c:	8903      	ldrh	r3, [r0, #8]
1000654e:	8940      	ldrh	r0, [r0, #10]
10006550:	1a18      	subs	r0, r3, r0
10006552:	4243      	negs	r3, r0
10006554:	4158      	adcs	r0, r3
10006556:	b2c0      	uxtb	r0, r0
10006558:	4770      	bx	lr
1000655a:	46c0      	nop			@ (mov r8, r8)

1000655c <tu_fifo_remaining>:
1000655c:	8903      	ldrh	r3, [r0, #8]
1000655e:	8941      	ldrh	r1, [r0, #10]
10006560:	469c      	mov	ip, r3
10006562:	8882      	ldrh	r2, [r0, #4]
10006564:	b29b      	uxth	r3, r3
10006566:	b288      	uxth	r0, r1
10006568:	458c      	cmp	ip, r1
1000656a:	d307      	bcc.n	1000657c <tu_fifo_remaining+0x20>
1000656c:	1a1b      	subs	r3, r3, r0
1000656e:	b29b      	uxth	r3, r3
10006570:	2000      	movs	r0, #0
10006572:	429a      	cmp	r2, r3
10006574:	d901      	bls.n	1000657a <tu_fifo_remaining+0x1e>
10006576:	1ad2      	subs	r2, r2, r3
10006578:	b290      	uxth	r0, r2
1000657a:	4770      	bx	lr
1000657c:	0051      	lsls	r1, r2, #1
1000657e:	1a09      	subs	r1, r1, r0
10006580:	185b      	adds	r3, r3, r1
10006582:	b29b      	uxth	r3, r3
10006584:	e7f4      	b.n	10006570 <tu_fifo_remaining+0x14>
10006586:	46c0      	nop			@ (mov r8, r8)

10006588 <tu_fifo_read>:
10006588:	b570      	push	{r4, r5, r6, lr}
1000658a:	0004      	movs	r4, r0
1000658c:	6900      	ldr	r0, [r0, #16]
1000658e:	000d      	movs	r5, r1
10006590:	2800      	cmp	r0, #0
10006592:	d003      	beq.n	1000659c <tu_fifo_read+0x14>
10006594:	2101      	movs	r1, #1
10006596:	4249      	negs	r1, r1
10006598:	f000 fa66 	bl	10006a68 <__mutex_enter_timeout_ms_veneer>
1000659c:	8923      	ldrh	r3, [r4, #8]
1000659e:	8962      	ldrh	r2, [r4, #10]
100065a0:	469c      	mov	ip, r3
100065a2:	b298      	uxth	r0, r3
100065a4:	b291      	uxth	r1, r2
100065a6:	88a3      	ldrh	r3, [r4, #4]
100065a8:	4594      	cmp	ip, r2
100065aa:	d332      	bcc.n	10006612 <tu_fifo_read+0x8a>
100065ac:	1a42      	subs	r2, r0, r1
100065ae:	b292      	uxth	r2, r2
100065b0:	2a00      	cmp	r2, #0
100065b2:	d027      	beq.n	10006604 <tu_fifo_read+0x7c>
100065b4:	4293      	cmp	r3, r2
100065b6:	d208      	bcs.n	100065ca <tu_fifo_read+0x42>
100065b8:	4298      	cmp	r0, r3
100065ba:	d32f      	bcc.n	1000661c <tu_fifo_read+0x94>
100065bc:	1ac0      	subs	r0, r0, r3
100065be:	b281      	uxth	r1, r0
100065c0:	8161      	strh	r1, [r4, #10]
100065c2:	428b      	cmp	r3, r1
100065c4:	d803      	bhi.n	100065ce <tu_fifo_read+0x46>
100065c6:	1ac9      	subs	r1, r1, r3
100065c8:	b289      	uxth	r1, r1
100065ca:	428b      	cmp	r3, r1
100065cc:	d9fb      	bls.n	100065c6 <tu_fifo_read+0x3e>
100065ce:	88e2      	ldrh	r2, [r4, #6]
100065d0:	6823      	ldr	r3, [r4, #0]
100065d2:	0452      	lsls	r2, r2, #17
100065d4:	0c52      	lsrs	r2, r2, #17
100065d6:	4351      	muls	r1, r2
100065d8:	0028      	movs	r0, r5
100065da:	1859      	adds	r1, r3, r1
100065dc:	f7fc f80a 	bl	100025f4 <__wrap___aeabi_memcpy>
100065e0:	8961      	ldrh	r1, [r4, #10]
100065e2:	2501      	movs	r5, #1
100065e4:	1c4a      	adds	r2, r1, #1
100065e6:	b292      	uxth	r2, r2
100065e8:	88a3      	ldrh	r3, [r4, #4]
100065ea:	4291      	cmp	r1, r2
100065ec:	d90d      	bls.n	1000660a <tu_fifo_read+0x82>
100065ee:	2200      	movs	r2, #0
100065f0:	005b      	lsls	r3, r3, #1
100065f2:	1ad2      	subs	r2, r2, r3
100065f4:	6920      	ldr	r0, [r4, #16]
100065f6:	8162      	strh	r2, [r4, #10]
100065f8:	2800      	cmp	r0, #0
100065fa:	d001      	beq.n	10006600 <tu_fifo_read+0x78>
100065fc:	f000 fa0c 	bl	10006a18 <__mutex_exit_veneer>
10006600:	0028      	movs	r0, r5
10006602:	bd70      	pop	{r4, r5, r6, pc}
10006604:	2500      	movs	r5, #0
10006606:	8962      	ldrh	r2, [r4, #10]
10006608:	b292      	uxth	r2, r2
1000660a:	005b      	lsls	r3, r3, #1
1000660c:	429a      	cmp	r2, r3
1000660e:	dbf1      	blt.n	100065f4 <tu_fifo_read+0x6c>
10006610:	e7ef      	b.n	100065f2 <tu_fifo_read+0x6a>
10006612:	005a      	lsls	r2, r3, #1
10006614:	1a52      	subs	r2, r2, r1
10006616:	1882      	adds	r2, r0, r2
10006618:	b292      	uxth	r2, r2
1000661a:	e7c9      	b.n	100065b0 <tu_fifo_read+0x28>
1000661c:	18c0      	adds	r0, r0, r3
1000661e:	b281      	uxth	r1, r0
10006620:	8161      	strh	r1, [r4, #10]
10006622:	e7ce      	b.n	100065c2 <tu_fifo_read+0x3a>

10006624 <tu_fifo_read_n>:
10006624:	b5f0      	push	{r4, r5, r6, r7, lr}
10006626:	4646      	mov	r6, r8
10006628:	46d6      	mov	lr, sl
1000662a:	464f      	mov	r7, r9
1000662c:	b5c0      	push	{r6, r7, lr}
1000662e:	0006      	movs	r6, r0
10006630:	6900      	ldr	r0, [r0, #16]
10006632:	468a      	mov	sl, r1
10006634:	4690      	mov	r8, r2
10006636:	b082      	sub	sp, #8
10006638:	2800      	cmp	r0, #0
1000663a:	d003      	beq.n	10006644 <tu_fifo_read_n+0x20>
1000663c:	2101      	movs	r1, #1
1000663e:	4249      	negs	r1, r1
10006640:	f000 fa12 	bl	10006a68 <__mutex_enter_timeout_ms_veneer>
10006644:	8931      	ldrh	r1, [r6, #8]
10006646:	8972      	ldrh	r2, [r6, #10]
10006648:	88b5      	ldrh	r5, [r6, #4]
1000664a:	b28b      	uxth	r3, r1
1000664c:	b294      	uxth	r4, r2
1000664e:	4291      	cmp	r1, r2
10006650:	d355      	bcc.n	100066fe <tu_fifo_read_n+0xda>
10006652:	1b1f      	subs	r7, r3, r4
10006654:	b2bf      	uxth	r7, r7
10006656:	2f00      	cmp	r7, #0
10006658:	d04b      	beq.n	100066f2 <tu_fifo_read_n+0xce>
1000665a:	42bd      	cmp	r5, r7
1000665c:	d205      	bcs.n	1000666a <tu_fifo_read_n+0x46>
1000665e:	42ab      	cmp	r3, r5
10006660:	d252      	bcs.n	10006708 <tu_fifo_read_n+0xe4>
10006662:	195b      	adds	r3, r3, r5
10006664:	b29c      	uxth	r4, r3
10006666:	002f      	movs	r7, r5
10006668:	8174      	strh	r4, [r6, #10]
1000666a:	4643      	mov	r3, r8
1000666c:	45b8      	cmp	r8, r7
1000666e:	d83e      	bhi.n	100066ee <tu_fifo_read_n+0xca>
10006670:	b29f      	uxth	r7, r3
10006672:	42a5      	cmp	r5, r4
10006674:	d803      	bhi.n	1000667e <tu_fifo_read_n+0x5a>
10006676:	1b64      	subs	r4, r4, r5
10006678:	b2a4      	uxth	r4, r4
1000667a:	42a5      	cmp	r5, r4
1000667c:	d9fb      	bls.n	10006676 <tu_fifo_read_n+0x52>
1000667e:	88f2      	ldrh	r2, [r6, #6]
10006680:	6831      	ldr	r1, [r6, #0]
10006682:	0452      	lsls	r2, r2, #17
10006684:	0c50      	lsrs	r0, r2, #17
10006686:	0002      	movs	r2, r0
10006688:	4362      	muls	r2, r4
1000668a:	1b2b      	subs	r3, r5, r4
1000668c:	b29b      	uxth	r3, r3
1000668e:	1889      	adds	r1, r1, r2
10006690:	9001      	str	r0, [sp, #4]
10006692:	0002      	movs	r2, r0
10006694:	429f      	cmp	r7, r3
10006696:	d925      	bls.n	100066e4 <tu_fifo_read_n+0xc0>
10006698:	4343      	muls	r3, r0
1000669a:	b29b      	uxth	r3, r3
1000669c:	001a      	movs	r2, r3
1000669e:	4650      	mov	r0, sl
100066a0:	4699      	mov	r9, r3
100066a2:	f7fb ffa7 	bl	100025f4 <__wrap___aeabi_memcpy>
100066a6:	4650      	mov	r0, sl
100066a8:	9a01      	ldr	r2, [sp, #4]
100066aa:	1b7d      	subs	r5, r7, r5
100066ac:	1964      	adds	r4, r4, r5
100066ae:	4354      	muls	r4, r2
100066b0:	6831      	ldr	r1, [r6, #0]
100066b2:	4448      	add	r0, r9
100066b4:	b2a2      	uxth	r2, r4
100066b6:	f7fb ff9d 	bl	100025f4 <__wrap___aeabi_memcpy>
100066ba:	8971      	ldrh	r1, [r6, #10]
100066bc:	88b5      	ldrh	r5, [r6, #4]
100066be:	19cb      	adds	r3, r1, r7
100066c0:	b29b      	uxth	r3, r3
100066c2:	006a      	lsls	r2, r5, #1
100066c4:	4299      	cmp	r1, r3
100066c6:	d916      	bls.n	100066f6 <tu_fifo_read_n+0xd2>
100066c8:	1a9b      	subs	r3, r3, r2
100066ca:	6930      	ldr	r0, [r6, #16]
100066cc:	8173      	strh	r3, [r6, #10]
100066ce:	2800      	cmp	r0, #0
100066d0:	d001      	beq.n	100066d6 <tu_fifo_read_n+0xb2>
100066d2:	f000 f9a1 	bl	10006a18 <__mutex_exit_veneer>
100066d6:	0038      	movs	r0, r7
100066d8:	b002      	add	sp, #8
100066da:	bce0      	pop	{r5, r6, r7}
100066dc:	46ba      	mov	sl, r7
100066de:	46b1      	mov	r9, r6
100066e0:	46a8      	mov	r8, r5
100066e2:	bdf0      	pop	{r4, r5, r6, r7, pc}
100066e4:	4650      	mov	r0, sl
100066e6:	437a      	muls	r2, r7
100066e8:	f7fb ff84 	bl	100025f4 <__wrap___aeabi_memcpy>
100066ec:	e7e5      	b.n	100066ba <tu_fifo_read_n+0x96>
100066ee:	1c3b      	adds	r3, r7, #0
100066f0:	e7be      	b.n	10006670 <tu_fifo_read_n+0x4c>
100066f2:	8973      	ldrh	r3, [r6, #10]
100066f4:	b29b      	uxth	r3, r3
100066f6:	006a      	lsls	r2, r5, #1
100066f8:	4293      	cmp	r3, r2
100066fa:	dbe6      	blt.n	100066ca <tu_fifo_read_n+0xa6>
100066fc:	e7e4      	b.n	100066c8 <tu_fifo_read_n+0xa4>
100066fe:	006f      	lsls	r7, r5, #1
10006700:	1b3f      	subs	r7, r7, r4
10006702:	19df      	adds	r7, r3, r7
10006704:	b2bf      	uxth	r7, r7
10006706:	e7a6      	b.n	10006656 <tu_fifo_read_n+0x32>
10006708:	1b5b      	subs	r3, r3, r5
1000670a:	b29c      	uxth	r4, r3
1000670c:	e7ab      	b.n	10006666 <tu_fifo_read_n+0x42>
1000670e:	46c0      	nop			@ (mov r8, r8)

10006710 <tu_fifo_write>:
10006710:	b5f8      	push	{r3, r4, r5, r6, r7, lr}
10006712:	0004      	movs	r4, r0
10006714:	68c0      	ldr	r0, [r0, #12]
10006716:	000f      	movs	r7, r1
10006718:	2800      	cmp	r0, #0
1000671a:	d003      	beq.n	10006724 <tu_fifo_write+0x14>
1000671c:	2101      	movs	r1, #1
1000671e:	4249      	negs	r1, r1
10006720:	f000 f9a2 	bl	10006a68 <__mutex_enter_timeout_ms_veneer>
10006724:	8925      	ldrh	r5, [r4, #8]
10006726:	8920      	ldrh	r0, [r4, #8]
10006728:	8961      	ldrh	r1, [r4, #10]
1000672a:	88a2      	ldrh	r2, [r4, #4]
1000672c:	b2ad      	uxth	r5, r5
1000672e:	b283      	uxth	r3, r0
10006730:	b28e      	uxth	r6, r1
10006732:	4288      	cmp	r0, r1
10006734:	d328      	bcc.n	10006788 <tu_fifo_write+0x78>
10006736:	1b9b      	subs	r3, r3, r6
10006738:	b29b      	uxth	r3, r3
1000673a:	429a      	cmp	r2, r3
1000673c:	d809      	bhi.n	10006752 <tu_fifo_write+0x42>
1000673e:	79e6      	ldrb	r6, [r4, #7]
10006740:	09f6      	lsrs	r6, r6, #7
10006742:	d106      	bne.n	10006752 <tu_fifo_write+0x42>
10006744:	68e0      	ldr	r0, [r4, #12]
10006746:	2800      	cmp	r0, #0
10006748:	d001      	beq.n	1000674e <tu_fifo_write+0x3e>
1000674a:	f000 f965 	bl	10006a18 <__mutex_exit_veneer>
1000674e:	0030      	movs	r0, r6
10006750:	bdf8      	pop	{r3, r4, r5, r6, r7, pc}
10006752:	002b      	movs	r3, r5
10006754:	4295      	cmp	r5, r2
10006756:	d31c      	bcc.n	10006792 <tu_fifo_write+0x82>
10006758:	1a9b      	subs	r3, r3, r2
1000675a:	b29b      	uxth	r3, r3
1000675c:	4293      	cmp	r3, r2
1000675e:	d2fb      	bcs.n	10006758 <tu_fifo_write+0x48>
10006760:	88e2      	ldrh	r2, [r4, #6]
10006762:	6820      	ldr	r0, [r4, #0]
10006764:	0452      	lsls	r2, r2, #17
10006766:	0c52      	lsrs	r2, r2, #17
10006768:	4353      	muls	r3, r2
1000676a:	0039      	movs	r1, r7
1000676c:	18c0      	adds	r0, r0, r3
1000676e:	f7fb ff41 	bl	100025f4 <__wrap___aeabi_memcpy>
10006772:	1c6b      	adds	r3, r5, #1
10006774:	b29b      	uxth	r3, r3
10006776:	88a2      	ldrh	r2, [r4, #4]
10006778:	429d      	cmp	r5, r3
1000677a:	d916      	bls.n	100067aa <tu_fifo_write+0x9a>
1000677c:	2300      	movs	r3, #0
1000677e:	0052      	lsls	r2, r2, #1
10006780:	1a9b      	subs	r3, r3, r2
10006782:	2601      	movs	r6, #1
10006784:	8123      	strh	r3, [r4, #8]
10006786:	e7dd      	b.n	10006744 <tu_fifo_write+0x34>
10006788:	0051      	lsls	r1, r2, #1
1000678a:	1b89      	subs	r1, r1, r6
1000678c:	185b      	adds	r3, r3, r1
1000678e:	b29b      	uxth	r3, r3
10006790:	e7d3      	b.n	1000673a <tu_fifo_write+0x2a>
10006792:	88e2      	ldrh	r2, [r4, #6]
10006794:	6820      	ldr	r0, [r4, #0]
10006796:	0452      	lsls	r2, r2, #17
10006798:	0c52      	lsrs	r2, r2, #17
1000679a:	4353      	muls	r3, r2
1000679c:	0039      	movs	r1, r7
1000679e:	18c0      	adds	r0, r0, r3
100067a0:	f7fb ff28 	bl	100025f4 <__wrap___aeabi_memcpy>
100067a4:	3501      	adds	r5, #1
100067a6:	88a2      	ldrh	r2, [r4, #4]
100067a8:	b2ab      	uxth	r3, r5
100067aa:	0052      	lsls	r2, r2, #1
100067ac:	4293      	cmp	r3, r2
100067ae:	dbe8      	blt.n	10006782 <tu_fifo_write+0x72>
100067b0:	e7e6      	b.n	10006780 <tu_fifo_write+0x70>
100067b2:	46c0      	nop			@ (mov r8, r8)

100067b4 <tu_fifo_write_n>:
100067b4:	b5f0      	push	{r4, r5, r6, r7, lr}
100067b6:	464e      	mov	r6, r9
100067b8:	4645      	mov	r5, r8
100067ba:	46de      	mov	lr, fp
100067bc:	4657      	mov	r7, sl
100067be:	b5e0      	push	{r5, r6, r7, lr}
100067c0:	4689      	mov	r9, r1
100067c2:	0005      	movs	r5, r0
100067c4:	0016      	movs	r6, r2
100067c6:	b083      	sub	sp, #12
100067c8:	2a00      	cmp	r2, #0
100067ca:	d06b      	beq.n	100068a4 <tu_fifo_write_n+0xf0>
100067cc:	68c0      	ldr	r0, [r0, #12]
100067ce:	2800      	cmp	r0, #0
100067d0:	d003      	beq.n	100067da <tu_fifo_write_n+0x26>
100067d2:	2101      	movs	r1, #1
100067d4:	4249      	negs	r1, r1
100067d6:	f000 f947 	bl	10006a68 <__mutex_enter_timeout_ms_veneer>
100067da:	892f      	ldrh	r7, [r5, #8]
100067dc:	79ea      	ldrb	r2, [r5, #7]
100067de:	b2bb      	uxth	r3, r7
100067e0:	4698      	mov	r8, r3
100067e2:	896b      	ldrh	r3, [r5, #10]
100067e4:	88af      	ldrh	r7, [r5, #4]
100067e6:	b29b      	uxth	r3, r3
100067e8:	09d2      	lsrs	r2, r2, #7
100067ea:	d13d      	bne.n	10006868 <tu_fifo_write_n+0xb4>
100067ec:	4598      	cmp	r8, r3
100067ee:	d262      	bcs.n	100068b6 <tu_fifo_write_n+0x102>
100067f0:	007a      	lsls	r2, r7, #1
100067f2:	1ad3      	subs	r3, r2, r3
100067f4:	4443      	add	r3, r8
100067f6:	b29b      	uxth	r3, r3
100067f8:	42bb      	cmp	r3, r7
100067fa:	d261      	bcs.n	100068c0 <tu_fifo_write_n+0x10c>
100067fc:	1afb      	subs	r3, r7, r3
100067fe:	1c1a      	adds	r2, r3, #0
10006800:	b29b      	uxth	r3, r3
10006802:	42b3      	cmp	r3, r6
10006804:	d900      	bls.n	10006808 <tu_fifo_write_n+0x54>
10006806:	1c32      	adds	r2, r6, #0
10006808:	b296      	uxth	r6, r2
1000680a:	1bf3      	subs	r3, r6, r7
1000680c:	9301      	str	r3, [sp, #4]
1000680e:	4643      	mov	r3, r8
10006810:	18f3      	adds	r3, r6, r3
10006812:	b29b      	uxth	r3, r3
10006814:	469b      	mov	fp, r3
10006816:	88ea      	ldrh	r2, [r5, #6]
10006818:	4644      	mov	r4, r8
1000681a:	45b8      	cmp	r8, r7
1000681c:	d303      	bcc.n	10006826 <tu_fifo_write_n+0x72>
1000681e:	1be4      	subs	r4, r4, r7
10006820:	b2a4      	uxth	r4, r4
10006822:	42bc      	cmp	r4, r7
10006824:	d2fb      	bcs.n	1000681e <tu_fifo_write_n+0x6a>
10006826:	0452      	lsls	r2, r2, #17
10006828:	1b3b      	subs	r3, r7, r4
1000682a:	0c57      	lsrs	r7, r2, #17
1000682c:	003a      	movs	r2, r7
1000682e:	4362      	muls	r2, r4
10006830:	6828      	ldr	r0, [r5, #0]
10006832:	b29b      	uxth	r3, r3
10006834:	1880      	adds	r0, r0, r2
10006836:	42b3      	cmp	r3, r6
10006838:	d356      	bcc.n	100068e8 <tu_fifo_write_n+0x134>
1000683a:	003a      	movs	r2, r7
1000683c:	4649      	mov	r1, r9
1000683e:	4372      	muls	r2, r6
10006840:	f7fb fed8 	bl	100025f4 <__wrap___aeabi_memcpy>
10006844:	88ab      	ldrh	r3, [r5, #4]
10006846:	005b      	lsls	r3, r3, #1
10006848:	45d8      	cmp	r8, fp
1000684a:	d801      	bhi.n	10006850 <tu_fifo_write_n+0x9c>
1000684c:	459b      	cmp	fp, r3
1000684e:	db02      	blt.n	10006856 <tu_fifo_write_n+0xa2>
10006850:	465a      	mov	r2, fp
10006852:	1ad3      	subs	r3, r2, r3
10006854:	469b      	mov	fp, r3
10006856:	465b      	mov	r3, fp
10006858:	0037      	movs	r7, r6
1000685a:	812b      	strh	r3, [r5, #8]
1000685c:	68e8      	ldr	r0, [r5, #12]
1000685e:	2800      	cmp	r0, #0
10006860:	d021      	beq.n	100068a6 <tu_fifo_write_n+0xf2>
10006862:	f000 f8d9 	bl	10006a18 <__mutex_exit_veneer>
10006866:	e01e      	b.n	100068a6 <tu_fifo_write_n+0xf2>
10006868:	42be      	cmp	r6, r7
1000686a:	d22b      	bcs.n	100068c4 <tu_fifo_write_n+0x110>
1000686c:	4598      	cmp	r8, r3
1000686e:	d34c      	bcc.n	1000690a <tu_fifo_write_n+0x156>
10006870:	4642      	mov	r2, r8
10006872:	1ad2      	subs	r2, r2, r3
10006874:	b292      	uxth	r2, r2
10006876:	0079      	lsls	r1, r7, #1
10006878:	1bf0      	subs	r0, r6, r7
1000687a:	1992      	adds	r2, r2, r6
1000687c:	9001      	str	r0, [sp, #4]
1000687e:	428a      	cmp	r2, r1
10006880:	dbc5      	blt.n	1000680e <tu_fifo_write_n+0x5a>
10006882:	19da      	adds	r2, r3, r7
10006884:	b292      	uxth	r2, r2
10006886:	4693      	mov	fp, r2
10006888:	1b92      	subs	r2, r2, r6
1000688a:	b292      	uxth	r2, r2
1000688c:	4690      	mov	r8, r2
1000688e:	4293      	cmp	r3, r2
10006890:	d940      	bls.n	10006914 <tu_fifo_write_n+0x160>
10006892:	4643      	mov	r3, r8
10006894:	1a59      	subs	r1, r3, r1
10006896:	b28b      	uxth	r3, r1
10006898:	4698      	mov	r8, r3
1000689a:	18f3      	adds	r3, r6, r3
1000689c:	b29b      	uxth	r3, r3
1000689e:	469b      	mov	fp, r3
100068a0:	88ea      	ldrh	r2, [r5, #6]
100068a2:	e7b9      	b.n	10006818 <tu_fifo_write_n+0x64>
100068a4:	2700      	movs	r7, #0
100068a6:	0038      	movs	r0, r7
100068a8:	b003      	add	sp, #12
100068aa:	bcf0      	pop	{r4, r5, r6, r7}
100068ac:	46bb      	mov	fp, r7
100068ae:	46b2      	mov	sl, r6
100068b0:	46a9      	mov	r9, r5
100068b2:	46a0      	mov	r8, r4
100068b4:	bdf0      	pop	{r4, r5, r6, r7, pc}
100068b6:	4642      	mov	r2, r8
100068b8:	1ad3      	subs	r3, r2, r3
100068ba:	b29b      	uxth	r3, r3
100068bc:	42bb      	cmp	r3, r7
100068be:	d39d      	bcc.n	100067fc <tu_fifo_write_n+0x48>
100068c0:	2700      	movs	r7, #0
100068c2:	e7cb      	b.n	1000685c <tu_fifo_write_n+0xa8>
100068c4:	2f00      	cmp	r7, #0
100068c6:	d0c9      	beq.n	1000685c <tu_fifo_write_n+0xa8>
100068c8:	46cc      	mov	ip, r9
100068ca:	88ea      	ldrh	r2, [r5, #6]
100068cc:	1bf6      	subs	r6, r6, r7
100068ce:	0451      	lsls	r1, r2, #17
100068d0:	0c49      	lsrs	r1, r1, #17
100068d2:	4371      	muls	r1, r6
100068d4:	4698      	mov	r8, r3
100068d6:	448c      	add	ip, r1
100068d8:	19d9      	adds	r1, r3, r7
100068da:	2300      	movs	r3, #0
100068dc:	b289      	uxth	r1, r1
100068de:	46e1      	mov	r9, ip
100068e0:	468b      	mov	fp, r1
100068e2:	003e      	movs	r6, r7
100068e4:	9301      	str	r3, [sp, #4]
100068e6:	e797      	b.n	10006818 <tu_fifo_write_n+0x64>
100068e8:	437b      	muls	r3, r7
100068ea:	b29b      	uxth	r3, r3
100068ec:	001a      	movs	r2, r3
100068ee:	4649      	mov	r1, r9
100068f0:	469a      	mov	sl, r3
100068f2:	f7fb fe7f 	bl	100025f4 <__wrap___aeabi_memcpy>
100068f6:	4649      	mov	r1, r9
100068f8:	9b01      	ldr	r3, [sp, #4]
100068fa:	6828      	ldr	r0, [r5, #0]
100068fc:	18e2      	adds	r2, r4, r3
100068fe:	437a      	muls	r2, r7
10006900:	4451      	add	r1, sl
10006902:	b292      	uxth	r2, r2
10006904:	f7fb fe76 	bl	100025f4 <__wrap___aeabi_memcpy>
10006908:	e79c      	b.n	10006844 <tu_fifo_write_n+0x90>
1000690a:	0079      	lsls	r1, r7, #1
1000690c:	1aca      	subs	r2, r1, r3
1000690e:	4442      	add	r2, r8
10006910:	b292      	uxth	r2, r2
10006912:	e7b1      	b.n	10006878 <tu_fifo_write_n+0xc4>
10006914:	4291      	cmp	r1, r2
10006916:	ddbc      	ble.n	10006892 <tu_fifo_write_n+0xde>
10006918:	e7c2      	b.n	100068a0 <tu_fifo_write_n+0xec>
1000691a:	46c0      	nop			@ (mov r8, r8)

1000691c <tu_fifo_clear>:
1000691c:	b510      	push	{r4, lr}
1000691e:	0004      	movs	r4, r0
10006920:	68c0      	ldr	r0, [r0, #12]
10006922:	2800      	cmp	r0, #0
10006924:	d003      	beq.n	1000692e <tu_fifo_clear+0x12>
10006926:	2101      	movs	r1, #1
10006928:	4249      	negs	r1, r1
1000692a:	f000 f89d 	bl	10006a68 <__mutex_enter_timeout_ms_veneer>
1000692e:	6920      	ldr	r0, [r4, #16]
10006930:	2800      	cmp	r0, #0
10006932:	d003      	beq.n	1000693c <tu_fifo_clear+0x20>
10006934:	2101      	movs	r1, #1
10006936:	4249      	negs	r1, r1
10006938:	f000 f896 	bl	10006a68 <__mutex_enter_timeout_ms_veneer>
1000693c:	2300      	movs	r3, #0
1000693e:	68e0      	ldr	r0, [r4, #12]
10006940:	8163      	strh	r3, [r4, #10]
10006942:	8123      	strh	r3, [r4, #8]
10006944:	2800      	cmp	r0, #0
10006946:	d001      	beq.n	1000694c <tu_fifo_clear+0x30>
10006948:	f000 f866 	bl	10006a18 <__mutex_exit_veneer>
1000694c:	6920      	ldr	r0, [r4, #16]
1000694e:	2800      	cmp	r0, #0
10006950:	d001      	beq.n	10006956 <tu_fifo_clear+0x3a>
10006952:	f000 f861 	bl	10006a18 <__mutex_exit_veneer>
10006956:	2001      	movs	r0, #1
10006958:	bd10      	pop	{r4, pc}
1000695a:	46c0      	nop			@ (mov r8, r8)

1000695c <tu_fifo_set_overwritable>:
1000695c:	b570      	push	{r4, r5, r6, lr}
1000695e:	0004      	movs	r4, r0
10006960:	68c0      	ldr	r0, [r0, #12]
10006962:	000d      	movs	r5, r1
10006964:	2800      	cmp	r0, #0
10006966:	d003      	beq.n	10006970 <tu_fifo_set_overwritable+0x14>
10006968:	2101      	movs	r1, #1
1000696a:	4249      	negs	r1, r1
1000696c:	f000 f87c 	bl	10006a68 <__mutex_enter_timeout_ms_veneer>
10006970:	6920      	ldr	r0, [r4, #16]
10006972:	2800      	cmp	r0, #0
10006974:	d003      	beq.n	1000697e <tu_fifo_set_overwritable+0x22>
10006976:	2101      	movs	r1, #1
10006978:	4249      	negs	r1, r1
1000697a:	f000 f875 	bl	10006a68 <__mutex_enter_timeout_ms_veneer>
1000697e:	217f      	movs	r1, #127	@ 0x7f
10006980:	79e2      	ldrb	r2, [r4, #7]
10006982:	01eb      	lsls	r3, r5, #7
10006984:	4011      	ands	r1, r2
10006986:	68e0      	ldr	r0, [r4, #12]
10006988:	4319      	orrs	r1, r3
1000698a:	71e1      	strb	r1, [r4, #7]
1000698c:	2800      	cmp	r0, #0
1000698e:	d001      	beq.n	10006994 <tu_fifo_set_overwritable+0x38>
10006990:	f000 f842 	bl	10006a18 <__mutex_exit_veneer>
10006994:	6920      	ldr	r0, [r4, #16]
10006996:	2800      	cmp	r0, #0
10006998:	d001      	beq.n	1000699e <tu_fifo_set_overwritable+0x42>
1000699a:	f000 f83d 	bl	10006a18 <__mutex_exit_veneer>
1000699e:	2001      	movs	r0, #1
100069a0:	bd70      	pop	{r4, r5, r6, pc}
100069a2:	46c0      	nop			@ (mov r8, r8)

100069a4 <strlen>:
100069a4:	0003      	movs	r3, r0
100069a6:	4684      	mov	ip, r0
100069a8:	079b      	lsls	r3, r3, #30
100069aa:	d00b      	beq.n	100069c4 <strlen+0x20>
100069ac:	0003      	movs	r3, r0
100069ae:	2103      	movs	r1, #3
100069b0:	e002      	b.n	100069b8 <strlen+0x14>
100069b2:	3301      	adds	r3, #1
100069b4:	420b      	tst	r3, r1
100069b6:	d006      	beq.n	100069c6 <strlen+0x22>
100069b8:	781a      	ldrb	r2, [r3, #0]
100069ba:	2a00      	cmp	r2, #0
100069bc:	d1f9      	bne.n	100069b2 <strlen+0xe>
100069be:	4662      	mov	r2, ip
100069c0:	1a98      	subs	r0, r3, r2
100069c2:	4770      	bx	lr
100069c4:	0003      	movs	r3, r0
100069c6:	6819      	ldr	r1, [r3, #0]
100069c8:	4a0c      	ldr	r2, [pc, #48]	@ (100069fc <strlen+0x58>)
100069ca:	480d      	ldr	r0, [pc, #52]	@ (10006a00 <strlen+0x5c>)
100069cc:	188a      	adds	r2, r1, r2
100069ce:	438a      	bics	r2, r1
100069d0:	4202      	tst	r2, r0
100069d2:	d10f      	bne.n	100069f4 <strlen+0x50>
100069d4:	6859      	ldr	r1, [r3, #4]
100069d6:	4a09      	ldr	r2, [pc, #36]	@ (100069fc <strlen+0x58>)
100069d8:	3304      	adds	r3, #4
100069da:	188a      	adds	r2, r1, r2
100069dc:	438a      	bics	r2, r1
100069de:	4202      	tst	r2, r0
100069e0:	d108      	bne.n	100069f4 <strlen+0x50>
100069e2:	6859      	ldr	r1, [r3, #4]
100069e4:	4a05      	ldr	r2, [pc, #20]	@ (100069fc <strlen+0x58>)
100069e6:	3304      	adds	r3, #4
100069e8:	188a      	adds	r2, r1, r2
100069ea:	438a      	bics	r2, r1
100069ec:	4202      	tst	r2, r0
100069ee:	d0f1      	beq.n	100069d4 <strlen+0x30>
100069f0:	e000      	b.n	100069f4 <strlen+0x50>
100069f2:	3301      	adds	r3, #1
100069f4:	781a      	ldrb	r2, [r3, #0]
100069f6:	2a00      	cmp	r2, #0
100069f8:	d1fb      	bne.n	100069f2 <strlen+0x4e>
100069fa:	e7e0      	b.n	100069be <strlen+0x1a>
100069fc:	fefefeff 	.word	0xfefefeff
10006a00:	80808080 	.word	0x80808080

10006a04 <_fini>:
10006a04:	b5f8      	push	{r3, r4, r5, r6, r7, lr}
10006a06:	46c0      	nop			@ (mov r8, r8)

10006a08 <__flash_do_cmd_veneer>:
10006a08:	b401      	push	{r0}
10006a0a:	4802      	ldr	r0, [pc, #8]	@ (10006a14 <__flash_do_cmd_veneer+0xc>)
10006a0c:	4684      	mov	ip, r0
10006a0e:	bc01      	pop	{r0}
10006a10:	4760      	bx	ip
10006a12:	bf00      	nop
10006a14:	20000301 	.word	0x20000301

10006a18 <__mutex_exit_veneer>:
10006a18:	b401      	push	{r0}
10006a1a:	4802      	ldr	r0, [pc, #8]	@ (10006a24 <__mutex_exit_veneer+0xc>)
10006a1c:	4684      	mov	ip, r0
10006a1e:	bc01      	pop	{r0}
10006a20:	4760      	bx	ip
10006a22:	bf00      	nop
10006a24:	20000225 	.word	0x20000225

10006a28 <__reset_non_control_endpoints_veneer>:
10006a28:	b401      	push	{r0}
10006a2a:	4802      	ldr	r0, [pc, #8]	@ (10006a34 <__reset_non_control_endpoints_veneer+0xc>)
10006a2c:	4684      	mov	ip, r0
10006a2e:	bc01      	pop	{r0}
10006a30:	4760      	bx	ip
10006a32:	bf00      	nop
10006a34:	20000425 	.word	0x20000425

10006a38 <____aeabi_ldiv0_veneer>:
10006a38:	b401      	push	{r0}
10006a3a:	4802      	ldr	r0, [pc, #8]	@ (10006a44 <____aeabi_ldiv0_veneer+0xc>)
10006a3c:	4684      	mov	ip, r0
10006a3e:	bc01      	pop	{r0}
10006a40:	4760      	bx	ip
10006a42:	bf00      	nop
10006a44:	20000f11 	.word	0x20000f11

10006a48 <____aeabi_idiv0_veneer>:
10006a48:	b401      	push	{r0}
10006a4a:	4802      	ldr	r0, [pc, #8]	@ (10006a54 <____aeabi_idiv0_veneer+0xc>)
10006a4c:	4684      	mov	ip, r0
10006a4e:	bc01      	pop	{r0}
10006a50:	4760      	bx	ip
10006a52:	bf00      	nop
10006a54:	20000f11 	.word	0x20000f11

10006a58 <__mutex_try_enter_veneer>:
10006a58:	b401      	push	{r0}
10006a5a:	4802      	ldr	r0, [pc, #8]	@ (10006a64 <__mutex_try_enter_veneer+0xc>)
10006a5c:	4684      	mov	ip, r0
10006a5e:	bc01      	pop	{r0}
10006a60:	4760      	bx	ip
10006a62:	bf00      	nop
10006a64:	200000c1 	.word	0x200000c1

10006a68 <__mutex_enter_timeout_ms_veneer>:
10006a68:	b401      	push	{r0}
10006a6a:	4802      	ldr	r0, [pc, #8]	@ (10006a74 <__mutex_enter_timeout_ms_veneer+0xc>)
10006a6c:	4684      	mov	ip, r0
10006a6e:	bc01      	pop	{r0}
10006a70:	4760      	bx	ip
10006a72:	bf00      	nop
10006a74:	20000199 	.word	0x20000199

10006a78 <__mutex_try_enter_block_until_veneer>:
10006a78:	b401      	push	{r0}
10006a7a:	4802      	ldr	r0, [pc, #8]	@ (10006a84 <__mutex_try_enter_block_until_veneer+0xc>)
10006a7c:	4684      	mov	ip, r0
10006a7e:	bc01      	pop	{r0}
10006a80:	4760      	bx	ip
10006a82:	bf00      	nop
10006a84:	20000101 	.word	0x20000101

10006a88 <__hw_endpoint_start_next_buffer_veneer>:
10006a88:	b401      	push	{r0}
10006a8a:	4802      	ldr	r0, [pc, #8]	@ (10006a94 <__hw_endpoint_start_next_buffer_veneer+0xc>)
10006a8c:	4684      	mov	ip, r0
10006a8e:	bc01      	pop	{r0}
10006a90:	4760      	bx	ip
10006a92:	bf00      	nop
10006a94:	20000c91 	.word	0x20000c91

10006a98 <__e15_is_bulkin_ep_veneer>:
10006a98:	b401      	push	{r0}
10006a9a:	4802      	ldr	r0, [pc, #8]	@ (10006aa4 <__e15_is_bulkin_ep_veneer+0xc>)
10006a9c:	4684      	mov	ip, r0
10006a9e:	bc01      	pop	{r0}
10006aa0:	4760      	bx	ip
10006aa2:	bf00      	nop
10006aa4:	20000bdd 	.word	0x20000bdd

10006aa8 <___hw_endpoint_buffer_control_update32_veneer>:
10006aa8:	b401      	push	{r0}
10006aaa:	4802      	ldr	r0, [pc, #8]	@ (10006ab4 <___hw_endpoint_buffer_control_update32_veneer+0xc>)
10006aac:	4684      	mov	ip, r0
10006aae:	bc01      	pop	{r0}
10006ab0:	4760      	bx	ip
10006ab2:	bf00      	nop
10006ab4:	20000c41 	.word	0x20000c41

10006ab8 <__e15_is_critical_frame_period_veneer>:
10006ab8:	b401      	push	{r0}
10006aba:	4802      	ldr	r0, [pc, #8]	@ (10006ac4 <__e15_is_critical_frame_period_veneer+0xc>)
10006abc:	4684      	mov	ip, r0
10006abe:	bc01      	pop	{r0}
10006ac0:	4760      	bx	ip
10006ac2:	bf00      	nop
10006ac4:	20000c05 	.word	0x20000c05

10006ac8 <__pre_init_runtime_init_early_resets>:
10006ac8:	10001655                                U...

10006acc <__pre_init_runtime_init_usb_power_down>:
10006acc:	10001681 10001869 100025d9 10001f0d     ....i....%......
10006adc:	10002545                                E%..

10006ae0 <__pre_init_runtime_init_clocks>:
10006ae0:	10001791                                ....

10006ae4 <__pre_init_runtime_init_post_clock_resets>:
10006ae4:	1000169d                                ....

10006ae8 <__pre_init_runtime_init_rp2040_gpio_ie_disable>:
10006ae8:	100016bd                                ....

10006aec <__pre_init_runtime_init_spin_locks_reset>:
10006aec:	100016d1                                ....

10006af0 <__pre_init_runtime_init_mutex>:
10006af0:	100008d9                                ....

10006af4 <__pre_init_runtime_init_install_ram_vector_table>:
10006af4:	100016d9                                ....

10006af8 <__pre_init_runtime_init_default_alarm_pool>:
10006af8:	10000c99                                ....

10006afc <__pre_init_first_per_core_initializer>:
10006afc:	1000161d                                ....

10006b00 <__pre_init_runtime_init_per_core_irq_priorities>:
10006b00:	10000519                                ....

10006b04 <__init_array_start>:
10006b04:	100047a1 	.word	0x100047a1

10006b08 <__frame_dummy_init_array_entry>:
10006b08:	100002b1                                ....

Disassembly of section .data:

200000c0 <mutex_try_enter>:
200000c0:	0003      	movs	r3, r0
200000c2:	6800      	ldr	r0, [r0, #0]
200000c4:	f3ef 8c10 	mrs	ip, PRIMASK
200000c8:	b672      	cpsid	i
200000ca:	6802      	ldr	r2, [r0, #0]
200000cc:	2a00      	cmp	r2, #0
200000ce:	d0fc      	beq.n	200000ca <mutex_try_enter+0xa>
200000d0:	f3bf 8f5f 	dmb	sy
200000d4:	2204      	movs	r2, #4
200000d6:	569a      	ldrsb	r2, [r3, r2]
200000d8:	2a00      	cmp	r2, #0
200000da:	db0b      	blt.n	200000f4 <mutex_try_enter+0x34>
200000dc:	2900      	cmp	r1, #0
200000de:	d000      	beq.n	200000e2 <mutex_try_enter+0x22>
200000e0:	600a      	str	r2, [r1, #0]
200000e2:	2000      	movs	r0, #0
200000e4:	681b      	ldr	r3, [r3, #0]
200000e6:	f3bf 8f5f 	dmb	sy
200000ea:	2200      	movs	r2, #0
200000ec:	601a      	str	r2, [r3, #0]
200000ee:	f38c 8810 	msr	PRIMASK, ip
200000f2:	4770      	bx	lr
200000f4:	22d0      	movs	r2, #208	@ 0xd0
200000f6:	0612      	lsls	r2, r2, #24
200000f8:	6812      	ldr	r2, [r2, #0]
200000fa:	2001      	movs	r0, #1
200000fc:	711a      	strb	r2, [r3, #4]
200000fe:	e7f1      	b.n	200000e4 <mutex_try_enter+0x24>

20000100 <mutex_try_enter_block_until>:
20000100:	b5f0      	push	{r4, r5, r6, r7, lr}
20000102:	46c6      	mov	lr, r8
20000104:	0016      	movs	r6, r2
20000106:	b500      	push	{lr}
20000108:	0004      	movs	r4, r0
2000010a:	001f      	movs	r7, r3
2000010c:	6802      	ldr	r2, [r0, #0]
2000010e:	f3ef 8110 	mrs	r1, PRIMASK
20000112:	b672      	cpsid	i
20000114:	6813      	ldr	r3, [r2, #0]
20000116:	2b00      	cmp	r3, #0
20000118:	d0fc      	beq.n	20000114 <mutex_try_enter_block_until+0x14>
2000011a:	f3bf 8f5f 	dmb	sy
2000011e:	2304      	movs	r3, #4
20000120:	56e3      	ldrsb	r3, [r4, r3]
20000122:	6822      	ldr	r2, [r4, #0]
20000124:	2b00      	cmp	r3, #0
20000126:	db2b      	blt.n	20000180 <mutex_try_enter_block_until+0x80>
20000128:	f3bf 8f5f 	dmb	sy
2000012c:	2000      	movs	r0, #0
2000012e:	6010      	str	r0, [r2, #0]
20000130:	f381 8810 	msr	PRIMASK, r1
20000134:	22d0      	movs	r2, #208	@ 0xd0
20000136:	0612      	lsls	r2, r2, #24
20000138:	7812      	ldrb	r2, [r2, #0]
2000013a:	2500      	movs	r5, #0
2000013c:	b252      	sxtb	r2, r2
2000013e:	4690      	mov	r8, r2
20000140:	429a      	cmp	r2, r3
20000142:	d10e      	bne.n	20000162 <mutex_try_enter_block_until+0x62>
20000144:	2000      	movs	r0, #0
20000146:	bc80      	pop	{r7}
20000148:	46b8      	mov	r8, r7
2000014a:	bdf0      	pop	{r4, r5, r6, r7, pc}
2000014c:	f3bf 8f5f 	dmb	sy
20000150:	6015      	str	r5, [r2, #0]
20000152:	f381 8810 	msr	PRIMASK, r1
20000156:	0030      	movs	r0, r6
20000158:	0039      	movs	r1, r7
2000015a:	f000 feed 	bl	20000f38 <__best_effort_wfe_or_timeout_veneer>
2000015e:	2800      	cmp	r0, #0
20000160:	d1f0      	bne.n	20000144 <mutex_try_enter_block_until+0x44>
20000162:	6822      	ldr	r2, [r4, #0]
20000164:	f3ef 8110 	mrs	r1, PRIMASK
20000168:	b672      	cpsid	i
2000016a:	6813      	ldr	r3, [r2, #0]
2000016c:	2b00      	cmp	r3, #0
2000016e:	d0fc      	beq.n	2000016a <mutex_try_enter_block_until+0x6a>
20000170:	f3bf 8f5f 	dmb	sy
20000174:	7923      	ldrb	r3, [r4, #4]
20000176:	6822      	ldr	r2, [r4, #0]
20000178:	2b7f      	cmp	r3, #127	@ 0x7f
2000017a:	d9e7      	bls.n	2000014c <mutex_try_enter_block_until+0x4c>
2000017c:	4643      	mov	r3, r8
2000017e:	e002      	b.n	20000186 <mutex_try_enter_block_until+0x86>
20000180:	23d0      	movs	r3, #208	@ 0xd0
20000182:	061b      	lsls	r3, r3, #24
20000184:	681b      	ldr	r3, [r3, #0]
20000186:	7123      	strb	r3, [r4, #4]
20000188:	f3bf 8f5f 	dmb	sy
2000018c:	2300      	movs	r3, #0
2000018e:	6013      	str	r3, [r2, #0]
20000190:	f381 8810 	msr	PRIMASK, r1
20000194:	2001      	movs	r0, #1
20000196:	e7d6      	b.n	20000146 <mutex_try_enter_block_until+0x46>

20000198 <mutex_enter_timeout_ms>:
20000198:	b5f0      	push	{r4, r5, r6, r7, lr}
2000019a:	46c6      	mov	lr, r8
2000019c:	b500      	push	{lr}
2000019e:	000f      	movs	r7, r1
200001a0:	0004      	movs	r4, r0
200001a2:	f000 fef1 	bl	20000f88 <__time_us_64_veneer>
200001a6:	22fa      	movs	r2, #250	@ 0xfa
200001a8:	000e      	movs	r6, r1
200001aa:	0005      	movs	r5, r0
200001ac:	2300      	movs	r3, #0
200001ae:	0038      	movs	r0, r7
200001b0:	2100      	movs	r1, #0
200001b2:	0092      	lsls	r2, r2, #2
200001b4:	f000 fec8 	bl	20000f48 <____wrap___aeabi_lmul_veneer>
200001b8:	1940      	adds	r0, r0, r5
200001ba:	4171      	adcs	r1, r6
200001bc:	0006      	movs	r6, r0
200001be:	1e0f      	subs	r7, r1, #0
200001c0:	da02      	bge.n	200001c8 <mutex_enter_timeout_ms+0x30>
200001c2:	2601      	movs	r6, #1
200001c4:	4f16      	ldr	r7, [pc, #88]	@ (20000220 <mutex_enter_timeout_ms+0x88>)
200001c6:	4276      	negs	r6, r6
200001c8:	23d0      	movs	r3, #208	@ 0xd0
200001ca:	061b      	lsls	r3, r3, #24
200001cc:	681b      	ldr	r3, [r3, #0]
200001ce:	2500      	movs	r5, #0
200001d0:	4698      	mov	r8, r3
200001d2:	e00a      	b.n	200001ea <mutex_enter_timeout_ms+0x52>
200001d4:	f3bf 8f5f 	dmb	sy
200001d8:	6015      	str	r5, [r2, #0]
200001da:	f381 8810 	msr	PRIMASK, r1
200001de:	0030      	movs	r0, r6
200001e0:	0039      	movs	r1, r7
200001e2:	f000 fea9 	bl	20000f38 <__best_effort_wfe_or_timeout_veneer>
200001e6:	2800      	cmp	r0, #0
200001e8:	d118      	bne.n	2000021c <mutex_enter_timeout_ms+0x84>
200001ea:	6822      	ldr	r2, [r4, #0]
200001ec:	f3ef 8110 	mrs	r1, PRIMASK
200001f0:	b672      	cpsid	i
200001f2:	6813      	ldr	r3, [r2, #0]
200001f4:	2b00      	cmp	r3, #0
200001f6:	d0fc      	beq.n	200001f2 <mutex_enter_timeout_ms+0x5a>
200001f8:	f3bf 8f5f 	dmb	sy
200001fc:	7923      	ldrb	r3, [r4, #4]
200001fe:	6822      	ldr	r2, [r4, #0]
20000200:	2b7f      	cmp	r3, #127	@ 0x7f
20000202:	d9e7      	bls.n	200001d4 <mutex_enter_timeout_ms+0x3c>
20000204:	4643      	mov	r3, r8
20000206:	7123      	strb	r3, [r4, #4]
20000208:	f3bf 8f5f 	dmb	sy
2000020c:	2300      	movs	r3, #0
2000020e:	6013      	str	r3, [r2, #0]
20000210:	f381 8810 	msr	PRIMASK, r1
20000214:	2001      	movs	r0, #1
20000216:	bc80      	pop	{r7}
20000218:	46b8      	mov	r8, r7
2000021a:	bdf0      	pop	{r4, r5, r6, r7, pc}
2000021c:	2000      	movs	r0, #0
2000021e:	e7fa      	b.n	20000216 <mutex_enter_timeout_ms+0x7e>
20000220:	7fffffff 	.word	0x7fffffff

20000224 <mutex_exit>:
20000224:	6802      	ldr	r2, [r0, #0]
20000226:	f3ef 8110 	mrs	r1, PRIMASK
2000022a:	b672      	cpsid	i
2000022c:	6813      	ldr	r3, [r2, #0]
2000022e:	2b00      	cmp	r3, #0
20000230:	d0fc      	beq.n	2000022c <mutex_exit+0x8>
20000232:	f3bf 8f5f 	dmb	sy
20000236:	23ff      	movs	r3, #255	@ 0xff
20000238:	7103      	strb	r3, [r0, #4]
2000023a:	6803      	ldr	r3, [r0, #0]
2000023c:	f3bf 8f5f 	dmb	sy
20000240:	2200      	movs	r2, #0
20000242:	601a      	str	r2, [r3, #0]
20000244:	f381 8810 	msr	PRIMASK, r1
20000248:	bf40      	sev
2000024a:	4770      	bx	lr

2000024c <flash_init_boot2_copyout>:
2000024c:	4b08      	ldr	r3, [pc, #32]	@ (20000270 <flash_init_boot2_copyout+0x24>)
2000024e:	469c      	mov	ip, r3
20000250:	781b      	ldrb	r3, [r3, #0]
20000252:	2b00      	cmp	r3, #0
20000254:	d10b      	bne.n	2000026e <flash_init_boot2_copyout+0x22>
20000256:	2380      	movs	r3, #128	@ 0x80
20000258:	4806      	ldr	r0, [pc, #24]	@ (20000274 <flash_init_boot2_copyout+0x28>)
2000025a:	4907      	ldr	r1, [pc, #28]	@ (20000278 <flash_init_boot2_copyout+0x2c>)
2000025c:	055b      	lsls	r3, r3, #21
2000025e:	681a      	ldr	r2, [r3, #0]
20000260:	50c2      	str	r2, [r0, r3]
20000262:	3304      	adds	r3, #4
20000264:	428b      	cmp	r3, r1
20000266:	d1fa      	bne.n	2000025e <flash_init_boot2_copyout+0x12>
20000268:	2301      	movs	r3, #1
2000026a:	4662      	mov	r2, ip
2000026c:	7013      	strb	r3, [r2, #0]
2000026e:	4770      	bx	lr
20000270:	20001f54 	.word	0x20001f54
20000274:	10001980 	.word	0x10001980
20000278:	10000100 	.word	0x10000100

2000027c <flash_enable_xip_via_boot2>:
2000027c:	b510      	push	{r4, lr}
2000027e:	4b01      	ldr	r3, [pc, #4]	@ (20000284 <flash_enable_xip_via_boot2+0x8>)
20000280:	4798      	blx	r3
20000282:	bd10      	pop	{r4, pc}
20000284:	20001981 	.word	0x20001981

20000288 <flash_save_hardware_state>:
20000288:	4b06      	ldr	r3, [pc, #24]	@ (200002a4 <flash_save_hardware_state+0x1c>)
2000028a:	685a      	ldr	r2, [r3, #4]
2000028c:	6002      	str	r2, [r0, #0]
2000028e:	689a      	ldr	r2, [r3, #8]
20000290:	6042      	str	r2, [r0, #4]
20000292:	68da      	ldr	r2, [r3, #12]
20000294:	6082      	str	r2, [r0, #8]
20000296:	691a      	ldr	r2, [r3, #16]
20000298:	60c2      	str	r2, [r0, #12]
2000029a:	695a      	ldr	r2, [r3, #20]
2000029c:	6102      	str	r2, [r0, #16]
2000029e:	699b      	ldr	r3, [r3, #24]
200002a0:	6143      	str	r3, [r0, #20]
200002a2:	4770      	bx	lr
200002a4:	40020000 	.word	0x40020000

200002a8 <flash_restore_hardware_state>:
200002a8:	6802      	ldr	r2, [r0, #0]
200002aa:	4b06      	ldr	r3, [pc, #24]	@ (200002c4 <flash_restore_hardware_state+0x1c>)
200002ac:	605a      	str	r2, [r3, #4]
200002ae:	6842      	ldr	r2, [r0, #4]
200002b0:	609a      	str	r2, [r3, #8]
200002b2:	6882      	ldr	r2, [r0, #8]
200002b4:	60da      	str	r2, [r3, #12]
200002b6:	68c2      	ldr	r2, [r0, #12]
200002b8:	611a      	str	r2, [r3, #16]
200002ba:	6902      	ldr	r2, [r0, #16]
200002bc:	615a      	str	r2, [r3, #20]
200002be:	6942      	ldr	r2, [r0, #20]
200002c0:	619a      	str	r2, [r3, #24]
200002c2:	4770      	bx	lr
200002c4:	40020000 	.word	0x40020000

200002c8 <flash_cs_force.constprop.0>:
200002c8:	4b03      	ldr	r3, [pc, #12]	@ (200002d8 <flash_cs_force.constprop.0+0x10>)
200002ca:	681a      	ldr	r2, [r3, #0]
200002cc:	23c0      	movs	r3, #192	@ 0xc0
200002ce:	009b      	lsls	r3, r3, #2
200002d0:	4393      	bics	r3, r2
200002d2:	4a02      	ldr	r2, [pc, #8]	@ (200002dc <flash_cs_force.constprop.0+0x14>)
200002d4:	6013      	str	r3, [r2, #0]
200002d6:	4770      	bx	lr
200002d8:	4001800c 	.word	0x4001800c
200002dc:	4001900c 	.word	0x4001900c

200002e0 <flash_cs_force.constprop.1>:
200002e0:	4b05      	ldr	r3, [pc, #20]	@ (200002f8 <flash_cs_force.constprop.1+0x18>)
200002e2:	681a      	ldr	r2, [r3, #0]
200002e4:	2380      	movs	r3, #128	@ 0x80
200002e6:	009b      	lsls	r3, r3, #2
200002e8:	4053      	eors	r3, r2
200002ea:	22c0      	movs	r2, #192	@ 0xc0
200002ec:	0092      	lsls	r2, r2, #2
200002ee:	4013      	ands	r3, r2
200002f0:	4a02      	ldr	r2, [pc, #8]	@ (200002fc <flash_cs_force.constprop.1+0x1c>)
200002f2:	6013      	str	r3, [r2, #0]
200002f4:	4770      	bx	lr
200002f6:	46c0      	nop			@ (mov r8, r8)
200002f8:	4001800c 	.word	0x4001800c
200002fc:	4001900c 	.word	0x4001900c

20000300 <flash_do_cmd>:
20000300:	b5f0      	push	{r4, r5, r6, r7, lr}
20000302:	46d6      	mov	lr, sl
20000304:	464f      	mov	r7, r9
20000306:	4646      	mov	r6, r8
20000308:	2300      	movs	r3, #0
2000030a:	b5c0      	push	{r6, r7, lr}
2000030c:	2718      	movs	r7, #24
2000030e:	b086      	sub	sp, #24
20000310:	001e      	movs	r6, r3
20000312:	4681      	mov	r9, r0
20000314:	000d      	movs	r5, r1
20000316:	8a98      	ldrh	r0, [r3, #20]
20000318:	493f      	ldr	r1, [pc, #252]	@ (20000418 <flash_do_cmd+0x118>)
2000031a:	883b      	ldrh	r3, [r7, #0]
2000031c:	0014      	movs	r4, r2
2000031e:	4798      	blx	r3
20000320:	883b      	ldrh	r3, [r7, #0]
20000322:	4680      	mov	r8, r0
20000324:	493d      	ldr	r1, [pc, #244]	@ (2000041c <flash_do_cmd+0x11c>)
20000326:	8ab0      	ldrh	r0, [r6, #20]
20000328:	4798      	blx	r3
2000032a:	2300      	movs	r3, #0
2000032c:	493c      	ldr	r1, [pc, #240]	@ (20000420 <flash_do_cmd+0x120>)
2000032e:	0006      	movs	r6, r0
20000330:	8a98      	ldrh	r0, [r3, #20]
20000332:	883b      	ldrh	r3, [r7, #0]
20000334:	4798      	blx	r3
20000336:	4682      	mov	sl, r0
20000338:	f7ff ff88 	bl	2000024c <flash_init_boot2_copyout>
2000033c:	4668      	mov	r0, sp
2000033e:	f7ff ffa3 	bl	20000288 <flash_save_hardware_state>
20000342:	47c0      	blx	r8
20000344:	47b0      	blx	r6
20000346:	f7ff ffcb 	bl	200002e0 <flash_cs_force.constprop.1>
2000034a:	1e21      	subs	r1, r4, #0
2000034c:	d01c      	beq.n	20000388 <flash_do_cmd+0x88>
2000034e:	2308      	movs	r3, #8
20000350:	20c0      	movs	r0, #192	@ 0xc0
20000352:	469c      	mov	ip, r3
20000354:	0540      	lsls	r0, r0, #21
20000356:	3f16      	subs	r7, #22
20000358:	4662      	mov	r2, ip
2000035a:	6a83      	ldr	r3, [r0, #40]	@ 0x28
2000035c:	401a      	ands	r2, r3
2000035e:	421f      	tst	r7, r3
20000360:	d034      	beq.n	200003cc <flash_do_cmd+0xcc>
20000362:	1a63      	subs	r3, r4, r1
20000364:	2900      	cmp	r1, #0
20000366:	d126      	bne.n	200003b6 <flash_do_cmd+0xb6>
20000368:	2a00      	cmp	r2, #0
2000036a:	d10b      	bne.n	20000384 <flash_do_cmd+0x84>
2000036c:	2c00      	cmp	r4, #0
2000036e:	d00b      	beq.n	20000388 <flash_do_cmd+0x88>
20000370:	23c0      	movs	r3, #192	@ 0xc0
20000372:	2208      	movs	r2, #8
20000374:	2602      	movs	r6, #2
20000376:	055b      	lsls	r3, r3, #21
20000378:	6a9b      	ldr	r3, [r3, #40]	@ 0x28
2000037a:	401a      	ands	r2, r3
2000037c:	421e      	tst	r6, r3
2000037e:	d03d      	beq.n	200003fc <flash_do_cmd+0xfc>
20000380:	2a00      	cmp	r2, #0
20000382:	d0f5      	beq.n	20000370 <flash_do_cmd+0x70>
20000384:	2c00      	cmp	r4, #0
20000386:	d12b      	bne.n	200003e0 <flash_do_cmd+0xe0>
20000388:	f7ff ff9e 	bl	200002c8 <flash_cs_force.constprop.0>
2000038c:	47d0      	blx	sl
2000038e:	f7ff ff75 	bl	2000027c <flash_enable_xip_via_boot2>
20000392:	4668      	mov	r0, sp
20000394:	f7ff ff88 	bl	200002a8 <flash_restore_hardware_state>
20000398:	b006      	add	sp, #24
2000039a:	bce0      	pop	{r5, r6, r7}
2000039c:	46ba      	mov	sl, r7
2000039e:	46b1      	mov	r9, r6
200003a0:	46a8      	mov	r8, r5
200003a2:	bdf0      	pop	{r4, r5, r6, r7, pc}
200003a4:	2c00      	cmp	r4, #0
200003a6:	d12b      	bne.n	20000400 <flash_do_cmd+0x100>
200003a8:	22c0      	movs	r2, #192	@ 0xc0
200003aa:	0552      	lsls	r2, r2, #21
200003ac:	6a96      	ldr	r6, [r2, #40]	@ 0x28
200003ae:	2208      	movs	r2, #8
200003b0:	4032      	ands	r2, r6
200003b2:	07b6      	lsls	r6, r6, #30
200003b4:	d52b      	bpl.n	2000040e <flash_do_cmd+0x10e>
200003b6:	2b0d      	cmp	r3, #13
200003b8:	d919      	bls.n	200003ee <flash_do_cmd+0xee>
200003ba:	2a00      	cmp	r2, #0
200003bc:	d1f2      	bne.n	200003a4 <flash_do_cmd+0xa4>
200003be:	22c0      	movs	r2, #192	@ 0xc0
200003c0:	0552      	lsls	r2, r2, #21
200003c2:	6a96      	ldr	r6, [r2, #40]	@ 0x28
200003c4:	2208      	movs	r2, #8
200003c6:	4032      	ands	r2, r6
200003c8:	07b6      	lsls	r6, r6, #30
200003ca:	d4f4      	bmi.n	200003b6 <flash_do_cmd+0xb6>
200003cc:	2a00      	cmp	r2, #0
200003ce:	d104      	bne.n	200003da <flash_do_cmd+0xda>
200003d0:	000b      	movs	r3, r1
200003d2:	4323      	orrs	r3, r4
200003d4:	2b00      	cmp	r3, #0
200003d6:	d1bf      	bne.n	20000358 <flash_do_cmd+0x58>
200003d8:	e7d6      	b.n	20000388 <flash_do_cmd+0x88>
200003da:	000b      	movs	r3, r1
200003dc:	2c00      	cmp	r4, #0
200003de:	d0f9      	beq.n	200003d4 <flash_do_cmd+0xd4>
200003e0:	6e03      	ldr	r3, [r0, #96]	@ 0x60
200003e2:	3c01      	subs	r4, #1
200003e4:	702b      	strb	r3, [r5, #0]
200003e6:	0023      	movs	r3, r4
200003e8:	3501      	adds	r5, #1
200003ea:	430b      	orrs	r3, r1
200003ec:	e7f2      	b.n	200003d4 <flash_do_cmd+0xd4>
200003ee:	464b      	mov	r3, r9
200003f0:	781b      	ldrb	r3, [r3, #0]
200003f2:	3901      	subs	r1, #1
200003f4:	6603      	str	r3, [r0, #96]	@ 0x60
200003f6:	2301      	movs	r3, #1
200003f8:	4499      	add	r9, r3
200003fa:	e7e7      	b.n	200003cc <flash_do_cmd+0xcc>
200003fc:	2100      	movs	r1, #0
200003fe:	e7e5      	b.n	200003cc <flash_do_cmd+0xcc>
20000400:	23c0      	movs	r3, #192	@ 0xc0
20000402:	055b      	lsls	r3, r3, #21
20000404:	6e1b      	ldr	r3, [r3, #96]	@ 0x60
20000406:	3c01      	subs	r4, #1
20000408:	702b      	strb	r3, [r5, #0]
2000040a:	3501      	adds	r5, #1
2000040c:	e7a4      	b.n	20000358 <flash_do_cmd+0x58>
2000040e:	000b      	movs	r3, r1
20000410:	42a2      	cmp	r2, r4
20000412:	d1df      	bne.n	200003d4 <flash_do_cmd+0xd4>
20000414:	e7dc      	b.n	200003d0 <flash_do_cmd+0xd0>
20000416:	46c0      	nop			@ (mov r8, r8)
20000418:	00004649 	.word	0x00004649
2000041c:	00005845 	.word	0x00005845
20000420:	00004346 	.word	0x00004346

20000424 <reset_non_control_endpoints>:
20000424:	2200      	movs	r2, #0
20000426:	4b15      	ldr	r3, [pc, #84]	@ (2000047c <reset_non_control_endpoints+0x58>)
20000428:	b510      	push	{r4, lr}
2000042a:	609a      	str	r2, [r3, #8]
2000042c:	60da      	str	r2, [r3, #12]
2000042e:	611a      	str	r2, [r3, #16]
20000430:	615a      	str	r2, [r3, #20]
20000432:	619a      	str	r2, [r3, #24]
20000434:	61da      	str	r2, [r3, #28]
20000436:	621a      	str	r2, [r3, #32]
20000438:	625a      	str	r2, [r3, #36]	@ 0x24
2000043a:	629a      	str	r2, [r3, #40]	@ 0x28
2000043c:	62da      	str	r2, [r3, #44]	@ 0x2c
2000043e:	631a      	str	r2, [r3, #48]	@ 0x30
20000440:	635a      	str	r2, [r3, #52]	@ 0x34
20000442:	639a      	str	r2, [r3, #56]	@ 0x38
20000444:	63da      	str	r2, [r3, #60]	@ 0x3c
20000446:	641a      	str	r2, [r3, #64]	@ 0x40
20000448:	645a      	str	r2, [r3, #68]	@ 0x44
2000044a:	649a      	str	r2, [r3, #72]	@ 0x48
2000044c:	64da      	str	r2, [r3, #76]	@ 0x4c
2000044e:	651a      	str	r2, [r3, #80]	@ 0x50
20000450:	655a      	str	r2, [r3, #84]	@ 0x54
20000452:	659a      	str	r2, [r3, #88]	@ 0x58
20000454:	65da      	str	r2, [r3, #92]	@ 0x5c
20000456:	661a      	str	r2, [r3, #96]	@ 0x60
20000458:	665a      	str	r2, [r3, #100]	@ 0x64
2000045a:	669a      	str	r2, [r3, #104]	@ 0x68
2000045c:	66da      	str	r2, [r3, #108]	@ 0x6c
2000045e:	671a      	str	r2, [r3, #112]	@ 0x70
20000460:	675a      	str	r2, [r3, #116]	@ 0x74
20000462:	679a      	str	r2, [r3, #120]	@ 0x78
20000464:	67da      	str	r2, [r3, #124]	@ 0x7c
20000466:	32f0      	adds	r2, #240	@ 0xf0
20000468:	0092      	lsls	r2, r2, #2
2000046a:	2100      	movs	r1, #0
2000046c:	4804      	ldr	r0, [pc, #16]	@ (20000480 <reset_non_control_endpoints+0x5c>)
2000046e:	f000 fd53 	bl	20000f18 <____wrap_memset_veneer>
20000472:	4b04      	ldr	r3, [pc, #16]	@ (20000484 <reset_non_control_endpoints+0x60>)
20000474:	4a04      	ldr	r2, [pc, #16]	@ (20000488 <reset_non_control_endpoints+0x64>)
20000476:	601a      	str	r2, [r3, #0]
20000478:	bd10      	pop	{r4, pc}
2000047a:	46c0      	nop			@ (mov r8, r8)
2000047c:	50100000 	.word	0x50100000
20000480:	20001b2c 	.word	0x20001b2c
20000484:	20001ef4 	.word	0x20001ef4
20000488:	50100180 	.word	0x50100180

2000048c <hw_handle_buff_status>:
2000048c:	b5f0      	push	{r4, r5, r6, r7, lr}
2000048e:	4647      	mov	r7, r8
20000490:	46ce      	mov	lr, r9
20000492:	b580      	push	{r7, lr}
20000494:	4b1c      	ldr	r3, [pc, #112]	@ (20000508 <hw_handle_buff_status+0x7c>)
20000496:	2400      	movs	r4, #0
20000498:	6d9f      	ldr	r7, [r3, #88]	@ 0x58
2000049a:	2601      	movs	r6, #1
2000049c:	b085      	sub	sp, #20
2000049e:	2f00      	cmp	r7, #0
200004a0:	d01b      	beq.n	200004da <hw_handle_buff_status+0x4e>
200004a2:	4b1a      	ldr	r3, [pc, #104]	@ (2000050c <hw_handle_buff_status+0x80>)
200004a4:	4698      	mov	r8, r3
200004a6:	4b1a      	ldr	r3, [pc, #104]	@ (20000510 <hw_handle_buff_status+0x84>)
200004a8:	4699      	mov	r9, r3
200004aa:	e004      	b.n	200004b6 <hw_handle_buff_status+0x2a>
200004ac:	3401      	adds	r4, #1
200004ae:	b2e4      	uxtb	r4, r4
200004b0:	0076      	lsls	r6, r6, #1
200004b2:	2c20      	cmp	r4, #32
200004b4:	d011      	beq.n	200004da <hw_handle_buff_status+0x4e>
200004b6:	423e      	tst	r6, r7
200004b8:	d0f8      	beq.n	200004ac <hw_handle_buff_status+0x20>
200004ba:	4643      	mov	r3, r8
200004bc:	659e      	str	r6, [r3, #88]	@ 0x58
200004be:	2301      	movs	r3, #1
200004c0:	0865      	lsrs	r5, r4, #1
200004c2:	006d      	lsls	r5, r5, #1
200004c4:	43a3      	bics	r3, r4
200004c6:	18ed      	adds	r5, r5, r3
200004c8:	016d      	lsls	r5, r5, #5
200004ca:	444d      	add	r5, r9
200004cc:	0028      	movs	r0, r5
200004ce:	f000 fc13 	bl	20000cf8 <hw_endpoint_xfer_continue>
200004d2:	2800      	cmp	r0, #0
200004d4:	d106      	bne.n	200004e4 <hw_handle_buff_status+0x58>
200004d6:	43b7      	bics	r7, r6
200004d8:	d1e8      	bne.n	200004ac <hw_handle_buff_status+0x20>
200004da:	b005      	add	sp, #20
200004dc:	bcc0      	pop	{r6, r7}
200004de:	46b9      	mov	r9, r7
200004e0:	46b0      	mov	r8, r6
200004e2:	bdf0      	pop	{r4, r5, r6, r7, pc}
200004e4:	8aeb      	ldrh	r3, [r5, #22]
200004e6:	21e0      	movs	r1, #224	@ 0xe0
200004e8:	9303      	str	r3, [sp, #12]
200004ea:	2300      	movs	r3, #0
200004ec:	a801      	add	r0, sp, #4
200004ee:	78aa      	ldrb	r2, [r5, #2]
200004f0:	00c9      	lsls	r1, r1, #3
200004f2:	8001      	strh	r1, [r0, #0]
200004f4:	2101      	movs	r1, #1
200004f6:	7102      	strb	r2, [r0, #4]
200004f8:	7143      	strb	r3, [r0, #5]
200004fa:	f000 fc1d 	bl	20000d38 <dcd_event_handler>
200004fe:	0028      	movs	r0, r5
20000500:	f000 fb98 	bl	20000c34 <hw_endpoint_reset_transfer>
20000504:	e7e7      	b.n	200004d6 <hw_handle_buff_status+0x4a>
20000506:	46c0      	nop			@ (mov r8, r8)
20000508:	50110000 	.word	0x50110000
2000050c:	50113000 	.word	0x50113000
20000510:	20001aec 	.word	0x20001aec

20000514 <dcd_rp2040_irq>:
20000514:	2398      	movs	r3, #152	@ 0x98
20000516:	4ac6      	ldr	r2, [pc, #792]	@ (20000830 <dcd_rp2040_irq+0x31c>)
20000518:	b5f0      	push	{r4, r5, r6, r7, lr}
2000051a:	58d5      	ldr	r5, [r2, r3]
2000051c:	2380      	movs	r3, #128	@ 0x80
2000051e:	002e      	movs	r6, r5
20000520:	029b      	lsls	r3, r3, #10
20000522:	2410      	movs	r4, #16
20000524:	b085      	sub	sp, #20
20000526:	401e      	ands	r6, r3
20000528:	421d      	tst	r5, r3
2000052a:	d074      	beq.n	20000616 <dcd_rp2040_irq+0x102>
2000052c:	4bc1      	ldr	r3, [pc, #772]	@ (20000834 <dcd_rp2040_irq+0x320>)
2000052e:	4cc2      	ldr	r4, [pc, #776]	@ (20000838 <dcd_rp2040_irq+0x324>)
20000530:	6a9a      	ldr	r2, [r3, #40]	@ 0x28
20000532:	4bc2      	ldr	r3, [pc, #776]	@ (2000083c <dcd_rp2040_irq+0x328>)
20000534:	2600      	movs	r6, #0
20000536:	601a      	str	r2, [r3, #0]
20000538:	233b      	movs	r3, #59	@ 0x3b
2000053a:	5ce3      	ldrb	r3, [r4, r3]
2000053c:	2b02      	cmp	r3, #2
2000053e:	d100      	bne.n	20000542 <dcd_rp2040_irq+0x2e>
20000540:	e14b      	b.n	200007da <dcd_rp2040_irq+0x2c6>
20000542:	237b      	movs	r3, #123	@ 0x7b
20000544:	5ce3      	ldrb	r3, [r4, r3]
20000546:	2b02      	cmp	r3, #2
20000548:	d100      	bne.n	2000054c <dcd_rp2040_irq+0x38>
2000054a:	e0ef      	b.n	2000072c <dcd_rp2040_irq+0x218>
2000054c:	23bb      	movs	r3, #187	@ 0xbb
2000054e:	5ce3      	ldrb	r3, [r4, r3]
20000550:	2b02      	cmp	r3, #2
20000552:	d100      	bne.n	20000556 <dcd_rp2040_irq+0x42>
20000554:	e0f6      	b.n	20000744 <dcd_rp2040_irq+0x230>
20000556:	23fb      	movs	r3, #251	@ 0xfb
20000558:	5ce3      	ldrb	r3, [r4, r3]
2000055a:	2b02      	cmp	r3, #2
2000055c:	d100      	bne.n	20000560 <dcd_rp2040_irq+0x4c>
2000055e:	e0fd      	b.n	2000075c <dcd_rp2040_irq+0x248>
20000560:	233c      	movs	r3, #60	@ 0x3c
20000562:	33ff      	adds	r3, #255	@ 0xff
20000564:	5ce3      	ldrb	r3, [r4, r3]
20000566:	2b02      	cmp	r3, #2
20000568:	d100      	bne.n	2000056c <dcd_rp2040_irq+0x58>
2000056a:	e129      	b.n	200007c0 <dcd_rp2040_irq+0x2ac>
2000056c:	237c      	movs	r3, #124	@ 0x7c
2000056e:	33ff      	adds	r3, #255	@ 0xff
20000570:	5ce3      	ldrb	r3, [r4, r3]
20000572:	2b02      	cmp	r3, #2
20000574:	d100      	bne.n	20000578 <dcd_rp2040_irq+0x64>
20000576:	e10a      	b.n	2000078e <dcd_rp2040_irq+0x27a>
20000578:	23bc      	movs	r3, #188	@ 0xbc
2000057a:	33ff      	adds	r3, #255	@ 0xff
2000057c:	5ce3      	ldrb	r3, [r4, r3]
2000057e:	2b02      	cmp	r3, #2
20000580:	d100      	bne.n	20000584 <dcd_rp2040_irq+0x70>
20000582:	e13b      	b.n	200007fc <dcd_rp2040_irq+0x2e8>
20000584:	23fc      	movs	r3, #252	@ 0xfc
20000586:	33ff      	adds	r3, #255	@ 0xff
20000588:	5ce3      	ldrb	r3, [r4, r3]
2000058a:	2b02      	cmp	r3, #2
2000058c:	d100      	bne.n	20000590 <dcd_rp2040_irq+0x7c>
2000058e:	e0f1      	b.n	20000774 <dcd_rp2040_irq+0x260>
20000590:	4bab      	ldr	r3, [pc, #684]	@ (20000840 <dcd_rp2040_irq+0x32c>)
20000592:	5ce3      	ldrb	r3, [r4, r3]
20000594:	2b02      	cmp	r3, #2
20000596:	d100      	bne.n	2000059a <dcd_rp2040_irq+0x86>
20000598:	e170      	b.n	2000087c <dcd_rp2040_irq+0x368>
2000059a:	4baa      	ldr	r3, [pc, #680]	@ (20000844 <dcd_rp2040_irq+0x330>)
2000059c:	5ce3      	ldrb	r3, [r4, r3]
2000059e:	2b02      	cmp	r3, #2
200005a0:	d100      	bne.n	200005a4 <dcd_rp2040_irq+0x90>
200005a2:	e101      	b.n	200007a8 <dcd_rp2040_irq+0x294>
200005a4:	4ba8      	ldr	r3, [pc, #672]	@ (20000848 <dcd_rp2040_irq+0x334>)
200005a6:	5ce3      	ldrb	r3, [r4, r3]
200005a8:	2b02      	cmp	r3, #2
200005aa:	d100      	bne.n	200005ae <dcd_rp2040_irq+0x9a>
200005ac:	e171      	b.n	20000892 <dcd_rp2040_irq+0x37e>
200005ae:	4ba7      	ldr	r3, [pc, #668]	@ (2000084c <dcd_rp2040_irq+0x338>)
200005b0:	5ce3      	ldrb	r3, [r4, r3]
200005b2:	2b02      	cmp	r3, #2
200005b4:	d100      	bne.n	200005b8 <dcd_rp2040_irq+0xa4>
200005b6:	e12e      	b.n	20000816 <dcd_rp2040_irq+0x302>
200005b8:	4ba5      	ldr	r3, [pc, #660]	@ (20000850 <dcd_rp2040_irq+0x33c>)
200005ba:	5ce3      	ldrb	r3, [r4, r3]
200005bc:	2b02      	cmp	r3, #2
200005be:	d100      	bne.n	200005c2 <dcd_rp2040_irq+0xae>
200005c0:	e19c      	b.n	200008fc <dcd_rp2040_irq+0x3e8>
200005c2:	4ba4      	ldr	r3, [pc, #656]	@ (20000854 <dcd_rp2040_irq+0x340>)
200005c4:	5ce3      	ldrb	r3, [r4, r3]
200005c6:	2b02      	cmp	r3, #2
200005c8:	d100      	bne.n	200005cc <dcd_rp2040_irq+0xb8>
200005ca:	e16d      	b.n	200008a8 <dcd_rp2040_irq+0x394>
200005cc:	4ba2      	ldr	r3, [pc, #648]	@ (20000858 <dcd_rp2040_irq+0x344>)
200005ce:	5ce3      	ldrb	r3, [r4, r3]
200005d0:	2b02      	cmp	r3, #2
200005d2:	d100      	bne.n	200005d6 <dcd_rp2040_irq+0xc2>
200005d4:	e19d      	b.n	20000912 <dcd_rp2040_irq+0x3fe>
200005d6:	4ba1      	ldr	r3, [pc, #644]	@ (2000085c <dcd_rp2040_irq+0x348>)
200005d8:	5ce3      	ldrb	r3, [r4, r3]
200005da:	2b02      	cmp	r3, #2
200005dc:	d100      	bne.n	200005e0 <dcd_rp2040_irq+0xcc>
200005de:	e17b      	b.n	200008d8 <dcd_rp2040_irq+0x3c4>
200005e0:	2e00      	cmp	r6, #0
200005e2:	d108      	bne.n	200005f6 <dcd_rp2040_irq+0xe2>
200005e4:	4b9e      	ldr	r3, [pc, #632]	@ (20000860 <dcd_rp2040_irq+0x34c>)
200005e6:	781b      	ldrb	r3, [r3, #0]
200005e8:	2b00      	cmp	r3, #0
200005ea:	d104      	bne.n	200005f6 <dcd_rp2040_irq+0xe2>
200005ec:	2180      	movs	r1, #128	@ 0x80
200005ee:	4a9d      	ldr	r2, [pc, #628]	@ (20000864 <dcd_rp2040_irq+0x350>)
200005f0:	3390      	adds	r3, #144	@ 0x90
200005f2:	0289      	lsls	r1, r1, #10
200005f4:	50d1      	str	r1, [r2, r3]
200005f6:	22c0      	movs	r2, #192	@ 0xc0
200005f8:	4669      	mov	r1, sp
200005fa:	4b8d      	ldr	r3, [pc, #564]	@ (20000830 <dcd_rp2040_irq+0x31c>)
200005fc:	0092      	lsls	r2, r2, #2
200005fe:	6c9b      	ldr	r3, [r3, #72]	@ 0x48
20000600:	2680      	movs	r6, #128	@ 0x80
20000602:	055b      	lsls	r3, r3, #21
20000604:	808a      	strh	r2, [r1, #4]
20000606:	0d5b      	lsrs	r3, r3, #21
20000608:	2101      	movs	r1, #1
2000060a:	a801      	add	r0, sp, #4
2000060c:	9302      	str	r3, [sp, #8]
2000060e:	f000 fb93 	bl	20000d38 <dcd_event_handler>
20000612:	4c95      	ldr	r4, [pc, #596]	@ (20000868 <dcd_rp2040_irq+0x354>)
20000614:	02b6      	lsls	r6, r6, #10
20000616:	06eb      	lsls	r3, r5, #27
20000618:	d500      	bpl.n	2000061c <dcd_rp2040_irq+0x108>
2000061a:	e07b      	b.n	20000714 <dcd_rp2040_irq+0x200>
2000061c:	2380      	movs	r3, #128	@ 0x80
2000061e:	025b      	lsls	r3, r3, #9
20000620:	421d      	tst	r5, r3
20000622:	d02f      	beq.n	20000684 <dcd_rp2040_irq+0x170>
20000624:	2402      	movs	r4, #2
20000626:	4f84      	ldr	r7, [pc, #528]	@ (20000838 <dcd_rp2040_irq+0x324>)
20000628:	431e      	orrs	r6, r3
2000062a:	7ebb      	ldrb	r3, [r7, #26]
2000062c:	2b00      	cmp	r3, #0
2000062e:	d014      	beq.n	2000065a <dcd_rp2040_irq+0x146>
20000630:	f000 fc92 	bl	20000f58 <__rp2040_chip_version_veneer>
20000634:	2801      	cmp	r0, #1
20000636:	d900      	bls.n	2000063a <dcd_rp2040_irq+0x126>
20000638:	e070      	b.n	2000071c <dcd_rp2040_irq+0x208>
2000063a:	22c0      	movs	r2, #192	@ 0xc0
2000063c:	2100      	movs	r1, #0
2000063e:	0038      	movs	r0, r7
20000640:	0192      	lsls	r2, r2, #6
20000642:	f000 fafd 	bl	20000c40 <_hw_endpoint_buffer_control_update32>
20000646:	0038      	movs	r0, r7
20000648:	f000 faf4 	bl	20000c34 <hw_endpoint_reset_transfer>
2000064c:	f000 fc84 	bl	20000f58 <__rp2040_chip_version_veneer>
20000650:	2801      	cmp	r0, #1
20000652:	d902      	bls.n	2000065a <dcd_rp2040_irq+0x146>
20000654:	4b83      	ldr	r3, [pc, #524]	@ (20000864 <dcd_rp2040_irq+0x350>)
20000656:	665c      	str	r4, [r3, #100]	@ 0x64
20000658:	661c      	str	r4, [r3, #96]	@ 0x60
2000065a:	2301      	movs	r3, #1
2000065c:	70fb      	strb	r3, [r7, #3]
2000065e:	3720      	adds	r7, #32
20000660:	2c01      	cmp	r4, #1
20000662:	d120      	bne.n	200006a6 <dcd_rp2040_irq+0x192>
20000664:	23c0      	movs	r3, #192	@ 0xc0
20000666:	466a      	mov	r2, sp
20000668:	00db      	lsls	r3, r3, #3
2000066a:	8093      	strh	r3, [r2, #4]
2000066c:	4a7f      	ldr	r2, [pc, #508]	@ (2000086c <dcd_rp2040_irq+0x358>)
2000066e:	ab02      	add	r3, sp, #8
20000670:	ca03      	ldmia	r2!, {r0, r1}
20000672:	c303      	stmia	r3!, {r0, r1}
20000674:	2101      	movs	r1, #1
20000676:	a801      	add	r0, sp, #4
20000678:	f000 fb5e 	bl	20000d38 <dcd_event_handler>
2000067c:	2280      	movs	r2, #128	@ 0x80
2000067e:	4b79      	ldr	r3, [pc, #484]	@ (20000864 <dcd_rp2040_irq+0x350>)
20000680:	0292      	lsls	r2, r2, #10
20000682:	651a      	str	r2, [r3, #80]	@ 0x50
20000684:	2380      	movs	r3, #128	@ 0x80
20000686:	015b      	lsls	r3, r3, #5
20000688:	421d      	tst	r5, r3
2000068a:	d10e      	bne.n	200006aa <dcd_rp2040_irq+0x196>
2000068c:	2380      	movs	r3, #128	@ 0x80
2000068e:	01db      	lsls	r3, r3, #7
20000690:	421d      	tst	r5, r3
20000692:	d121      	bne.n	200006d8 <dcd_rp2040_irq+0x1c4>
20000694:	2380      	movs	r3, #128	@ 0x80
20000696:	021b      	lsls	r3, r3, #8
20000698:	421d      	tst	r5, r3
2000069a:	d12d      	bne.n	200006f8 <dcd_rp2040_irq+0x1e4>
2000069c:	42ae      	cmp	r6, r5
2000069e:	d000      	beq.n	200006a2 <dcd_rp2040_irq+0x18e>
200006a0:	e1be      	b.n	20000a20 <dcd_rp2040_irq+0x50c>
200006a2:	b005      	add	sp, #20
200006a4:	bdf0      	pop	{r4, r5, r6, r7, pc}
200006a6:	2401      	movs	r4, #1
200006a8:	e7bf      	b.n	2000062a <dcd_rp2040_irq+0x116>
200006aa:	2400      	movs	r4, #0
200006ac:	431e      	orrs	r6, r3
200006ae:	4b60      	ldr	r3, [pc, #384]	@ (20000830 <dcd_rp2040_irq+0x31c>)
200006b0:	601c      	str	r4, [r3, #0]
200006b2:	f7ff feb7 	bl	20000424 <reset_non_control_endpoints>
200006b6:	2380      	movs	r3, #128	@ 0x80
200006b8:	466a      	mov	r2, sp
200006ba:	005b      	lsls	r3, r3, #1
200006bc:	8093      	strh	r3, [r2, #4]
200006be:	7214      	strb	r4, [r2, #8]
200006c0:	2101      	movs	r1, #1
200006c2:	a801      	add	r0, sp, #4
200006c4:	f000 fb38 	bl	20000d38 <dcd_event_handler>
200006c8:	2280      	movs	r2, #128	@ 0x80
200006ca:	4b66      	ldr	r3, [pc, #408]	@ (20000864 <dcd_rp2040_irq+0x350>)
200006cc:	0312      	lsls	r2, r2, #12
200006ce:	651a      	str	r2, [r3, #80]	@ 0x50
200006d0:	2380      	movs	r3, #128	@ 0x80
200006d2:	01db      	lsls	r3, r3, #7
200006d4:	421d      	tst	r5, r3
200006d6:	d0dd      	beq.n	20000694 <dcd_rp2040_irq+0x180>
200006d8:	431e      	orrs	r6, r3
200006da:	2380      	movs	r3, #128	@ 0x80
200006dc:	466a      	mov	r2, sp
200006de:	00db      	lsls	r3, r3, #3
200006e0:	8093      	strh	r3, [r2, #4]
200006e2:	2101      	movs	r1, #1
200006e4:	a801      	add	r0, sp, #4
200006e6:	f000 fb27 	bl	20000d38 <dcd_event_handler>
200006ea:	2210      	movs	r2, #16
200006ec:	4b5d      	ldr	r3, [pc, #372]	@ (20000864 <dcd_rp2040_irq+0x350>)
200006ee:	651a      	str	r2, [r3, #80]	@ 0x50
200006f0:	2380      	movs	r3, #128	@ 0x80
200006f2:	021b      	lsls	r3, r3, #8
200006f4:	421d      	tst	r5, r3
200006f6:	d0d1      	beq.n	2000069c <dcd_rp2040_irq+0x188>
200006f8:	431e      	orrs	r6, r3
200006fa:	23a0      	movs	r3, #160	@ 0xa0
200006fc:	466a      	mov	r2, sp
200006fe:	00db      	lsls	r3, r3, #3
20000700:	8093      	strh	r3, [r2, #4]
20000702:	2101      	movs	r1, #1
20000704:	a801      	add	r0, sp, #4
20000706:	f000 fb17 	bl	20000d38 <dcd_event_handler>
2000070a:	2280      	movs	r2, #128	@ 0x80
2000070c:	4b55      	ldr	r3, [pc, #340]	@ (20000864 <dcd_rp2040_irq+0x350>)
2000070e:	0112      	lsls	r2, r2, #4
20000710:	651a      	str	r2, [r3, #80]	@ 0x50
20000712:	e7c3      	b.n	2000069c <dcd_rp2040_irq+0x188>
20000714:	f7ff feba 	bl	2000048c <hw_handle_buff_status>
20000718:	0026      	movs	r6, r4
2000071a:	e77f      	b.n	2000061c <dcd_rp2040_irq+0x108>
2000071c:	4b54      	ldr	r3, [pc, #336]	@ (20000870 <dcd_rp2040_irq+0x35c>)
2000071e:	4a44      	ldr	r2, [pc, #272]	@ (20000830 <dcd_rp2040_irq+0x31c>)
20000720:	661c      	str	r4, [r3, #96]	@ 0x60
20000722:	6e53      	ldr	r3, [r2, #100]	@ 0x64
20000724:	4023      	ands	r3, r4
20000726:	42a3      	cmp	r3, r4
20000728:	d1fb      	bne.n	20000722 <dcd_rp2040_irq+0x20e>
2000072a:	e786      	b.n	2000063a <dcd_rp2040_irq+0x126>
2000072c:	3378      	adds	r3, #120	@ 0x78
2000072e:	5ce7      	ldrb	r7, [r4, r3]
20000730:	2f00      	cmp	r7, #0
20000732:	d100      	bne.n	20000736 <dcd_rp2040_irq+0x222>
20000734:	e70a      	b.n	2000054c <dcd_rp2040_irq+0x38>
20000736:	3302      	adds	r3, #2
20000738:	5ce2      	ldrb	r2, [r4, r3]
2000073a:	2a00      	cmp	r2, #0
2000073c:	d000      	beq.n	20000740 <dcd_rp2040_irq+0x22c>
2000073e:	e10d      	b.n	2000095c <dcd_rp2040_irq+0x448>
20000740:	003e      	movs	r6, r7
20000742:	e703      	b.n	2000054c <dcd_rp2040_irq+0x38>
20000744:	33b8      	adds	r3, #184	@ 0xb8
20000746:	5ce7      	ldrb	r7, [r4, r3]
20000748:	2f00      	cmp	r7, #0
2000074a:	d100      	bne.n	2000074e <dcd_rp2040_irq+0x23a>
2000074c:	e703      	b.n	20000556 <dcd_rp2040_irq+0x42>
2000074e:	3302      	adds	r3, #2
20000750:	5ce2      	ldrb	r2, [r4, r3]
20000752:	2a00      	cmp	r2, #0
20000754:	d000      	beq.n	20000758 <dcd_rp2040_irq+0x244>
20000756:	e0f9      	b.n	2000094c <dcd_rp2040_irq+0x438>
20000758:	003e      	movs	r6, r7
2000075a:	e6fc      	b.n	20000556 <dcd_rp2040_irq+0x42>
2000075c:	33f8      	adds	r3, #248	@ 0xf8
2000075e:	5ce7      	ldrb	r7, [r4, r3]
20000760:	2f00      	cmp	r7, #0
20000762:	d100      	bne.n	20000766 <dcd_rp2040_irq+0x252>
20000764:	e6fc      	b.n	20000560 <dcd_rp2040_irq+0x4c>
20000766:	3302      	adds	r3, #2
20000768:	5ce2      	ldrb	r2, [r4, r3]
2000076a:	2a00      	cmp	r2, #0
2000076c:	d000      	beq.n	20000770 <dcd_rp2040_irq+0x25c>
2000076e:	e141      	b.n	200009f4 <dcd_rp2040_irq+0x4e0>
20000770:	003e      	movs	r6, r7
20000772:	e6f5      	b.n	20000560 <dcd_rp2040_irq+0x4c>
20000774:	33f9      	adds	r3, #249	@ 0xf9
20000776:	33ff      	adds	r3, #255	@ 0xff
20000778:	5ce7      	ldrb	r7, [r4, r3]
2000077a:	2f00      	cmp	r7, #0
2000077c:	d100      	bne.n	20000780 <dcd_rp2040_irq+0x26c>
2000077e:	e707      	b.n	20000590 <dcd_rp2040_irq+0x7c>
20000780:	3302      	adds	r3, #2
20000782:	5ce2      	ldrb	r2, [r4, r3]
20000784:	2a00      	cmp	r2, #0
20000786:	d000      	beq.n	2000078a <dcd_rp2040_irq+0x276>
20000788:	e12b      	b.n	200009e2 <dcd_rp2040_irq+0x4ce>
2000078a:	003e      	movs	r6, r7
2000078c:	e700      	b.n	20000590 <dcd_rp2040_irq+0x7c>
2000078e:	3379      	adds	r3, #121	@ 0x79
20000790:	33ff      	adds	r3, #255	@ 0xff
20000792:	5ce7      	ldrb	r7, [r4, r3]
20000794:	2f00      	cmp	r7, #0
20000796:	d100      	bne.n	2000079a <dcd_rp2040_irq+0x286>
20000798:	e6ee      	b.n	20000578 <dcd_rp2040_irq+0x64>
2000079a:	3302      	adds	r3, #2
2000079c:	5ce2      	ldrb	r2, [r4, r3]
2000079e:	2a00      	cmp	r2, #0
200007a0:	d000      	beq.n	200007a4 <dcd_rp2040_irq+0x290>
200007a2:	e115      	b.n	200009d0 <dcd_rp2040_irq+0x4bc>
200007a4:	003e      	movs	r6, r7
200007a6:	e6e7      	b.n	20000578 <dcd_rp2040_irq+0x64>
200007a8:	4b32      	ldr	r3, [pc, #200]	@ (20000874 <dcd_rp2040_irq+0x360>)
200007aa:	5ce7      	ldrb	r7, [r4, r3]
200007ac:	2f00      	cmp	r7, #0
200007ae:	d100      	bne.n	200007b2 <dcd_rp2040_irq+0x29e>
200007b0:	e6f8      	b.n	200005a4 <dcd_rp2040_irq+0x90>
200007b2:	3302      	adds	r3, #2
200007b4:	5ce2      	ldrb	r2, [r4, r3]
200007b6:	2a00      	cmp	r2, #0
200007b8:	d000      	beq.n	200007bc <dcd_rp2040_irq+0x2a8>
200007ba:	e101      	b.n	200009c0 <dcd_rp2040_irq+0x4ac>
200007bc:	003e      	movs	r6, r7
200007be:	e6f1      	b.n	200005a4 <dcd_rp2040_irq+0x90>
200007c0:	3339      	adds	r3, #57	@ 0x39
200007c2:	33ff      	adds	r3, #255	@ 0xff
200007c4:	5ce7      	ldrb	r7, [r4, r3]
200007c6:	2f00      	cmp	r7, #0
200007c8:	d100      	bne.n	200007cc <dcd_rp2040_irq+0x2b8>
200007ca:	e6cf      	b.n	2000056c <dcd_rp2040_irq+0x58>
200007cc:	3302      	adds	r3, #2
200007ce:	5ce2      	ldrb	r2, [r4, r3]
200007d0:	2a00      	cmp	r2, #0
200007d2:	d000      	beq.n	200007d6 <dcd_rp2040_irq+0x2c2>
200007d4:	e0eb      	b.n	200009ae <dcd_rp2040_irq+0x49a>
200007d6:	003e      	movs	r6, r7
200007d8:	e6c8      	b.n	2000056c <dcd_rp2040_irq+0x58>
200007da:	3338      	adds	r3, #56	@ 0x38
200007dc:	5ce6      	ldrb	r6, [r4, r3]
200007de:	2e00      	cmp	r6, #0
200007e0:	d100      	bne.n	200007e4 <dcd_rp2040_irq+0x2d0>
200007e2:	e6ae      	b.n	20000542 <dcd_rp2040_irq+0x2e>
200007e4:	3302      	adds	r3, #2
200007e6:	5ce2      	ldrb	r2, [r4, r3]
200007e8:	2a00      	cmp	r2, #0
200007ea:	d100      	bne.n	200007ee <dcd_rp2040_irq+0x2da>
200007ec:	e6a9      	b.n	20000542 <dcd_rp2040_irq+0x2e>
200007ee:	0020      	movs	r0, r4
200007f0:	2200      	movs	r2, #0
200007f2:	3020      	adds	r0, #32
200007f4:	54e2      	strb	r2, [r4, r3]
200007f6:	f000 fa4b 	bl	20000c90 <hw_endpoint_start_next_buffer>
200007fa:	e6a2      	b.n	20000542 <dcd_rp2040_irq+0x2e>
200007fc:	33b9      	adds	r3, #185	@ 0xb9
200007fe:	33ff      	adds	r3, #255	@ 0xff
20000800:	5ce7      	ldrb	r7, [r4, r3]
20000802:	2f00      	cmp	r7, #0
20000804:	d100      	bne.n	20000808 <dcd_rp2040_irq+0x2f4>
20000806:	e6bd      	b.n	20000584 <dcd_rp2040_irq+0x70>
20000808:	3302      	adds	r3, #2
2000080a:	5ce2      	ldrb	r2, [r4, r3]
2000080c:	2a00      	cmp	r2, #0
2000080e:	d000      	beq.n	20000812 <dcd_rp2040_irq+0x2fe>
20000810:	e0c4      	b.n	2000099c <dcd_rp2040_irq+0x488>
20000812:	003e      	movs	r6, r7
20000814:	e6b6      	b.n	20000584 <dcd_rp2040_irq+0x70>
20000816:	4b18      	ldr	r3, [pc, #96]	@ (20000878 <dcd_rp2040_irq+0x364>)
20000818:	5ce7      	ldrb	r7, [r4, r3]
2000081a:	2f00      	cmp	r7, #0
2000081c:	d100      	bne.n	20000820 <dcd_rp2040_irq+0x30c>
2000081e:	e6cb      	b.n	200005b8 <dcd_rp2040_irq+0xa4>
20000820:	3302      	adds	r3, #2
20000822:	5ce2      	ldrb	r2, [r4, r3]
20000824:	2a00      	cmp	r2, #0
20000826:	d000      	beq.n	2000082a <dcd_rp2040_irq+0x316>
20000828:	e0b0      	b.n	2000098c <dcd_rp2040_irq+0x478>
2000082a:	003e      	movs	r6, r7
2000082c:	e6c4      	b.n	200005b8 <dcd_rp2040_irq+0xa4>
2000082e:	46c0      	nop			@ (mov r8, r8)
20000830:	50110000 	.word	0x50110000
20000834:	40054000 	.word	0x40054000
20000838:	20001aec 	.word	0x20001aec
2000083c:	20001ae4 	.word	0x20001ae4
20000840:	0000023b 	.word	0x0000023b
20000844:	0000027b 	.word	0x0000027b
20000848:	000002bb 	.word	0x000002bb
2000084c:	000002fb 	.word	0x000002fb
20000850:	0000033b 	.word	0x0000033b
20000854:	0000037b 	.word	0x0000037b
20000858:	000003bb 	.word	0x000003bb
2000085c:	000003fb 	.word	0x000003fb
20000860:	20001f52 	.word	0x20001f52
20000864:	50113000 	.word	0x50113000
20000868:	00020010 	.word	0x00020010
2000086c:	50100000 	.word	0x50100000
20000870:	50112000 	.word	0x50112000
20000874:	0000027a 	.word	0x0000027a
20000878:	000002fa 	.word	0x000002fa
2000087c:	4b6b      	ldr	r3, [pc, #428]	@ (20000a2c <dcd_rp2040_irq+0x518>)
2000087e:	5ce7      	ldrb	r7, [r4, r3]
20000880:	2f00      	cmp	r7, #0
20000882:	d100      	bne.n	20000886 <dcd_rp2040_irq+0x372>
20000884:	e689      	b.n	2000059a <dcd_rp2040_irq+0x86>
20000886:	3302      	adds	r3, #2
20000888:	5ce2      	ldrb	r2, [r4, r3]
2000088a:	2a00      	cmp	r2, #0
2000088c:	d176      	bne.n	2000097c <dcd_rp2040_irq+0x468>
2000088e:	003e      	movs	r6, r7
20000890:	e683      	b.n	2000059a <dcd_rp2040_irq+0x86>
20000892:	4b67      	ldr	r3, [pc, #412]	@ (20000a30 <dcd_rp2040_irq+0x51c>)
20000894:	5ce7      	ldrb	r7, [r4, r3]
20000896:	2f00      	cmp	r7, #0
20000898:	d100      	bne.n	2000089c <dcd_rp2040_irq+0x388>
2000089a:	e688      	b.n	200005ae <dcd_rp2040_irq+0x9a>
2000089c:	3302      	adds	r3, #2
2000089e:	5ce2      	ldrb	r2, [r4, r3]
200008a0:	2a00      	cmp	r2, #0
200008a2:	d163      	bne.n	2000096c <dcd_rp2040_irq+0x458>
200008a4:	003e      	movs	r6, r7
200008a6:	e682      	b.n	200005ae <dcd_rp2040_irq+0x9a>
200008a8:	4b62      	ldr	r3, [pc, #392]	@ (20000a34 <dcd_rp2040_irq+0x520>)
200008aa:	5ce7      	ldrb	r7, [r4, r3]
200008ac:	2f00      	cmp	r7, #0
200008ae:	d100      	bne.n	200008b2 <dcd_rp2040_irq+0x39e>
200008b0:	e68c      	b.n	200005cc <dcd_rp2040_irq+0xb8>
200008b2:	3302      	adds	r3, #2
200008b4:	5ce2      	ldrb	r2, [r4, r3]
200008b6:	2a00      	cmp	r2, #0
200008b8:	d000      	beq.n	200008bc <dcd_rp2040_irq+0x3a8>
200008ba:	e0a3      	b.n	20000a04 <dcd_rp2040_irq+0x4f0>
200008bc:	4b5e      	ldr	r3, [pc, #376]	@ (20000a38 <dcd_rp2040_irq+0x524>)
200008be:	5ce3      	ldrb	r3, [r4, r3]
200008c0:	2b02      	cmp	r3, #2
200008c2:	d130      	bne.n	20000926 <dcd_rp2040_irq+0x412>
200008c4:	4b5d      	ldr	r3, [pc, #372]	@ (20000a3c <dcd_rp2040_irq+0x528>)
200008c6:	5ce3      	ldrb	r3, [r4, r3]
200008c8:	2b00      	cmp	r3, #0
200008ca:	d127      	bne.n	2000091c <dcd_rp2040_irq+0x408>
200008cc:	4b5c      	ldr	r3, [pc, #368]	@ (20000a40 <dcd_rp2040_irq+0x52c>)
200008ce:	5ce3      	ldrb	r3, [r4, r3]
200008d0:	2b02      	cmp	r3, #2
200008d2:	d000      	beq.n	200008d6 <dcd_rp2040_irq+0x3c2>
200008d4:	e68f      	b.n	200005f6 <dcd_rp2040_irq+0xe2>
200008d6:	003e      	movs	r6, r7
200008d8:	4b5a      	ldr	r3, [pc, #360]	@ (20000a44 <dcd_rp2040_irq+0x530>)
200008da:	5ce3      	ldrb	r3, [r4, r3]
200008dc:	2b00      	cmp	r3, #0
200008de:	d100      	bne.n	200008e2 <dcd_rp2040_irq+0x3ce>
200008e0:	e67e      	b.n	200005e0 <dcd_rp2040_irq+0xcc>
200008e2:	23ff      	movs	r3, #255	@ 0xff
200008e4:	009b      	lsls	r3, r3, #2
200008e6:	5ce2      	ldrb	r2, [r4, r3]
200008e8:	2a00      	cmp	r2, #0
200008ea:	d100      	bne.n	200008ee <dcd_rp2040_irq+0x3da>
200008ec:	e683      	b.n	200005f6 <dcd_rp2040_irq+0xe2>
200008ee:	2200      	movs	r2, #0
200008f0:	54e2      	strb	r2, [r4, r3]
200008f2:	3b1c      	subs	r3, #28
200008f4:	18e0      	adds	r0, r4, r3
200008f6:	f000 f9cb 	bl	20000c90 <hw_endpoint_start_next_buffer>
200008fa:	e67c      	b.n	200005f6 <dcd_rp2040_irq+0xe2>
200008fc:	4b52      	ldr	r3, [pc, #328]	@ (20000a48 <dcd_rp2040_irq+0x534>)
200008fe:	5ce7      	ldrb	r7, [r4, r3]
20000900:	2f00      	cmp	r7, #0
20000902:	d100      	bne.n	20000906 <dcd_rp2040_irq+0x3f2>
20000904:	e65d      	b.n	200005c2 <dcd_rp2040_irq+0xae>
20000906:	3302      	adds	r3, #2
20000908:	5ce2      	ldrb	r2, [r4, r3]
2000090a:	2a00      	cmp	r2, #0
2000090c:	d116      	bne.n	2000093c <dcd_rp2040_irq+0x428>
2000090e:	003e      	movs	r6, r7
20000910:	e657      	b.n	200005c2 <dcd_rp2040_irq+0xae>
20000912:	4b4a      	ldr	r3, [pc, #296]	@ (20000a3c <dcd_rp2040_irq+0x528>)
20000914:	5ce3      	ldrb	r3, [r4, r3]
20000916:	2b00      	cmp	r3, #0
20000918:	d100      	bne.n	2000091c <dcd_rp2040_irq+0x408>
2000091a:	e65c      	b.n	200005d6 <dcd_rp2040_irq+0xc2>
2000091c:	23ef      	movs	r3, #239	@ 0xef
2000091e:	009b      	lsls	r3, r3, #2
20000920:	5ce2      	ldrb	r2, [r4, r3]
20000922:	2a00      	cmp	r2, #0
20000924:	d175      	bne.n	20000a12 <dcd_rp2040_irq+0x4fe>
20000926:	4b46      	ldr	r3, [pc, #280]	@ (20000a40 <dcd_rp2040_irq+0x52c>)
20000928:	5ce3      	ldrb	r3, [r4, r3]
2000092a:	2b02      	cmp	r3, #2
2000092c:	d000      	beq.n	20000930 <dcd_rp2040_irq+0x41c>
2000092e:	e662      	b.n	200005f6 <dcd_rp2040_irq+0xe2>
20000930:	4b44      	ldr	r3, [pc, #272]	@ (20000a44 <dcd_rp2040_irq+0x530>)
20000932:	5ce3      	ldrb	r3, [r4, r3]
20000934:	2b00      	cmp	r3, #0
20000936:	d100      	bne.n	2000093a <dcd_rp2040_irq+0x426>
20000938:	e65d      	b.n	200005f6 <dcd_rp2040_irq+0xe2>
2000093a:	e7d2      	b.n	200008e2 <dcd_rp2040_irq+0x3ce>
2000093c:	2200      	movs	r2, #0
2000093e:	54e2      	strb	r2, [r4, r3]
20000940:	3b1c      	subs	r3, #28
20000942:	18e0      	adds	r0, r4, r3
20000944:	f000 f9a4 	bl	20000c90 <hw_endpoint_start_next_buffer>
20000948:	003e      	movs	r6, r7
2000094a:	e63a      	b.n	200005c2 <dcd_rp2040_irq+0xae>
2000094c:	0020      	movs	r0, r4
2000094e:	2200      	movs	r2, #0
20000950:	30a0      	adds	r0, #160	@ 0xa0
20000952:	54e2      	strb	r2, [r4, r3]
20000954:	003e      	movs	r6, r7
20000956:	f000 f99b 	bl	20000c90 <hw_endpoint_start_next_buffer>
2000095a:	e5fc      	b.n	20000556 <dcd_rp2040_irq+0x42>
2000095c:	0020      	movs	r0, r4
2000095e:	2200      	movs	r2, #0
20000960:	3060      	adds	r0, #96	@ 0x60
20000962:	54e2      	strb	r2, [r4, r3]
20000964:	003e      	movs	r6, r7
20000966:	f000 f993 	bl	20000c90 <hw_endpoint_start_next_buffer>
2000096a:	e5ef      	b.n	2000054c <dcd_rp2040_irq+0x38>
2000096c:	2200      	movs	r2, #0
2000096e:	54e2      	strb	r2, [r4, r3]
20000970:	3b1c      	subs	r3, #28
20000972:	18e0      	adds	r0, r4, r3
20000974:	f000 f98c 	bl	20000c90 <hw_endpoint_start_next_buffer>
20000978:	003e      	movs	r6, r7
2000097a:	e618      	b.n	200005ae <dcd_rp2040_irq+0x9a>
2000097c:	2200      	movs	r2, #0
2000097e:	54e2      	strb	r2, [r4, r3]
20000980:	3b1c      	subs	r3, #28
20000982:	18e0      	adds	r0, r4, r3
20000984:	f000 f984 	bl	20000c90 <hw_endpoint_start_next_buffer>
20000988:	003e      	movs	r6, r7
2000098a:	e606      	b.n	2000059a <dcd_rp2040_irq+0x86>
2000098c:	2200      	movs	r2, #0
2000098e:	54e2      	strb	r2, [r4, r3]
20000990:	3b1c      	subs	r3, #28
20000992:	18e0      	adds	r0, r4, r3
20000994:	f000 f97c 	bl	20000c90 <hw_endpoint_start_next_buffer>
20000998:	003e      	movs	r6, r7
2000099a:	e60d      	b.n	200005b8 <dcd_rp2040_irq+0xa4>
2000099c:	0020      	movs	r0, r4
2000099e:	2200      	movs	r2, #0
200009a0:	30a1      	adds	r0, #161	@ 0xa1
200009a2:	30ff      	adds	r0, #255	@ 0xff
200009a4:	54e2      	strb	r2, [r4, r3]
200009a6:	003e      	movs	r6, r7
200009a8:	f000 f972 	bl	20000c90 <hw_endpoint_start_next_buffer>
200009ac:	e5ea      	b.n	20000584 <dcd_rp2040_irq+0x70>
200009ae:	0020      	movs	r0, r4
200009b0:	2200      	movs	r2, #0
200009b2:	3021      	adds	r0, #33	@ 0x21
200009b4:	30ff      	adds	r0, #255	@ 0xff
200009b6:	54e2      	strb	r2, [r4, r3]
200009b8:	003e      	movs	r6, r7
200009ba:	f000 f969 	bl	20000c90 <hw_endpoint_start_next_buffer>
200009be:	e5d5      	b.n	2000056c <dcd_rp2040_irq+0x58>
200009c0:	2200      	movs	r2, #0
200009c2:	54e2      	strb	r2, [r4, r3]
200009c4:	3b1c      	subs	r3, #28
200009c6:	18e0      	adds	r0, r4, r3
200009c8:	f000 f962 	bl	20000c90 <hw_endpoint_start_next_buffer>
200009cc:	003e      	movs	r6, r7
200009ce:	e5e9      	b.n	200005a4 <dcd_rp2040_irq+0x90>
200009d0:	0020      	movs	r0, r4
200009d2:	2200      	movs	r2, #0
200009d4:	3061      	adds	r0, #97	@ 0x61
200009d6:	30ff      	adds	r0, #255	@ 0xff
200009d8:	54e2      	strb	r2, [r4, r3]
200009da:	003e      	movs	r6, r7
200009dc:	f000 f958 	bl	20000c90 <hw_endpoint_start_next_buffer>
200009e0:	e5ca      	b.n	20000578 <dcd_rp2040_irq+0x64>
200009e2:	0020      	movs	r0, r4
200009e4:	2200      	movs	r2, #0
200009e6:	30e1      	adds	r0, #225	@ 0xe1
200009e8:	30ff      	adds	r0, #255	@ 0xff
200009ea:	54e2      	strb	r2, [r4, r3]
200009ec:	003e      	movs	r6, r7
200009ee:	f000 f94f 	bl	20000c90 <hw_endpoint_start_next_buffer>
200009f2:	e5cd      	b.n	20000590 <dcd_rp2040_irq+0x7c>
200009f4:	0020      	movs	r0, r4
200009f6:	2200      	movs	r2, #0
200009f8:	30e0      	adds	r0, #224	@ 0xe0
200009fa:	54e2      	strb	r2, [r4, r3]
200009fc:	003e      	movs	r6, r7
200009fe:	f000 f947 	bl	20000c90 <hw_endpoint_start_next_buffer>
20000a02:	e5ad      	b.n	20000560 <dcd_rp2040_irq+0x4c>
20000a04:	2200      	movs	r2, #0
20000a06:	54e2      	strb	r2, [r4, r3]
20000a08:	3b1c      	subs	r3, #28
20000a0a:	18e0      	adds	r0, r4, r3
20000a0c:	f000 f940 	bl	20000c90 <hw_endpoint_start_next_buffer>
20000a10:	e754      	b.n	200008bc <dcd_rp2040_irq+0x3a8>
20000a12:	2200      	movs	r2, #0
20000a14:	54e2      	strb	r2, [r4, r3]
20000a16:	3b1c      	subs	r3, #28
20000a18:	18e0      	adds	r0, r4, r3
20000a1a:	f000 f939 	bl	20000c90 <hw_endpoint_start_next_buffer>
20000a1e:	e782      	b.n	20000926 <dcd_rp2040_irq+0x412>
20000a20:	0031      	movs	r1, r6
20000a22:	480a      	ldr	r0, [pc, #40]	@ (20000a4c <dcd_rp2040_irq+0x538>)
20000a24:	4069      	eors	r1, r5
20000a26:	f000 fa9f 	bl	20000f68 <__panic_veneer>
20000a2a:	46c0      	nop			@ (mov r8, r8)
20000a2c:	0000023a 	.word	0x0000023a
20000a30:	000002ba 	.word	0x000002ba
20000a34:	0000037a 	.word	0x0000037a
20000a38:	000003bb 	.word	0x000003bb
20000a3c:	000003ba 	.word	0x000003ba
20000a40:	000003fb 	.word	0x000003fb
20000a44:	000003fa 	.word	0x000003fa
20000a48:	0000033a 	.word	0x0000033a
20000a4c:	10006cb0 	.word	0x10006cb0

20000a50 <prepare_ep_buffer>:
20000a50:	b5f0      	push	{r4, r5, r6, r7, lr}
20000a52:	468c      	mov	ip, r1
20000a54:	8a83      	ldrh	r3, [r0, #20]
20000a56:	8b01      	ldrh	r1, [r0, #24]
20000a58:	0002      	movs	r2, r0
20000a5a:	b083      	sub	sp, #12
20000a5c:	1c0e      	adds	r6, r1, #0
20000a5e:	4299      	cmp	r1, r3
20000a60:	d900      	bls.n	20000a64 <prepare_ep_buffer+0x14>
20000a62:	1c1e      	adds	r6, r3, #0
20000a64:	b2b6      	uxth	r6, r6
20000a66:	1b9b      	subs	r3, r3, r6
20000a68:	b29c      	uxth	r4, r3
20000a6a:	78d3      	ldrb	r3, [r2, #3]
20000a6c:	2180      	movs	r1, #128	@ 0x80
20000a6e:	0018      	movs	r0, r3
20000a70:	1e45      	subs	r5, r0, #1
20000a72:	41a8      	sbcs	r0, r5
20000a74:	00c9      	lsls	r1, r1, #3
20000a76:	4331      	orrs	r1, r6
20000a78:	0340      	lsls	r0, r0, #13
20000a7a:	4308      	orrs	r0, r1
20000a7c:	2101      	movs	r1, #1
20000a7e:	404b      	eors	r3, r1
20000a80:	70d3      	strb	r3, [r2, #3]
20000a82:	7853      	ldrb	r3, [r2, #1]
20000a84:	8294      	strh	r4, [r2, #20]
20000a86:	2b00      	cmp	r3, #0
20000a88:	d132      	bne.n	20000af0 <prepare_ep_buffer+0xa0>
20000a8a:	6911      	ldr	r1, [r2, #16]
20000a8c:	2e00      	cmp	r6, #0
20000a8e:	d02a      	beq.n	20000ae6 <prepare_ep_buffer+0x96>
20000a90:	4663      	mov	r3, ip
20000a92:	68d4      	ldr	r4, [r2, #12]
20000a94:	019b      	lsls	r3, r3, #6
20000a96:	18e4      	adds	r4, r4, r3
20000a98:	1e73      	subs	r3, r6, #1
20000a9a:	9301      	str	r3, [sp, #4]
20000a9c:	2b06      	cmp	r3, #6
20000a9e:	d932      	bls.n	20000b06 <prepare_ep_buffer+0xb6>
20000aa0:	0023      	movs	r3, r4
20000aa2:	430b      	orrs	r3, r1
20000aa4:	079b      	lsls	r3, r3, #30
20000aa6:	d12e      	bne.n	20000b06 <prepare_ep_buffer+0xb6>
20000aa8:	1a63      	subs	r3, r4, r1
20000aaa:	3b01      	subs	r3, #1
20000aac:	2b02      	cmp	r3, #2
20000aae:	d92a      	bls.n	20000b06 <prepare_ep_buffer+0xb6>
20000ab0:	2300      	movs	r3, #0
20000ab2:	08b7      	lsrs	r7, r6, #2
20000ab4:	00bf      	lsls	r7, r7, #2
20000ab6:	58cd      	ldr	r5, [r1, r3]
20000ab8:	50e5      	str	r5, [r4, r3]
20000aba:	3304      	adds	r3, #4
20000abc:	42bb      	cmp	r3, r7
20000abe:	d1fa      	bne.n	20000ab6 <prepare_ep_buffer+0x66>
20000ac0:	429e      	cmp	r6, r3
20000ac2:	d00e      	beq.n	20000ae2 <prepare_ep_buffer+0x92>
20000ac4:	9d01      	ldr	r5, [sp, #4]
20000ac6:	18e4      	adds	r4, r4, r3
20000ac8:	1aef      	subs	r7, r5, r3
20000aca:	18cd      	adds	r5, r1, r3
20000acc:	5cc9      	ldrb	r1, [r1, r3]
20000ace:	7021      	strb	r1, [r4, #0]
20000ad0:	9901      	ldr	r1, [sp, #4]
20000ad2:	4299      	cmp	r1, r3
20000ad4:	d005      	beq.n	20000ae2 <prepare_ep_buffer+0x92>
20000ad6:	786b      	ldrb	r3, [r5, #1]
20000ad8:	7063      	strb	r3, [r4, #1]
20000ada:	2f01      	cmp	r7, #1
20000adc:	d001      	beq.n	20000ae2 <prepare_ep_buffer+0x92>
20000ade:	78ab      	ldrb	r3, [r5, #2]
20000ae0:	70a3      	strb	r3, [r4, #2]
20000ae2:	6911      	ldr	r1, [r2, #16]
20000ae4:	8a94      	ldrh	r4, [r2, #20]
20000ae6:	2380      	movs	r3, #128	@ 0x80
20000ae8:	1989      	adds	r1, r1, r6
20000aea:	021b      	lsls	r3, r3, #8
20000aec:	6111      	str	r1, [r2, #16]
20000aee:	4318      	orrs	r0, r3
20000af0:	2c00      	cmp	r4, #0
20000af2:	d102      	bne.n	20000afa <prepare_ep_buffer+0xaa>
20000af4:	2380      	movs	r3, #128	@ 0x80
20000af6:	01db      	lsls	r3, r3, #7
20000af8:	4318      	orrs	r0, r3
20000afa:	4663      	mov	r3, ip
20000afc:	2b00      	cmp	r3, #0
20000afe:	d000      	beq.n	20000b02 <prepare_ep_buffer+0xb2>
20000b00:	0400      	lsls	r0, r0, #16
20000b02:	b003      	add	sp, #12
20000b04:	bdf0      	pop	{r4, r5, r6, r7, pc}
20000b06:	2300      	movs	r3, #0
20000b08:	5ccd      	ldrb	r5, [r1, r3]
20000b0a:	54e5      	strb	r5, [r4, r3]
20000b0c:	3301      	adds	r3, #1
20000b0e:	429e      	cmp	r6, r3
20000b10:	d1fa      	bne.n	20000b08 <prepare_ep_buffer+0xb8>
20000b12:	e7e6      	b.n	20000ae2 <prepare_ep_buffer+0x92>

20000b14 <sync_ep_buffer>:
20000b14:	6883      	ldr	r3, [r0, #8]
20000b16:	b5f0      	push	{r4, r5, r6, r7, lr}
20000b18:	681a      	ldr	r2, [r3, #0]
20000b1a:	2900      	cmp	r1, #0
20000b1c:	d000      	beq.n	20000b20 <sync_ep_buffer+0xc>
20000b1e:	0c12      	lsrs	r2, r2, #16
20000b20:	7843      	ldrb	r3, [r0, #1]
20000b22:	0592      	lsls	r2, r2, #22
20000b24:	0d95      	lsrs	r5, r2, #22
20000b26:	2b00      	cmp	r3, #0
20000b28:	d109      	bne.n	20000b3e <sync_ep_buffer+0x2a>
20000b2a:	8ac3      	ldrh	r3, [r0, #22]
20000b2c:	18eb      	adds	r3, r5, r3
20000b2e:	82c3      	strh	r3, [r0, #22]
20000b30:	8b03      	ldrh	r3, [r0, #24]
20000b32:	42ab      	cmp	r3, r5
20000b34:	d901      	bls.n	20000b3a <sync_ep_buffer+0x26>
20000b36:	2300      	movs	r3, #0
20000b38:	8283      	strh	r3, [r0, #20]
20000b3a:	0028      	movs	r0, r5
20000b3c:	bdf0      	pop	{r4, r5, r6, r7, pc}
20000b3e:	6904      	ldr	r4, [r0, #16]
20000b40:	2d00      	cmp	r5, #0
20000b42:	d028      	beq.n	20000b96 <sync_ep_buffer+0x82>
20000b44:	68c3      	ldr	r3, [r0, #12]
20000b46:	0189      	lsls	r1, r1, #6
20000b48:	1e6f      	subs	r7, r5, #1
20000b4a:	46bc      	mov	ip, r7
20000b4c:	185e      	adds	r6, r3, r1
20000b4e:	2f06      	cmp	r7, #6
20000b50:	d927      	bls.n	20000ba2 <sync_ep_buffer+0x8e>
20000b52:	3101      	adds	r1, #1
20000b54:	185b      	adds	r3, r3, r1
20000b56:	1ae3      	subs	r3, r4, r3
20000b58:	2b02      	cmp	r3, #2
20000b5a:	d922      	bls.n	20000ba2 <sync_ep_buffer+0x8e>
20000b5c:	0023      	movs	r3, r4
20000b5e:	4333      	orrs	r3, r6
20000b60:	079b      	lsls	r3, r3, #30
20000b62:	d11e      	bne.n	20000ba2 <sync_ep_buffer+0x8e>
20000b64:	2300      	movs	r3, #0
20000b66:	0e12      	lsrs	r2, r2, #24
20000b68:	0092      	lsls	r2, r2, #2
20000b6a:	58f1      	ldr	r1, [r6, r3]
20000b6c:	50e1      	str	r1, [r4, r3]
20000b6e:	3304      	adds	r3, #4
20000b70:	429a      	cmp	r2, r3
20000b72:	d1fa      	bne.n	20000b6a <sync_ep_buffer+0x56>
20000b74:	4295      	cmp	r5, r2
20000b76:	d00d      	beq.n	20000b94 <sync_ep_buffer+0x80>
20000b78:	4663      	mov	r3, ip
20000b7a:	1a9f      	subs	r7, r3, r2
20000b7c:	18a3      	adds	r3, r4, r2
20000b7e:	5cb4      	ldrb	r4, [r6, r2]
20000b80:	18b1      	adds	r1, r6, r2
20000b82:	701c      	strb	r4, [r3, #0]
20000b84:	4594      	cmp	ip, r2
20000b86:	d005      	beq.n	20000b94 <sync_ep_buffer+0x80>
20000b88:	784a      	ldrb	r2, [r1, #1]
20000b8a:	705a      	strb	r2, [r3, #1]
20000b8c:	2f01      	cmp	r7, #1
20000b8e:	d001      	beq.n	20000b94 <sync_ep_buffer+0x80>
20000b90:	788a      	ldrb	r2, [r1, #2]
20000b92:	709a      	strb	r2, [r3, #2]
20000b94:	6904      	ldr	r4, [r0, #16]
20000b96:	8ac3      	ldrh	r3, [r0, #22]
20000b98:	1964      	adds	r4, r4, r5
20000b9a:	18eb      	adds	r3, r5, r3
20000b9c:	82c3      	strh	r3, [r0, #22]
20000b9e:	6104      	str	r4, [r0, #16]
20000ba0:	e7c6      	b.n	20000b30 <sync_ep_buffer+0x1c>
20000ba2:	2200      	movs	r2, #0
20000ba4:	5cb3      	ldrb	r3, [r6, r2]
20000ba6:	54a3      	strb	r3, [r4, r2]
20000ba8:	3201      	adds	r2, #1
20000baa:	4295      	cmp	r5, r2
20000bac:	d1fa      	bne.n	20000ba4 <sync_ep_buffer+0x90>
20000bae:	6904      	ldr	r4, [r0, #16]
20000bb0:	e7f1      	b.n	20000b96 <sync_ep_buffer+0x82>
20000bb2:	46c0      	nop			@ (mov r8, r8)

20000bb4 <_hw_endpoint_xfer_sync>:
20000bb4:	b510      	push	{r4, lr}
20000bb6:	0004      	movs	r4, r0
20000bb8:	6883      	ldr	r3, [r0, #8]
20000bba:	2100      	movs	r1, #0
20000bbc:	681b      	ldr	r3, [r3, #0]
20000bbe:	f7ff ffa9 	bl	20000b14 <sync_ep_buffer>
20000bc2:	6863      	ldr	r3, [r4, #4]
20000bc4:	681b      	ldr	r3, [r3, #0]
20000bc6:	005b      	lsls	r3, r3, #1
20000bc8:	d502      	bpl.n	20000bd0 <_hw_endpoint_xfer_sync+0x1c>
20000bca:	8b23      	ldrh	r3, [r4, #24]
20000bcc:	4283      	cmp	r3, r0
20000bce:	d000      	beq.n	20000bd2 <_hw_endpoint_xfer_sync+0x1e>
20000bd0:	bd10      	pop	{r4, pc}
20000bd2:	2101      	movs	r1, #1
20000bd4:	0020      	movs	r0, r4
20000bd6:	f7ff ff9d 	bl	20000b14 <sync_ep_buffer>
20000bda:	e7f9      	b.n	20000bd0 <_hw_endpoint_xfer_sync+0x1c>

20000bdc <e15_is_bulkin_ep>:
20000bdc:	4b08      	ldr	r3, [pc, #32]	@ (20000c00 <e15_is_bulkin_ep+0x24>)
20000bde:	6c1a      	ldr	r2, [r3, #64]	@ 0x40
20000be0:	2300      	movs	r3, #0
20000be2:	0792      	lsls	r2, r2, #30
20000be4:	d403      	bmi.n	20000bee <e15_is_bulkin_ep+0x12>
20000be6:	7882      	ldrb	r2, [r0, #2]
20000be8:	09d2      	lsrs	r2, r2, #7
20000bea:	2a01      	cmp	r2, #1
20000bec:	d001      	beq.n	20000bf2 <e15_is_bulkin_ep+0x16>
20000bee:	0018      	movs	r0, r3
20000bf0:	4770      	bx	lr
20000bf2:	7ec3      	ldrb	r3, [r0, #27]
20000bf4:	3b02      	subs	r3, #2
20000bf6:	425a      	negs	r2, r3
20000bf8:	4153      	adcs	r3, r2
20000bfa:	b2db      	uxtb	r3, r3
20000bfc:	e7f7      	b.n	20000bee <e15_is_bulkin_ep+0x12>
20000bfe:	46c0      	nop			@ (mov r8, r8)
20000c00:	50110000 	.word	0x50110000

20000c04 <e15_is_critical_frame_period>:
20000c04:	b510      	push	{r4, lr}
20000c06:	f7ff ffe9 	bl	20000bdc <e15_is_bulkin_ep>
20000c0a:	2800      	cmp	r0, #0
20000c0c:	d00a      	beq.n	20000c24 <e15_is_critical_frame_period+0x20>
20000c0e:	4b06      	ldr	r3, [pc, #24]	@ (20000c28 <e15_is_critical_frame_period+0x24>)
20000c10:	4a06      	ldr	r2, [pc, #24]	@ (20000c2c <e15_is_critical_frame_period+0x28>)
20000c12:	6a9b      	ldr	r3, [r3, #40]	@ 0x28
20000c14:	4906      	ldr	r1, [pc, #24]	@ (20000c30 <e15_is_critical_frame_period+0x2c>)
20000c16:	6812      	ldr	r2, [r2, #0]
20000c18:	185b      	adds	r3, r3, r1
20000c1a:	1a9b      	subs	r3, r3, r2
20000c1c:	2000      	movs	r0, #0
20000c1e:	22c6      	movs	r2, #198	@ 0xc6
20000c20:	429a      	cmp	r2, r3
20000c22:	4140      	adcs	r0, r0
20000c24:	bd10      	pop	{r4, pc}
20000c26:	46c0      	nop			@ (mov r8, r8)
20000c28:	40054000 	.word	0x40054000
20000c2c:	20001ae4 	.word	0x20001ae4
20000c30:	fffffce0 	.word	0xfffffce0

20000c34 <hw_endpoint_reset_transfer>:
20000c34:	2300      	movs	r3, #0
20000c36:	7683      	strb	r3, [r0, #26]
20000c38:	6143      	str	r3, [r0, #20]
20000c3a:	6103      	str	r3, [r0, #16]
20000c3c:	4770      	bx	lr
20000c3e:	46c0      	nop			@ (mov r8, r8)

20000c40 <_hw_endpoint_buffer_control_update32>:
20000c40:	b510      	push	{r4, lr}
20000c42:	6883      	ldr	r3, [r0, #8]
20000c44:	2900      	cmp	r1, #0
20000c46:	d001      	beq.n	20000c4c <_hw_endpoint_buffer_control_update32+0xc>
20000c48:	681c      	ldr	r4, [r3, #0]
20000c4a:	4021      	ands	r1, r4
20000c4c:	2a00      	cmp	r2, #0
20000c4e:	d012      	beq.n	20000c76 <_hw_endpoint_buffer_control_update32+0x36>
20000c50:	2480      	movs	r4, #128	@ 0x80
20000c52:	00e4      	lsls	r4, r4, #3
20000c54:	4311      	orrs	r1, r2
20000c56:	4222      	tst	r2, r4
20000c58:	d00d      	beq.n	20000c76 <_hw_endpoint_buffer_control_update32+0x36>
20000c5a:	681a      	ldr	r2, [r3, #0]
20000c5c:	4222      	tst	r2, r4
20000c5e:	d10c      	bne.n	20000c7a <_hw_endpoint_buffer_control_update32+0x3a>
20000c60:	4a08      	ldr	r2, [pc, #32]	@ (20000c84 <_hw_endpoint_buffer_control_update32+0x44>)
20000c62:	400a      	ands	r2, r1
20000c64:	601a      	str	r2, [r3, #0]
20000c66:	4a08      	ldr	r2, [pc, #32]	@ (20000c88 <_hw_endpoint_buffer_control_update32+0x48>)
20000c68:	6c12      	ldr	r2, [r2, #64]	@ 0x40
20000c6a:	0792      	lsls	r2, r2, #30
20000c6c:	d403      	bmi.n	20000c76 <_hw_endpoint_buffer_control_update32+0x36>
20000c6e:	230c      	movs	r3, #12
20000c70:	3b03      	subs	r3, #3
20000c72:	d2fd      	bcs.n	20000c70 <_hw_endpoint_buffer_control_update32+0x30>
20000c74:	6883      	ldr	r3, [r0, #8]
20000c76:	6019      	str	r1, [r3, #0]
20000c78:	bd10      	pop	{r4, pc}
20000c7a:	7881      	ldrb	r1, [r0, #2]
20000c7c:	4803      	ldr	r0, [pc, #12]	@ (20000c8c <_hw_endpoint_buffer_control_update32+0x4c>)
20000c7e:	f000 f973 	bl	20000f68 <__panic_veneer>
20000c82:	46c0      	nop			@ (mov r8, r8)
20000c84:	fffffbff 	.word	0xfffffbff
20000c88:	50110000 	.word	0x50110000
20000c8c:	10006cc4 	.word	0x10006cc4

20000c90 <hw_endpoint_start_next_buffer>:
20000c90:	6843      	ldr	r3, [r0, #4]
20000c92:	b570      	push	{r4, r5, r6, lr}
20000c94:	2100      	movs	r1, #0
20000c96:	2580      	movs	r5, #128	@ 0x80
20000c98:	0004      	movs	r4, r0
20000c9a:	681e      	ldr	r6, [r3, #0]
20000c9c:	f7ff fed8 	bl	20000a50 <prepare_ep_buffer>
20000ca0:	4b12      	ldr	r3, [pc, #72]	@ (20000cec <hw_endpoint_start_next_buffer+0x5c>)
20000ca2:	016d      	lsls	r5, r5, #5
20000ca4:	6c1a      	ldr	r2, [r3, #64]	@ 0x40
20000ca6:	4305      	orrs	r5, r0
20000ca8:	78a3      	ldrb	r3, [r4, #2]
20000caa:	0792      	lsls	r2, r2, #30
20000cac:	d50e      	bpl.n	20000ccc <hw_endpoint_start_next_buffer+0x3c>
20000cae:	065b      	lsls	r3, r3, #25
20000cb0:	d00e      	beq.n	20000cd0 <hw_endpoint_start_next_buffer+0x40>
20000cb2:	4b0f      	ldr	r3, [pc, #60]	@ (20000cf0 <hw_endpoint_start_next_buffer+0x60>)
20000cb4:	401e      	ands	r6, r3
20000cb6:	2380      	movs	r3, #128	@ 0x80
20000cb8:	059b      	lsls	r3, r3, #22
20000cba:	4333      	orrs	r3, r6
20000cbc:	6862      	ldr	r2, [r4, #4]
20000cbe:	2100      	movs	r1, #0
20000cc0:	6013      	str	r3, [r2, #0]
20000cc2:	0020      	movs	r0, r4
20000cc4:	002a      	movs	r2, r5
20000cc6:	f7ff ffbb 	bl	20000c40 <_hw_endpoint_buffer_control_update32>
20000cca:	bd70      	pop	{r4, r5, r6, pc}
20000ccc:	09db      	lsrs	r3, r3, #7
20000cce:	d0f0      	beq.n	20000cb2 <hw_endpoint_start_next_buffer+0x22>
20000cd0:	8aa3      	ldrh	r3, [r4, #20]
20000cd2:	2b00      	cmp	r3, #0
20000cd4:	d0ed      	beq.n	20000cb2 <hw_endpoint_start_next_buffer+0x22>
20000cd6:	2101      	movs	r1, #1
20000cd8:	0020      	movs	r0, r4
20000cda:	f7ff feb9 	bl	20000a50 <prepare_ep_buffer>
20000cde:	23a0      	movs	r3, #160	@ 0xa0
20000ce0:	4a04      	ldr	r2, [pc, #16]	@ (20000cf4 <hw_endpoint_start_next_buffer+0x64>)
20000ce2:	05db      	lsls	r3, r3, #23
20000ce4:	4032      	ands	r2, r6
20000ce6:	4305      	orrs	r5, r0
20000ce8:	4313      	orrs	r3, r2
20000cea:	e7e7      	b.n	20000cbc <hw_endpoint_start_next_buffer+0x2c>
20000cec:	50110000 	.word	0x50110000
20000cf0:	afffffff 	.word	0xafffffff
20000cf4:	dfffffff 	.word	0xdfffffff

20000cf8 <hw_endpoint_xfer_continue>:
20000cf8:	b570      	push	{r4, r5, r6, lr}
20000cfa:	7e85      	ldrb	r5, [r0, #26]
20000cfc:	0004      	movs	r4, r0
20000cfe:	2d00      	cmp	r5, #0
20000d00:	d014      	beq.n	20000d2c <hw_endpoint_xfer_continue+0x34>
20000d02:	f7ff ff57 	bl	20000bb4 <_hw_endpoint_xfer_sync>
20000d06:	8aa3      	ldrh	r3, [r4, #20]
20000d08:	2b00      	cmp	r3, #0
20000d0a:	d101      	bne.n	20000d10 <hw_endpoint_xfer_continue+0x18>
20000d0c:	0028      	movs	r0, r5
20000d0e:	bd70      	pop	{r4, r5, r6, pc}
20000d10:	0020      	movs	r0, r4
20000d12:	f7ff ff77 	bl	20000c04 <e15_is_critical_frame_period>
20000d16:	2800      	cmp	r0, #0
20000d18:	d003      	beq.n	20000d22 <hw_endpoint_xfer_continue+0x2a>
20000d1a:	2301      	movs	r3, #1
20000d1c:	2500      	movs	r5, #0
20000d1e:	7723      	strb	r3, [r4, #28]
20000d20:	e7f4      	b.n	20000d0c <hw_endpoint_xfer_continue+0x14>
20000d22:	0020      	movs	r0, r4
20000d24:	f7ff ffb4 	bl	20000c90 <hw_endpoint_start_next_buffer>
20000d28:	2500      	movs	r5, #0
20000d2a:	e7ef      	b.n	20000d0c <hw_endpoint_xfer_continue+0x14>
20000d2c:	7881      	ldrb	r1, [r0, #2]
20000d2e:	4801      	ldr	r0, [pc, #4]	@ (20000d34 <hw_endpoint_xfer_continue+0x3c>)
20000d30:	f000 f91a 	bl	20000f68 <__panic_veneer>
20000d34:	10006ce4 	.word	0x10006ce4

20000d38 <dcd_event_handler>:
20000d38:	b5f0      	push	{r4, r5, r6, r7, lr}
20000d3a:	4647      	mov	r7, r8
20000d3c:	46ce      	mov	lr, r9
20000d3e:	b580      	push	{r7, lr}
20000d40:	7843      	ldrb	r3, [r0, #1]
20000d42:	0005      	movs	r5, r0
20000d44:	000f      	movs	r7, r1
20000d46:	b085      	sub	sp, #20
20000d48:	2b06      	cmp	r3, #6
20000d4a:	d807      	bhi.n	20000d5c <dcd_event_handler+0x24>
20000d4c:	4a69      	ldr	r2, [pc, #420]	@ (20000ef4 <dcd_event_handler+0x1bc>)
20000d4e:	009b      	lsls	r3, r3, #2
20000d50:	58d3      	ldr	r3, [r2, r3]
20000d52:	469f      	mov	pc, r3
20000d54:	4a68      	ldr	r2, [pc, #416]	@ (20000ef8 <dcd_event_handler+0x1c0>)
20000d56:	7813      	ldrb	r3, [r2, #0]
20000d58:	3301      	adds	r3, #1
20000d5a:	7013      	strb	r3, [r2, #0]
20000d5c:	4b67      	ldr	r3, [pc, #412]	@ (20000efc <dcd_event_handler+0x1c4>)
20000d5e:	681c      	ldr	r4, [r3, #0]
20000d60:	6962      	ldr	r2, [r4, #20]
20000d62:	f3ef 8110 	mrs	r1, PRIMASK
20000d66:	b672      	cpsid	i
20000d68:	6813      	ldr	r3, [r2, #0]
20000d6a:	2b00      	cmp	r3, #0
20000d6c:	d0fc      	beq.n	20000d68 <dcd_event_handler+0x30>
20000d6e:	f3bf 8f5f 	dmb	sy
20000d72:	61a1      	str	r1, [r4, #24]
20000d74:	0020      	movs	r0, r4
20000d76:	0029      	movs	r1, r5
20000d78:	f000 f8d6 	bl	20000f28 <__tu_fifo_write_veneer>
20000d7c:	6962      	ldr	r2, [r4, #20]
20000d7e:	69a3      	ldr	r3, [r4, #24]
20000d80:	f3bf 8f5f 	dmb	sy
20000d84:	2100      	movs	r1, #0
20000d86:	6011      	str	r1, [r2, #0]
20000d88:	f383 8810 	msr	PRIMASK, r3
20000d8c:	2800      	cmp	r0, #0
20000d8e:	d104      	bne.n	20000d9a <dcd_event_handler+0x62>
20000d90:	b005      	add	sp, #20
20000d92:	bcc0      	pop	{r6, r7}
20000d94:	46b9      	mov	r9, r7
20000d96:	46b0      	mov	r8, r6
20000d98:	bdf0      	pop	{r4, r5, r6, r7, pc}
20000d9a:	003a      	movs	r2, r7
20000d9c:	7869      	ldrb	r1, [r5, #1]
20000d9e:	7828      	ldrb	r0, [r5, #0]
20000da0:	f000 f8ea 	bl	20000f78 <__tud_event_hook_cb_veneer>
20000da4:	e7f4      	b.n	20000d90 <dcd_event_handler+0x58>
20000da6:	2101      	movs	r1, #1
20000da8:	4b55      	ldr	r3, [pc, #340]	@ (20000f00 <dcd_event_handler+0x1c8>)
20000daa:	781a      	ldrb	r2, [r3, #0]
20000dac:	438a      	bics	r2, r1
20000dae:	701a      	strb	r2, [r3, #0]
20000db0:	781a      	ldrb	r2, [r3, #0]
20000db2:	3101      	adds	r1, #1
20000db4:	438a      	bics	r2, r1
20000db6:	701a      	strb	r2, [r3, #0]
20000db8:	2200      	movs	r2, #0
20000dba:	705a      	strb	r2, [r3, #1]
20000dbc:	781a      	ldrb	r2, [r3, #0]
20000dbe:	3102      	adds	r1, #2
20000dc0:	438a      	bics	r2, r1
20000dc2:	701a      	strb	r2, [r3, #0]
20000dc4:	e7ca      	b.n	20000d5c <dcd_event_handler+0x24>
20000dc6:	494f      	ldr	r1, [pc, #316]	@ (20000f04 <dcd_event_handler+0x1cc>)
20000dc8:	4b4f      	ldr	r3, [pc, #316]	@ (20000f08 <dcd_event_handler+0x1d0>)
20000dca:	4688      	mov	r8, r1
20000dcc:	494f      	ldr	r1, [pc, #316]	@ (20000f0c <dcd_event_handler+0x1d4>)
20000dce:	001e      	movs	r6, r3
20000dd0:	781a      	ldrb	r2, [r3, #0]
20000dd2:	2400      	movs	r4, #0
20000dd4:	2300      	movs	r3, #0
20000dd6:	4689      	mov	r9, r1
20000dd8:	e012      	b.n	20000e00 <dcd_event_handler+0xc8>
20000dda:	464b      	mov	r3, r9
20000ddc:	681b      	ldr	r3, [r3, #0]
20000dde:	0161      	lsls	r1, r4, #5
20000de0:	185b      	adds	r3, r3, r1
20000de2:	2b00      	cmp	r3, #0
20000de4:	d006      	beq.n	20000df4 <dcd_event_handler+0xbc>
20000de6:	69db      	ldr	r3, [r3, #28]
20000de8:	2b00      	cmp	r3, #0
20000dea:	d003      	beq.n	20000df4 <dcd_event_handler+0xbc>
20000dec:	6869      	ldr	r1, [r5, #4]
20000dee:	7828      	ldrb	r0, [r5, #0]
20000df0:	4798      	blx	r3
20000df2:	7832      	ldrb	r2, [r6, #0]
20000df4:	3401      	adds	r4, #1
20000df6:	b2e4      	uxtb	r4, r4
20000df8:	1c51      	adds	r1, r2, #1
20000dfa:	0023      	movs	r3, r4
20000dfc:	42a1      	cmp	r1, r4
20000dfe:	db17      	blt.n	20000e30 <dcd_event_handler+0xf8>
20000e00:	42a2      	cmp	r2, r4
20000e02:	d8ea      	bhi.n	20000dda <dcd_event_handler+0xa2>
20000e04:	1a9b      	subs	r3, r3, r2
20000e06:	015b      	lsls	r3, r3, #5
20000e08:	4443      	add	r3, r8
20000e0a:	e7ec      	b.n	20000de6 <dcd_event_handler+0xae>
20000e0c:	4b3c      	ldr	r3, [pc, #240]	@ (20000f00 <dcd_event_handler+0x1c8>)
20000e0e:	781a      	ldrb	r2, [r3, #0]
20000e10:	07d2      	lsls	r2, r2, #31
20000e12:	d5bd      	bpl.n	20000d90 <dcd_event_handler+0x58>
20000e14:	2104      	movs	r1, #4
20000e16:	781a      	ldrb	r2, [r3, #0]
20000e18:	430a      	orrs	r2, r1
20000e1a:	701a      	strb	r2, [r3, #0]
20000e1c:	e79e      	b.n	20000d5c <dcd_event_handler+0x24>
20000e1e:	4b38      	ldr	r3, [pc, #224]	@ (20000f00 <dcd_event_handler+0x1c8>)
20000e20:	781a      	ldrb	r2, [r3, #0]
20000e22:	07d2      	lsls	r2, r2, #31
20000e24:	d5b4      	bpl.n	20000d90 <dcd_event_handler+0x58>
20000e26:	2104      	movs	r1, #4
20000e28:	781a      	ldrb	r2, [r3, #0]
20000e2a:	438a      	bics	r2, r1
20000e2c:	701a      	strb	r2, [r3, #0]
20000e2e:	e795      	b.n	20000d5c <dcd_event_handler+0x24>
20000e30:	4a33      	ldr	r2, [pc, #204]	@ (20000f00 <dcd_event_handler+0x1c8>)
20000e32:	7813      	ldrb	r3, [r2, #0]
20000e34:	4690      	mov	r8, r2
20000e36:	0011      	movs	r1, r2
20000e38:	075b      	lsls	r3, r3, #29
20000e3a:	d528      	bpl.n	20000e8e <dcd_event_handler+0x156>
20000e3c:	7813      	ldrb	r3, [r2, #0]
20000e3e:	2204      	movs	r2, #4
20000e40:	ac01      	add	r4, sp, #4
20000e42:	4393      	bics	r3, r2
20000e44:	700b      	strb	r3, [r1, #0]
20000e46:	0020      	movs	r0, r4
20000e48:	2100      	movs	r1, #0
20000e4a:	3208      	adds	r2, #8
20000e4c:	f000 f864 	bl	20000f18 <____wrap_memset_veneer>
20000e50:	782b      	ldrb	r3, [r5, #0]
20000e52:	7023      	strb	r3, [r4, #0]
20000e54:	2305      	movs	r3, #5
20000e56:	7063      	strb	r3, [r4, #1]
20000e58:	4b28      	ldr	r3, [pc, #160]	@ (20000efc <dcd_event_handler+0x1c4>)
20000e5a:	681b      	ldr	r3, [r3, #0]
20000e5c:	0018      	movs	r0, r3
20000e5e:	695a      	ldr	r2, [r3, #20]
20000e60:	f3ef 8110 	mrs	r1, PRIMASK
20000e64:	b672      	cpsid	i
20000e66:	6813      	ldr	r3, [r2, #0]
20000e68:	2b00      	cmp	r3, #0
20000e6a:	d0fc      	beq.n	20000e66 <dcd_event_handler+0x12e>
20000e6c:	f3bf 8f5f 	dmb	sy
20000e70:	0006      	movs	r6, r0
20000e72:	6181      	str	r1, [r0, #24]
20000e74:	0021      	movs	r1, r4
20000e76:	f000 f857 	bl	20000f28 <__tu_fifo_write_veneer>
20000e7a:	6972      	ldr	r2, [r6, #20]
20000e7c:	69b3      	ldr	r3, [r6, #24]
20000e7e:	f3bf 8f5f 	dmb	sy
20000e82:	2100      	movs	r1, #0
20000e84:	6011      	str	r1, [r2, #0]
20000e86:	f383 8810 	msr	PRIMASK, r3
20000e8a:	2800      	cmp	r0, #0
20000e8c:	d12c      	bne.n	20000ee8 <dcd_event_handler+0x1b0>
20000e8e:	4643      	mov	r3, r8
20000e90:	78db      	ldrb	r3, [r3, #3]
20000e92:	07db      	lsls	r3, r3, #31
20000e94:	d400      	bmi.n	20000e98 <dcd_event_handler+0x160>
20000e96:	e77b      	b.n	20000d90 <dcd_event_handler+0x58>
20000e98:	782b      	ldrb	r3, [r5, #0]
20000e9a:	ac01      	add	r4, sp, #4
20000e9c:	7023      	strb	r3, [r4, #0]
20000e9e:	2303      	movs	r3, #3
20000ea0:	7063      	strb	r3, [r4, #1]
20000ea2:	686b      	ldr	r3, [r5, #4]
20000ea4:	6063      	str	r3, [r4, #4]
20000ea6:	4b15      	ldr	r3, [pc, #84]	@ (20000efc <dcd_event_handler+0x1c4>)
20000ea8:	681d      	ldr	r5, [r3, #0]
20000eaa:	696a      	ldr	r2, [r5, #20]
20000eac:	f3ef 8110 	mrs	r1, PRIMASK
20000eb0:	b672      	cpsid	i
20000eb2:	6813      	ldr	r3, [r2, #0]
20000eb4:	2b00      	cmp	r3, #0
20000eb6:	d0fc      	beq.n	20000eb2 <dcd_event_handler+0x17a>
20000eb8:	f3bf 8f5f 	dmb	sy
20000ebc:	61a9      	str	r1, [r5, #24]
20000ebe:	0028      	movs	r0, r5
20000ec0:	0021      	movs	r1, r4
20000ec2:	f000 f831 	bl	20000f28 <__tu_fifo_write_veneer>
20000ec6:	696a      	ldr	r2, [r5, #20]
20000ec8:	69ab      	ldr	r3, [r5, #24]
20000eca:	f3bf 8f5f 	dmb	sy
20000ece:	2100      	movs	r1, #0
20000ed0:	6011      	str	r1, [r2, #0]
20000ed2:	f383 8810 	msr	PRIMASK, r3
20000ed6:	2800      	cmp	r0, #0
20000ed8:	d100      	bne.n	20000edc <dcd_event_handler+0x1a4>
20000eda:	e759      	b.n	20000d90 <dcd_event_handler+0x58>
20000edc:	003a      	movs	r2, r7
20000ede:	7861      	ldrb	r1, [r4, #1]
20000ee0:	7820      	ldrb	r0, [r4, #0]
20000ee2:	f000 f849 	bl	20000f78 <__tud_event_hook_cb_veneer>
20000ee6:	e753      	b.n	20000d90 <dcd_event_handler+0x58>
20000ee8:	003a      	movs	r2, r7
20000eea:	7861      	ldrb	r1, [r4, #1]
20000eec:	7820      	ldrb	r0, [r4, #0]
20000eee:	f000 f843 	bl	20000f78 <__tud_event_hook_cb_veneer>
20000ef2:	e7cc      	b.n	20000e8e <dcd_event_handler+0x156>
20000ef4:	10007160 	.word	0x10007160
20000ef8:	20001f53 	.word	0x20001f53
20000efc:	200015f0 	.word	0x200015f0
20000f00:	20001598 	.word	0x20001598
20000f04:	1000717c 	.word	0x1000717c
20000f08:	20001f51 	.word	0x20001f51
20000f0c:	200014b0 	.word	0x200014b0

20000f10 <__aeabi_idiv0>:
20000f10:	4770      	bx	lr
20000f12:	46c0      	nop			@ (mov r8, r8)
20000f14:	0000      	movs	r0, r0
	...

20000f18 <____wrap_memset_veneer>:
20000f18:	b401      	push	{r0}
20000f1a:	4802      	ldr	r0, [pc, #8]	@ (20000f24 <____wrap_memset_veneer+0xc>)
20000f1c:	4684      	mov	ip, r0
20000f1e:	bc01      	pop	{r0}
20000f20:	4760      	bx	ip
20000f22:	bf00      	nop
20000f24:	100025e9 	.word	0x100025e9

20000f28 <__tu_fifo_write_veneer>:
20000f28:	b401      	push	{r0}
20000f2a:	4802      	ldr	r0, [pc, #8]	@ (20000f34 <__tu_fifo_write_veneer+0xc>)
20000f2c:	4684      	mov	ip, r0
20000f2e:	bc01      	pop	{r0}
20000f30:	4760      	bx	ip
20000f32:	bf00      	nop
20000f34:	10006711 	.word	0x10006711

20000f38 <__best_effort_wfe_or_timeout_veneer>:
20000f38:	b401      	push	{r0}
20000f3a:	4802      	ldr	r0, [pc, #8]	@ (20000f44 <__best_effort_wfe_or_timeout_veneer+0xc>)
20000f3c:	4684      	mov	ip, r0
20000f3e:	bc01      	pop	{r0}
20000f40:	4760      	bx	ip
20000f42:	bf00      	nop
20000f44:	10001075 	.word	0x10001075

20000f48 <____wrap___aeabi_lmul_veneer>:
20000f48:	b401      	push	{r0}
20000f4a:	4802      	ldr	r0, [pc, #8]	@ (20000f54 <____wrap___aeabi_lmul_veneer+0xc>)
20000f4c:	4684      	mov	ip, r0
20000f4e:	bc01      	pop	{r0}
20000f50:	4760      	bx	ip
20000f52:	bf00      	nop
20000f54:	10002511 	.word	0x10002511

20000f58 <__rp2040_chip_version_veneer>:
20000f58:	b401      	push	{r0}
20000f5a:	4802      	ldr	r0, [pc, #8]	@ (20000f64 <__rp2040_chip_version_veneer+0xc>)
20000f5c:	4684      	mov	ip, r0
20000f5e:	bc01      	pop	{r0}
20000f60:	4760      	bx	ip
20000f62:	bf00      	nop
20000f64:	100003b1 	.word	0x100003b1

20000f68 <__panic_veneer>:
20000f68:	b401      	push	{r0}
20000f6a:	4802      	ldr	r0, [pc, #8]	@ (20000f74 <__panic_veneer+0xc>)
20000f6c:	4684      	mov	ip, r0
20000f6e:	bc01      	pop	{r0}
20000f70:	4760      	bx	ip
20000f72:	bf00      	nop
20000f74:	100003bd 	.word	0x100003bd

20000f78 <__tud_event_hook_cb_veneer>:
20000f78:	b401      	push	{r0}
20000f7a:	4802      	ldr	r0, [pc, #8]	@ (20000f84 <__tud_event_hook_cb_veneer+0xc>)
20000f7c:	4684      	mov	ip, r0
20000f7e:	bc01      	pop	{r0}
20000f80:	4760      	bx	ip
20000f82:	bf00      	nop
20000f84:	10004ce1 	.word	0x10004ce1

20000f88 <__time_us_64_veneer>:
20000f88:	b401      	push	{r0}
20000f8a:	4802      	ldr	r0, [pc, #8]	@ (20000f94 <__time_us_64_veneer+0xc>)
20000f8c:	4684      	mov	ip, r0
20000f8e:	bc01      	pop	{r0}
20000f90:	4760      	bx	ip
20000f92:	bf00      	nop
20000f94:	10001199 	.word	0x10001199

20000f98 <striped_spin_lock_num>:
20000f98:	00000010                                ....

20000f9c <irq_handler_chain_slots>:
20000f9c:	00000000 	.word	0x00000000
20000fa0:	00010000 	.word	0x00010000
	...
20000fac:	00020000 	.word	0x00020000
	...
20000fb8:	00030000 	.word	0x00030000
	...
20000fc4:	00ff0000 	.word	0x00ff0000
20000fc8:	00000000 	.word	0x00000000

20000fcc <irq_handler_chain_first_slot>:
20000fcc:	b501      	push	{r0, lr}
20000fce:	6848      	ldr	r0, [r1, #4]
20000fd0:	3101      	adds	r1, #1
20000fd2:	468e      	mov	lr, r1
20000fd4:	4700      	bx	r0

20000fd6 <irq_handler_chain_remove_tail>:
20000fd6:	4670      	mov	r0, lr
20000fd8:	3809      	subs	r0, #9
20000fda:	4901      	ldr	r1, [pc, #4]	@ (20000fe0 <irq_handler_chain_remove_tail+0xa>)
20000fdc:	4788      	blx	r1
20000fde:	bd01      	pop	{r0, pc}
20000fe0:	100007ed 	.word	0x100007ed

20000fe4 <default_alarm_pool>:
	...
20000ff8:	20001128 00000000                       (.. ....

20001000 <aeabi_bits_funcs>:
20001000:	00003350 	.word	0x00003350
20001004:	0000334c 	.word	0x0000334c
20001008:	00003354 	.word	0x00003354
2000100c:	00003352 	.word	0x00003352

20001010 <aeabi_bits_funcs_end>:
20001010:	0000534d 	.word	0x0000534d
20001014:	0000434d 	.word	0x0000434d
20001018:	00003453 	.word	0x00003453
2000101c:	00003443 	.word	0x00003443

20001020 <stdio_usb>:
20001020:	10004481 10004435 100043a9 10004321     .D..5D...C..!C..
20001030:	00000000 00000100                       ........

20001038 <_usbd_qdef>:
20001038:	200015f4 000c0010 00000000 00000000     ... ............
	...

20001054 <_usbd_rhport>:
20001054:	000000ff                                ....

20001058 <print_mutex>:
	...
